CED_CODE_2021,F_Chile_0_4,F_Chile_5_14,F_Chile_15_24,F_Chile_25_44,F_Chile_45_54,F_Chile_55_64,F_Chile_65_74,F_Chile_75_84,F_Chile_85ov,F_Chile_Tot,F_China_0_4,F_China_5_14,F_China_15_24,F_China_25_44,F_China_45_54,F_China_55_64,F_China_65_74,F_China_75_84,F_China_85ov,F_China_Tot,F_Croatia_0_4,F_Croatia_5_14,F_Croatia_15_24,F_Croatia_25_44,F_Croatia_45_54,F_Croatia_55_64,F_Croatia_65_74,F_Croatia_75_84,F_Croatia_85ov,F_Croatia_Tot,F_Egypt_0_4,F_Egypt_5_14,F_Egypt_15_24,F_Egypt_25_44,F_Egypt_45_54,F_Egypt_55_64,F_Egypt_65_74,F_Egypt_75_84,F_Egypt_85ov,F_Egypt_Tot,F_England_0_4,F_England_5_14,F_England_15_24,F_England_25_44,F_England_45_54,F_England_55_64,F_England_65_74,F_England_75_84,F_England_85ov,F_England_Tot,F_Fiji_0_4,F_Fiji_5_14,F_Fiji_15_24,F_Fiji_25_44,F_Fiji_45_54,F_Fiji_55_64,F_Fiji_65_74,F_Fiji_75_84,F_Fiji_85ov,F_Fiji_Tot,F_France_0_4,F_France_5_14,F_France_15_24,F_France_25_44,F_France_45_54,F_France_55_64,F_France_65_74,F_France_75_84,F_France_85ov,F_France_Tot,F_Germany_0_4,F_Germany_5_14,F_Germany_15_24,F_Germany_25_44,F_Germany_45_54,F_Germany_55_64,F_Germany_65_74,F_Germany_75_84,F_Germany_85ov,F_Germany_Tot,F_Greece_0_4,F_Greece_5_14,F_Greece_15_24,F_Greece_25_44,F_Greece_45_54,F_Greece_55_64,F_Greece_65_74,F_Greece_75_84,F_Greece_85ov,F_Greece_Tot,F_Hong_Kong_SAR_Ch_0_4,F_Hong_Kong_SAR_Ch_5_14,F_Hong_Kong_SAR_Ch_15_24,F_Hong_Kong_SAR_Ch_25_44,F_Hong_Kong_SAR_Ch_45_54,F_Hong_Kong_SAR_Ch_55_64,F_Hong_Kong_SAR_Ch_65_74,F_Hong_Kong_SAR_Ch_75_84,F_Hong_Kong_SAR_Ch_85ov,F_Hong_Kong_SAR_Ch_Tot,F_India_0_4,F_India_5_14,F_India_15_24,F_India_25_44,F_India_45_54,F_India_55_64,F_India_65_74,F_India_75_84,F_India_85ov,F_India_Tot,F_Indonesia_0_4,F_Indonesia_5_14,F_Indonesia_15_24,F_Indonesia_25_44,F_Indonesia_45_54,F_Indonesia_55_64,F_Indonesia_65_74,F_Indonesia_75_84,F_Indonesia_85ov,F_Indonesia_Tot,F_Iran_0_4,F_Iran_5_14,F_Iran_15_24,F_Iran_25_44,F_Iran_45_54,F_Iran_55_64,F_Iran_65_74,F_Iran_75_84,F_Iran_85ov,F_Iran_Tot,F_Iraq_0_4,F_Iraq_5_14,F_Iraq_15_24,F_Iraq_25_44,F_Iraq_45_54,F_Iraq_55_64,F_Iraq_65_74,F_Iraq_75_84,F_Iraq_85ov,F_Iraq_Tot,F_Ireland_0_4,F_Ireland_5_14,F_Ireland_15_24,F_Ireland_25_44,F_Ireland_45_54,F_Ireland_55_64,F_Ireland_65_74,F_Ireland_75_84,F_Ireland_85ov,F_Ireland_Tot,F_Italy_0_4,F_Italy_5_14,F_Italy_15_24,F_Italy_25_44,F_Italy_45_54,F_Italy_55_64,F_Italy_65_74,F_Italy_75_84,F_Italy_85ov,F_Italy_Tot,F_Japan_0_4,F_Japan_5_14,F_Japan_15_24,F_Japan_25_44,F_Japan_45_54,F_Japan_55_64,F_Japan_65_74,F_Japan_75_84,F_Japan_85ov,F_Japan_Tot,F_Korea_South_0_4,F_Korea_South_5_14,F_Korea_South_15_24,F_Korea_South_25_44,F_Korea_South_45_54,F_Korea_South_55_64,F_Korea_South_65_74,F_Korea_South_75_84,F_Korea_South_85ov,F_Korea_South_Tot,F_Lebanon_0_4,F_Lebanon_5_14,F_Lebanon_15_24,F_Lebanon_25_44,F_Lebanon_45_54,F_Lebanon_55_64,F_Lebanon_65_74,F_Lebanon_75_84,F_Lebanon_85ov,F_Lebanon_Tot,F_Malaysia_0_4,F_Malaysia_5_14,F_Malaysia_15_24,F_Malaysia_25_44,F_Malaysia_45_54,F_Malaysia_55_64,F_Malaysia_65_74,F_Malaysia_75_84,F_Malaysia_85ov,F_Malaysia_Tot
CED101,0,7,0,53,33,29,31,18,4,176,16,136,333,3002,1558,1903,1106,502,287,8847,0,0,0,35,27,56,101,98,21,348,0,27,45,184,89,137,146,82,36,754,4,39,39,168,145,185,183,140,65,975,0,6,26,142,94,100,75,33,11,486,0,3,6,25,10,8,0,0,4,64,0,3,0,45,21,22,25,47,19,186,0,16,25,71,75,143,245,323,114,1003,11,23,58,438,216,459,292,47,23,1564,5,37,74,443,176,132,78,50,19,1021,4,11,57,403,209,129,94,42,7,954,0,0,4,44,10,19,5,4,0,88,0,0,3,35,24,18,8,6,0,95,0,6,8,44,26,28,32,17,11,166,0,0,4,29,22,71,118,131,77,454,0,7,17,97,56,42,15,3,0,237,0,5,10,106,61,45,32,22,8,302,3,24,35,292,308,398,252,107,26,1447,3,17,34,238,112,105,115,43,11,678
CED102,0,0,13,82,49,34,59,26,3,268,21,147,616,3861,1459,1916,1140,490,313,9964,0,0,3,24,13,41,72,75,27,253,5,12,12,92,71,98,157,104,71,621,9,35,31,340,183,161,107,90,35,990,0,0,12,140,102,100,70,33,9,476,0,6,6,67,18,14,4,4,3,120,0,5,7,56,25,24,24,33,11,186,5,21,27,102,98,270,772,1176,477,2951,6,28,78,483,176,313,279,50,14,1429,18,119,65,844,135,78,55,30,18,1367,5,11,110,670,230,150,130,49,13,1371,0,4,0,72,16,15,5,5,0,128,0,5,8,42,12,7,0,4,0,82,3,7,9,124,35,27,17,21,7,240,0,0,7,92,42,100,213,319,245,1029,6,0,18,187,102,53,11,6,3,382,6,3,23,233,107,52,29,24,3,467,14,35,63,443,495,542,373,151,51,2168,4,5,53,317,89,109,125,32,11,743
CED103,0,0,9,39,26,16,26,12,0,133,44,371,790,7039,2035,2142,1479,541,249,14695,0,0,0,19,23,30,52,42,10,180,3,21,4,73,18,48,43,42,21,284,8,79,100,351,200,249,212,166,83,1457,0,4,7,98,77,56,48,33,3,327,0,10,12,64,12,7,10,4,4,118,6,7,13,76,34,31,26,35,17,245,0,3,4,17,18,25,67,83,30,251,23,123,187,1083,453,775,612,81,28,3374,71,435,288,2465,352,312,175,89,29,4215,6,22,118,531,199,113,86,47,17,1143,8,27,52,628,130,155,130,53,26,1219,0,4,5,42,26,21,14,12,5,129,0,9,6,70,41,40,20,25,5,220,0,7,3,84,45,124,220,238,153,880,8,23,30,222,157,58,24,6,7,537,10,156,371,2034,948,603,354,126,40,4649,0,8,10,88,95,170,140,81,25,616,3,33,121,565,249,212,263,90,26,1566
CED104,0,0,3,18,24,13,16,15,3,97,19,223,167,2200,933,836,622,207,95,5303,0,0,0,7,14,20,16,16,13,82,0,0,5,21,14,33,28,34,8,139,8,155,198,394,496,585,492,367,192,2892,0,5,3,44,44,55,41,27,11,226,0,6,8,28,21,17,5,4,7,99,3,7,8,54,41,56,63,71,35,335,0,0,3,0,5,11,18,25,15,80,9,64,69,273,163,413,284,46,14,1344,12,223,166,1273,530,342,217,102,44,2918,0,0,20,117,95,57,60,23,10,385,0,32,41,358,129,111,88,27,9,795,0,4,0,19,0,3,4,7,0,41,0,12,7,33,58,39,31,20,3,204,0,0,5,22,32,71,117,96,79,418,0,19,21,79,83,45,19,10,0,278,0,51,81,380,318,182,105,40,10,1172,0,0,5,53,78,111,94,67,21,436,0,35,71,182,177,203,228,86,32,1007
CED105,0,5,0,15,20,32,25,21,3,125,6,64,310,2084,1166,1241,578,310,141,5904,0,3,0,17,9,30,83,82,25,247,3,37,42,157,46,71,81,45,30,513,0,10,11,45,28,65,65,62,39,327,0,12,26,135,114,107,86,25,7,508,0,0,0,8,5,4,7,6,0,28,0,0,8,31,12,3,54,44,27,174,0,3,19,21,33,65,186,222,78,620,3,6,18,172,43,104,72,10,0,437,30,143,134,768,127,98,71,33,19,1431,3,14,40,235,119,79,40,19,4,561,3,20,55,106,17,18,13,4,3,244,4,42,94,433,203,113,40,20,14,952,0,0,0,7,3,4,14,13,3,48,0,0,6,13,7,69,122,186,114,525,0,4,10,32,22,12,7,4,6,83,6,14,43,311,196,158,95,48,19,895,26,94,214,1406,1179,1327,836,302,99,5482,3,21,36,235,72,65,58,21,3,521
CED106,0,3,0,21,26,21,26,17,0,105,43,646,587,4596,1931,1445,1139,430,159,10979,0,0,0,8,7,21,23,20,12,87,0,5,5,20,9,14,29,10,13,94,25,296,364,435,626,590,398,374,235,3336,0,0,9,28,29,24,21,15,9,131,0,7,9,41,33,16,15,18,7,142,5,15,26,64,59,43,65,70,37,370,0,6,0,3,5,10,21,31,9,82,20,226,197,726,431,523,498,98,37,2769,27,260,112,1464,360,248,178,104,43,2808,0,10,25,264,131,78,75,51,11,646,0,35,45,569,189,137,121,42,12,1155,0,0,0,7,10,6,8,0,5,37,0,9,9,50,44,56,29,25,15,232,0,6,0,35,21,24,72,53,50,262,14,66,52,284,232,139,77,37,12,914,13,96,160,833,568,282,167,66,10,2190,0,4,0,24,16,32,21,14,9,127,3,31,65,356,270,185,207,93,19,1230
CED107,0,0,0,15,0,5,7,4,0,32,5,10,9,87,43,27,40,14,0,236,0,0,0,6,4,13,13,9,0,44,0,0,0,5,0,0,5,3,0,16,3,23,49,175,200,411,389,297,112,1664,0,3,10,30,21,22,15,5,0,92,0,3,0,21,4,8,9,3,0,49,0,3,5,30,18,33,97,64,19,262,0,0,0,3,3,4,15,8,9,37,0,3,0,14,6,6,13,0,0,42,5,45,38,319,38,19,18,14,4,498,0,4,7,34,6,3,9,0,0,70,0,4,0,9,3,5,4,0,0,21,0,3,3,9,0,5,0,0,0,22,0,0,0,24,14,11,21,9,9,104,0,5,0,9,3,11,31,25,18,107,0,0,4,19,20,9,0,0,3,59,0,9,3,52,6,5,0,0,0,76,0,0,0,8,3,8,6,3,3,32,0,0,3,30,28,17,12,4,0,101
CED108,0,0,4,30,30,41,43,18,20,187,6,17,35,439,226,236,127,56,25,1174,0,0,0,22,32,48,70,60,15,251,0,29,74,128,76,95,104,53,20,577,0,24,25,98,114,231,233,163,68,962,0,45,138,999,597,432,269,130,14,2620,0,0,0,5,9,10,3,9,6,38,4,0,10,25,7,16,60,58,43,224,0,4,9,7,7,18,48,52,27,173,0,9,9,44,31,42,33,5,0,168,88,587,793,5867,782,517,329,100,32,9091,0,13,23,193,88,86,58,5,8,473,0,18,30,141,41,42,29,15,3,309,8,69,105,334,143,124,62,11,6,864,0,9,0,12,10,15,25,13,7,95,0,4,4,17,20,57,69,54,40,265,3,10,3,17,11,4,9,0,0,51,0,11,19,145,86,76,43,16,5,402,4,8,27,120,104,123,102,22,13,521,4,22,9,108,38,54,44,12,3,295
CED109,0,3,7,47,43,34,32,29,4,197,3,32,66,619,381,495,234,106,76,2020,0,0,0,19,23,39,63,49,13,208,0,7,14,112,75,124,164,98,39,635,18,88,74,541,327,372,293,305,144,2151,0,0,0,49,46,48,27,20,0,188,0,6,7,53,18,21,12,8,0,124,0,3,5,79,35,27,54,43,32,272,0,24,29,55,64,184,350,405,132,1242,3,16,25,85,70,95,81,26,11,416,3,10,11,145,64,46,33,30,15,361,0,5,12,101,67,25,36,19,5,271,0,3,0,37,13,6,7,5,0,66,0,5,0,24,16,6,3,0,5,53,0,15,19,130,44,52,31,20,15,320,0,4,0,60,27,68,125,144,90,511,0,8,7,60,44,25,9,6,0,155,0,0,11,51,20,16,6,5,3,116,3,0,5,69,82,81,67,27,9,341,0,0,10,59,57,47,70,32,5,284
CED110,0,0,0,6,12,6,13,3,0,34,3,0,8,81,54,49,17,3,3,223,0,0,0,3,0,7,11,12,3,36,0,4,0,5,9,3,8,0,3,32,3,55,71,273,351,593,721,670,293,3039,0,0,6,18,24,31,10,6,0,94,3,6,4,25,23,11,20,13,0,93,0,0,9,51,33,82,122,100,33,432,0,0,0,5,0,3,7,3,4,21,0,0,4,22,4,16,9,8,0,62,7,36,22,267,49,28,17,21,3,447,0,11,0,42,18,13,9,4,3,100,0,0,0,3,0,7,3,3,0,19,11,66,38,71,12,9,3,0,0,209,0,11,8,33,20,16,31,25,3,142,0,0,3,6,12,14,21,21,15,103,0,3,10,43,26,10,3,0,0,100,0,3,0,36,7,7,6,0,0,55,0,0,0,0,8,8,6,0,0,17,14,31,8,37,24,25,20,3,4,166
CED111,0,0,3,25,43,37,50,44,11,214,3,30,79,429,140,110,57,30,14,895,0,0,0,44,44,68,74,80,34,342,4,3,3,10,4,8,7,7,4,59,3,91,135,418,410,628,537,451,173,2853,0,0,0,28,13,18,16,10,7,98,0,5,8,33,13,19,9,7,5,91,0,0,5,68,38,45,124,62,45,402,0,5,6,8,5,35,81,100,71,304,0,5,8,36,17,20,10,0,0,99,8,28,115,436,63,44,34,22,9,758,0,8,22,58,36,15,13,0,5,159,0,3,17,77,14,22,4,0,0,139,0,27,32,70,31,24,16,3,0,205,0,20,13,41,30,34,27,23,14,196,0,6,8,45,29,121,271,310,261,1051,0,0,10,51,27,15,20,5,0,131,0,6,10,85,25,19,4,0,0,148,0,5,0,43,53,48,37,17,3,214,4,12,19,50,28,24,15,9,0,162
CED112,0,0,0,11,21,17,24,13,0,79,0,4,8,125,93,106,86,16,4,453,0,0,0,4,10,16,16,12,9,68,0,4,0,5,4,21,15,15,8,69,7,73,106,432,426,687,642,545,222,3142,0,3,8,44,32,17,11,3,0,129,0,0,0,20,15,15,10,9,0,73,0,0,7,40,20,32,60,74,30,264,0,0,3,6,4,8,25,28,12,76,0,0,7,17,5,17,12,4,0,71,7,34,37,345,48,40,25,28,5,573,0,4,3,52,29,13,16,12,3,125,0,6,0,21,4,6,0,3,0,42,0,0,0,0,3,0,0,0,0,11,0,19,9,40,44,40,52,35,15,255,0,5,0,13,8,29,55,39,24,171,5,3,6,29,24,13,10,4,0,89,0,4,10,84,33,34,19,5,0,190,0,0,0,3,8,20,5,7,0,49,0,0,9,36,20,32,27,3,0,136
CED113,0,0,0,11,8,13,9,11,0,55,0,6,8,115,48,30,15,11,4,241,0,0,0,8,9,27,36,40,14,136,0,5,0,17,3,0,6,0,0,43,8,45,62,283,373,651,654,412,130,2619,0,4,11,62,26,10,14,4,0,124,0,3,9,29,20,16,9,0,5,93,0,3,0,61,52,81,159,102,37,502,0,0,0,6,3,16,20,25,23,98,0,6,3,10,8,14,3,6,0,51,14,46,43,516,47,46,20,11,8,748,0,6,9,43,22,15,17,0,0,106,0,3,3,18,9,3,3,0,0,35,0,0,0,4,3,6,0,0,0,9,0,4,5,32,19,39,20,12,7,140,0,4,3,17,13,40,61,73,36,247,0,4,4,16,18,6,3,0,0,52,0,0,0,40,16,9,4,3,0,72,0,0,0,7,13,7,11,6,0,39,0,4,8,48,31,33,13,6,3,139
CED114,0,0,0,11,0,8,3,0,0,27,5,11,13,99,57,30,21,4,3,229,0,0,0,0,7,3,9,14,4,36,0,0,0,7,0,0,0,4,0,21,0,21,50,130,150,351,323,256,90,1379,5,13,12,53,40,31,19,4,0,173,0,0,4,14,3,9,0,0,0,32,0,0,6,35,14,30,94,68,24,269,0,0,0,0,0,4,9,14,10,41,0,0,0,21,5,4,5,0,0,43,24,59,79,1002,180,126,53,18,11,1548,0,3,12,42,20,8,5,0,0,81,0,0,0,8,0,3,0,0,0,18,0,0,0,9,0,0,0,0,0,13,0,7,6,26,12,15,11,8,3,73,0,4,3,25,14,48,176,208,150,627,0,3,0,21,6,0,0,0,0,35,0,0,7,45,0,0,0,0,0,60,0,0,0,0,0,4,6,0,0,13,3,13,21,171,42,18,4,4,0,273
CED115,0,0,9,66,98,126,142,75,21,535,9,22,46,441,307,434,281,164,198,1904,0,0,4,129,102,175,289,202,106,1008,4,21,19,77,18,40,45,42,13,283,0,9,14,28,41,79,66,57,29,322,0,14,49,335,166,206,91,53,14,927,0,0,4,10,10,3,4,0,0,32,0,6,13,20,9,10,55,51,36,199,0,3,24,27,10,28,57,81,16,242,0,4,7,89,20,30,36,7,8,194,11,77,88,624,113,86,54,22,7,1080,0,13,21,131,51,39,39,11,3,317,0,26,29,143,61,79,56,40,17,442,6,615,976,2614,1210,1045,656,334,122,7588,0,0,0,3,4,3,14,7,3,41,0,11,3,12,37,129,297,391,268,1149,0,0,3,18,9,3,3,0,4,49,0,7,7,48,15,10,3,0,0,87,24,37,49,244,217,223,121,44,17,976,3,7,27,143,40,42,36,11,4,320
CED116,0,0,0,16,4,15,22,4,0,66,0,3,7,74,54,45,34,7,6,233,0,0,0,9,11,28,56,31,19,148,0,0,0,5,3,8,12,10,3,45,5,50,66,305,337,866,1036,844,302,3805,0,0,0,12,10,16,7,5,0,62,0,0,0,20,10,26,10,10,3,78,0,4,4,43,36,75,160,107,50,490,0,0,0,0,0,16,28,34,12,93,0,3,7,7,5,12,11,0,0,50,3,26,17,189,27,26,27,13,5,338,0,4,0,35,7,13,19,6,3,98,0,0,0,14,0,5,3,5,0,29,0,0,0,3,3,5,0,0,0,10,0,7,3,21,21,42,46,26,3,174,0,5,0,8,8,40,65,40,14,183,0,10,4,25,17,15,13,4,0,73,0,3,0,37,4,4,3,0,0,50,0,0,0,11,0,3,4,0,0,28,0,0,7,21,14,28,10,8,4,90
CED117,0,3,5,56,31,13,21,13,3,153,3,32,130,911,297,374,223,102,61,2137,0,0,0,13,14,17,27,28,12,118,0,0,0,17,4,14,27,19,11,97,19,147,164,1180,680,544,340,154,46,3288,0,0,4,66,42,41,41,15,4,212,0,4,17,164,23,18,24,3,0,262,0,16,19,145,72,48,48,35,7,380,0,3,9,21,29,66,203,464,214,1012,6,21,36,203,68,50,48,8,3,441,9,45,40,438,71,56,28,24,3,710,0,3,28,195,61,42,40,9,3,393,0,4,9,82,10,11,7,4,0,123,0,0,4,17,4,8,5,0,0,41,0,5,16,245,125,72,36,14,6,518,0,6,13,164,62,112,238,319,258,1177,0,11,20,172,88,51,11,11,0,372,0,5,22,215,77,30,22,25,41,445,0,0,0,39,44,78,78,87,41,375,0,9,23,200,93,42,53,25,10,454
CED118,0,3,0,34,32,25,41,16,5,157,4,56,85,1081,391,472,270,113,40,2514,0,0,3,25,25,48,59,38,20,225,4,37,35,125,34,70,72,46,8,426,10,94,85,285,202,238,213,162,59,1349,4,16,64,464,288,263,150,79,12,1339,0,4,0,14,6,19,12,5,7,56,0,6,7,37,22,23,60,40,20,218,0,0,3,5,11,31,56,62,19,189,4,11,27,119,76,120,60,8,0,422,156,1333,1225,9569,1587,815,590,177,43,15493,0,10,40,241,140,72,66,23,10,599,0,27,63,405,113,103,46,13,3,783,0,8,18,67,40,30,10,9,5,181,0,12,15,53,20,22,16,24,0,169,0,4,6,30,16,39,106,82,40,327,0,4,10,27,16,8,4,3,0,79,0,16,47,271,194,124,66,36,4,762,0,7,8,94,88,125,104,28,10,468,5,32,46,180,95,105,126,35,9,636
CED119,0,3,3,27,36,25,22,19,3,134,0,23,31,509,203,242,144,50,26,1222,0,0,0,13,15,33,28,24,8,118,0,30,30,135,84,86,70,36,17,501,9,103,91,465,417,433,368,311,125,2319,0,7,3,125,92,90,53,25,0,397,3,9,5,35,19,8,9,3,0,86,0,8,4,61,46,34,66,56,22,302,0,9,9,13,32,62,91,87,31,337,3,0,10,77,26,75,46,5,4,252,3,47,45,403,201,161,77,44,25,1003,0,8,15,141,54,47,33,12,0,314,0,4,6,38,7,15,0,0,0,61,0,3,4,50,6,16,7,0,0,80,3,18,8,75,48,47,27,14,10,252,0,3,4,35,21,67,81,60,61,334,0,7,10,50,47,23,0,0,0,143,0,5,3,62,32,17,10,0,0,134,0,3,8,104,78,106,64,20,10,396,0,7,18,58,42,61,53,8,8,263
CED120,0,0,0,26,29,39,23,7,0,133,3,14,23,127,75,57,29,16,0,339,0,0,0,12,10,47,39,19,5,134,0,6,0,14,12,10,16,9,3,76,0,34,53,294,409,659,685,431,148,2729,0,0,8,103,58,20,13,10,0,218,0,0,6,10,10,11,14,3,0,52,0,5,11,44,30,54,107,66,26,334,0,0,6,8,5,20,18,18,7,90,0,9,0,9,9,10,6,0,0,48,3,30,22,245,34,36,28,11,10,419,0,0,5,38,27,13,13,4,0,98,0,0,0,22,5,5,6,0,0,47,0,3,17,58,15,17,17,0,0,129,0,3,7,56,30,34,30,22,5,197,0,5,0,20,24,59,74,60,34,271,0,0,0,8,11,8,0,0,0,35,0,0,6,33,6,8,5,0,0,57,0,3,0,24,46,33,21,5,0,134,0,0,3,25,11,27,21,3,5,102
CED121,0,0,0,8,8,5,4,6,0,24,0,4,7,83,56,29,19,11,7,217,0,0,0,0,0,11,13,6,3,32,0,0,0,3,0,4,9,0,0,23,0,28,50,223,266,442,440,368,124,1946,0,0,3,27,15,17,18,5,0,80,0,0,0,13,5,8,4,6,0,40,0,0,6,26,22,30,100,62,17,267,0,0,0,6,0,3,15,7,0,35,0,7,4,18,5,24,8,4,0,71,0,25,21,226,25,21,24,20,13,376,0,0,0,28,10,9,7,7,0,64,0,0,0,14,0,3,0,0,0,27,0,3,3,3,0,0,3,0,0,12,0,11,8,31,19,22,30,14,9,132,0,0,0,13,4,19,25,11,13,85,0,5,0,16,9,3,4,7,6,47,0,0,8,43,9,0,3,0,0,71,0,0,0,4,4,9,0,3,0,22,0,9,8,31,23,26,14,9,3,110
CED122,5,10,7,150,61,65,83,52,13,442,10,66,768,2027,442,540,299,170,103,4416,0,0,0,29,15,20,46,67,19,198,0,4,9,23,23,31,119,136,68,409,27,131,219,1794,592,395,283,188,71,3701,0,3,16,80,62,76,48,20,3,307,3,79,62,368,117,29,22,10,6,697,7,9,30,190,74,35,43,38,17,448,0,0,13,27,27,94,264,508,242,1175,7,31,124,306,128,203,156,27,21,1003,8,47,154,600,115,67,76,44,16,1132,6,33,501,1178,386,283,208,93,18,2713,0,7,7,171,31,35,15,7,0,264,0,10,22,86,65,53,36,17,8,300,7,16,92,1788,152,78,49,31,17,2226,0,4,18,178,44,51,133,126,94,658,0,14,25,206,102,63,17,13,0,440,0,10,31,204,90,47,17,12,0,414,3,0,0,57,40,73,59,45,20,298,0,9,165,401,133,166,200,68,20,1153
CED123,0,0,0,16,15,22,26,18,0,101,0,15,39,349,163,138,92,31,9,841,0,0,0,20,30,56,62,52,15,233,0,6,26,76,33,34,49,18,3,250,4,38,61,280,340,648,556,392,111,2428,3,13,43,253,145,125,73,31,6,687,0,0,0,17,3,10,0,3,0,35,0,0,0,39,22,38,123,75,32,337,0,0,0,14,14,29,42,67,23,192,0,0,3,30,12,13,8,3,0,76,17,181,214,1820,320,193,164,68,18,2997,0,5,10,114,48,22,18,10,0,233,5,9,9,117,22,26,27,9,0,228,0,6,11,85,27,28,16,6,3,185,0,30,8,50,32,35,51,36,11,255,0,0,0,24,17,67,84,75,31,306,0,3,5,36,14,3,0,0,0,70,3,7,16,122,63,28,21,4,5,270,0,0,6,75,83,68,43,12,5,296,0,13,17,67,33,40,35,13,4,228
CED124,0,0,0,3,6,5,10,4,0,32,0,0,6,32,23,29,21,0,6,116,0,0,0,0,0,13,7,11,0,34,0,0,0,11,4,0,5,9,0,31,0,27,32,134,270,535,793,581,214,2596,0,0,3,7,11,10,7,3,0,44,0,0,0,16,7,19,13,3,5,59,0,0,0,30,26,47,111,68,32,317,0,0,0,0,0,7,7,12,0,25,0,0,0,9,9,4,8,0,0,33,3,15,4,114,15,8,17,7,5,174,0,5,3,17,12,5,8,4,0,63,0,0,0,12,4,0,0,0,0,16,0,0,0,3,0,0,5,0,0,8,0,3,0,15,15,27,27,17,8,117,0,0,0,3,7,5,15,15,5,50,0,0,3,14,11,7,8,0,0,38,0,0,3,19,10,0,3,0,0,37,0,0,0,0,3,9,5,0,0,24,0,0,0,30,18,22,22,0,5,94
CED125,0,4,5,98,108,103,100,68,10,494,3,31,28,423,190,206,130,30,17,1058,0,3,3,66,22,66,74,51,7,281,4,31,25,169,49,67,54,27,10,446,3,45,60,232,237,506,475,320,93,1969,0,28,62,709,367,298,152,62,18,1690,0,4,3,12,7,11,7,9,0,46,0,3,9,42,22,33,70,55,21,247,0,0,6,19,18,30,34,39,7,158,0,4,16,57,21,49,33,0,4,183,18,214,258,1983,389,237,141,59,18,3318,0,10,23,205,95,57,39,14,0,450,0,6,14,94,15,24,21,3,0,182,0,30,93,610,189,128,74,25,7,1157,0,24,15,44,23,22,29,31,9,201,0,6,0,30,26,94,133,91,29,414,0,5,3,31,14,9,3,0,3,81,0,0,9,64,21,11,4,0,0,112,3,10,20,208,140,175,100,37,11,695,0,10,14,89,46,57,51,20,3,279
CED126,0,0,0,36,20,12,18,16,6,106,0,28,56,382,299,256,121,64,44,1248,0,0,0,34,24,52,70,61,25,263,0,0,3,8,9,13,29,34,8,100,29,277,345,1089,1062,1006,742,635,301,5479,0,0,0,27,23,16,23,11,5,104,4,10,22,85,52,27,23,10,0,232,6,19,25,162,103,64,106,80,35,605,0,0,3,3,0,8,20,19,6,66,8,31,22,68,48,54,55,5,8,296,0,51,65,256,80,47,38,28,9,575,0,7,14,76,46,31,26,12,5,219,0,0,3,85,48,52,41,15,15,262,0,0,0,6,0,10,3,0,0,23,0,15,12,80,82,63,52,30,7,345,0,4,0,75,40,117,196,134,78,638,0,15,15,109,78,65,24,14,4,324,0,6,7,102,46,47,21,6,0,250,0,4,3,10,22,20,20,9,4,91,0,10,6,29,50,30,54,30,11,225
CED127,0,0,0,20,23,20,19,7,0,93,0,7,23,110,68,51,38,17,4,330,0,0,0,0,10,20,23,14,0,80,0,6,0,0,0,6,24,6,0,41,3,52,85,350,447,805,791,522,188,3241,0,0,0,36,22,23,16,5,0,106,0,8,0,24,13,16,18,3,7,103,0,8,6,67,49,55,112,95,25,420,0,0,0,0,3,10,21,24,3,70,0,0,0,23,17,12,9,9,3,78,4,9,26,229,31,39,26,23,13,401,0,0,7,39,13,13,11,5,4,94,0,0,0,12,9,9,3,4,0,39,0,0,0,12,3,0,0,4,0,17,0,8,7,51,37,33,50,17,4,217,0,0,0,6,22,33,49,23,19,158,0,8,4,39,30,19,19,3,0,115,0,0,11,38,24,13,4,0,0,89,0,0,4,14,10,25,5,4,0,69,0,3,0,36,41,34,26,12,0,158
CED128,0,3,9,67,72,98,93,52,15,404,0,10,59,588,309,412,206,107,46,1744,0,0,0,27,42,83,151,113,33,452,0,12,20,85,30,75,65,39,11,346,0,7,18,68,77,184,166,111,46,688,0,12,28,285,174,231,104,41,17,898,0,0,5,11,3,0,9,5,6,39,0,0,3,37,16,12,45,54,16,178,0,3,6,10,11,17,67,98,27,241,0,5,3,72,22,71,33,4,0,222,15,82,106,840,218,169,121,61,31,1642,0,8,16,128,58,32,22,9,3,285,6,45,108,330,86,82,50,22,14,728,15,654,833,2395,1186,995,689,333,106,7209,0,3,7,14,24,24,34,10,5,115,0,0,4,21,27,141,273,314,201,992,0,0,0,20,7,0,0,0,0,29,0,3,7,65,38,36,17,7,3,174,35,95,110,756,604,683,390,137,52,2870,4,9,19,87,43,44,46,16,9,266
CED129,0,3,9,34,37,41,32,18,4,178,23,245,191,3179,1038,1026,836,192,107,6837,0,0,8,9,29,44,54,47,22,211,4,81,32,179,63,56,77,22,12,529,15,131,163,414,394,368,349,260,94,2190,0,3,13,205,155,123,68,34,7,609,0,8,0,25,11,7,9,4,0,63,0,0,20,32,33,24,74,43,18,249,0,0,4,12,5,25,41,53,16,159,9,55,43,320,163,303,177,33,10,1110,32,494,313,3528,899,553,382,171,65,6438,0,11,26,291,139,81,60,34,17,656,0,72,103,860,261,182,93,19,15,1607,0,5,6,64,32,33,5,0,12,148,5,20,21,70,45,39,36,21,10,257,0,0,3,30,25,67,126,98,51,402,3,15,12,52,42,17,13,6,0,165,9,100,143,641,529,237,127,49,8,1848,0,0,6,79,128,132,76,38,10,474,3,48,70,301,154,195,205,80,10,1074
CED130,0,0,0,3,3,0,0,0,0,7,0,10,21,177,46,33,22,0,4,309,0,0,0,0,4,5,0,0,0,15,0,8,0,12,0,0,3,6,0,28,4,14,30,159,150,312,316,261,72,1315,0,4,9,60,7,4,6,0,0,98,0,4,5,31,4,4,4,0,0,54,0,3,8,40,15,32,41,37,12,196,0,3,0,0,3,0,0,7,3,15,0,4,3,16,10,9,4,0,0,41,9,40,40,303,24,28,13,11,5,467,0,3,9,25,10,9,3,3,4,71,0,0,0,27,3,0,0,0,0,31,13,94,86,76,35,15,0,0,0,316,0,0,4,26,10,15,14,10,3,91,0,0,0,3,0,8,9,11,5,44,3,5,0,24,10,6,6,0,0,62,0,0,0,36,8,5,0,0,0,49,0,0,0,5,4,6,0,0,0,16,0,0,10,41,12,21,10,4,0,92
CED131,0,0,0,20,13,0,6,0,0,34,0,20,71,340,110,77,51,11,9,688,0,3,0,10,12,21,19,24,13,98,5,4,5,13,3,6,8,7,3,51,14,74,135,424,257,293,280,193,73,1745,0,0,9,21,14,10,11,3,3,70,0,5,7,39,12,8,5,5,0,77,0,0,13,74,30,37,93,62,13,324,0,0,0,3,6,19,48,64,39,184,0,4,54,39,12,20,16,0,3,156,4,68,84,466,89,40,31,18,3,799,3,4,15,61,31,4,9,3,4,131,0,11,10,86,5,0,0,3,0,118,0,9,8,16,3,0,0,0,0,34,0,12,13,55,31,22,10,8,6,161,0,4,6,32,12,34,60,65,89,295,4,5,5,52,18,13,4,4,3,98,0,8,29,114,46,14,8,3,0,223,0,0,8,7,4,0,0,0,0,20,3,4,48,101,31,34,20,18,0,257
CED132,0,0,6,69,15,19,16,10,3,149,17,221,338,2844,940,875,567,282,153,6239,0,0,0,10,21,30,55,47,26,194,0,10,0,31,7,28,38,40,19,176,22,242,230,982,683,545,415,308,112,3534,0,0,0,71,25,32,33,16,9,193,5,18,19,178,35,19,21,12,6,310,8,10,12,157,55,33,61,43,23,404,0,0,3,14,3,28,50,68,26,197,22,134,138,691,331,335,343,81,23,2109,32,228,78,1390,169,126,85,47,22,2172,0,15,53,296,96,50,48,29,13,604,0,16,18,367,89,85,74,34,23,709,0,0,4,27,6,12,3,3,0,56,0,6,13,164,100,70,36,30,12,435,0,11,8,118,33,50,79,106,71,481,14,77,58,617,340,184,66,32,8,1394,0,32,62,574,234,120,79,23,15,1152,0,6,3,32,41,37,54,19,13,201,3,26,46,419,230,186,178,82,6,1182
CED133,0,0,0,9,8,8,8,3,0,34,0,9,3,68,31,22,14,3,5,151,0,0,0,5,3,7,0,5,0,23,0,0,0,9,0,0,10,3,4,25,0,46,36,239,249,532,563,354,142,2162,0,4,0,5,8,6,3,4,0,44,0,0,0,31,13,15,15,5,3,90,0,4,4,67,39,70,102,45,22,346,0,0,0,0,0,6,3,3,0,15,0,0,4,14,11,17,4,0,0,49,6,19,37,342,65,74,67,17,13,645,0,0,0,27,25,10,11,0,0,72,0,0,0,4,0,0,0,0,0,11,0,0,0,3,0,0,4,0,0,9,0,0,5,22,15,21,20,11,5,96,0,0,8,22,8,16,26,23,25,125,0,7,10,56,18,14,11,0,0,110,0,0,0,41,4,0,0,0,0,52,0,0,0,0,0,5,0,0,0,4,0,3,4,68,32,24,16,7,0,159
CED134,0,0,0,3,3,3,0,0,0,8,0,10,6,76,33,33,4,3,0,165,0,0,0,0,0,0,5,4,3,13,0,0,0,4,0,3,0,0,0,15,4,12,11,133,71,174,135,110,37,689,3,13,0,33,17,12,8,0,0,83,0,0,0,7,0,5,3,0,4,26,0,0,6,33,9,16,34,34,7,148,0,0,0,0,4,4,3,13,0,28,0,4,0,13,0,3,3,0,0,28,19,48,21,389,23,24,9,5,0,541,0,0,0,28,8,7,6,0,0,56,0,0,0,10,0,0,0,0,0,13,0,0,0,0,3,0,0,0,0,4,0,4,0,31,6,9,6,0,3,63,0,0,0,3,0,6,12,12,8,44,0,0,0,13,3,5,0,0,0,22,0,0,3,38,3,0,0,0,0,46,0,0,0,5,4,0,3,0,0,22,0,0,0,19,7,5,0,0,0,41
CED135,0,0,4,45,29,44,33,21,5,187,18,194,344,3304,1446,1597,943,415,200,8457,0,0,0,24,13,34,40,41,14,168,5,37,12,83,20,33,33,23,9,248,9,35,43,142,78,157,152,97,41,748,0,0,25,254,154,177,109,41,18,784,0,3,6,29,12,8,5,0,0,65,6,3,6,38,16,15,29,32,12,145,0,0,0,6,4,30,61,118,33,256,4,31,53,418,151,360,192,34,8,1255,408,1630,1007,10034,839,476,322,107,38,14872,0,14,48,255,122,74,46,21,3,581,3,41,86,536,161,128,85,29,8,1081,0,25,44,270,112,71,22,8,9,559,0,15,0,33,19,14,19,8,11,119,0,3,12,45,22,41,87,84,53,340,0,5,25,87,43,21,3,3,3,203,5,66,161,769,526,349,169,104,25,2171,11,43,65,572,547,669,525,278,69,2782,0,15,60,354,136,125,137,45,14,887
CED136,0,0,0,10,6,10,6,11,0,36,0,10,11,109,55,37,19,13,5,256,0,0,0,0,8,14,11,12,3,56,0,4,9,10,3,0,9,3,0,31,8,52,90,276,302,476,606,408,135,2349,0,3,4,25,15,17,8,5,0,80,0,0,0,18,0,3,9,5,0,41,0,6,3,37,13,34,136,77,24,322,0,0,3,0,9,9,6,12,6,38,0,3,4,27,3,17,4,0,0,57,5,32,27,312,38,28,14,20,0,476,0,0,5,42,16,10,9,3,0,92,0,5,0,15,6,0,0,0,0,17,0,5,0,5,0,0,0,0,0,13,0,11,6,24,19,14,21,12,5,116,0,0,0,10,10,19,27,17,8,91,0,3,3,20,20,3,0,0,0,44,0,0,8,46,8,12,0,0,0,74,0,0,3,6,0,7,3,0,0,22,3,7,7,54,33,31,19,6,3,161
CED137,0,0,5,59,26,37,31,12,7,175,32,224,1146,6762,1728,2009,1101,430,225,13659,0,0,0,21,18,36,84,69,31,254,0,10,8,93,28,71,90,42,31,372,11,68,75,364,269,252,175,106,41,1366,0,6,16,113,58,70,34,23,4,323,0,0,13,63,14,11,14,5,5,119,3,6,10,76,31,26,53,34,9,239,3,4,7,16,22,50,130,245,94,562,15,75,189,650,235,335,309,46,10,1870,90,348,248,2631,359,226,160,79,36,4191,6,18,84,474,126,79,61,29,0,877,4,8,23,353,46,35,22,0,0,495,0,5,6,63,19,15,3,5,0,115,0,8,6,160,51,50,38,25,8,346,0,11,29,169,105,281,592,652,465,2307,5,16,25,202,80,41,10,5,7,384,19,105,366,2676,891,645,321,157,40,5214,0,11,14,151,134,176,155,87,33,756,3,19,105,595,152,134,153,71,21,1246
CED138,0,0,0,50,7,12,3,4,0,78,0,15,9,58,45,40,14,7,5,189,0,0,0,0,0,5,4,3,0,19,0,0,0,0,0,0,4,7,6,24,12,104,119,605,511,718,777,732,324,3903,0,5,6,16,11,18,12,11,4,83,0,6,11,141,31,28,19,11,7,251,0,8,19,154,65,115,132,84,38,607,0,0,0,0,3,8,5,6,3,28,0,8,0,23,15,14,4,3,0,62,0,17,22,181,32,31,23,18,11,348,4,8,6,53,22,17,13,3,5,119,0,0,0,11,3,3,5,0,0,23,0,0,0,0,0,0,0,0,0,0,0,4,7,49,31,19,16,20,9,159,0,0,9,87,16,15,29,19,20,195,6,8,16,159,80,28,10,6,0,323,0,0,0,34,12,3,0,0,0,54,0,0,0,5,7,0,0,0,0,15,0,4,0,25,25,26,30,10,0,123
CED139,0,0,0,6,3,0,5,0,0,24,5,15,18,178,35,35,24,7,3,321,0,0,0,0,7,4,8,8,0,24,0,13,0,32,11,4,4,0,0,66,4,24,25,122,113,265,278,176,73,1076,0,0,4,40,10,17,6,7,0,78,0,0,0,7,3,4,3,6,0,20,0,0,0,27,15,20,51,32,13,162,0,0,0,0,0,6,9,11,4,35,0,0,3,16,10,6,7,0,0,47,4,56,45,372,52,22,10,3,0,574,4,0,9,22,8,5,3,0,0,51,0,8,11,13,5,5,4,0,0,44,7,105,115,143,34,22,13,3,0,446,0,12,10,18,11,7,8,5,8,81,0,4,0,11,8,4,13,4,9,53,0,0,0,15,7,0,0,0,0,21,0,0,4,27,6,0,0,0,0,38,0,6,4,18,7,7,5,3,0,42,7,19,10,26,22,20,7,0,0,115
CED140,0,3,0,20,22,13,27,19,6,111,0,18,19,249,141,143,110,28,13,711,0,0,0,8,3,14,12,24,9,71,3,13,0,28,4,11,23,27,14,117,13,150,182,683,589,860,825,621,293,4199,0,0,0,31,21,29,17,9,3,107,0,0,6,42,16,16,16,3,6,96,0,8,7,72,36,48,92,58,28,345,0,0,0,6,4,12,24,22,9,78,0,10,5,23,19,26,28,0,0,106,5,34,36,319,35,36,41,26,9,540,0,9,12,55,29,21,19,7,0,157,0,0,5,22,10,9,5,3,0,59,0,0,0,7,4,4,0,0,0,15,0,18,10,74,61,55,51,24,7,298,0,0,0,23,13,33,50,34,25,173,0,14,5,53,46,21,13,0,0,161,5,12,16,110,72,26,16,9,0,263,0,0,0,9,9,8,7,0,3,47,0,0,8,41,22,31,31,6,8,144
CED141,0,0,0,14,3,14,13,0,0,47,0,8,9,103,43,47,26,15,3,248,0,0,0,4,3,7,3,12,0,41,0,0,0,6,0,3,5,9,0,24,7,47,80,288,252,424,464,374,151,2085,0,4,0,16,3,13,8,4,0,45,0,0,5,14,9,14,6,5,0,43,0,9,7,27,19,47,125,94,36,370,0,0,0,3,0,8,16,17,9,51,0,3,5,16,9,12,10,4,6,60,0,13,21,118,26,26,26,13,8,251,0,4,13,42,23,12,12,0,0,97,0,0,0,15,4,0,7,0,0,28,0,0,0,5,0,0,0,0,0,18,0,4,8,38,24,13,23,15,9,141,0,0,0,10,16,16,57,42,13,149,0,7,0,17,20,5,4,0,4,58,0,0,6,53,18,3,0,0,0,86,0,0,0,5,3,6,6,0,0,17,0,0,5,34,27,40,35,8,3,155
CED142,0,3,8,172,28,29,14,15,0,269,25,93,2355,4690,707,806,522,278,106,9586,0,0,0,35,12,24,18,8,3,102,0,0,0,27,7,12,26,11,3,89,20,52,314,2165,458,419,272,146,36,3872,0,0,15,84,42,36,31,16,4,223,3,9,46,494,39,30,21,12,7,653,0,8,58,267,67,37,60,34,3,527,0,0,6,36,9,32,67,132,59,345,15,30,242,588,127,139,129,23,18,1309,18,31,212,1084,68,60,40,16,0,1535,3,15,768,1730,184,108,81,26,9,2921,0,0,17,296,29,29,20,3,0,398,0,0,0,35,0,5,7,0,0,50,0,0,44,790,61,38,22,10,5,971,0,0,48,355,34,33,43,24,15,554,14,12,74,546,184,73,24,8,0,932,6,10,158,924,151,62,31,15,9,1356,0,0,5,35,14,25,38,16,14,148,0,8,167,722,145,117,108,36,5,1321
CED143,0,7,0,77,22,22,3,8,0,151,4,47,82,548,330,296,175,81,40,1598,0,0,0,24,19,44,39,42,9,175,0,3,0,10,5,14,31,26,13,105,45,454,444,2021,1239,953,570,437,165,6339,0,4,0,30,19,32,25,12,0,131,6,44,40,309,101,38,19,16,7,591,4,17,23,267,130,66,75,77,26,689,0,0,0,10,6,19,39,41,19,131,6,71,56,130,79,90,67,14,9,526,0,22,34,240,74,62,47,45,10,533,0,3,12,64,42,26,27,8,6,195,0,0,0,95,35,23,32,12,7,213,0,0,3,5,6,8,3,0,0,22,3,30,15,194,118,95,40,28,19,551,0,12,10,156,45,77,115,115,96,642,0,19,26,168,167,97,42,21,6,536,4,0,11,145,61,32,18,11,0,282,0,0,0,12,18,25,3,4,4,73,0,8,12,91,72,67,57,29,5,341
CED144,0,4,5,26,24,30,23,16,3,129,7,85,265,1864,1294,1462,778,358,290,6406,0,0,0,11,8,23,43,53,28,156,6,43,31,155,57,89,106,54,22,553,3,21,32,124,87,103,87,48,39,536,0,12,21,168,131,176,127,48,15,692,0,0,7,21,22,15,9,0,0,69,0,0,6,37,13,10,21,20,21,134,0,20,36,69,61,195,525,718,316,1941,5,8,34,212,114,165,149,34,17,750,37,161,148,964,170,117,86,52,16,1746,14,49,101,557,273,188,131,39,6,1354,0,0,0,44,14,11,8,0,0,78,0,7,29,124,70,34,14,3,0,282,0,3,0,65,31,14,22,21,3,163,0,7,12,86,63,213,336,374,217,1308,0,3,3,70,46,20,6,3,0,158,5,21,107,618,361,362,215,121,66,1873,7,56,145,988,1094,1471,1078,489,183,5521,9,41,81,372,118,88,89,30,6,832
CED145,0,0,11,208,16,10,12,14,0,274,3,69,86,499,220,203,111,79,44,1308,0,0,0,15,16,13,10,19,9,78,0,0,0,6,5,9,46,39,27,130,40,193,315,2592,707,467,371,270,107,5054,0,0,0,21,28,18,20,12,6,103,0,16,47,505,66,30,44,21,26,746,5,10,23,286,71,60,88,63,61,652,0,4,4,22,9,25,55,77,48,255,12,81,62,162,83,66,40,24,7,536,0,17,9,144,37,56,47,50,14,369,0,3,25,97,35,31,19,20,8,235,0,0,0,103,17,27,19,14,3,177,0,0,0,7,4,5,4,3,11,39,3,0,17,594,106,61,33,37,15,865,0,3,29,330,38,37,76,83,54,656,5,6,19,153,101,50,28,24,5,385,0,3,14,151,51,17,8,3,0,246,0,0,0,24,26,24,8,16,7,92,0,11,7,112,56,73,53,27,4,342
CED146,0,4,9,94,111,189,127,54,20,608,0,25,38,500,278,305,165,68,39,1419,0,0,0,126,90,123,118,71,23,546,0,33,42,160,91,92,70,35,16,537,0,38,41,90,100,164,135,105,37,724,0,39,130,1146,752,757,330,151,28,3338,0,0,0,11,5,7,9,4,0,43,0,3,6,42,26,12,53,30,19,192,0,3,14,35,20,49,77,80,22,294,0,10,8,78,25,44,18,6,0,199,18,176,190,1365,502,238,131,35,15,2663,0,18,32,226,107,56,54,16,0,524,0,7,39,151,47,67,43,12,3,370,5,322,677,2400,975,717,442,151,60,5754,0,15,4,14,4,17,14,15,4,75,0,3,9,27,68,181,266,247,117,915,0,0,3,29,11,3,0,0,4,54,0,0,7,59,23,9,7,6,0,113,4,40,67,648,440,428,219,80,14,1939,0,5,15,77,32,40,52,16,0,240
CED147,0,0,3,22,47,32,44,36,6,198,0,9,16,103,50,44,29,13,5,260,0,0,0,16,20,21,44,37,23,164,0,12,3,28,5,13,13,10,0,84,5,54,82,296,475,998,982,842,304,4036,0,3,3,30,11,20,18,7,0,97,0,0,0,18,9,21,14,10,3,82,0,0,0,43,34,78,191,131,67,556,0,0,0,4,8,34,38,32,14,132,0,5,3,18,14,13,13,5,0,67,3,33,27,283,38,25,34,12,4,469,0,3,7,34,20,5,15,4,0,86,0,0,4,27,14,4,0,5,0,58,0,12,4,21,4,8,0,0,0,50,0,18,6,27,26,27,30,28,10,162,0,5,3,22,26,84,142,92,75,440,0,3,0,23,10,8,5,4,0,50,0,4,5,34,20,6,7,0,0,73,0,0,9,51,28,46,30,9,5,177,0,6,3,26,28,16,13,3,0,98
CED194,0,0,0,7,0,0,5,0,0,9,0,0,0,29,8,6,0,0,0,53,0,0,0,0,0,0,3,0,0,5,0,0,0,0,0,0,0,0,0,7,0,0,12,43,7,37,19,9,0,131,0,0,3,10,3,0,0,0,0,14,0,0,8,11,8,0,0,0,0,23,0,0,5,4,0,0,0,4,0,14,0,0,0,0,0,0,0,0,0,4,0,0,3,4,0,4,0,0,0,16,0,0,5,17,3,0,4,0,0,25,0,0,0,9,0,0,0,0,0,16,0,0,3,5,5,0,0,0,0,16,0,0,3,5,0,0,0,0,0,5,0,0,0,11,0,4,0,0,0,20,0,0,0,8,4,0,0,0,0,16,3,0,0,6,0,0,0,0,0,13,0,0,0,9,0,0,0,0,0,11,0,0,0,0,0,3,0,0,0,9,0,0,7,18,3,5,0,0,0,41
CED197,0,0,0,0,0,0,0,0,0,0,0,0,0,0,0,0,0,0,0,0,0,0,0,0,0,0,0,0,0,0,0,0,0,0,0,0,0,0,0,0,0,0,0,0,0,0,0,0,0,0,0,0,0,0,0,0,0,0,0,0,0,0,0,0,0,0,0,0,0,0,0,0,0,0,0,0,0,0,0,0,0,0,0,0,0,0,0,0,0,0,0,0,0,0,0,0,0,0,0,0,0,0,0,0,0,0,0,0,0,0,0,0,0,0,0,0,0,0,0,0,0,0,0,0,0,0,0,0,0,0,0,0,0,0,0,0,0,0,0,0,0,0,0,0,0,0,0,0,0,0,0,0,0,0,0,0,0,0,0,0,0,0,0,0,0,0,0,0,0,0,0,0,0,0,0,0,0,0,0,0,0,0,0,0,0,0,0,0,0,0,0,0,0,0,0,0,0,0,0,0
CED201,0,0,0,11,29,24,20,13,0,95,12,171,226,2322,711,652,365,129,49,4640,0,0,0,4,14,31,35,28,11,123,0,4,15,45,33,58,69,31,6,261,3,45,85,267,314,531,574,496,211,2531,0,3,9,37,39,39,27,9,7,168,0,0,0,17,5,15,4,8,0,52,0,4,8,57,41,58,119,153,121,561,0,0,4,5,27,52,81,66,33,277,7,40,50,313,128,210,113,17,10,884,10,120,206,1214,450,289,155,95,32,2567,0,9,22,187,92,37,36,20,0,416,0,21,39,257,64,53,18,9,5,465,0,10,15,27,10,14,15,7,0,89,0,8,4,25,17,34,56,29,13,190,0,7,0,25,24,92,170,127,70,514,0,3,8,45,35,9,7,9,0,118,0,11,54,177,94,42,15,4,0,403,0,0,0,11,24,39,21,8,5,104,0,91,194,635,356,406,303,94,27,2112
CED202,0,6,0,3,6,8,5,6,0,24,0,15,29,213,65,44,37,6,0,409,0,0,0,0,8,17,28,21,10,85,0,0,4,6,0,4,8,3,0,24,10,72,56,228,246,430,502,302,124,1961,0,4,4,14,9,8,4,4,0,42,0,4,4,14,8,7,8,3,0,45,0,0,6,37,19,41,97,57,26,290,0,0,0,0,0,0,16,13,4,37,0,4,5,14,6,9,0,0,0,43,3,58,143,538,53,35,21,9,0,875,0,3,10,30,10,0,4,0,4,71,0,0,7,16,6,0,3,0,0,40,0,0,4,11,8,5,0,0,0,23,0,6,6,39,28,13,26,11,11,126,0,0,0,13,7,15,25,9,18,94,0,0,3,42,20,9,3,0,7,85,0,0,3,26,5,5,0,0,0,41,0,0,0,3,0,6,0,0,0,4,0,10,12,57,33,36,14,5,3,169
CED203,0,0,0,4,3,7,0,0,0,6,0,6,31,129,43,31,12,3,0,252,0,0,0,7,4,9,15,13,3,46,0,5,3,17,0,3,4,3,0,37,4,50,44,181,223,402,398,275,113,1690,0,0,4,14,11,5,0,0,0,37,0,4,0,26,11,4,8,0,0,49,0,0,3,17,19,39,69,38,12,200,0,0,0,5,3,3,13,11,6,51,0,3,3,10,9,5,8,0,0,39,6,35,59,398,40,28,18,10,3,604,0,0,7,29,20,12,5,0,0,83,0,7,10,10,3,3,0,0,0,29,0,0,0,6,0,0,0,0,0,10,0,5,0,27,6,14,18,14,6,85,0,0,0,6,8,17,38,14,10,93,0,0,4,23,6,6,5,5,0,49,5,0,0,34,3,6,0,0,0,46,0,0,0,0,0,5,0,0,0,11,0,6,12,76,28,30,19,5,4,184
CED204,0,0,0,40,81,79,85,39,16,344,5,75,95,1051,387,467,260,124,48,2513,0,0,4,100,61,182,163,95,44,655,0,11,34,79,55,68,85,54,25,417,0,35,63,161,238,429,363,281,136,1715,0,7,28,170,141,134,43,34,10,566,0,0,6,22,12,10,4,3,5,61,0,0,21,43,31,28,75,76,38,308,0,12,27,48,45,87,193,200,63,680,3,4,11,80,32,50,24,3,0,211,44,239,502,2509,659,450,286,140,64,4894,3,30,23,184,74,53,46,6,5,422,5,89,150,294,52,43,13,4,0,647,0,12,24,106,50,41,21,11,3,264,0,7,3,28,10,21,32,15,11,136,0,3,0,22,31,134,259,260,131,840,0,3,9,27,10,7,5,0,0,67,0,13,28,130,71,27,7,3,0,288,0,3,16,80,104,104,74,29,8,434,8,43,77,312,125,114,112,31,8,831
CED205,0,0,0,9,8,21,9,6,0,64,0,11,25,202,81,69,27,16,4,431,0,0,0,18,19,47,79,62,4,227,3,28,37,125,51,78,57,46,13,441,0,36,43,102,64,142,121,81,27,622,3,4,36,227,106,96,51,16,3,542,0,0,0,8,6,4,0,3,0,29,0,4,10,33,22,15,35,20,10,142,0,10,29,41,28,67,111,96,33,413,0,4,3,41,10,6,10,0,0,80,52,381,536,5003,451,384,256,46,24,7124,0,4,17,107,35,13,4,4,0,194,0,32,47,185,32,35,16,5,4,360,13,643,948,3121,1259,865,487,240,73,7656,0,9,0,11,6,12,4,5,0,53,0,3,18,32,55,274,418,258,127,1178,0,3,0,20,7,0,0,0,0,38,3,0,3,51,9,4,0,0,0,76,21,72,91,635,443,357,171,51,13,1849,4,15,15,123,34,25,24,4,0,245
CED206,0,0,0,14,15,10,9,4,0,47,0,15,39,277,108,89,47,19,0,591,0,0,0,3,12,12,12,18,0,58,0,0,7,9,4,3,10,7,0,39,6,54,115,425,563,974,901,607,240,3886,0,0,4,12,12,18,3,3,0,49,0,9,3,36,7,5,8,3,0,75,0,0,9,50,58,81,150,105,46,501,0,0,0,6,5,13,21,23,0,72,0,4,8,46,20,10,5,4,0,89,0,44,34,284,71,50,39,22,14,566,0,0,10,40,23,6,19,4,5,112,0,7,3,93,20,14,4,0,0,144,0,0,0,5,0,5,0,0,0,9,0,4,7,40,22,27,35,24,9,162,0,4,0,24,11,57,128,89,70,390,0,4,6,32,30,8,13,4,0,99,3,3,3,45,10,5,0,0,0,73,0,0,0,5,3,9,5,0,0,25,4,43,21,69,41,34,26,6,0,262
CED207,0,4,3,13,18,9,16,12,0,77,52,712,1560,6128,2347,1792,1139,441,200,14361,0,0,0,4,11,24,43,47,33,164,0,19,7,44,16,37,64,70,32,295,14,74,129,228,207,259,256,314,166,1647,0,0,0,55,39,37,25,19,5,176,0,6,4,21,17,15,15,10,8,92,0,9,20,32,24,26,60,101,46,309,0,9,24,37,52,177,409,589,208,1505,16,104,150,482,213,317,252,45,8,1589,35,398,552,2536,596,402,272,145,58,4988,7,24,113,379,155,62,107,27,14,887,0,29,48,249,79,37,28,14,5,500,0,5,8,31,4,0,3,3,0,56,0,0,10,23,17,19,11,26,17,124,0,3,15,34,29,76,217,302,156,839,3,20,50,137,102,29,27,16,0,388,0,46,118,410,225,89,25,13,5,940,0,0,0,16,18,22,23,3,4,94,11,80,396,1182,535,624,523,228,66,3639
CED208,0,5,0,47,23,21,11,4,9,119,5,37,172,872,332,394,218,69,45,2154,0,0,0,11,15,34,42,50,19,180,0,8,6,31,17,24,43,27,19,168,9,90,66,658,280,213,147,81,41,1583,0,0,0,39,20,20,16,3,0,109,0,5,4,81,22,13,4,0,0,135,0,0,11,126,37,26,42,29,11,290,0,7,35,85,102,269,616,891,377,2388,3,7,20,108,18,14,13,0,0,191,30,84,159,1000,98,69,52,25,8,1531,0,9,21,130,33,17,9,8,3,226,0,8,8,128,20,11,5,7,5,183,0,3,8,51,19,18,14,3,4,118,0,4,5,123,29,25,13,9,8,211,3,8,12,139,53,270,696,1094,677,2948,0,3,9,159,73,14,9,0,0,273,0,0,6,97,14,0,4,4,0,133,0,5,3,94,144,160,153,69,26,655,0,14,38,334,64,70,66,22,0,611
CED209,0,0,0,12,10,6,8,0,0,28,0,11,31,176,62,38,20,8,0,352,0,0,0,8,18,18,36,16,4,96,0,0,0,7,0,7,9,6,0,38,14,108,135,452,362,601,693,464,198,3022,0,0,0,20,8,14,0,0,0,49,0,9,7,27,13,8,4,5,0,73,0,8,8,72,25,40,120,69,49,382,0,0,0,0,9,16,33,36,8,105,0,6,3,32,6,11,7,0,0,67,6,31,99,534,45,40,29,15,7,804,0,6,0,48,18,4,16,3,3,92,0,3,13,42,6,9,0,0,0,74,0,0,4,13,3,4,0,0,0,27,0,10,12,65,30,25,30,17,8,191,0,0,5,21,12,29,104,42,41,255,0,11,0,30,16,4,4,4,0,74,0,5,5,28,9,0,0,0,0,51,0,0,0,8,9,5,4,0,0,16,0,15,13,50,39,31,14,5,0,167
CED210,0,0,0,7,5,0,6,0,0,23,5,38,56,268,93,70,45,24,3,608,0,0,8,44,47,104,161,176,68,609,5,7,13,24,0,6,4,4,0,65,7,64,91,283,264,495,487,356,151,2200,0,0,0,28,4,9,5,0,0,53,4,4,8,28,11,8,0,0,3,60,0,4,3,46,25,36,163,90,68,435,0,4,0,11,9,18,39,58,24,155,0,15,9,32,9,13,5,0,0,89,12,67,133,908,55,32,38,8,4,1256,3,3,17,59,25,6,11,0,0,132,0,16,34,81,18,10,3,0,0,172,0,13,11,40,17,14,4,5,0,101,0,14,4,54,26,29,27,15,11,189,0,0,5,21,26,65,159,179,112,567,0,6,7,35,20,6,0,0,0,86,0,10,5,47,5,4,6,0,0,69,0,3,0,9,8,23,5,3,0,44,0,8,16,107,27,38,16,10,3,233
CED211,0,0,0,15,12,18,16,11,0,70,14,216,311,2662,828,691,493,141,43,5400,0,0,0,12,3,21,35,23,14,109,0,10,3,26,9,9,31,22,9,111,9,52,103,295,354,537,547,521,281,2703,0,0,4,34,29,23,13,4,0,112,0,0,0,11,11,5,7,6,4,60,0,9,10,51,42,44,116,106,55,432,0,3,0,12,11,36,92,124,43,328,10,53,45,302,116,151,89,21,9,787,20,199,145,1194,235,156,122,75,22,2161,0,11,12,158,51,32,30,15,0,310,0,40,40,320,79,52,30,12,15,584,0,4,0,16,8,8,0,0,0,39,0,11,10,33,20,32,37,30,17,185,0,6,4,23,25,43,141,131,72,456,0,8,8,60,53,9,16,7,4,164,3,17,40,184,81,31,15,6,3,379,0,0,3,22,17,12,11,6,0,72,22,138,117,521,241,216,201,65,16,1549
CED212,0,0,5,21,20,22,24,10,0,104,0,29,82,286,142,107,69,18,4,741,0,0,0,20,26,38,23,20,9,138,0,0,7,15,4,12,30,14,7,90,10,119,208,624,702,923,860,689,348,4474,0,0,11,54,46,24,14,7,6,163,0,4,7,27,12,17,12,4,13,90,0,0,12,63,54,70,98,85,34,421,0,11,12,7,28,40,54,69,32,243,0,4,50,41,21,12,25,3,0,146,4,47,70,416,130,100,56,34,15,877,0,0,11,49,30,22,4,3,0,125,0,0,3,32,9,6,6,4,0,64,0,0,0,5,0,3,4,0,0,17,0,4,10,82,37,35,62,30,16,283,0,5,3,31,23,53,84,76,25,296,0,9,3,27,31,11,4,0,0,85,0,0,0,50,16,7,3,0,0,78,0,4,0,16,18,22,15,0,4,87,0,7,21,65,47,46,51,9,0,247
CED213,0,0,0,10,14,12,11,6,0,52,0,12,11,47,45,30,15,11,3,172,0,0,0,13,10,37,37,34,12,136,0,0,0,6,0,6,44,21,10,94,9,135,231,498,759,1042,1132,1027,404,5230,0,0,0,9,6,11,6,0,6,44,0,3,4,25,18,14,14,8,5,83,0,0,11,42,45,55,121,99,49,428,0,0,4,11,7,42,90,127,27,315,0,6,5,15,14,10,4,0,0,55,0,6,15,67,14,33,27,19,8,186,0,3,0,42,14,0,12,0,0,72,0,0,0,7,0,0,4,0,0,15,0,0,0,4,0,5,0,0,0,6,0,12,15,69,39,58,53,32,14,302,0,4,10,23,21,60,211,133,61,527,0,4,0,22,21,10,7,0,0,67,0,0,4,14,4,6,0,0,0,30,0,0,0,0,3,3,4,0,0,15,0,0,3,23,20,32,27,10,4,114
CED214,4,0,3,57,46,48,63,34,7,262,7,20,87,654,283,272,158,66,43,1579,0,0,0,39,41,101,187,204,62,643,0,14,18,37,15,36,50,34,18,215,8,40,41,381,165,171,101,82,40,1032,0,6,15,76,38,42,30,14,4,220,0,3,7,35,7,10,7,5,3,76,0,3,11,70,30,24,121,81,39,382,0,4,15,21,22,83,236,389,186,956,0,0,13,245,30,32,29,3,0,353,37,121,393,1682,132,104,85,38,19,2607,4,11,26,233,38,19,25,9,0,354,0,9,13,87,16,10,0,0,0,143,0,90,47,147,28,23,17,5,0,351,0,3,5,71,23,13,12,14,3,147,0,0,5,63,29,102,218,288,208,913,0,0,16,107,41,6,3,0,0,183,0,6,10,123,14,7,5,0,0,165,4,3,5,42,46,42,31,13,4,184,17,70,46,442,72,65,50,10,4,773
CED215,0,0,4,42,35,27,25,4,0,149,24,121,129,1659,406,394,267,44,11,3059,0,0,0,39,30,73,99,90,36,369,0,20,20,43,17,26,34,14,9,184,19,170,131,583,422,408,343,218,80,2368,0,4,12,132,48,43,27,16,5,289,0,3,8,55,13,7,10,3,5,96,4,12,13,90,54,28,71,67,25,367,0,8,12,30,41,110,180,243,103,728,0,18,16,141,42,28,21,0,0,276,117,776,605,6431,472,343,241,68,14,9077,0,25,41,478,84,29,52,7,0,724,0,12,17,183,33,22,5,0,0,275,0,9,11,48,17,14,8,5,0,104,3,12,17,142,58,32,30,19,7,322,0,12,11,72,41,104,229,247,168,883,0,9,9,97,53,11,3,0,0,189,3,20,26,203,58,19,6,6,0,341,11,12,34,191,135,97,81,21,4,578,7,72,89,505,140,112,73,15,3,1026
CED216,0,0,0,3,3,11,7,5,0,28,0,6,9,91,39,39,12,4,0,203,0,0,0,5,5,9,12,13,5,54,0,0,0,12,0,0,9,0,0,29,4,32,31,154,211,583,718,529,199,2459,0,0,4,19,11,9,11,0,0,50,0,0,0,6,10,11,3,4,0,40,0,0,0,37,24,39,159,103,35,402,0,0,0,0,0,13,18,17,8,55,0,3,0,8,0,3,0,0,0,21,3,26,82,263,23,15,24,9,5,446,0,5,0,35,7,6,11,7,0,73,0,4,0,10,0,0,0,0,0,13,0,0,0,7,0,0,0,0,0,8,0,3,3,22,11,16,28,18,5,107,0,0,5,10,13,51,107,125,65,369,3,0,0,10,0,4,3,0,0,30,0,0,3,22,9,0,0,0,0,29,0,0,0,4,3,0,0,0,0,10,0,12,19,57,24,29,17,5,0,167
CED217,0,3,0,40,26,12,12,3,0,101,9,201,224,1138,565,404,167,77,39,2825,0,0,0,20,15,24,38,29,13,134,0,0,0,14,14,30,52,43,17,177,23,341,303,710,719,606,498,367,177,3745,0,3,0,19,20,14,11,3,0,65,0,32,18,82,56,22,36,10,6,259,3,15,22,99,98,68,118,101,56,580,0,8,5,19,38,92,172,255,105,697,4,38,28,74,48,46,37,14,3,288,19,121,79,774,141,102,104,68,22,1432,4,4,22,119,40,13,13,9,3,226,0,0,0,75,15,14,13,5,0,122,0,0,4,9,6,8,3,0,0,24,5,14,20,249,67,70,38,36,19,518,0,12,4,63,39,61,116,143,116,555,7,47,19,155,102,42,20,7,10,400,0,17,17,89,41,18,7,0,0,197,0,0,0,19,27,28,5,8,3,84,0,23,28,177,91,83,69,32,8,511
CED218,0,3,3,75,95,91,96,37,9,412,4,18,47,398,156,149,91,27,14,905,0,0,0,82,82,221,230,166,53,835,0,48,61,195,76,103,110,45,18,654,4,36,67,126,105,158,136,93,46,769,0,13,19,143,105,61,38,10,4,391,0,3,0,12,7,8,9,4,5,48,0,0,10,34,23,26,94,55,27,268,0,10,7,33,40,117,151,135,37,534,0,11,15,107,31,28,22,0,0,206,35,283,454,3473,606,392,287,114,30,5681,0,10,22,146,64,30,22,3,0,296,3,13,20,93,23,12,11,7,0,164,4,145,119,293,75,65,61,17,0,782,0,13,5,18,7,10,13,6,3,74,0,8,16,43,54,235,348,206,104,1019,0,3,7,42,18,4,3,0,0,79,0,5,7,58,21,3,3,0,0,108,0,13,10,93,77,109,42,14,8,373,0,71,25,225,65,59,46,15,0,510
CED219,0,0,4,31,34,24,21,12,0,124,0,0,16,134,61,56,28,9,3,312,0,0,0,30,37,71,68,33,8,245,0,7,31,41,23,19,41,11,9,186,5,30,58,265,276,525,521,310,128,2123,6,7,17,108,53,34,19,0,4,246,0,0,0,7,9,14,7,4,0,48,0,0,3,35,30,48,140,56,29,350,0,0,0,13,10,26,39,46,7,141,0,4,5,26,3,11,5,0,0,58,34,215,242,2543,189,210,125,33,18,3595,0,3,5,85,34,7,3,0,0,140,0,3,4,18,7,8,0,0,0,49,0,9,9,41,15,5,8,3,0,95,0,4,5,49,33,24,34,20,6,182,0,3,4,21,28,91,116,72,30,361,0,6,9,34,11,0,0,0,0,61,0,3,7,34,13,3,5,0,0,72,0,0,4,47,29,22,16,9,0,127,0,44,16,89,37,35,30,4,3,253
CED220,0,4,4,72,19,13,9,8,0,130,17,186,589,1869,566,481,230,104,59,4090,0,0,0,30,7,26,17,15,8,110,0,0,5,24,10,26,28,28,19,139,22,120,165,802,286,338,273,188,97,2282,0,0,3,45,12,9,8,7,0,81,4,14,28,143,32,20,26,11,6,282,5,4,20,112,34,24,88,50,30,354,0,3,3,36,51,119,248,559,228,1251,10,52,70,243,45,78,67,20,4,573,30,147,209,1525,157,137,96,51,22,2371,0,9,70,240,61,25,36,6,7,458,0,6,6,139,21,15,17,15,0,212,0,0,0,18,6,0,0,3,0,32,0,7,10,327,32,33,30,23,10,473,0,5,8,85,20,50,109,97,86,462,7,14,30,172,78,39,25,12,0,381,0,11,28,232,42,29,12,0,3,353,0,3,3,10,11,12,4,3,0,51,4,12,90,534,168,170,149,52,12,1202
CED221,0,0,0,46,59,69,51,23,9,255,6,22,71,444,207,145,71,19,11,1004,0,0,3,39,26,32,34,16,0,155,0,13,39,64,34,19,25,7,0,206,0,59,90,267,291,421,381,253,115,1872,0,14,44,299,146,108,48,19,10,682,0,0,4,12,13,9,5,4,3,39,0,3,12,46,14,24,51,49,12,209,0,5,8,27,27,36,50,33,12,186,0,9,0,62,14,20,0,0,0,107,43,552,855,5950,997,628,343,111,43,9515,0,17,21,116,56,18,14,5,4,252,7,70,127,179,21,5,7,0,0,409,0,24,29,82,19,22,10,8,0,188,0,32,0,35,23,19,17,23,5,150,0,5,10,28,20,51,68,51,32,258,0,3,4,50,5,0,0,0,0,64,0,4,10,68,26,3,3,0,0,120,0,5,7,34,34,32,11,0,0,118,9,32,38,189,78,70,40,7,0,456
CED222,0,3,0,34,39,36,76,56,13,254,8,108,566,2630,698,759,404,157,91,5424,0,0,5,21,14,37,79,78,21,250,0,13,23,42,13,30,69,59,26,280,12,63,58,175,153,176,208,176,102,1122,0,3,11,74,50,43,25,7,7,212,0,0,5,35,11,10,3,8,12,90,0,6,14,37,31,33,62,71,39,295,4,39,96,159,162,337,730,1076,422,3019,0,10,45,249,49,68,47,6,4,480,67,262,910,3727,552,421,311,205,88,6533,6,19,88,410,123,58,38,12,4,746,0,13,21,116,23,13,7,0,0,201,0,6,12,22,15,20,10,6,5,92,0,6,9,66,16,20,26,19,10,170,0,4,15,48,37,108,329,447,302,1299,3,23,19,155,91,22,19,0,0,330,9,32,56,385,105,42,17,10,0,654,0,4,7,37,36,54,55,25,12,225,22,113,288,1160,209,174,144,41,12,2157
CED223,0,0,0,11,3,5,0,3,0,24,0,12,14,81,24,22,13,4,0,173,0,0,0,0,0,22,23,30,18,96,0,4,3,6,0,0,0,3,0,16,4,38,53,206,245,479,488,377,134,2026,0,0,0,11,8,13,5,4,0,40,0,0,4,27,3,7,10,6,0,57,4,3,0,43,28,67,183,111,47,488,0,0,0,0,5,6,10,10,6,33,0,3,8,23,7,3,4,0,0,47,10,25,34,255,29,17,19,12,8,406,0,0,5,35,13,6,5,6,0,68,0,0,0,7,0,3,0,0,0,17,0,0,0,0,0,0,0,0,0,7,0,3,0,22,7,24,13,12,0,84,0,0,0,10,14,39,98,112,74,339,0,5,0,25,11,4,7,0,0,54,0,0,0,15,7,0,0,0,0,22,0,0,0,3,0,0,0,0,0,10,4,7,12,47,22,25,8,4,0,132
CED224,0,0,3,27,30,29,31,17,0,135,4,104,151,1121,414,367,210,90,31,2497,0,0,3,24,23,42,47,38,20,195,0,4,5,15,19,35,45,33,19,168,9,157,197,643,539,520,480,376,166,3089,0,0,9,78,51,57,26,6,10,231,0,5,8,62,20,12,18,7,3,128,0,13,11,91,52,46,77,79,36,407,0,4,11,41,55,131,228,270,99,842,0,13,16,105,33,34,33,0,3,234,16,88,146,1104,323,239,188,88,37,2224,0,9,16,100,43,16,24,0,3,209,0,11,20,71,19,6,9,4,0,148,0,0,6,23,15,0,3,0,0,53,0,24,12,164,53,46,36,43,14,390,0,5,10,40,39,89,170,173,89,607,4,11,10,88,65,31,8,0,4,208,5,6,9,77,28,15,3,0,0,139,0,6,4,30,21,27,28,7,0,127,0,18,24,217,71,76,66,20,6,495
CED225,0,6,6,15,7,14,4,3,6,63,7,87,134,1135,371,343,187,55,30,2336,0,0,0,14,26,60,77,44,21,242,0,0,6,28,6,24,44,26,11,150,14,116,125,419,356,445,389,315,141,2314,0,0,0,12,13,6,4,3,0,51,0,0,7,36,15,12,17,5,0,95,3,5,11,72,36,31,90,92,40,374,0,10,11,23,42,103,170,165,78,599,6,24,12,129,49,45,40,12,0,316,11,75,93,704,129,99,68,30,17,1229,0,11,9,126,36,30,13,6,4,232,0,18,26,312,47,24,20,7,0,459,0,0,0,21,12,6,10,0,0,50,0,11,14,76,41,40,38,24,16,265,0,10,5,51,28,168,341,314,233,1158,3,11,14,91,65,24,17,0,4,223,0,9,11,96,29,12,6,0,0,164,0,0,4,31,34,66,36,22,12,193,0,27,37,267,104,122,134,42,5,730
CED226,0,7,0,29,6,11,8,4,4,67,43,596,865,2948,1590,1063,570,204,106,7975,0,3,0,12,13,22,15,20,13,94,0,3,10,29,9,19,28,22,17,136,18,165,206,381,304,364,305,252,117,2111,0,0,5,32,20,23,5,4,4,96,0,12,13,56,30,20,14,3,5,154,3,12,9,63,26,28,81,64,34,317,0,0,13,17,38,103,167,335,162,830,6,120,96,297,213,195,155,32,22,1133,13,121,161,946,216,141,115,64,24,1810,0,10,41,233,69,39,54,17,4,478,0,27,38,207,72,32,29,9,0,413,0,4,0,21,11,0,3,0,0,40,0,9,8,64,30,46,36,20,15,237,0,5,9,55,40,71,185,224,145,725,4,14,16,107,81,26,19,17,6,294,0,18,38,174,77,31,12,4,3,360,0,0,0,7,9,12,9,10,6,58,3,72,103,595,426,378,350,127,44,2100
CED227,0,0,6,43,45,30,18,6,0,154,4,45,46,474,134,118,58,14,0,897,0,0,0,18,20,21,36,21,3,120,0,33,44,103,37,18,24,15,3,276,4,107,187,423,457,595,592,416,152,2929,0,9,16,119,46,40,15,6,0,254,0,0,0,15,6,8,5,0,0,41,0,0,6,52,21,44,86,58,19,291,0,4,7,10,10,15,9,14,8,65,0,4,9,41,23,8,11,0,0,101,22,379,388,3820,417,271,193,63,12,5571,0,9,15,85,35,18,12,6,0,174,0,4,17,63,17,18,0,4,0,120,0,4,8,24,13,3,3,4,0,60,0,34,11,40,25,25,33,23,5,189,0,7,4,17,14,32,65,65,24,227,0,4,11,25,19,5,6,0,0,76,0,3,18,77,26,11,0,0,0,137,0,5,9,28,28,18,5,5,0,86,5,48,45,128,73,47,33,11,5,393
CED228,0,0,4,39,35,39,35,21,0,172,5,42,108,845,222,248,126,16,10,1618,0,0,0,23,26,45,40,21,10,172,5,9,50,37,11,17,15,3,3,153,10,55,99,232,223,366,291,210,83,1565,0,12,28,212,93,77,37,7,0,472,0,0,0,21,4,0,0,0,0,47,0,3,13,33,24,28,70,32,22,223,0,0,8,21,22,37,54,40,24,211,6,10,5,80,22,43,16,0,0,177,184,1143,1160,11057,750,563,379,78,20,15334,0,8,18,299,87,32,19,6,0,482,0,7,28,96,14,8,9,0,0,168,0,8,16,45,33,14,8,0,0,119,0,7,5,43,5,14,25,15,0,106,0,6,10,34,31,122,188,177,104,676,0,4,13,64,34,8,3,0,0,131,0,12,14,114,31,9,7,3,0,188,0,19,42,176,77,53,23,4,0,399,12,74,61,344,91,78,72,10,0,738
CED229,3,3,4,160,19,10,8,6,0,216,5,76,564,1766,331,263,135,59,21,3221,0,0,0,31,11,27,14,16,5,107,0,3,5,33,7,15,30,38,10,143,25,112,186,1346,469,463,327,173,82,3187,0,0,3,47,17,20,4,0,0,99,8,25,33,307,70,25,36,14,14,530,0,9,25,250,64,45,116,51,33,606,3,0,15,32,34,88,168,301,127,765,7,20,65,228,44,44,41,8,3,456,32,114,278,1606,106,81,66,40,5,2326,0,13,115,383,68,29,25,6,3,648,3,3,20,268,33,16,18,9,0,357,0,0,3,17,9,3,0,4,3,39,3,7,43,745,57,39,24,12,4,932,0,10,25,217,27,62,91,90,44,567,0,20,26,292,84,35,25,0,7,481,0,7,35,398,58,19,10,0,0,530,0,0,3,10,14,12,8,5,0,57,0,8,134,672,98,105,94,26,5,1139
CED230,0,0,0,8,0,0,0,0,0,18,0,3,22,151,40,28,17,6,0,270,0,0,0,0,4,9,15,10,19,58,0,0,0,10,0,0,3,5,0,15,3,13,27,109,147,339,398,256,91,1388,0,6,8,23,29,14,15,8,0,95,0,0,5,12,0,11,4,4,0,38,0,0,3,32,14,14,63,47,13,183,0,0,0,0,6,12,29,43,11,103,0,0,4,33,0,7,0,0,0,53,7,53,35,420,51,28,14,16,0,627,0,5,7,39,17,5,4,0,0,86,0,3,0,13,0,0,0,0,0,17,0,8,0,11,11,0,0,0,0,25,0,5,0,26,10,11,10,3,0,65,0,0,0,14,6,45,107,147,98,422,0,0,0,31,3,0,0,0,0,44,0,0,4,37,3,0,0,0,0,44,0,0,0,0,0,5,0,0,0,10,3,35,88,535,116,44,11,3,0,826
CED231,0,3,6,49,35,18,36,19,0,163,0,23,78,496,212,193,127,80,60,1276,0,0,0,34,19,66,110,110,32,377,0,4,7,60,30,54,83,85,37,358,6,55,71,350,213,263,200,147,69,1366,0,0,5,39,25,31,17,10,0,131,0,0,6,42,4,10,10,3,0,79,0,0,3,64,23,27,79,64,24,288,0,3,13,30,42,96,241,361,111,891,0,5,12,134,52,47,33,0,0,279,19,96,84,853,155,139,127,76,30,1585,0,0,19,107,36,11,19,8,0,201,0,11,14,131,20,21,16,18,6,240,0,6,16,74,38,31,10,8,8,181,4,10,20,103,34,28,21,23,4,249,0,12,13,104,70,329,914,895,530,2875,6,8,9,98,60,22,5,3,3,211,0,5,8,99,25,8,8,0,0,154,0,8,6,48,78,82,77,30,9,339,0,10,36,307,65,52,88,22,4,583
CED232,0,0,0,9,14,4,0,6,0,34,0,16,18,169,60,38,22,9,3,328,0,0,0,12,9,34,33,16,9,113,0,12,10,49,8,17,24,8,3,135,3,97,152,360,445,542,440,289,97,2428,0,3,5,43,39,20,3,0,0,115,0,0,0,23,13,12,4,5,0,53,0,0,8,53,32,36,87,60,20,293,0,0,6,22,23,34,55,21,8,185,0,0,4,30,14,9,6,0,0,67,15,155,171,2059,156,136,104,37,6,2838,0,5,7,47,22,4,3,0,0,91,0,26,34,189,33,22,6,0,0,312,0,8,17,96,34,12,14,4,0,189,0,13,5,55,34,25,24,15,10,170,0,11,3,35,28,132,169,71,31,489,0,5,5,18,24,4,0,0,0,61,0,0,0,31,10,9,0,0,0,54,0,0,4,47,20,16,21,6,0,119,3,24,26,113,34,35,22,7,0,257
CED233,0,0,4,142,19,14,10,11,0,195,13,84,3139,4198,535,457,244,146,112,8920,0,0,0,33,17,19,30,26,10,125,3,5,16,35,3,22,22,10,12,127,22,57,289,1240,274,277,234,128,35,2558,0,0,12,43,14,9,11,4,0,99,3,11,32,242,28,19,10,4,0,351,0,9,31,203,38,32,47,34,5,399,0,0,5,49,20,69,131,264,139,680,6,21,246,546,95,65,41,17,3,1031,79,150,652,2517,78,65,38,17,0,3603,4,9,805,642,38,32,40,9,3,1579,4,3,17,255,25,13,5,3,0,324,0,0,7,26,8,6,0,0,0,44,0,4,10,301,25,33,26,0,3,416,0,3,35,207,27,56,120,135,168,764,0,16,87,498,88,24,10,5,0,725,9,16,171,887,83,29,3,5,0,1191,0,0,3,20,5,15,9,11,9,68,3,27,791,1646,175,163,121,42,13,2985
CED234,0,0,0,13,14,11,13,4,0,55,38,457,777,5068,1623,1676,1007,376,217,11244,0,0,3,13,23,31,55,54,24,196,0,29,20,93,35,88,73,66,26,432,5,94,97,191,227,312,278,268,138,1614,0,0,0,31,35,19,36,17,5,137,0,0,4,14,12,12,7,7,4,59,0,5,6,27,30,27,91,88,51,321,0,22,27,40,66,220,485,656,255,1760,22,140,108,728,350,478,404,84,33,2346,12,126,148,1002,210,162,147,70,24,1903,0,8,29,256,94,42,43,25,7,513,13,112,147,821,271,157,93,42,10,1661,0,3,5,27,13,10,6,3,0,77,0,3,6,19,16,25,23,19,7,119,0,12,15,39,37,153,510,554,373,1687,6,11,19,91,54,29,21,9,4,231,0,31,80,320,149,58,34,8,4,684,0,0,0,25,41,83,52,28,9,241,8,135,322,1151,537,482,496,188,36,3366
CED235,0,0,0,14,10,13,6,10,0,43,0,8,5,88,43,33,19,11,0,205,0,0,0,0,11,13,23,16,4,62,0,0,4,0,0,0,13,4,0,25,4,37,56,225,302,737,860,610,215,3039,0,3,0,13,8,8,4,0,0,36,0,0,0,18,6,6,10,0,4,44,0,5,3,48,32,56,132,89,39,413,0,0,0,0,4,11,20,28,4,73,0,3,0,15,9,11,3,0,0,44,0,14,28,183,34,23,23,9,0,321,0,3,3,35,10,3,12,5,0,72,0,0,0,4,5,0,0,0,0,12,0,5,0,4,0,0,0,0,0,9,0,6,3,20,13,20,36,22,8,130,0,0,0,10,10,28,82,92,62,287,0,0,4,14,13,9,8,0,0,56,0,0,0,18,0,0,0,0,0,21,0,0,0,3,3,6,4,0,0,13,0,0,0,23,16,33,14,0,0,89
CED236,0,0,0,6,0,0,0,0,0,13,4,9,11,149,36,26,11,0,0,257,0,0,0,9,5,5,15,14,0,42,0,11,5,12,0,0,9,0,0,31,0,18,18,129,139,318,390,268,98,1385,3,0,11,32,21,6,4,0,0,82,0,0,0,12,0,12,12,0,0,30,0,0,7,36,18,24,65,40,19,207,0,0,5,8,6,12,27,27,19,104,4,0,5,24,0,6,3,3,0,39,7,66,74,725,90,80,44,8,6,1102,0,0,6,36,23,4,0,0,0,79,0,21,18,18,0,0,0,0,0,60,0,18,28,133,47,19,8,4,0,260,0,20,3,24,15,10,13,13,3,100,0,4,4,11,9,72,191,184,95,565,0,0,0,12,10,0,0,0,0,21,0,5,0,23,0,0,0,0,0,22,0,0,0,0,0,6,4,0,0,13,0,34,49,287,70,39,8,4,0,493
CED237,0,0,0,18,24,19,11,8,0,91,4,36,92,972,273,296,184,58,17,1934,0,0,3,32,37,67,79,72,27,305,0,14,29,86,52,71,102,44,27,422,6,43,48,132,87,171,141,81,37,739,3,8,13,128,65,55,49,16,0,348,0,3,0,10,10,13,5,4,0,40,0,3,9,47,16,15,32,23,11,147,0,22,56,101,100,298,545,569,197,1888,0,0,18,92,14,34,21,3,0,183,37,282,613,3717,447,334,190,49,19,5691,0,12,25,128,55,26,12,4,0,259,4,89,109,490,101,39,14,3,4,848,3,62,126,565,310,166,55,37,3,1332,0,9,0,30,6,20,19,14,6,100,0,21,33,100,100,486,863,737,421,2744,0,6,7,34,25,11,3,5,0,91,0,3,13,66,23,10,0,0,0,114,8,14,40,204,221,247,113,33,7,893,4,33,44,259,73,87,98,15,8,626
CED238,0,0,0,5,4,4,0,4,0,13,0,20,28,144,39,31,6,0,0,271,0,0,0,0,0,3,7,6,5,18,0,4,3,7,0,7,3,0,0,24,0,39,39,187,181,384,428,297,114,1668,0,0,0,11,5,0,4,0,0,31,0,0,0,25,5,8,6,0,0,47,0,0,3,55,18,30,64,32,27,238,0,0,0,0,0,10,11,5,4,30,0,0,4,11,0,7,0,0,0,25,4,18,14,174,13,18,13,9,0,263,0,3,8,35,15,6,3,0,3,78,0,0,0,11,0,4,0,0,0,13,0,0,0,5,0,0,0,0,0,5,0,4,6,47,11,20,18,9,0,114,0,0,0,7,0,17,23,12,13,80,0,4,0,19,13,8,4,0,0,52,0,0,0,32,0,0,0,0,0,43,0,0,0,4,0,0,3,0,0,5,0,3,3,33,16,16,3,0,0,77
CED239,3,0,5,73,20,12,4,6,4,122,0,16,81,516,151,174,110,41,17,1106,0,0,0,12,13,27,35,50,28,174,0,21,10,56,20,31,54,45,39,275,9,49,114,724,240,201,131,73,50,1584,0,4,5,52,23,22,9,11,0,121,0,0,7,128,12,16,10,3,3,175,0,5,15,129,42,23,49,32,28,328,0,10,6,54,62,162,383,658,267,1603,0,5,20,120,16,10,7,3,0,184,23,137,119,1112,106,68,52,25,8,1648,4,19,33,187,36,11,6,8,0,306,0,17,21,149,22,15,6,4,0,234,0,5,21,104,62,40,25,12,0,275,0,11,10,146,28,15,10,11,12,233,0,4,11,176,84,326,784,1211,897,3491,0,3,19,156,56,14,4,3,0,254,0,4,7,127,30,6,0,0,0,176,0,10,40,270,288,290,253,81,21,1262,4,14,44,331,61,53,47,15,4,579
CED294,0,0,0,6,6,0,0,0,0,8,0,0,3,15,8,0,3,0,0,34,0,0,0,0,0,0,0,0,0,6,0,0,6,0,0,0,0,0,0,3,3,0,3,22,6,12,8,9,0,75,0,0,0,0,0,0,0,0,0,3,0,0,0,7,0,0,0,0,0,10,0,0,0,5,0,4,0,6,0,16,0,0,0,5,0,0,0,0,0,5,0,3,0,0,0,0,0,0,0,3,0,3,3,20,4,0,0,0,0,29,0,0,0,4,3,0,0,0,0,14,0,0,0,14,0,0,0,0,0,14,0,0,0,0,0,0,0,0,0,3,0,0,4,9,0,0,0,0,0,7,0,0,0,0,0,0,5,3,0,9,0,0,0,3,0,0,0,0,0,9,0,0,0,4,0,0,0,0,0,5,0,0,0,0,0,0,0,0,0,3,0,0,6,25,5,0,0,0,0,34
CED297,0,0,0,0,0,0,0,0,0,0,0,0,0,0,0,0,0,0,0,0,0,0,0,0,0,0,0,0,0,0,0,0,0,0,0,0,0,0,0,0,0,0,0,0,0,0,0,0,0,0,0,0,0,0,0,0,0,0,0,0,0,0,0,0,0,0,0,0,0,0,0,0,0,0,0,0,0,0,0,0,0,0,0,0,0,0,0,0,0,0,0,0,0,0,0,0,0,0,0,0,0,0,0,0,0,0,0,0,0,0,0,0,0,0,0,0,0,0,0,0,0,0,0,0,0,0,0,0,0,0,0,0,0,0,0,0,0,0,0,0,0,0,0,0,0,0,0,0,0,0,0,0,0,0,0,0,0,0,0,0,0,0,0,0,0,0,0,0,0,0,0,0,0,0,0,0,0,0,0,0,0,0,0,0,0,0,0,0,0,0,0,0,0,0,0,0,0,0,0,0
CED301,0,0,5,8,9,11,5,0,0,41,4,15,14,120,60,39,14,0,0,265,0,0,0,4,5,4,4,3,0,20,0,0,3,7,0,0,0,4,0,14,6,74,134,361,421,686,511,351,105,2654,0,9,16,106,60,30,30,4,3,262,0,0,3,17,5,14,9,7,0,54,0,0,3,57,44,34,71,47,13,277,0,3,0,0,0,3,0,3,5,16,0,7,14,28,4,18,3,5,6,83,8,112,86,890,91,49,32,8,3,1292,0,7,3,42,27,11,5,8,0,106,0,3,0,27,6,3,3,0,0,43,0,0,4,8,0,0,0,0,0,10,0,5,3,31,16,16,17,8,7,113,0,0,4,7,5,9,5,10,0,46,0,0,7,50,21,8,3,0,0,96,0,4,9,85,21,5,5,0,0,127,0,0,0,3,0,0,0,0,0,3,0,5,10,72,46,43,18,11,0,204
CED302,0,4,3,14,13,8,12,5,0,52,19,139,282,1679,356,331,191,77,26,3089,0,0,0,20,14,24,21,12,6,88,0,8,3,13,4,7,11,7,8,59,15,178,230,548,470,459,390,321,140,2761,0,0,13,159,87,109,69,26,3,471,4,7,7,59,14,10,9,3,3,124,0,11,8,84,39,38,58,48,23,307,0,3,5,12,15,11,58,58,29,192,3,68,74,240,83,101,55,17,3,654,13,133,152,972,232,104,80,34,18,1721,0,12,17,106,63,26,24,14,3,270,0,12,14,156,38,23,11,3,0,256,0,4,7,21,15,0,8,0,0,54,4,27,11,169,58,24,32,19,8,346,0,3,5,34,21,20,58,67,49,256,3,17,17,113,85,24,18,6,0,274,4,69,89,511,182,52,13,5,0,922,0,3,0,4,15,10,10,4,0,43,5,27,62,260,94,89,81,25,7,652
CED303,0,0,3,10,8,4,6,3,0,33,0,25,18,189,95,60,32,18,3,449,0,0,0,12,11,17,10,15,4,75,0,0,4,3,0,3,7,3,0,25,5,168,360,715,895,1011,960,706,245,5067,0,0,4,66,29,35,30,11,0,178,0,4,4,22,18,24,16,8,0,99,0,0,8,51,50,63,103,68,36,381,0,0,4,3,3,13,13,13,0,49,0,5,5,25,20,18,18,0,5,96,4,18,31,261,56,38,28,25,10,478,0,8,9,27,24,15,23,10,6,121,0,4,0,29,11,5,6,3,0,51,0,0,0,3,0,0,0,0,0,6,0,10,18,96,40,34,42,11,6,262,0,0,5,11,12,19,36,32,15,132,0,5,4,49,40,14,9,4,0,130,0,4,9,53,19,7,9,0,0,102,0,0,0,5,7,6,8,3,0,30,0,7,8,43,37,41,35,10,4,183
CED304,4,4,9,80,15,10,0,0,0,124,9,66,540,904,219,131,91,38,14,2013,0,0,0,18,4,10,5,6,5,47,0,4,4,26,5,4,3,0,0,53,24,170,371,975,485,458,281,180,48,2996,0,5,18,73,38,23,25,10,0,191,3,13,30,172,23,19,10,3,5,277,4,3,32,173,42,38,34,28,5,367,0,0,0,15,0,3,12,8,8,47,0,40,144,199,53,53,30,4,4,525,37,135,165,1050,99,53,38,20,6,1599,0,11,73,148,41,21,13,5,0,309,0,9,15,251,25,18,13,0,0,336,0,0,0,15,3,3,5,0,0,29,0,6,19,197,60,44,22,22,12,387,0,6,19,146,33,41,92,127,108,577,9,28,67,342,96,35,17,0,6,600,4,30,107,600,96,30,12,0,0,865,0,6,0,9,4,7,6,0,3,27,5,10,101,269,69,60,37,9,0,561
CED305,0,0,0,12,0,0,0,0,0,17,5,19,15,163,39,23,10,3,0,280,0,0,0,0,3,4,4,4,0,12,0,0,0,6,0,0,0,0,0,6,8,37,50,206,201,313,212,165,62,1253,0,6,6,34,18,21,7,0,0,93,0,0,0,6,9,15,0,3,0,37,0,0,4,51,16,23,25,26,9,162,0,0,0,0,0,3,5,0,0,9,0,0,4,7,3,6,0,0,0,24,10,17,41,246,33,14,6,0,0,368,4,0,0,23,15,7,4,3,6,60,0,0,0,7,0,0,0,3,0,16,0,0,0,0,0,0,0,0,0,0,0,11,0,34,12,3,8,5,6,82,0,0,0,3,0,8,6,5,10,36,0,5,0,23,8,3,4,0,0,44,0,0,3,23,13,0,0,0,0,35,0,0,0,0,0,0,0,0,0,3,4,3,3,26,9,14,10,0,0,74
CED306,0,0,0,42,4,0,0,0,0,56,4,6,20,163,54,35,10,8,0,305,0,0,0,3,0,3,0,6,0,21,0,0,3,18,4,0,3,0,0,20,4,56,122,383,326,402,317,205,51,1873,0,3,10,35,26,23,12,7,0,114,0,0,10,46,13,19,3,6,6,101,0,7,11,88,25,50,59,33,13,291,0,0,0,0,0,4,10,6,5,28,0,0,4,25,3,7,4,0,0,41,4,43,49,289,69,21,15,17,5,515,0,10,8,60,27,9,9,3,0,126,0,0,0,22,3,0,0,3,0,24,0,4,0,3,0,0,0,0,0,11,0,10,10,72,17,15,15,3,5,142,3,3,3,30,11,24,58,61,58,250,0,4,5,48,18,3,4,0,0,84,3,9,8,106,16,4,0,0,0,141,0,0,0,0,4,0,0,0,0,8,0,0,7,62,24,22,12,0,3,136
CED307,0,0,0,9,3,4,0,3,0,22,0,12,13,156,57,70,24,8,4,347,0,0,0,0,5,4,4,0,0,20,0,3,10,9,0,4,0,0,0,32,16,135,275,560,676,744,490,347,131,3377,0,8,14,130,65,67,49,18,7,353,0,0,7,31,10,16,7,8,3,80,0,8,16,85,55,49,78,20,13,321,0,0,0,3,0,0,3,3,7,26,4,5,4,33,30,15,6,4,3,102,6,40,45,478,105,59,36,24,12,802,0,6,4,29,34,12,12,9,4,107,0,3,5,81,10,9,7,3,0,112,0,22,14,38,13,9,9,4,0,106,0,7,15,66,43,19,21,20,9,207,0,0,4,28,5,29,53,24,21,166,0,9,3,42,47,18,10,4,0,126,0,8,9,59,17,5,3,0,0,97,0,0,0,0,4,9,3,0,5,17,0,4,4,65,40,39,37,16,4,205
CED308,0,0,5,32,16,24,14,6,0,98,19,79,122,845,320,247,99,37,12,1784,0,0,0,16,13,30,40,29,9,141,0,12,7,24,12,16,19,6,7,102,15,199,391,882,886,1006,999,719,272,5369,0,0,13,72,45,47,32,8,7,222,0,8,7,38,14,27,13,7,3,120,0,5,20,91,49,68,122,92,45,493,0,0,0,12,0,10,17,20,14,70,0,16,31,94,28,60,35,3,0,260,7,70,104,786,79,71,52,30,8,1207,0,13,25,102,70,37,28,0,3,287,0,17,14,101,19,28,14,5,0,200,0,0,10,33,10,13,8,0,3,71,0,7,14,56,33,31,34,29,12,218,0,0,5,19,9,20,66,30,14,157,6,24,33,251,196,102,46,16,11,685,0,37,47,284,137,86,17,7,0,631,0,3,4,9,6,10,7,6,0,45,0,9,33,87,55,76,33,18,5,312
CED309,0,0,0,15,9,4,10,0,0,36,0,10,15,104,31,47,15,3,0,233,0,0,0,4,10,11,18,11,0,58,0,0,0,3,5,0,8,4,0,30,23,208,311,867,847,1025,923,684,300,5175,0,0,5,24,24,27,25,3,0,106,0,10,7,63,26,21,13,10,3,152,0,6,11,109,68,107,123,103,31,564,0,0,0,0,4,6,6,7,4,27,3,13,12,16,9,11,10,0,0,80,5,24,50,296,31,35,13,17,6,475,4,6,13,54,36,10,16,0,6,146,0,3,0,29,4,4,4,0,0,43,0,0,0,0,0,0,0,0,0,3,0,13,4,65,41,22,22,21,9,191,0,9,6,40,16,21,25,14,24,152,4,9,15,83,41,19,10,0,0,180,0,11,9,143,13,3,0,0,0,184,0,0,0,0,7,0,0,0,0,13,0,3,4,28,39,44,22,3,0,154
CED310,0,0,0,15,12,0,10,3,0,32,0,7,24,124,31,21,16,3,3,234,0,0,0,3,5,14,14,3,3,45,0,0,3,3,0,0,9,7,3,28,13,197,367,834,835,924,926,687,270,5048,0,0,3,29,16,18,14,5,0,98,0,4,5,47,15,14,17,8,5,129,3,5,8,99,60,72,126,113,42,525,0,0,0,0,4,4,0,4,5,17,0,11,0,23,7,15,8,6,0,74,5,37,57,390,42,24,19,16,12,611,0,4,3,38,15,6,24,8,3,96,0,0,3,20,3,0,3,0,0,34,0,0,0,0,0,0,0,0,0,3,0,12,10,51,45,32,46,23,9,237,0,0,4,32,10,29,30,26,16,157,0,5,18,58,43,19,7,0,0,156,3,11,10,114,11,7,0,0,0,159,0,0,0,0,0,3,0,0,0,10,0,5,7,50,32,30,25,6,0,156
CED311,0,0,0,10,0,0,3,0,0,12,0,13,10,107,33,19,6,0,0,188,0,3,0,3,0,3,8,0,0,18,0,10,0,14,0,0,0,0,0,22,0,38,35,201,248,403,338,225,45,1538,0,4,3,39,29,10,11,3,0,103,0,0,4,14,3,3,10,5,0,41,0,0,12,52,20,38,48,29,7,205,0,0,0,0,0,0,0,0,6,5,0,0,0,11,0,4,0,0,0,14,3,30,21,206,25,9,10,5,0,311,0,0,9,47,27,5,7,0,0,99,0,0,0,9,5,4,0,0,0,17,0,0,0,0,6,0,0,0,0,8,0,0,6,31,16,6,9,10,3,79,0,3,0,14,0,0,8,3,0,40,0,3,0,25,8,9,3,0,0,43,0,5,0,36,6,5,0,0,0,48,0,0,0,0,0,0,0,0,0,4,0,5,8,32,14,23,4,0,0,85
CED312,0,0,0,13,9,14,5,5,0,47,3,17,50,286,94,98,36,28,21,634,0,0,0,19,6,22,23,13,8,93,0,4,5,15,3,6,9,4,5,52,10,93,203,634,652,876,797,599,236,4093,0,9,36,209,102,78,43,19,4,501,0,0,3,18,11,13,7,7,0,60,0,3,7,65,45,60,120,59,39,397,0,0,0,3,3,10,13,10,6,44,0,4,4,58,9,30,12,4,4,138,16,64,113,993,69,55,46,17,7,1385,0,7,16,74,47,20,20,6,5,190,0,13,35,55,8,4,7,3,0,130,0,30,30,83,15,13,10,5,0,189,0,15,5,65,28,23,21,17,15,191,0,0,3,12,4,14,27,12,11,81,0,3,16,88,59,21,13,4,3,200,0,14,28,170,64,24,13,5,0,316,3,5,5,15,8,14,0,5,0,48,0,4,13,85,32,47,38,15,4,244
CED313,4,7,11,73,12,12,13,0,0,124,12,59,732,1110,245,121,80,41,24,2426,0,0,4,23,7,14,14,11,4,78,0,3,3,19,4,5,12,10,0,59,21,185,339,965,531,479,251,158,44,2972,0,0,16,86,47,52,31,11,0,244,3,19,28,141,27,26,9,7,0,263,6,5,35,180,64,31,50,30,14,421,0,0,5,18,4,26,84,126,81,337,3,30,140,214,43,35,30,5,0,509,12,79,161,967,106,56,46,19,8,1461,0,4,41,126,43,24,8,12,0,252,0,21,23,195,26,11,9,0,0,292,0,0,3,20,10,9,0,0,0,44,0,19,20,253,72,33,19,20,10,437,0,5,9,135,26,19,50,63,58,355,5,21,70,272,100,38,14,7,0,515,3,30,83,518,101,30,7,0,0,781,0,0,3,17,10,8,9,3,0,63,3,19,102,281,81,61,35,18,0,594
CED314,0,3,0,0,0,0,0,7,0,16,7,21,25,159,72,38,19,4,11,360,0,0,0,4,0,3,5,3,0,19,0,4,7,12,4,0,3,0,0,27,0,35,52,222,181,310,329,263,107,1501,0,0,9,39,23,17,6,0,3,103,0,0,0,16,8,0,4,0,5,36,0,4,7,31,24,28,49,38,24,195,0,0,0,3,0,3,4,0,3,15,0,0,4,23,7,5,6,0,0,51,11,56,150,573,51,40,13,7,6,904,0,0,6,25,18,3,8,0,0,62,0,0,17,30,7,11,6,9,0,75,43,329,274,311,72,40,25,13,0,1121,0,9,0,21,18,8,12,15,10,93,0,0,5,7,3,4,8,9,9,50,0,0,6,28,13,3,0,0,4,67,0,5,8,90,11,0,0,0,0,126,0,0,0,0,3,0,3,0,0,14,0,3,4,79,32,28,18,5,5,175
CED315,0,0,0,8,3,0,4,0,0,11,0,0,12,97,32,24,13,3,7,198,0,0,0,0,0,5,3,4,0,14,0,5,9,13,0,0,0,0,4,28,5,51,131,328,309,432,359,258,84,1952,0,0,9,45,20,24,19,3,4,123,0,0,6,29,17,14,12,15,0,85,0,12,15,82,41,45,55,38,15,299,0,0,0,8,3,7,9,10,6,49,0,0,8,20,6,7,9,3,0,58,8,33,93,367,94,37,22,10,0,673,4,7,13,35,23,19,7,3,0,115,0,0,0,14,4,6,4,0,0,31,0,0,3,7,4,0,4,0,0,14,0,18,6,47,14,28,17,6,7,153,0,0,9,32,13,19,42,24,21,168,0,4,12,48,15,16,4,0,0,103,0,5,7,70,21,0,4,0,0,102,0,0,0,0,3,0,0,4,0,7,0,4,23,55,26,46,7,6,5,179
CED316,0,0,0,3,4,3,0,0,0,12,0,4,12,73,37,47,13,3,6,201,0,0,0,0,0,4,10,7,5,30,0,7,0,6,6,3,8,5,3,38,8,38,88,270,342,746,941,771,235,3444,0,3,8,41,11,35,11,9,0,120,0,0,4,14,5,10,13,15,6,60,0,4,9,33,27,64,128,116,57,438,0,0,0,0,0,0,5,0,0,10,0,0,5,28,4,11,7,0,0,51,5,26,13,185,36,22,14,18,3,323,0,0,3,35,18,13,16,14,6,107,0,0,0,8,0,6,0,0,0,13,0,3,0,5,0,0,0,0,0,10,0,5,4,19,16,16,17,28,8,114,0,0,0,20,10,15,35,38,29,147,0,5,9,30,16,5,4,0,0,69,0,5,11,90,7,0,0,0,0,120,0,0,0,0,5,3,0,0,0,8,0,0,18,92,34,38,19,3,0,213
CED317,0,0,0,12,0,0,5,0,0,14,0,6,10,78,19,15,8,0,3,148,0,0,0,0,0,0,7,14,9,42,0,0,0,3,5,0,0,0,0,9,6,33,43,303,232,441,371,278,77,1782,0,4,13,52,37,24,14,0,0,155,0,5,0,37,15,9,8,3,0,83,0,6,9,80,37,60,83,66,15,358,0,0,0,4,0,3,9,7,11,27,0,3,0,17,3,3,4,0,0,34,9,24,28,380,43,41,18,12,0,561,0,4,3,56,33,12,19,6,5,133,0,0,0,4,0,0,0,0,0,3,0,0,0,0,0,0,0,0,0,0,0,0,8,45,14,4,12,9,6,102,0,3,5,33,8,40,150,207,166,615,0,4,6,112,49,10,5,0,0,198,0,0,9,41,0,0,4,0,0,54,0,0,0,0,0,0,0,0,0,3,0,0,0,35,17,12,14,7,0,92
CED318,0,0,4,96,4,0,0,3,0,113,0,21,33,248,114,85,36,18,4,556,0,0,0,0,4,11,8,10,6,42,3,0,11,4,0,8,6,4,3,43,3,84,127,709,609,776,618,371,108,3412,0,7,10,63,32,23,22,5,3,172,0,8,19,107,22,21,19,11,0,211,0,9,35,178,89,116,123,98,33,683,0,0,0,0,9,5,4,9,9,26,0,3,4,70,17,30,17,6,0,157,9,67,84,511,81,45,34,14,7,843,0,12,17,106,62,24,27,9,12,265,0,0,0,14,3,7,4,0,0,31,0,0,5,0,0,0,0,0,0,4,0,16,6,68,39,18,27,14,5,197,0,3,9,100,19,33,56,56,35,313,0,35,41,479,434,120,25,16,5,1160,6,13,19,279,57,7,7,0,0,397,0,0,0,8,0,3,0,0,0,14,0,10,7,48,32,40,28,8,3,188
CED319,0,0,0,19,7,10,5,4,0,56,0,25,70,368,140,122,80,33,16,857,0,0,0,10,7,7,9,8,0,53,0,0,5,0,0,5,3,4,0,19,8,122,164,579,383,351,303,234,113,2257,0,7,28,152,89,100,70,30,8,477,0,10,10,44,15,16,10,13,6,115,3,5,9,91,48,28,51,27,19,278,0,0,0,5,0,6,9,9,5,34,3,15,29,104,40,26,40,4,3,271,16,138,207,1383,192,124,81,38,25,2203,0,6,18,83,30,17,13,13,4,192,0,10,18,131,22,7,8,0,0,196,0,7,0,11,5,4,0,0,0,38,0,16,17,99,27,21,22,23,16,243,0,11,7,50,25,51,95,146,90,468,5,7,13,138,108,18,10,0,3,307,0,13,28,211,50,14,8,0,0,321,4,0,0,3,5,3,0,0,0,24,4,8,19,132,45,57,39,20,10,325
CED320,0,0,0,8,7,8,4,3,0,34,5,9,12,107,55,33,17,10,6,251,0,0,0,7,7,6,10,8,0,39,0,0,0,3,4,0,8,0,3,16,12,94,254,502,630,929,980,737,224,4353,0,9,13,91,46,45,44,15,0,261,0,5,4,20,12,16,8,12,5,82,0,4,9,40,50,53,141,76,21,385,0,0,3,7,3,3,9,5,0,26,0,0,8,35,6,16,8,0,0,81,0,17,16,214,22,34,28,17,3,350,0,3,16,49,25,11,17,11,3,132,0,3,0,10,0,6,3,5,0,28,0,0,3,9,0,0,3,0,0,21,0,10,11,35,30,21,28,21,7,165,0,3,0,11,11,10,29,33,21,121,0,5,11,82,26,11,4,0,0,140,0,7,14,142,17,8,0,0,0,189,0,0,0,4,0,0,3,0,0,8,0,5,16,46,35,36,30,6,5,180
CED321,0,0,0,15,5,4,3,6,0,32,0,0,0,48,19,19,4,0,0,98,0,0,0,0,0,0,3,3,4,20,3,0,0,5,0,0,5,0,0,9,3,12,31,144,143,325,378,289,66,1399,0,0,4,20,20,23,9,0,0,86,0,0,5,16,0,6,5,7,6,42,0,0,4,45,17,39,48,35,9,200,0,0,0,0,0,0,0,3,0,4,0,0,0,11,0,6,0,0,0,23,3,11,19,119,3,9,5,0,0,179,0,5,8,22,14,3,0,3,0,57,0,0,0,3,3,0,0,0,0,7,0,0,0,0,0,0,0,0,0,0,0,4,4,27,10,10,10,9,0,77,0,0,0,13,5,9,21,37,19,104,0,0,3,15,6,0,0,0,0,34,0,0,0,61,5,4,0,0,0,72,0,0,0,0,0,0,0,0,0,4,0,5,3,21,8,11,9,0,0,60
CED322,0,3,0,47,15,9,8,8,0,83,0,75,104,528,206,137,72,31,18,1169,0,0,4,14,12,18,20,26,8,100,0,0,4,4,9,8,22,16,5,66,14,179,276,786,663,686,643,531,256,4028,0,0,6,31,20,30,9,18,5,120,6,9,11,73,31,23,12,12,5,180,0,5,9,103,35,51,68,91,37,402,0,0,0,6,3,9,9,10,5,51,0,10,22,75,40,49,32,13,0,245,0,8,51,167,57,36,27,17,8,377,3,10,14,76,35,20,19,8,8,193,0,3,5,33,8,15,10,0,0,81,0,0,0,3,3,0,0,0,0,14,0,9,8,57,38,36,35,21,11,221,0,4,9,43,19,27,52,32,15,208,4,36,58,289,257,68,29,19,4,771,0,19,23,113,73,20,7,3,0,266,0,0,0,5,5,7,3,6,0,28,0,7,26,79,49,65,44,15,5,290
CED323,0,0,11,114,15,14,13,9,8,189,9,98,201,923,300,267,127,38,17,1987,0,0,0,21,25,36,55,44,21,192,3,3,4,13,7,16,33,23,10,120,14,87,238,730,485,709,686,565,236,3747,0,0,11,69,33,32,24,11,4,191,0,11,14,99,15,17,29,25,12,220,0,0,25,137,44,58,113,120,43,529,0,4,4,14,0,20,24,53,6,125,4,35,58,120,55,47,37,0,0,361,8,64,140,732,80,49,40,23,15,1157,0,4,32,98,57,28,22,11,3,251,0,5,16,98,16,22,17,7,3,192,0,6,10,20,10,5,3,0,0,48,0,10,17,84,26,29,36,30,4,225,0,9,13,91,24,44,88,72,34,374,3,39,93,595,367,183,76,32,4,1394,8,34,111,433,153,89,35,17,3,889,0,0,0,11,13,12,8,8,3,65,0,7,31,106,71,62,41,17,4,342
CED324,0,0,9,30,9,13,15,9,3,94,20,203,499,2740,844,772,488,173,82,5826,0,0,0,26,12,33,24,28,9,136,0,13,8,27,10,7,7,0,4,78,12,97,159,412,273,294,261,218,104,1833,0,4,27,145,89,83,59,29,10,432,0,5,7,56,22,9,8,4,7,112,4,0,11,81,35,27,77,45,25,309,0,3,8,6,4,28,34,49,24,158,7,49,88,408,99,199,131,31,8,1025,17,151,371,1919,224,147,101,35,10,2978,6,11,34,167,85,44,41,25,4,418,0,22,31,147,34,8,10,0,0,257,0,10,42,61,27,17,6,3,0,167,0,13,9,60,32,15,20,20,5,173,4,0,9,33,12,15,34,42,28,183,5,38,38,289,127,28,18,13,3,556,9,56,127,754,263,112,38,25,4,1391,0,3,3,7,13,8,8,5,0,51,4,34,104,402,165,161,114,49,6,1046
CED325,0,3,0,27,40,30,25,11,0,141,5,46,66,517,210,166,111,27,19,1178,0,0,0,10,12,18,8,14,7,74,8,7,37,17,5,3,6,4,0,88,13,101,151,422,409,595,439,398,155,2681,4,12,48,284,175,119,73,30,10,752,0,4,8,34,12,14,12,9,0,98,3,4,8,55,43,38,100,49,19,328,0,0,0,6,0,0,3,0,0,15,0,4,13,97,40,48,46,8,0,265,13,160,208,1856,319,166,105,57,15,2894,0,9,21,111,63,32,26,17,4,276,0,25,43,211,68,35,21,7,5,405,0,16,30,69,28,9,14,0,0,164,0,14,7,41,19,24,18,20,11,151,0,5,4,17,6,11,30,34,17,126,3,10,12,92,54,19,10,5,3,206,0,13,27,178,81,28,19,4,0,354,0,0,0,13,7,18,10,3,3,63,0,13,36,184,94,84,75,22,9,515
CED326,0,0,4,17,13,12,11,3,0,64,0,18,25,319,128,103,69,20,6,685,0,0,0,4,6,10,10,10,7,44,0,5,0,13,3,3,7,10,0,54,14,180,305,730,733,761,787,701,224,4431,0,10,20,223,117,96,69,27,0,563,0,0,4,33,25,22,14,8,6,109,5,9,9,66,46,48,85,65,17,354,0,0,0,0,5,0,13,9,6,44,0,12,15,63,28,41,32,6,5,192,13,173,186,1794,264,162,110,28,8,2743,0,8,11,71,43,16,14,11,0,177,0,3,10,102,25,15,8,0,3,171,0,12,17,39,15,8,10,3,0,104,0,23,15,84,31,36,34,29,20,277,0,0,7,28,15,27,58,52,30,217,3,7,3,88,55,22,15,8,7,195,6,21,16,183,39,15,9,0,0,285,0,0,4,7,8,4,4,4,0,33,3,15,18,68,54,48,40,14,5,249
CED327,0,0,0,10,7,8,14,4,0,45,9,135,170,1920,446,487,317,69,34,3581,0,0,0,30,33,44,46,26,11,196,0,11,14,37,16,19,19,0,0,122,4,40,107,262,307,501,431,315,119,2092,3,15,46,333,212,172,95,34,12,921,0,0,0,12,9,10,6,6,5,38,0,0,12,41,36,27,80,49,18,263,0,0,7,10,5,0,23,15,5,67,7,31,35,282,76,172,97,10,7,720,17,170,226,1524,241,150,104,53,17,2497,0,10,19,149,58,33,37,15,8,334,0,37,74,128,15,15,3,0,0,285,0,21,43,125,47,19,5,6,0,266,0,15,6,41,20,20,24,14,10,144,0,3,4,15,6,24,29,14,8,103,0,8,8,109,61,13,4,3,4,212,3,63,99,557,208,71,29,6,3,1047,0,3,6,37,27,24,8,5,0,114,4,111,49,265,104,115,81,28,4,762
CED328,6,15,13,59,15,7,3,7,0,122,6,164,442,1204,269,158,112,36,18,2409,0,0,0,11,6,12,4,0,6,34,0,13,10,31,0,3,5,3,0,68,30,300,441,681,669,616,431,326,133,3633,0,0,10,57,34,28,15,13,0,164,4,20,26,90,45,22,16,9,0,217,3,15,30,129,66,55,68,52,13,428,0,0,5,3,3,8,3,4,4,35,4,40,109,142,60,57,45,11,4,477,17,142,133,765,200,90,68,30,16,1470,9,29,34,141,53,25,23,12,4,330,0,26,27,247,67,25,27,8,6,438,0,0,9,15,11,0,5,0,0,44,4,26,19,95,55,36,32,18,13,291,0,6,7,46,34,29,35,25,21,202,3,33,50,173,128,58,18,11,6,489,7,56,74,222,132,27,15,4,0,535,0,0,0,11,3,6,3,0,0,25,0,28,151,248,121,86,84,38,8,765
CED329,0,0,0,18,7,3,3,4,0,33,0,3,3,46,34,20,14,4,0,121,0,0,0,3,5,6,10,5,0,28,0,0,0,4,0,0,3,3,3,21,6,89,108,335,545,881,913,639,187,3696,0,0,6,14,14,14,8,3,0,67,0,3,5,72,13,21,25,15,8,150,0,0,10,79,62,108,151,89,33,530,0,0,0,8,3,0,3,5,0,18,0,9,7,5,6,11,3,0,0,41,0,7,7,98,13,11,9,11,3,166,0,5,4,28,18,13,22,8,0,93,0,0,0,0,4,0,0,0,0,5,0,0,0,0,0,0,0,0,0,0,0,6,6,34,11,21,26,13,5,131,0,3,0,32,11,11,21,5,7,101,0,3,4,45,26,8,4,0,3,92,0,3,0,36,0,0,0,0,0,53,0,0,0,0,0,0,0,0,0,0,0,0,0,17,17,24,20,4,0,82
CED330,0,0,0,12,10,7,4,0,3,33,0,3,31,145,51,43,9,10,0,301,0,4,0,6,9,18,18,8,4,63,0,0,3,6,0,0,3,9,0,19,10,122,198,559,701,962,765,462,141,3921,0,9,11,74,36,20,16,8,3,175,0,0,5,30,16,9,8,14,0,81,0,6,11,71,53,79,97,46,22,381,0,0,0,4,4,3,9,0,0,18,0,6,34,42,11,11,9,0,0,107,3,20,52,326,44,33,28,17,0,526,0,13,8,42,18,17,19,11,3,132,0,3,3,10,0,6,4,0,0,24,0,5,0,10,6,0,5,0,0,26,0,9,15,51,32,23,11,12,12,158,0,0,3,11,11,15,16,8,5,63,3,6,18,93,59,31,20,9,0,232,3,4,24,109,17,16,5,0,0,171,0,0,0,0,0,7,0,0,0,4,0,10,12,29,38,30,27,3,0,153
CED394,0,0,0,26,0,0,0,0,0,28,0,0,7,33,4,5,0,0,0,53,0,0,0,0,0,0,0,0,0,0,0,0,0,0,0,0,0,0,0,0,0,4,23,89,35,86,78,14,0,333,0,0,0,0,4,5,0,0,0,7,0,0,11,28,0,6,4,0,0,43,0,0,6,26,6,0,6,0,0,52,0,0,0,0,0,0,0,0,0,3,0,0,0,6,0,0,3,0,0,9,0,0,0,16,0,0,3,0,0,21,0,0,0,13,0,0,4,0,0,24,0,0,0,0,0,0,0,0,0,0,0,0,0,3,0,0,0,0,0,0,0,0,3,19,0,0,5,3,0,26,0,0,0,12,0,3,0,0,0,21,0,0,4,6,0,0,0,0,0,14,0,0,0,11,0,0,0,0,0,14,0,0,0,0,0,0,0,0,0,0,0,0,4,17,0,0,0,0,0,23
CED397,0,0,0,0,0,0,0,0,0,0,0,0,0,0,0,0,0,0,0,0,0,0,0,0,0,0,0,0,0,0,0,0,0,0,0,0,0,0,0,0,0,0,0,0,0,0,0,0,0,0,0,0,0,0,0,0,0,0,0,0,0,0,0,0,0,0,0,0,0,0,0,0,0,0,0,0,0,0,0,0,0,0,0,0,0,0,0,0,0,0,0,0,0,0,0,0,0,0,0,0,0,0,0,0,0,0,0,0,0,0,0,0,0,0,0,0,0,0,0,0,0,0,0,0,0,0,0,0,0,0,0,0,0,0,0,0,0,0,0,0,0,0,0,0,0,0,0,0,0,0,0,0,0,0,0,0,0,0,0,3,0,0,0,0,0,0,0,0,0,0,0,0,0,0,0,0,0,0,0,0,0,0,0,0,0,0,0,0,0,0,0,0,0,0,0,0,0,0,0,0
CED401,0,0,5,34,13,13,10,4,0,87,3,102,907,2052,368,289,164,67,27,3978,0,0,0,34,21,52,65,47,24,246,3,14,5,39,10,3,17,10,11,113,18,92,172,457,330,705,609,376,200,2958,0,4,0,37,18,18,8,4,8,98,4,11,5,70,15,19,18,10,8,150,3,3,3,88,34,44,122,82,70,445,0,3,16,30,53,101,351,566,353,1475,3,20,187,246,38,31,37,4,3,575,65,419,794,3585,325,172,115,34,12,5523,0,16,49,130,27,9,5,9,3,249,3,30,77,264,52,30,20,9,0,488,0,7,13,59,30,22,9,0,0,136,0,9,7,40,23,26,23,14,18,166,0,15,18,79,36,142,334,368,300,1293,0,10,18,121,49,13,15,8,0,242,0,7,67,319,64,23,9,0,0,496,0,0,9,36,18,11,24,14,0,120,8,26,333,565,109,69,78,22,6,1219
CED402,0,0,0,0,0,0,0,0,0,3,5,19,15,156,46,36,11,0,0,292,0,0,0,0,4,8,16,15,3,43,0,3,0,4,0,0,4,0,0,15,3,32,49,209,335,866,768,508,197,2968,0,0,0,11,3,9,5,0,5,34,0,0,0,15,14,3,8,3,0,39,0,0,4,36,30,52,115,96,61,396,0,0,0,5,3,10,38,79,41,181,0,7,0,19,9,0,0,0,0,33,7,26,46,247,46,47,19,9,6,457,0,5,8,45,15,6,5,0,0,81,0,0,0,4,3,4,0,0,0,11,4,0,4,7,0,5,0,0,0,18,0,0,0,30,6,7,9,8,3,61,0,0,0,8,10,31,55,84,58,258,0,0,3,17,8,0,0,0,0,36,0,0,4,26,0,0,4,0,0,40,0,0,0,4,5,4,0,0,4,12,0,13,19,119,25,14,12,4,0,205
CED403,0,0,0,20,3,8,3,4,0,39,10,85,220,1158,271,225,128,25,11,2140,0,0,0,10,5,15,26,32,16,105,0,8,10,35,6,13,21,10,11,105,12,135,291,627,678,957,976,693,429,4802,0,0,4,15,7,6,20,6,3,64,6,10,5,44,32,19,10,10,7,147,0,7,14,86,57,70,146,136,96,607,0,3,8,22,10,57,138,213,90,534,8,18,44,142,22,39,29,3,0,305,19,151,255,1128,208,78,61,39,23,1955,0,18,30,113,26,20,8,6,5,220,7,12,27,158,46,51,29,8,10,352,0,5,6,28,8,7,3,0,0,63,0,15,16,61,31,43,40,22,21,255,0,0,9,35,30,48,143,122,102,483,0,3,17,79,64,11,9,8,4,197,0,14,52,144,61,17,7,0,0,296,5,4,4,29,16,26,28,21,8,147,6,22,60,226,83,70,60,39,8,577
CED404,0,0,0,3,3,0,5,0,0,13,0,4,9,62,14,15,5,6,0,110,0,0,0,0,6,10,21,27,5,62,0,6,0,10,0,0,3,0,0,18,0,12,46,160,339,1112,841,591,197,3289,0,0,0,14,6,10,0,0,0,34,0,0,3,10,4,8,9,4,5,53,0,0,0,34,15,52,110,80,18,320,0,0,3,6,0,9,18,35,8,81,0,0,0,10,3,0,3,0,0,20,9,18,37,217,30,17,19,9,9,350,0,0,6,33,16,5,3,0,0,70,0,0,0,9,0,0,0,0,0,12,0,0,0,0,0,0,0,0,0,0,0,3,5,16,10,15,18,14,3,82,0,0,0,3,8,16,35,48,34,147,0,0,6,11,5,3,4,0,0,31,0,0,4,23,4,4,0,0,0,28,0,0,0,0,0,0,0,0,0,4,0,0,7,29,11,12,11,0,0,70
CED405,0,0,0,17,5,10,8,0,0,44,0,25,69,436,147,144,82,59,21,981,0,0,0,58,35,69,87,82,45,375,0,23,9,48,8,10,18,18,10,150,11,95,170,456,490,912,718,466,237,3549,0,0,4,16,14,9,7,6,0,51,0,7,0,41,10,9,6,7,3,96,0,5,19,78,34,51,165,138,69,554,0,4,13,31,23,111,286,319,167,961,0,4,7,74,11,12,14,4,0,132,33,161,323,1547,189,117,76,47,24,2504,0,0,5,54,27,7,6,0,5,117,0,4,11,87,20,13,11,3,0,154,0,7,7,39,13,6,3,5,0,81,0,9,17,59,22,33,21,22,13,200,0,12,14,46,53,201,487,609,388,1813,0,0,8,52,26,13,8,0,0,117,0,4,16,75,21,4,0,0,0,113,0,0,0,11,10,18,12,13,3,68,0,7,22,171,43,44,40,15,3,345
CED406,0,6,0,5,5,10,6,0,0,39,0,20,49,277,107,63,59,17,3,591,0,0,0,6,9,22,29,15,15,99,0,3,5,22,11,16,20,9,5,92,11,214,591,980,1305,1883,1473,1153,489,8096,0,0,3,32,15,23,14,8,0,97,0,0,0,24,8,17,10,8,3,71,0,7,9,75,59,78,161,141,72,593,0,0,7,0,5,10,32,27,8,87,0,3,10,27,3,12,17,0,0,68,6,49,62,376,98,56,35,31,9,714,0,4,0,40,28,17,12,10,0,109,0,9,12,80,34,32,21,14,3,207,0,10,7,23,3,8,7,3,0,59,0,9,14,37,33,28,34,28,16,202,0,0,0,24,13,38,59,36,20,194,0,5,10,42,33,8,6,0,0,103,0,0,14,53,17,3,0,0,0,85,0,0,4,30,25,21,18,4,0,101,0,7,12,56,35,38,36,14,0,203
CED407,0,7,0,17,14,16,7,3,3,68,0,17,78,501,150,125,89,24,9,988,0,0,0,24,29,41,47,49,10,205,3,9,9,36,6,3,14,12,3,98,4,52,150,369,681,1724,1335,1204,572,6092,0,0,5,42,17,23,10,4,0,106,0,0,0,6,3,13,0,4,5,31,0,0,5,21,26,68,202,148,72,547,0,0,6,15,7,39,65,67,29,216,0,8,37,73,16,10,11,5,0,168,27,251,398,2406,291,126,102,35,12,3652,0,8,15,73,28,8,13,5,0,142,4,37,93,195,39,21,12,14,0,410,0,13,27,99,36,16,4,0,0,205,0,10,12,13,17,23,25,23,19,155,0,0,9,20,19,90,201,156,133,628,0,9,4,40,17,8,3,0,0,75,0,12,25,112,42,6,4,0,0,211,0,10,4,47,25,38,30,7,0,161,0,36,51,145,65,51,45,10,8,401
CED408,0,3,4,5,3,4,0,0,0,20,0,11,15,113,41,26,20,7,0,233,0,0,0,0,4,4,8,3,3,25,0,0,0,3,0,0,0,0,0,5,3,147,298,651,1070,1846,1811,1281,453,7556,0,4,0,12,5,4,3,0,0,28,0,9,5,31,17,18,14,11,0,100,0,0,9,91,66,134,191,117,58,678,0,0,0,5,0,9,18,4,0,44,3,6,5,17,10,8,8,0,0,52,0,12,26,112,31,22,20,19,6,241,0,6,5,25,21,6,7,0,0,71,0,0,5,22,10,5,0,0,0,45,0,0,3,4,0,0,0,0,0,5,0,8,11,32,24,29,23,35,9,167,0,3,0,14,6,22,64,28,28,171,6,3,4,38,35,15,6,6,0,101,0,5,16,25,13,3,0,0,0,64,0,0,0,4,5,3,0,5,0,16,0,10,7,51,40,32,36,5,0,169
CED409,0,0,0,18,13,17,8,4,0,73,0,0,12,97,67,45,22,7,0,256,0,0,4,22,6,26,26,25,11,123,0,12,8,14,3,4,8,5,0,43,8,28,99,327,639,1795,1368,1141,584,5980,0,4,13,31,31,33,9,0,7,120,0,0,0,3,8,10,7,4,0,41,0,4,6,21,19,59,115,68,56,350,0,0,3,3,8,23,53,62,17,174,0,0,11,29,4,5,0,0,0,54,9,73,69,622,60,47,24,11,11,925,0,9,11,76,25,16,8,5,0,144,0,41,71,109,11,8,0,0,0,237,0,3,8,37,21,11,0,0,0,87,0,3,3,16,13,27,34,33,23,155,0,0,8,17,16,62,149,139,91,475,0,0,0,13,10,3,0,0,0,31,0,0,3,30,8,0,0,0,0,39,0,9,3,22,6,8,0,0,0,58,6,108,14,75,27,21,22,7,0,270
CED410,0,0,0,21,8,7,3,4,0,48,36,281,500,2659,652,447,314,76,32,4993,0,0,0,15,12,32,36,23,19,138,0,10,13,43,19,10,17,22,8,145,14,135,207,356,434,792,721,601,314,3563,0,0,4,16,12,15,9,9,0,72,0,10,10,44,9,20,11,8,6,120,3,6,12,60,47,54,188,156,107,624,0,0,6,12,13,79,133,183,97,525,15,50,83,269,67,96,92,18,3,698,38,364,458,2617,397,151,146,57,21,4252,3,8,24,105,31,17,29,5,0,227,4,46,57,310,97,50,34,16,0,612,0,7,14,34,14,12,3,5,0,88,0,11,0,31,25,28,30,22,20,164,0,15,19,87,83,268,900,1014,683,3067,0,19,21,97,63,20,10,6,3,243,5,62,96,330,178,50,7,4,0,722,0,11,10,47,28,46,40,25,15,219,8,83,157,577,233,179,186,97,18,1549
CED494,0,0,0,0,0,0,0,0,0,0,0,0,0,0,0,6,0,0,0,7,0,0,0,0,0,0,0,0,0,0,0,0,0,0,0,0,0,0,0,0,3,0,8,11,6,18,11,6,0,64,0,0,0,0,0,0,0,0,0,4,0,0,3,7,0,0,0,0,0,9,0,0,0,3,0,0,4,0,0,5,0,0,0,0,0,0,0,0,0,0,0,0,0,8,0,0,3,0,0,11,0,0,4,4,0,0,0,0,0,10,0,0,0,0,0,0,0,0,0,0,0,0,0,0,0,0,0,0,0,0,0,0,0,0,0,0,0,0,0,0,0,0,0,0,0,0,0,0,0,5,0,0,0,0,0,0,3,0,0,9,0,0,0,0,0,0,0,0,0,0,0,0,0,0,0,0,0,0,0,0,0,0,0,0,0,0,0,0,0,0,0,0,0,3,0,0,0,0,0,3
CED497,0,0,0,0,0,0,0,0,0,0,0,0,0,0,0,0,0,0,0,0,0,0,0,0,0,0,0,0,0,0,0,0,0,0,0,0,0,0,0,0,0,0,0,0,0,0,0,0,0,0,0,0,0,0,0,0,0,0,0,0,0,0,0,0,0,0,0,0,0,0,0,0,0,0,0,0,0,0,0,0,0,0,0,0,0,0,0,0,0,0,0,0,0,0,0,0,0,0,0,0,0,0,0,0,0,0,0,0,0,0,0,0,0,0,0,0,0,0,0,0,0,0,0,0,0,0,0,0,0,0,0,0,0,0,0,0,0,0,0,0,0,0,0,0,0,0,0,0,0,0,0,0,0,0,0,0,0,0,0,0,0,0,0,0,0,0,0,0,0,0,0,0,0,0,0,0,0,0,0,0,0,0,0,0,0,0,0,0,0,0,0,0,0,0,0,0,0,0,0,0
CED501,0,0,0,20,14,16,10,9,0,69,0,5,20,135,71,55,18,3,5,328,0,3,0,19,27,20,34,22,5,124,0,4,3,11,0,3,3,3,3,40,4,353,739,1776,1792,2286,1469,1227,415,10069,0,5,4,34,21,15,4,0,0,76,0,0,0,29,12,10,11,9,5,76,0,10,10,97,50,58,89,55,14,378,0,0,0,6,0,5,0,3,0,16,0,3,3,36,13,7,3,0,0,75,11,73,90,840,86,102,64,45,15,1329,3,19,27,186,76,24,16,0,0,351,0,0,4,30,3,5,5,0,0,53,0,5,3,18,0,3,0,0,0,26,0,36,32,168,58,46,52,38,8,446,0,5,7,25,9,36,43,26,16,165,0,3,10,58,37,13,4,0,0,123,0,3,6,83,15,10,3,0,0,120,0,0,0,6,0,10,0,0,0,21,0,13,34,118,71,46,36,18,3,343
CED502,0,3,4,22,10,24,22,5,4,86,6,49,114,685,293,179,82,25,13,1455,0,0,0,18,7,4,9,11,4,58,0,21,24,32,7,6,3,4,0,103,13,110,183,717,737,1410,1131,918,304,5524,0,4,5,37,3,13,3,0,0,69,0,0,5,25,8,10,5,3,3,63,0,0,6,57,31,48,70,59,18,285,0,0,0,0,0,0,0,4,0,15,0,13,12,120,19,17,11,0,0,191,34,336,399,3247,413,312,266,115,37,5158,8,74,109,572,233,103,58,24,9,1175,0,17,34,77,15,11,7,3,0,161,0,15,16,119,39,25,10,3,0,231,0,35,8,88,25,39,48,40,8,295,0,0,9,27,5,47,98,63,36,288,0,4,9,64,39,9,9,4,4,143,3,25,20,212,50,21,10,4,0,340,0,0,4,36,22,13,10,0,0,89,12,108,187,801,302,305,237,92,20,2063
CED503,0,0,0,7,8,4,10,0,0,31,0,4,4,75,80,39,17,0,0,212,0,0,0,9,5,9,15,6,0,40,0,0,0,3,0,3,3,3,0,18,6,138,461,1150,1338,1992,1735,1406,392,8620,0,3,4,23,5,10,7,0,0,54,0,4,4,37,6,9,8,0,0,73,0,4,15,58,44,66,98,57,18,358,0,0,0,0,4,4,6,10,4,19,0,0,0,12,5,7,13,4,0,49,3,49,44,423,39,78,55,43,4,736,6,16,16,121,64,29,22,7,0,279,0,5,0,22,10,7,3,0,0,46,0,0,0,0,3,0,0,0,0,7,0,20,23,112,54,51,53,24,8,350,0,0,0,16,12,29,57,57,29,196,0,0,7,26,22,9,9,6,0,74,0,7,4,41,4,9,0,0,0,56,0,0,0,0,0,0,0,0,0,4,0,8,14,74,51,48,45,16,4,263
CED504,0,0,6,27,18,13,13,8,0,82,0,30,71,571,246,231,110,35,28,1332,0,0,3,46,46,75,89,53,31,345,3,14,21,15,10,20,30,14,7,125,7,46,147,678,511,851,699,546,183,3667,0,0,0,6,8,16,0,0,0,40,0,7,10,55,15,23,8,9,0,113,0,8,16,99,37,42,89,52,9,348,0,3,5,20,4,34,96,103,77,346,0,11,15,146,43,51,48,11,0,321,23,109,248,1354,238,271,284,200,47,2778,3,14,35,221,87,57,35,13,5,474,0,23,54,243,63,60,30,8,3,490,5,44,66,286,113,57,27,7,0,611,5,17,27,394,40,51,52,45,13,629,0,10,23,118,62,182,485,401,239,1517,0,4,19,99,70,29,21,6,0,246,0,6,12,125,22,9,5,0,0,175,0,5,9,25,14,17,11,3,6,83,12,86,82,446,168,249,270,92,20,1421
CED505,0,14,11,59,13,11,0,4,0,107,4,111,223,794,297,197,128,55,25,1828,0,0,0,24,11,25,22,20,19,128,0,12,6,24,6,5,16,13,10,91,40,286,432,1273,936,1116,859,629,318,5890,0,0,0,10,0,6,8,0,0,32,0,18,29,158,58,30,21,6,0,324,0,20,27,180,89,69,89,65,25,557,0,3,5,9,7,3,24,30,26,106,5,51,72,103,66,44,54,18,5,418,10,67,100,579,160,110,83,80,40,1227,12,36,67,208,103,46,42,24,4,546,4,19,21,155,52,33,28,20,8,341,0,4,4,10,8,0,3,0,0,36,5,33,37,504,90,101,83,59,70,980,0,23,29,136,44,43,105,105,89,575,6,53,47,199,130,60,25,11,3,544,3,17,6,126,32,15,10,0,0,205,0,0,0,5,5,10,3,6,0,24,10,69,105,458,278,203,235,99,43,1501
CED506,0,0,0,32,9,3,0,0,0,40,0,6,20,176,39,27,9,0,0,274,0,0,0,13,5,4,13,5,0,43,4,4,0,10,0,0,3,0,0,21,9,55,149,776,701,1088,715,433,120,4047,0,8,8,27,19,6,3,0,0,77,0,0,18,112,4,16,11,0,0,161,0,0,27,151,55,71,83,34,8,430,0,0,0,5,0,4,0,5,0,18,0,4,0,30,10,5,3,0,0,55,7,50,15,311,50,40,29,18,0,531,3,30,20,160,66,12,9,0,0,312,0,0,0,14,3,3,0,0,0,18,0,0,0,3,0,0,0,0,0,8,0,11,12,176,32,27,34,15,3,310,0,3,5,57,6,24,37,35,18,188,3,0,3,49,25,0,0,0,0,92,0,0,0,40,9,4,0,0,0,54,0,0,0,3,0,0,0,0,0,3,0,0,13,98,47,25,16,5,0,213
CED507,0,0,0,17,4,3,0,0,0,30,0,9,13,105,37,29,9,3,0,202,0,0,0,0,0,5,6,3,4,16,0,0,0,8,0,0,3,0,0,17,4,106,170,751,833,1290,1151,780,263,5351,0,0,0,4,7,3,0,4,0,24,0,0,0,64,26,18,13,10,3,130,3,4,14,142,56,55,90,58,19,438,0,0,0,6,0,0,6,4,0,17,0,3,3,32,9,12,4,0,0,57,3,24,14,226,24,28,22,21,9,384,3,14,7,108,39,12,9,5,3,197,0,0,0,17,0,0,0,0,0,20,0,3,3,13,3,0,0,0,0,21,0,18,26,102,50,45,49,24,4,322,0,3,4,61,11,24,83,73,59,323,0,4,6,65,23,6,3,0,0,107,0,5,3,89,7,3,0,0,0,105,0,0,0,7,0,7,3,4,0,22,3,5,5,71,26,34,21,14,0,177
CED508,0,0,6,47,27,20,14,8,4,120,3,35,76,471,176,104,57,19,7,954,0,0,6,88,42,136,189,99,85,637,0,4,0,7,4,5,13,14,8,58,6,158,340,1375,1016,1271,935,538,201,5846,0,3,0,9,3,11,0,0,0,29,3,3,7,173,44,27,8,4,0,289,0,13,27,223,78,73,69,50,20,550,0,0,0,0,4,3,3,6,4,30,4,5,26,98,23,29,19,3,4,207,10,78,79,686,146,96,81,50,26,1258,5,23,40,279,116,55,39,13,0,572,0,13,14,120,31,20,9,3,0,216,0,5,0,18,0,3,5,0,0,24,6,32,30,266,79,75,42,38,6,569,4,13,19,170,62,120,332,330,243,1285,0,6,11,116,69,27,14,0,0,257,7,11,5,157,38,24,3,0,0,241,0,4,0,13,8,15,5,0,0,38,0,31,85,392,163,132,105,43,8,965
CED509,0,0,4,10,8,11,3,6,0,43,0,14,23,156,81,66,26,5,0,363,0,3,4,19,23,30,55,29,17,168,0,3,12,11,5,6,4,3,0,52,7,135,307,989,1151,1602,1245,870,323,6620,0,0,3,14,9,4,3,4,0,45,0,0,5,44,17,18,11,5,4,108,0,10,12,102,66,61,100,66,18,431,0,0,0,3,3,0,9,5,0,27,0,8,10,58,18,16,3,0,0,106,18,144,163,1717,246,192,162,72,39,2746,0,13,16,148,54,27,15,3,3,283,0,7,12,52,10,4,5,0,0,101,0,10,10,91,24,11,7,0,0,150,0,31,20,166,72,58,56,42,7,453,4,5,10,34,22,56,140,119,95,475,4,9,6,59,47,8,8,4,0,137,0,4,5,54,12,5,0,3,0,78,0,0,0,15,7,6,0,4,0,34,3,13,24,146,84,102,62,22,13,469
CED510,0,0,0,20,11,3,9,6,0,53,0,28,26,233,85,87,68,12,8,560,0,0,0,13,11,31,18,14,10,86,0,4,9,31,15,37,26,13,11,145,29,503,1006,2133,2147,2427,1801,1008,385,11437,0,0,5,7,4,9,4,5,0,27,0,8,11,66,17,14,9,11,4,138,0,7,23,117,91,74,93,54,18,475,0,0,3,8,3,18,20,17,5,71,0,8,8,34,30,43,31,5,7,168,0,19,28,185,76,125,94,71,29,626,4,13,24,105,61,29,32,10,0,288,0,15,22,124,31,22,20,0,3,233,0,0,5,6,11,0,4,0,0,22,7,83,76,468,186,209,148,60,18,1251,6,6,13,68,29,51,124,62,34,390,4,11,3,74,57,26,17,6,3,195,0,0,5,48,14,10,6,0,0,91,0,0,0,5,4,11,9,0,0,26,0,18,31,144,95,129,153,40,9,619
CED511,0,4,0,15,3,3,0,0,0,37,0,3,5,92,42,20,7,4,0,176,0,0,0,5,4,12,5,3,0,29,0,0,0,0,0,4,5,0,0,11,4,41,81,505,574,1185,1034,754,276,4447,0,4,5,34,14,9,8,0,0,70,0,4,3,43,11,10,5,7,0,76,0,5,10,121,60,54,136,65,13,471,0,0,0,0,0,4,0,10,5,16,3,0,0,14,6,6,9,0,0,34,0,27,16,199,35,27,24,25,7,370,0,10,14,88,33,16,26,4,0,195,0,0,5,17,5,0,0,5,0,26,0,0,0,3,0,0,0,0,0,7,0,4,7,95,16,25,20,31,3,199,0,5,6,24,7,18,61,41,41,192,0,0,0,27,9,7,5,0,0,52,0,0,7,29,3,0,0,0,0,46,0,0,0,0,0,0,3,0,0,4,0,0,9,44,16,33,20,8,4,137
CED512,0,0,4,11,3,18,7,9,0,59,0,6,19,265,78,70,35,8,4,492,0,5,7,27,12,25,39,27,8,142,0,23,33,62,21,15,15,8,8,185,24,519,1391,3057,2660,2188,1453,1019,355,12664,0,5,3,16,8,15,6,0,0,46,0,0,3,32,10,16,10,7,0,80,0,11,12,108,72,61,79,41,15,406,0,0,0,7,3,9,4,10,3,37,0,8,12,65,21,12,14,4,0,135,3,82,124,1034,225,148,118,58,14,1807,3,19,21,158,79,26,8,4,0,317,0,3,16,92,39,22,4,0,0,185,0,8,18,74,23,12,5,3,0,141,0,62,111,418,126,84,71,43,17,935,0,4,11,62,31,46,88,57,25,309,0,6,4,63,32,6,8,3,0,122,0,0,7,62,21,10,3,0,0,102,0,4,4,9,7,12,4,0,0,42,0,18,47,229,100,99,65,21,11,595
CED513,0,3,13,69,11,14,9,0,4,118,13,30,315,993,264,236,125,43,20,2037,0,0,4,54,21,35,58,44,27,240,0,3,9,18,3,8,10,22,6,76,12,64,248,1302,692,921,709,441,240,4628,0,5,0,9,7,13,0,0,4,39,0,8,20,179,24,15,16,6,4,275,0,3,31,176,58,50,93,50,25,487,0,0,10,16,9,29,42,75,73,257,3,8,61,246,49,48,33,9,3,461,42,156,169,1428,150,189,160,111,54,2458,0,13,68,357,105,53,46,14,5,666,3,11,30,213,38,43,21,13,0,365,0,5,12,44,15,11,6,4,0,97,3,15,44,571,80,74,72,34,15,903,5,10,30,227,56,98,331,439,378,1575,15,27,33,340,137,36,15,6,3,614,3,20,34,419,63,17,8,0,0,572,0,0,0,10,8,7,7,3,0,38,3,14,119,681,191,192,175,76,22,1467
CED514,0,4,9,31,20,24,11,9,0,104,8,59,187,1195,350,296,132,33,15,2285,0,0,3,9,15,21,25,11,13,102,0,15,6,37,6,8,8,9,7,92,10,83,206,795,626,1031,791,627,310,4470,0,0,4,17,13,10,8,3,0,54,0,4,9,91,10,16,8,10,0,143,0,7,20,96,46,31,71,57,19,345,0,0,3,7,9,10,21,14,13,63,4,7,80,274,44,53,36,10,5,518,50,203,366,2263,292,234,171,127,67,3773,13,44,149,662,257,129,114,30,11,1405,5,9,26,202,37,28,19,0,9,332,0,10,22,65,24,11,9,0,0,146,4,12,27,306,56,75,52,47,16,590,0,6,7,105,31,51,178,206,120,714,8,6,33,183,90,34,13,4,0,382,0,14,30,375,68,52,16,6,5,573,0,8,3,23,7,10,12,3,0,72,10,59,291,1072,307,285,245,99,26,2390
CED515,0,4,8,23,17,21,10,7,3,84,15,206,275,1685,672,468,258,75,48,3705,0,0,0,13,7,28,39,24,3,119,0,21,8,39,14,10,19,15,15,139,13,235,344,718,867,1202,973,767,334,5461,0,0,0,17,16,9,4,4,3,50,0,5,9,59,24,17,12,7,7,140,0,12,20,84,52,42,72,44,25,339,0,4,0,3,0,4,15,9,9,49,15,43,79,220,83,127,103,23,10,697,28,301,416,1761,675,385,276,162,75,4094,3,52,117,656,304,230,230,84,20,1698,0,16,39,246,67,47,44,17,3,489,0,19,26,55,51,13,12,7,0,181,0,37,28,111,73,80,62,49,19,452,0,10,17,58,32,63,171,90,105,549,5,6,21,100,91,43,20,11,3,295,8,73,70,375,175,55,33,9,0,799,0,0,0,11,20,21,11,5,0,75,13,202,532,1458,861,788,857,293,80,5068
CED594,0,0,4,0,0,0,0,0,0,6,0,0,0,5,0,0,0,0,0,8,0,0,0,0,0,0,0,0,0,0,0,0,0,0,0,0,0,0,0,0,0,3,11,44,18,45,31,4,0,155,0,0,0,0,0,0,0,0,0,0,0,0,4,13,0,0,0,0,0,15,0,0,4,7,3,3,4,0,0,18,0,0,0,0,0,0,0,0,0,0,0,0,0,5,0,0,0,0,0,5,0,0,0,9,0,0,0,0,0,10,0,0,0,6,0,0,0,0,0,9,0,0,0,0,0,0,0,0,0,0,0,0,0,0,0,0,0,0,0,0,0,0,0,7,0,4,3,0,0,20,0,0,0,12,0,0,0,0,0,20,0,0,0,0,0,0,0,0,0,0,0,0,0,0,0,0,0,0,0,3,0,0,0,0,0,0,0,0,0,0,0,0,0,5,0,0,0,0,0,5
CED597,0,0,0,0,0,0,0,0,0,0,0,0,0,0,0,0,0,0,0,0,0,0,0,0,0,0,0,0,0,0,0,0,0,0,0,0,0,0,0,0,0,0,0,0,0,0,0,0,0,3,0,0,0,0,0,0,0,0,0,0,0,0,0,0,0,0,0,0,0,0,0,0,0,0,0,0,0,0,0,0,0,0,0,0,0,0,0,0,0,0,0,0,0,0,0,0,0,0,0,0,0,0,0,0,0,0,0,0,0,0,0,0,0,0,0,0,0,0,0,0,0,0,0,0,0,0,0,0,0,0,0,0,0,0,0,0,0,0,0,0,0,0,0,0,0,0,0,0,0,0,0,0,0,0,0,0,0,0,0,0,0,0,0,0,0,0,0,0,0,0,0,0,0,0,0,0,0,0,0,0,0,0,0,0,0,0,0,0,0,0,0,0,0,0,0,0,0,0,0,0
CED601,0,0,0,8,8,6,3,4,0,31,0,11,55,298,40,29,15,3,0,452,0,0,0,0,0,3,0,4,0,5,0,6,3,7,0,4,0,0,0,21,0,24,33,122,171,421,500,377,146,1793,0,0,0,9,8,0,0,0,0,22,0,0,0,10,3,4,0,5,0,24,0,0,4,18,11,26,38,47,23,164,0,0,0,5,0,3,3,8,3,22,0,6,10,39,3,9,5,0,0,64,4,29,49,366,22,22,9,5,0,508,0,0,10,29,5,0,4,0,0,54,0,54,31,24,3,5,5,0,0,116,0,0,0,3,0,0,0,0,0,6,0,0,3,13,9,13,12,15,5,70,0,0,0,3,0,6,22,18,18,80,0,3,4,18,7,12,5,0,0,42,0,4,9,45,12,3,3,0,0,74,0,0,0,0,0,3,0,0,0,7,3,18,34,81,18,18,17,4,0,196
CED602,0,0,0,6,0,4,0,0,0,9,0,6,9,114,26,7,7,0,0,178,0,0,0,0,0,0,0,8,0,11,0,3,0,10,4,0,3,0,0,16,0,10,23,109,141,403,480,389,137,1694,0,0,4,11,9,9,0,0,0,34,0,0,0,8,8,3,6,0,4,24,0,0,5,13,17,30,42,31,11,145,0,0,0,0,0,0,4,0,0,11,0,5,0,15,0,5,3,0,0,33,0,12,13,135,17,14,9,3,5,211,0,0,0,22,14,5,0,3,0,48,0,0,0,4,6,0,0,0,0,11,0,4,0,9,0,0,0,0,0,12,0,0,0,7,9,8,18,14,0,52,0,0,0,6,3,4,11,7,4,30,0,5,0,10,10,0,0,0,0,26,0,0,3,24,0,3,0,0,0,30,0,3,0,3,0,0,0,0,0,6,0,0,3,32,6,12,12,6,0,69
CED603,0,0,4,22,5,12,4,0,0,46,10,54,202,1615,72,73,38,15,8,2079,0,0,0,6,3,5,22,9,9,56,9,3,4,11,3,3,3,3,0,33,4,50,63,196,259,383,391,269,131,1738,0,0,3,16,6,17,11,6,3,64,0,6,4,42,9,11,7,0,3,88,0,6,5,53,28,31,59,55,34,268,0,0,4,11,10,15,25,53,22,143,0,4,29,111,21,10,11,0,0,201,12,73,142,921,58,33,18,14,8,1283,0,7,28,58,14,11,8,5,0,128,0,17,18,46,7,7,0,0,0,88,0,3,3,7,4,3,0,0,0,26,0,4,12,20,16,22,19,15,8,112,0,0,0,22,13,19,30,52,37,169,0,0,15,67,29,10,12,3,4,140,0,7,4,100,18,17,6,0,0,151,0,0,0,5,4,9,3,0,0,21,0,3,66,151,37,24,36,7,3,318
CED604,0,0,4,10,15,7,3,5,5,43,6,42,71,772,42,35,37,9,3,1013,0,0,0,0,0,5,11,9,4,22,0,0,0,0,0,0,6,0,0,9,8,47,53,223,295,529,576,473,185,2395,0,0,0,9,0,3,0,0,0,17,0,6,0,18,7,16,9,5,0,63,0,3,7,49,32,51,68,57,25,299,0,0,0,6,0,3,18,20,8,50,8,16,11,66,8,7,3,0,0,119,9,22,26,277,18,14,17,11,9,400,0,3,12,36,12,5,11,3,3,78,0,5,3,18,4,6,0,3,0,41,0,0,4,0,0,0,0,0,0,8,0,4,3,13,19,23,17,15,6,92,0,0,0,14,3,12,11,14,0,57,0,6,8,36,28,4,11,0,4,101,0,12,14,80,21,11,3,3,0,131,0,0,0,0,0,4,0,0,0,5,0,4,16,77,26,30,19,0,3,181
CED605,0,0,0,7,0,6,0,0,0,19,0,5,3,98,10,15,8,0,0,149,0,0,0,0,4,0,3,0,0,6,0,0,0,0,0,0,5,0,0,3,0,21,29,139,184,463,552,380,105,1873,0,0,0,3,10,3,3,0,0,19,0,0,0,13,5,8,5,3,4,31,0,0,9,35,20,45,50,41,13,208,0,0,0,0,0,3,4,0,0,13,0,5,0,16,7,4,0,0,0,35,0,5,10,88,4,7,6,4,4,134,0,3,0,25,4,3,8,0,0,56,0,0,7,4,6,3,0,0,0,13,0,4,0,0,0,0,3,0,0,8,0,0,0,10,3,8,17,16,4,60,0,0,0,5,0,11,16,12,4,49,0,0,0,22,11,3,0,0,0,39,0,0,0,18,0,4,0,0,0,29,0,3,0,0,0,0,0,0,0,0,0,5,9,20,11,21,3,4,0,69
CED694,0,0,0,3,0,0,0,0,0,3,0,0,0,0,0,0,0,0,0,0,0,0,0,0,0,0,0,0,0,0,0,0,0,0,0,0,0,0,0,0,0,0,0,5,4,9,4,0,0,22,0,0,0,0,0,0,0,0,0,0,0,0,0,0,0,0,0,0,0,0,0,0,0,0,0,0,0,0,0,0,0,0,0,0,0,0,0,0,0,0,0,0,0,4,0,0,0,0,0,4,0,0,0,0,0,0,0,0,0,0,0,0,0,0,0,0,0,0,0,0,0,0,0,0,0,0,0,0,0,0,0,0,0,0,0,0,0,0,0,0,0,0,0,0,0,0,0,0,0,0,0,0,0,0,0,0,0,0,0,0,0,0,0,0,0,0,0,0,0,0,0,0,0,0,0,0,0,0,0,0,0,0,0,0,0,0,0,0,0,0,0,0,0,0,0,0,0,0,0,0
CED697,0,0,0,0,0,0,0,0,0,0,0,0,0,0,0,0,0,0,0,0,0,0,0,0,0,0,0,0,0,0,0,0,0,0,0,0,0,0,0,0,0,0,0,0,0,0,0,0,0,0,0,0,0,0,0,0,0,0,0,0,0,0,0,0,0,0,0,0,0,0,0,0,0,0,0,0,0,0,0,0,0,0,0,0,0,0,0,0,0,0,0,0,0,0,0,0,0,0,0,0,0,0,0,0,0,0,0,0,0,0,0,0,0,0,0,0,0,0,0,0,0,0,0,0,0,0,0,0,0,0,0,0,0,0,0,0,0,0,0,0,0,0,0,0,0,0,0,0,0,0,0,0,0,0,0,0,0,0,0,0,0,0,0,0,0,0,0,0,0,0,0,0,0,0,0,0,0,0,0,0,0,0,0,0,0,0,0,0,0,0,0,0,0,0,0,0,0,0,0,0
CED701,0,0,0,13,0,0,3,0,0,15,0,3,15,157,36,12,4,0,0,228,0,0,0,0,0,0,0,0,0,0,0,0,0,4,0,5,3,0,0,12,0,26,34,263,182,273,137,72,16,1016,0,8,9,40,33,18,4,8,0,118,0,0,11,51,8,3,4,4,0,78,0,0,9,80,35,31,19,12,4,183,0,7,0,17,4,7,3,0,5,40,0,0,0,33,3,4,4,0,0,44,10,51,44,495,50,43,28,0,0,730,0,8,14,109,37,15,8,0,0,195,0,0,0,4,0,0,0,0,0,11,0,0,0,0,0,0,0,0,0,7,0,0,0,58,10,14,5,5,0,101,0,6,4,22,11,7,15,3,9,63,0,0,0,23,8,0,0,0,0,49,0,4,0,54,6,0,5,0,0,62,0,0,0,0,4,0,0,0,0,4,0,7,3,79,54,59,37,13,0,252
CED702,0,0,3,21,3,0,5,0,0,30,0,21,87,467,114,66,36,15,5,816,0,0,0,0,0,0,0,3,0,8,0,0,3,4,5,0,0,0,0,19,10,49,81,410,245,281,190,118,41,1428,0,10,11,60,30,16,9,3,0,137,0,6,0,64,7,5,9,12,0,106,0,8,13,102,40,37,32,33,9,279,0,22,39,118,47,70,114,66,10,486,0,6,3,69,16,25,24,0,0,141,13,136,130,1001,137,93,58,15,4,1599,6,40,55,351,165,92,61,15,4,773,0,0,5,17,5,0,0,0,0,26,0,0,0,0,5,0,0,0,0,3,0,19,17,192,11,8,8,0,0,275,0,0,3,45,13,10,25,24,11,139,0,6,8,45,29,6,3,3,0,103,0,3,6,105,20,3,0,0,0,134,0,0,0,9,0,0,0,0,0,13,0,16,19,102,41,53,52,28,7,319
CED794,0,0,0,6,0,0,0,0,0,5,0,0,0,0,0,0,0,0,0,9,0,0,0,0,0,0,0,0,0,0,0,0,0,0,0,0,0,0,0,0,0,3,6,18,7,14,9,0,0,61,0,0,0,3,0,0,0,0,0,3,0,0,0,13,0,0,0,0,0,14,0,0,3,3,0,5,0,0,0,11,0,0,0,0,0,0,0,0,0,0,0,0,0,0,0,0,0,0,0,0,0,0,0,7,0,0,0,0,0,5,0,0,0,0,0,0,0,0,0,0,0,0,0,0,0,0,0,0,0,0,0,0,0,0,0,0,0,0,0,0,0,0,0,0,0,0,0,0,0,3,0,0,5,11,0,0,0,0,0,10,0,0,0,0,0,0,0,0,0,0,0,0,0,0,0,0,0,0,0,0,0,0,0,0,0,0,0,0,0,0,0,0,0,7,0,0,0,0,0,7
CED797,0,0,0,0,0,0,0,0,0,0,0,0,0,0,0,0,0,0,0,0,0,0,0,0,0,0,0,0,0,0,0,0,0,0,0,0,0,0,0,0,0,0,0,0,0,0,0,0,0,0,0,0,0,0,0,0,0,0,0,0,0,0,0,0,0,0,0,0,0,0,0,0,0,0,0,0,0,0,0,0,0,0,0,0,0,0,0,0,0,0,0,0,0,0,0,0,0,0,0,0,0,0,0,0,0,0,0,0,0,0,0,0,0,0,0,0,0,0,0,0,0,0,0,0,0,0,0,0,0,0,0,0,0,0,0,0,0,0,0,0,0,0,0,0,0,0,0,0,0,0,0,0,0,0,0,0,0,0,0,0,0,0,0,0,0,0,0,0,0,0,0,0,0,0,0,0,0,0,0,0,0,0,0,0,0,0,0,0,0,0,0,0,0,0,0,0,0,0,0,0
CED801,0,3,0,22,21,24,29,8,5,108,8,25,49,480,154,154,97,42,17,1014,0,0,0,6,12,38,79,60,22,223,0,7,4,19,9,8,13,7,3,71,4,97,95,306,306,569,456,357,144,2343,0,10,12,62,36,31,14,9,0,170,0,13,5,50,29,12,19,7,4,131,0,9,9,53,30,54,112,101,43,407,0,0,3,9,9,25,49,68,24,175,0,14,10,78,36,53,34,5,4,240,23,182,179,1481,247,168,94,49,19,2448,0,3,9,68,32,28,35,3,6,192,0,4,10,65,25,23,17,5,4,146,0,17,11,69,30,21,11,9,0,167,0,19,13,28,24,29,19,21,11,160,0,3,5,27,11,56,88,69,33,298,0,7,8,63,33,17,11,0,0,148,0,9,17,151,40,13,9,7,0,245,0,0,10,30,22,34,21,0,4,122,0,18,26,145,76,93,81,30,10,481
CED802,4,5,4,41,21,24,19,12,5,121,11,57,551,1367,247,215,117,53,30,2646,0,0,0,16,10,28,60,53,30,205,0,7,3,18,0,4,3,8,0,45,17,86,317,388,314,430,414,336,160,2471,0,3,14,51,24,19,19,18,0,143,3,20,32,88,33,25,10,0,0,212,3,4,22,103,59,48,88,84,42,465,0,3,0,14,10,22,49,81,39,223,0,13,77,150,34,51,22,3,0,355,12,96,223,994,126,94,72,22,12,1654,0,26,43,170,32,25,19,11,6,337,0,3,14,103,20,13,14,4,3,174,0,5,11,18,10,10,5,0,0,56,0,3,11,41,22,19,28,19,9,150,0,6,8,56,27,50,82,103,57,393,3,14,35,82,57,30,19,10,4,254,3,17,56,257,67,34,15,6,5,456,0,3,0,8,8,5,4,3,0,41,3,18,82,212,94,85,54,31,10,584
CED803,0,3,8,59,42,44,42,25,0,223,10,55,273,1871,353,328,201,50,13,3149,0,4,3,32,26,51,110,51,17,290,0,16,15,55,9,10,13,4,0,130,5,81,108,310,255,307,347,203,73,1699,0,8,20,109,47,48,21,13,5,269,0,0,5,25,4,8,3,3,0,49,0,5,12,64,37,41,90,55,19,327,0,0,0,11,12,24,42,43,19,149,0,22,26,167,42,55,43,10,4,366,19,223,334,2686,338,194,129,50,10,3979,7,21,18,131,70,32,17,9,3,305,0,12,15,135,19,18,9,0,0,211,0,7,11,52,13,10,5,9,0,116,0,10,8,44,15,21,16,17,0,124,0,0,7,28,25,39,66,65,30,262,3,8,9,101,54,17,9,5,7,209,12,32,59,428,88,45,17,4,0,684,0,0,0,16,6,9,9,0,0,54,0,28,49,214,86,60,56,16,8,504
CED894,0,0,0,0,0,0,0,0,0,0,0,0,3,3,0,0,0,0,0,3,0,0,0,0,0,0,0,0,0,0,0,0,0,0,0,0,0,0,0,0,0,0,0,0,0,0,0,0,0,3,0,0,0,0,0,0,0,0,0,0,0,0,0,0,0,0,0,0,0,0,0,0,0,0,0,0,0,0,0,0,0,0,0,0,0,0,0,0,0,0,0,0,0,0,0,0,0,0,0,0,0,0,0,4,0,0,0,0,0,4,0,0,0,0,0,0,0,0,0,0,0,0,0,0,0,0,0,0,0,0,0,0,0,0,0,0,0,0,0,0,0,0,0,0,0,0,0,0,0,0,0,0,0,0,0,0,0,0,0,0,0,0,0,0,0,0,0,0,0,0,0,0,0,0,0,0,0,0,0,0,0,0,0,0,0,0,0,0,0,0,0,0,0,0,0,0,0,0,0,0
CED897,0,0,0,0,0,0,0,0,0,0,0,0,0,0,0,0,0,0,0,0,0,0,0,0,0,0,0,0,0,0,0,0,0,0,0,0,0,0,0,0,0,0,0,0,0,0,0,0,0,0,0,0,0,0,0,0,0,0,0,0,0,0,0,0,0,0,0,0,0,0,0,0,0,0,0,0,0,0,0,0,0,0,0,0,0,0,0,0,0,0,0,0,0,0,0,0,0,0,0,0,0,0,0,0,0,0,0,0,0,0,0,0,0,0,0,0,0,0,0,0,0,0,0,0,0,0,0,0,0,0,0,0,0,0,0,0,0,0,0,0,0,0,0,0,0,0,0,0,0,0,0,0,0,0,0,0,0,0,0,0,0,0,0,0,0,0,0,0,0,0,0,0,0,0,0,0,0,0,0,0,0,0,0,0,0,0,0,0,0,0,0,0,0,0,0,0,0,0,0,0
CED994,0,0,0,0,0,0,0,0,0,0,0,0,0,0,0,0,0,0,0,0,0,0,0,0,0,0,0,0,0,0,0,0,0,0,0,0,0,0,0,0,0,0,0,0,0,0,0,0,0,0,0,0,0,0,0,0,0,0,0,0,0,0,0,0,0,0,0,0,0,0,0,0,0,0,0,0,0,0,0,0,0,0,0,0,0,0,0,0,0,0,0,0,0,0,0,0,0,0,0,0,0,0,0,0,0,0,0,0,0,0,0,0,0,0,0,0,0,0,0,0,0,0,0,0,0,0,0,0,0,0,0,0,0,0,0,0,0,0,0,0,0,0,0,0,0,0,0,0,0,0,0,0,0,0,0,0,0,0,0,0,0,0,0,0,0,0,0,0,0,0,0,0,0,0,0,0,0,0,0,0,0,0,0,0,0,0,0,0,0,0,0,0,0,0,0,0,0,0,0,0
CED997,0,0,0,0,0,0,0,0,0,0,0,0,0,0,0,0,0,0,0,0,0,0,0,0,0,0,0,0,0,0,0,0,0,0,0,0,0,0,0,0,0,0,0,0,0,0,0,0,0,0,0,0,0,0,0,0,0,0,0,0,0,0,0,0,0,0,0,0,0,0,0,0,0,0,0,0,0,0,0,0,0,0,0,0,0,0,0,0,0,0,0,0,0,0,0,0,0,0,0,0,0,0,0,0,0,0,0,0,0,0,0,0,0,0,0,0,0,0,0,0,0,0,0,0,0,0,0,0,0,0,0,0,0,0,0,0,0,0,0,0,0,0,0,0,0,0,0,0,0,0,0,0,0,0,0,0,0,0,0,0,0,0,0,0,0,0,0,0,0,0,0,0,0,0,0,0,0,0,0,0,0,0,0,0,0,0,0,0,0,0,0,0,0,0,0,0,0,0,0,0
