CED_CODE_2021,P_Germany_0_4,P_Germany_5_14,P_Germany_15_24,P_Germany_25_44,P_Germany_45_54,P_Germany_55_64,P_Germany_65_74,P_Germany_75_84,P_Germany_85ov,P_Germany_Tot,P_Greece_0_4,P_Greece_5_14,P_Greece_15_24,P_Greece_25_44,P_Greece_45_54,P_Greece_55_64,P_Greece_65_74,P_Greece_75_84,P_Greece_85ov,P_Greece_Tot,P_Hong_Kong_SAR_Ch_0_4,P_Hong_Kong_SAR_Ch_5_14,P_Hong_Kong_SAR_Ch_15_24,P_Hong_Kong_SAR_Ch_25_44,P_Hong_Kong_SAR_Ch_45_54,P_Hong_Kong_SAR_Ch_55_64,P_Hong_Kong_SAR_Ch_65_74,P_Hong_Kong_SAR_Ch_75_84,P_Hong_Kong_SAR_Ch_85ov,P_Hong_Kong_SAR_Ch_Tot,P_India_0_4,P_India_5_14,P_India_15_24,P_India_25_44,P_India_45_54,P_India_55_64,P_India_65_74,P_India_75_84,P_India_85ov,P_India_Tot,P_Indonesia_0_4,P_Indonesia_5_14,P_Indonesia_15_24,P_Indonesia_25_44,P_Indonesia_45_54,P_Indonesia_55_64,P_Indonesia_65_74,P_Indonesia_75_84,P_Indonesia_85ov,P_Indonesia_Tot,P_Iran_0_4,P_Iran_5_14,P_Iran_15_24,P_Iran_25_44,P_Iran_45_54,P_Iran_55_64,P_Iran_65_74,P_Iran_75_84,P_Iran_85ov,P_Iran_Tot,P_Iraq_0_4,P_Iraq_5_14,P_Iraq_15_24,P_Iraq_25_44,P_Iraq_45_54,P_Iraq_55_64,P_Iraq_65_74,P_Iraq_75_84,P_Iraq_85ov,P_Iraq_Tot,P_Ireland_0_4,P_Ireland_5_14,P_Ireland_15_24,P_Ireland_25_44,P_Ireland_45_54,P_Ireland_55_64,P_Ireland_65_74,P_Ireland_75_84,P_Ireland_85ov,P_Ireland_Tot,P_Italy_0_4,P_Italy_5_14,P_Italy_15_24,P_Italy_25_44,P_Italy_45_54,P_Italy_55_64,P_Italy_65_74,P_Italy_75_84,P_Italy_85ov,P_Italy_Tot,P_Japan_0_4,P_Japan_5_14,P_Japan_15_24,P_Japan_25_44,P_Japan_45_54,P_Japan_55_64,P_Japan_65_74,P_Japan_75_84,P_Japan_85ov,P_Japan_Tot,P_Korea_South_0_4,P_Korea_South_5_14,P_Korea_South_15_24,P_Korea_South_25_44,P_Korea_South_45_54,P_Korea_South_55_64,P_Korea_South_65_74,P_Korea_South_75_84,P_Korea_South_85ov,P_Korea_South_Tot,P_Lebanon_0_4,P_Lebanon_5_14,P_Lebanon_15_24,P_Lebanon_25_44,P_Lebanon_45_54,P_Lebanon_55_64,P_Lebanon_65_74,P_Lebanon_75_84,P_Lebanon_85ov,P_Lebanon_Tot,P_Malaysia_0_4,P_Malaysia_5_14,P_Malaysia_15_24,P_Malaysia_25_44,P_Malaysia_45_54,P_Malaysia_55_64,P_Malaysia_65_74,P_Malaysia_75_84,P_Malaysia_85ov,P_Malaysia_Tot,P_Malta_0_4,P_Malta_5_14,P_Malta_15_24,P_Malta_25_44,P_Malta_45_54,P_Malta_55_64,P_Malta_65_74,P_Malta_75_84,P_Malta_85ov,P_Malta_Tot,P_Mauritius_0_4,P_Mauritius_5_14,P_Mauritius_15_24,P_Mauritius_25_44,P_Mauritius_45_54,P_Mauritius_55_64,P_Mauritius_65_74,P_Mauritius_75_84,P_Mauritius_85ov,P_Mauritius_Tot,P_Myanmar_0_4,P_Myanmar_5_14,P_Myanmar_15_24,P_Myanmar_25_44,P_Myanmar_45_54,P_Myanmar_55_64,P_Myanmar_65_74,P_Myanmar_75_84,P_Myanmar_85ov,P_Myanmar_Tot,P_Nepal_0_4,P_Nepal_5_14,P_Nepal_15_24,P_Nepal_25_44,P_Nepal_45_54,P_Nepal_55_64,P_Nepal_65_74,P_Nepal_75_84,P_Nepal_85ov,P_Nepal_Tot,P_Netherlands_0_4,P_Netherlands_5_14,P_Netherlands_15_24,P_Netherlands_25_44,P_Netherlands_45_54,P_Netherlands_55_64,P_Netherlands_65_74,P_Netherlands_75_84,P_Netherlands_85ov,P_Netherlands_Tot,P_New_Zealand_0_4,P_New_Zealand_5_14,P_New_Zealand_15_24,P_New_Zealand_25_44,P_New_Zealand_45_54,P_New_Zealand_55_64,P_New_Zealand_65_74,P_New_Zealand_75_84,P_New_Zealand_85ov,P_New_Zealand_Tot,P_North_Macedonia_0_4,P_North_Macedonia_5_14,P_North_Macedonia_15_24,P_North_Macedonia_25_44,P_North_Macedonia_45_54,P_North_Macedonia_55_64,P_North_Macedonia_65_74,P_North_Macedonia_75_84,P_North_Macedonia_85ov,P_North_Macedonia_Tot
CED101,3,3,10,83,35,49,57,72,31,351,6,33,45,143,126,295,443,578,225,1886,12,66,121,857,413,832,568,94,30,2990,14,68,154,955,348,264,173,102,46,2112,3,25,100,710,374,210,173,80,16,1692,0,4,8,110,28,33,14,6,0,208,0,0,9,73,48,53,24,12,0,215,3,20,5,127,72,55,54,31,17,385,0,4,12,86,63,146,231,257,149,953,3,10,21,123,83,55,24,6,0,320,0,9,33,174,103,84,58,36,8,501,0,43,81,649,590,714,500,252,60,2887,5,29,90,490,214,195,219,73,20,1336,0,0,0,7,10,27,101,66,26,239,0,0,7,36,38,47,46,20,11,210,0,0,6,38,34,34,13,9,3,138,6,42,1572,3535,165,48,25,0,0,5393,4,0,5,16,20,16,17,24,12,111,14,93,286,793,420,427,196,73,15,2315,3,10,16,257,249,407,384,184,68,1579
CED102,5,9,15,116,51,49,45,49,18,356,13,40,61,230,212,536,1327,2020,976,5409,9,52,164,949,351,566,481,106,29,2700,45,248,146,1914,296,168,94,76,26,3014,4,28,216,1277,397,236,239,93,23,2509,0,8,10,162,40,24,14,5,0,275,0,6,11,98,31,22,15,7,0,193,5,27,12,307,85,60,38,29,8,566,4,5,26,266,97,213,411,574,412,2015,7,6,28,248,144,71,18,7,3,530,4,14,38,368,150,92,52,34,9,757,20,73,134,883,986,1083,750,344,100,4372,5,16,125,722,167,195,211,71,11,1529,0,3,0,7,10,35,108,102,53,320,0,0,6,54,23,25,27,14,9,146,0,5,12,43,17,33,18,9,0,135,13,82,2799,5457,196,46,21,4,0,8618,0,0,0,37,18,13,20,17,6,115,11,57,238,821,513,430,228,55,18,2357,5,23,37,379,334,668,984,587,194,3213
CED103,3,10,25,149,79,51,76,85,38,511,0,8,16,38,36,62,107,167,61,488,37,249,388,2142,830,1356,1138,180,57,6375,157,863,607,5260,854,617,371,164,63,8961,10,49,226,882,324,218,172,93,31,1997,11,59,102,1424,286,305,252,99,47,2597,4,4,7,84,62,51,26,23,4,269,0,8,18,171,94,92,49,49,14,492,0,11,19,236,95,233,452,444,300,1795,10,41,59,299,207,90,46,15,10,772,28,311,715,3812,1767,1101,642,264,61,8709,9,11,16,180,186,309,277,167,62,1217,6,79,230,1106,447,376,439,195,36,2914,0,0,0,0,8,26,50,48,15,142,0,0,12,52,16,32,23,12,8,154,0,0,23,89,47,48,52,25,0,285,0,3,264,668,25,6,0,3,0,980,3,7,13,29,29,25,33,33,28,208,15,126,231,615,371,393,195,95,22,2062,0,0,4,22,15,21,38,15,3,123
CED104,3,19,21,98,93,101,119,147,47,644,0,0,3,0,8,28,42,51,23,163,18,139,139,568,303,757,561,94,27,2603,27,424,370,2344,1193,716,428,211,69,5784,0,7,35,197,153,93,111,55,14,660,3,75,80,673,289,222,173,69,8,1600,0,3,0,33,13,10,14,8,0,75,0,22,19,88,119,88,70,50,13,470,4,0,15,40,60,151,275,229,147,911,0,36,34,100,108,61,29,14,5,391,3,123,191,668,593,326,200,85,12,2201,0,0,15,117,151,226,172,140,38,868,0,75,141,347,328,341,411,173,42,1851,0,0,0,7,8,38,67,41,17,171,0,0,9,20,22,40,16,0,3,109,0,0,6,33,34,34,26,10,3,151,0,9,68,324,60,14,3,0,0,476,4,11,24,33,56,57,76,92,32,389,10,103,171,408,459,448,291,135,43,2074,0,0,0,0,6,11,4,5,0,25
CED105,0,7,10,51,29,18,96,83,35,328,0,10,35,52,71,137,312,413,144,1182,3,14,46,324,81,207,116,15,11,822,63,285,357,2314,330,221,126,59,36,3797,3,27,74,389,217,136,90,29,7,981,3,48,119,332,55,50,26,12,3,635,0,81,176,824,480,303,84,39,14,2006,0,3,3,20,16,17,38,22,9,129,0,4,11,43,40,136,223,347,234,1034,0,5,7,42,28,15,3,7,8,120,8,19,102,652,334,316,164,111,40,1745,40,176,459,3103,2454,2533,1786,756,175,11487,14,43,112,604,147,118,111,36,7,1194,0,0,0,3,5,16,61,85,30,197,0,0,9,39,22,48,41,23,12,193,0,9,32,222,128,89,56,19,4,567,5,27,2391,3411,67,40,11,4,0,5957,0,4,6,14,0,0,4,15,19,68,14,164,317,643,207,205,114,25,8,1696,0,8,23,118,161,287,359,191,62,1202
CED106,7,32,36,119,124,78,101,132,60,680,0,6,0,8,12,25,34,47,23,158,46,483,373,1401,792,895,905,194,73,5155,62,543,243,2919,816,506,324,217,73,5706,0,24,56,429,223,118,120,90,24,1078,4,109,87,1064,393,267,231,96,30,2273,0,0,0,17,17,13,8,6,5,56,0,23,32,119,112,100,61,41,19,506,0,8,5,80,48,59,142,133,99,578,38,144,113,416,337,208,110,50,15,1422,22,223,348,1427,968,505,309,132,33,3966,0,7,0,50,43,68,53,22,17,268,6,69,125,666,477,340,340,191,46,2258,0,0,0,3,6,12,12,10,5,44,0,0,0,31,10,24,21,10,6,106,0,0,8,33,29,21,20,12,11,131,0,14,370,956,53,18,10,0,0,1423,3,28,37,32,59,46,59,67,42,374,17,124,291,468,549,538,338,224,107,2649,0,0,0,6,15,12,3,0,3,38
CED107,0,10,10,42,33,59,160,119,35,467,0,3,0,8,6,7,38,11,14,89,0,8,4,35,8,18,18,4,0,89,13,73,99,704,102,41,36,21,0,1089,0,4,6,54,17,11,18,7,5,119,0,6,4,42,13,7,3,5,0,75,0,3,7,23,10,7,6,0,4,49,0,12,7,50,49,28,46,28,11,231,0,5,0,23,7,44,72,49,34,247,0,4,8,19,26,11,10,0,5,75,4,11,4,98,12,6,0,0,0,135,0,0,0,24,25,18,24,9,0,106,0,0,18,61,49,39,17,4,8,188,0,0,0,0,4,13,37,13,0,75,0,0,0,9,0,6,0,0,0,15,0,0,3,13,0,0,4,0,4,24,6,8,64,407,17,8,3,0,0,504,0,0,3,23,21,42,132,111,24,356,5,38,96,405,335,377,269,117,23,1659,0,0,0,3,4,8,0,4,0,16
CED108,4,5,16,39,21,50,129,114,57,426,0,7,12,22,19,40,92,97,45,332,0,15,16,95,57,82,62,10,3,338,140,1181,1884,12182,1853,980,638,182,51,19095,0,21,31,327,149,125,114,20,12,804,0,38,61,272,77,75,55,15,3,601,9,120,222,663,302,255,128,30,6,1742,0,16,9,45,25,34,46,33,11,216,0,8,12,51,35,107,142,126,59,538,3,15,12,22,14,7,6,0,0,77,0,21,52,270,152,143,79,35,5,764,4,21,40,273,215,232,205,53,16,1061,7,40,20,203,67,95,73,28,3,539,0,0,4,26,32,174,455,289,124,1100,0,4,14,62,43,81,71,43,15,328,5,10,21,174,114,75,45,19,5,462,0,48,174,1260,88,50,27,4,0,1650,0,3,9,10,15,23,65,61,27,207,53,546,890,2127,686,429,219,60,8,5013,0,0,0,26,15,29,36,21,11,136
CED109,0,4,14,124,66,59,95,103,47,512,0,37,52,123,115,351,621,716,289,2313,7,42,46,183,118,184,163,44,20,803,4,26,62,317,120,87,66,59,20,760,0,7,25,149,100,47,58,33,11,433,0,6,8,75,27,19,15,4,0,153,0,5,5,46,25,14,8,3,5,97,0,32,30,257,116,77,68,41,21,637,0,8,0,139,53,151,243,277,172,1048,0,19,12,73,54,38,14,6,0,212,4,5,14,79,31,26,14,9,6,180,3,9,11,130,163,186,133,70,22,720,0,0,21,100,92,83,113,54,11,476,0,0,0,13,6,25,101,91,28,263,0,0,4,12,8,26,13,6,0,78,0,0,0,18,8,10,4,5,4,46,0,0,27,84,20,3,0,0,0,126,3,3,7,36,29,30,58,63,38,255,8,74,150,686,489,372,231,115,27,2157,0,7,14,157,130,216,178,83,25,814
CED110,0,9,8,79,58,130,237,219,58,797,0,0,0,0,3,6,18,6,6,48,0,8,4,40,8,26,17,7,3,119,8,67,55,550,106,49,54,39,10,946,4,10,6,56,24,17,16,11,6,149,0,0,3,12,7,5,3,7,0,43,19,139,66,139,17,9,13,0,0,409,0,20,10,76,54,33,58,51,6,301,0,9,3,24,17,30,73,57,31,245,0,18,15,52,30,7,13,3,0,141,0,3,4,56,12,10,5,0,0,89,0,0,0,9,9,17,3,9,0,50,19,67,14,92,50,49,29,5,4,336,0,0,0,0,6,12,56,23,6,106,0,0,3,3,5,3,4,0,0,19,0,28,82,253,63,24,13,0,4,465,0,4,33,226,5,0,0,0,0,268,0,0,4,44,19,58,183,163,68,542,7,48,69,400,379,536,471,247,83,2239,0,0,0,0,0,4,0,0,0,8
CED111,6,7,14,103,72,80,240,139,74,733,0,3,6,16,21,70,155,173,125,563,0,12,23,66,23,43,18,7,0,185,24,78,343,1185,142,93,62,55,14,1985,0,17,40,98,50,25,28,9,5,258,0,9,22,166,28,36,17,5,3,287,4,55,64,127,46,50,25,10,0,380,0,26,27,95,85,54,52,38,20,407,0,9,18,84,67,240,513,544,446,1923,3,9,23,75,36,16,18,5,0,191,0,16,26,142,41,36,9,0,4,267,3,16,11,82,87,106,73,39,13,419,7,18,49,98,45,49,32,19,0,315,0,0,0,11,10,34,60,59,32,205,0,0,0,4,4,7,5,5,0,34,0,11,15,113,34,18,17,11,3,227,0,0,54,238,10,6,0,0,0,304,5,10,10,46,39,49,160,165,65,551,6,74,151,526,350,350,219,100,37,1811,6,4,16,143,249,478,649,459,146,2137
CED112,0,5,14,57,37,60,122,134,42,459,0,0,3,6,10,19,50,48,19,153,0,0,13,35,16,32,26,6,3,136,8,74,85,692,137,78,47,43,10,1170,0,9,20,95,51,27,27,16,3,246,0,6,4,35,11,17,5,10,0,87,0,0,0,6,11,6,0,3,0,25,0,41,13,91,70,73,113,97,20,531,0,3,3,27,22,64,143,111,57,425,5,14,13,34,35,12,14,9,0,123,0,16,24,128,68,52,40,13,4,340,0,0,5,15,28,45,20,14,3,123,0,0,22,63,38,50,45,13,0,233,0,0,4,9,12,37,139,112,22,333,0,0,0,15,12,16,30,8,13,87,0,0,0,3,4,3,0,0,0,18,0,5,27,162,12,0,0,0,0,197,0,3,3,22,24,50,115,111,53,388,14,83,135,629,581,548,405,173,43,2608,0,0,0,5,4,10,8,4,0,23
CED113,0,3,11,90,89,148,277,201,76,898,0,3,0,8,10,33,38,56,31,177,0,13,6,27,22,19,19,6,0,104,23,91,107,1187,114,78,44,20,14,1685,0,8,15,60,25,17,22,3,0,162,0,4,6,45,22,14,7,0,0,91,0,0,3,6,9,0,3,0,0,25,0,17,7,71,31,48,47,35,8,277,0,3,3,45,39,90,146,148,93,576,0,6,7,29,18,8,8,0,0,80,0,6,4,71,23,11,4,6,0,124,0,0,0,15,12,21,12,6,0,72,0,10,7,81,62,60,22,10,7,262,0,0,0,0,3,23,51,46,12,136,0,0,4,13,5,0,10,0,0,30,0,0,0,13,0,11,3,0,0,33,3,14,59,528,3,0,5,0,0,616,0,3,9,40,50,56,179,119,38,498,4,41,126,484,425,462,351,121,18,2039,0,5,13,114,94,140,138,60,21,586
CED114,3,5,15,47,27,70,185,123,41,510,0,0,0,7,6,10,17,28,13,83,0,5,3,30,11,9,4,0,0,69,37,146,225,2236,383,274,123,29,14,3463,0,6,12,69,28,9,8,0,0,130,0,0,0,18,3,11,0,0,0,39,0,0,0,14,8,4,0,0,0,28,0,3,11,70,18,24,22,22,8,166,0,6,8,71,25,110,378,401,269,1270,0,11,5,26,11,0,0,0,0,47,0,4,13,90,3,3,0,0,0,113,0,0,0,7,14,4,11,0,0,38,7,27,66,363,81,47,5,4,0,608,0,0,0,4,3,5,25,22,0,63,0,0,5,17,5,5,3,0,0,31,0,0,0,18,3,0,0,0,0,23,0,51,119,217,19,10,0,0,0,415,0,0,0,27,30,44,167,126,32,430,14,119,153,520,258,314,245,97,15,1740,0,0,0,0,0,0,0,3,0,10
CED115,0,8,17,47,28,13,108,110,51,378,0,8,35,40,20,62,106,148,44,469,0,4,12,182,50,51,68,10,8,383,23,147,243,1330,286,157,132,54,13,2376,0,18,32,221,89,59,64,27,7,518,0,36,71,357,134,169,101,75,27,974,23,1274,1891,5160,2504,2098,1254,608,212,15022,0,0,6,20,15,12,29,18,3,102,4,7,14,50,80,273,579,707,479,2198,4,5,8,32,16,5,8,0,4,75,0,7,12,78,27,14,7,8,0,155,44,102,90,535,463,429,298,91,38,2084,5,29,74,355,98,87,80,21,7,754,0,0,0,8,6,80,183,118,43,431,0,0,16,51,14,39,48,13,6,183,0,3,22,120,50,40,26,4,6,261,4,7,119,380,22,11,7,0,0,557,0,3,4,0,0,3,29,14,8,75,19,201,436,844,218,162,95,30,4,2006,0,6,19,158,108,189,237,104,29,847
CED116,0,3,11,65,53,138,299,233,83,890,0,0,0,7,7,26,68,88,31,234,0,16,7,15,12,20,17,4,0,94,11,70,35,399,54,50,49,29,9,706,0,10,3,56,15,13,23,15,8,138,0,0,0,35,3,3,0,10,3,64,0,0,0,17,3,10,5,0,0,30,0,15,9,52,47,77,88,65,13,354,0,6,3,22,25,84,176,124,42,482,0,10,6,32,16,12,17,4,0,98,0,5,8,70,10,7,6,0,0,103,0,0,4,15,6,14,15,4,0,61,0,0,6,38,29,50,21,5,6,150,0,0,0,7,9,44,121,74,33,289,0,0,0,7,3,15,21,17,3,74,0,0,0,4,0,0,4,0,0,14,0,0,14,164,5,8,0,0,0,197,0,0,11,21,28,56,240,173,56,584,4,44,85,366,385,448,494,225,38,2091,0,0,0,4,8,18,35,21,0,88
CED117,0,21,22,263,142,90,94,71,16,727,0,0,15,58,72,152,307,768,385,1770,10,37,66,359,112,98,86,14,14,801,15,87,79,991,142,98,63,48,10,1531,3,6,51,337,107,55,77,23,3,664,0,4,16,184,27,34,17,6,0,282,0,4,4,36,9,17,10,0,0,86,0,20,27,572,275,159,80,37,21,1185,3,17,31,397,146,239,448,578,468,2320,4,20,33,236,135,77,19,13,4,530,0,15,42,315,114,55,34,41,53,665,0,3,3,89,88,135,160,160,68,698,0,10,56,408,167,92,106,37,10,895,0,0,0,4,8,25,59,58,34,197,0,0,4,40,9,23,9,8,4,111,0,0,7,35,22,15,15,7,0,100,0,20,567,985,35,16,10,3,0,1645,0,14,22,97,53,29,43,27,7,297,6,40,148,1204,779,618,359,93,19,3269,0,0,7,46,25,29,43,27,15,191
CED118,0,12,26,69,54,50,97,76,33,411,0,9,4,20,15,57,106,109,34,357,5,28,57,242,121,207,122,19,3,807,271,2662,2903,19292,3768,1692,1116,362,82,32161,0,23,75,420,255,129,112,45,10,1071,3,58,108,775,242,225,102,37,11,1564,0,17,35,140,82,62,25,15,6,378,0,22,28,143,49,54,44,39,5,393,0,10,6,66,45,113,206,184,85,703,5,12,16,37,23,9,8,5,3,120,0,42,121,503,357,227,134,57,12,1468,0,18,23,224,198,242,198,76,14,997,3,66,93,363,189,181,208,65,11,1195,0,0,0,20,36,147,423,323,89,1039,0,5,12,81,51,77,73,34,14,350,0,10,24,160,127,75,67,31,4,499,4,60,253,1593,197,73,36,8,0,2219,0,7,0,30,17,31,64,54,30,227,40,316,636,1164,582,390,206,50,8,3396,0,0,0,15,17,10,23,7,3,76
CED119,0,16,8,96,82,69,122,114,43,553,0,8,15,43,59,127,189,170,58,663,0,11,16,140,48,123,113,10,5,479,4,91,114,760,402,351,163,84,36,2005,0,16,30,225,77,82,76,21,12,542,0,7,9,77,14,15,7,0,0,127,0,11,4,90,22,25,13,4,0,169,3,31,22,205,127,91,45,34,16,570,0,9,4,78,55,126,194,136,105,710,0,6,15,66,58,24,5,0,0,186,0,9,10,97,44,27,18,5,0,221,10,7,8,187,163,208,157,60,15,809,0,15,29,107,73,113,96,20,11,468,0,0,0,5,14,30,79,74,24,223,0,0,0,22,28,68,56,23,17,211,0,0,0,21,5,11,13,0,0,51,0,6,44,239,37,5,3,0,0,343,0,3,6,41,26,36,56,54,36,269,14,71,156,583,471,396,186,88,16,1972,0,0,0,82,85,146,151,57,13,530
CED120,0,7,7,80,51,82,206,112,37,581,0,0,6,12,15,49,67,44,18,216,0,12,4,23,24,18,11,4,0,98,4,61,55,511,98,69,59,27,11,895,0,3,8,57,32,24,19,9,4,159,0,5,3,52,23,10,13,6,0,108,0,10,32,112,50,30,26,4,0,267,4,16,14,133,72,89,69,46,9,456,0,4,6,31,49,132,211,137,71,642,0,0,5,15,11,8,7,0,0,44,0,0,16,59,14,6,5,0,0,109,0,4,6,70,97,81,49,16,4,331,0,0,13,46,29,42,33,16,0,179,0,0,6,25,22,88,212,107,15,473,0,0,3,27,17,39,27,10,3,127,0,0,0,14,4,12,5,0,0,38,0,5,27,186,12,5,0,0,0,231,0,0,4,34,21,56,153,81,27,375,9,55,123,492,409,362,289,109,13,1866,0,0,0,19,16,32,20,5,0,89
CED121,5,5,8,31,40,59,188,143,44,516,0,0,0,6,3,7,26,15,6,64,0,12,4,36,10,25,16,4,0,114,0,52,62,465,78,42,47,32,19,798,0,4,6,43,19,7,16,7,0,101,0,0,5,32,6,7,6,0,0,65,0,3,3,19,8,0,5,0,0,36,0,20,16,84,35,37,54,29,7,287,0,3,5,16,14,34,65,44,29,210,0,0,4,22,12,3,6,7,4,55,0,4,6,79,17,9,10,5,0,123,0,0,0,11,27,17,11,7,0,72,0,8,12,62,32,38,27,12,3,192,0,0,0,3,0,13,50,30,7,107,0,0,5,8,9,14,10,9,6,52,0,0,0,7,3,6,0,0,0,29,0,4,20,135,5,6,0,0,0,172,0,6,0,24,23,56,152,103,33,401,7,94,143,588,458,514,358,205,50,2436,0,0,0,7,3,3,6,4,3,37
CED122,8,26,62,363,146,69,76,91,39,871,0,8,22,77,74,181,453,854,470,2138,10,55,287,581,233,349,267,69,25,1880,20,95,382,1438,227,154,138,109,39,2602,12,64,967,2336,662,495,387,154,34,5119,0,9,21,354,60,65,31,8,3,557,0,24,36,164,127,126,78,27,10,590,16,30,175,3516,340,177,93,61,22,4426,0,16,42,512,125,121,246,262,161,1481,0,27,44,280,139,85,24,18,0,615,3,16,72,342,126,75,28,17,6,685,3,8,3,102,82,128,111,79,34,558,3,20,331,753,240,294,352,134,29,2149,0,0,3,6,10,38,136,133,55,379,0,0,8,73,21,45,33,17,0,193,0,0,36,49,11,11,12,5,0,130,3,7,100,200,11,0,0,0,0,323,3,14,14,125,47,35,32,27,13,308,21,78,276,1271,662,566,337,112,35,3359,0,0,6,41,17,17,28,12,6,132
CED123,0,8,4,61,50,77,223,153,45,625,0,8,8,29,23,64,85,116,39,372,0,3,5,59,29,32,16,8,0,160,32,361,478,3662,759,373,309,127,33,6132,0,11,18,170,75,38,36,16,5,366,4,20,28,228,62,52,52,25,3,479,0,15,26,161,68,55,34,22,3,389,0,50,13,133,73,83,103,78,19,556,0,9,5,53,34,134,187,180,64,665,0,8,8,45,19,3,9,0,0,96,3,18,36,218,109,52,32,11,7,487,0,10,14,184,162,153,86,39,6,658,0,25,27,124,72,62,59,21,3,394,0,0,4,49,45,166,397,267,55,982,0,0,3,40,32,37,48,14,5,186,4,3,0,61,16,22,18,5,0,125,0,32,110,552,53,44,23,4,0,817,0,0,3,15,22,81,149,88,32,386,38,291,455,1335,629,461,257,60,15,3538,0,0,3,15,16,27,26,19,3,101
CED124,0,4,7,44,50,93,216,144,51,603,0,0,0,0,3,12,22,23,6,61,0,0,3,11,17,6,11,0,7,56,3,26,13,226,39,16,34,21,11,392,0,3,8,33,14,10,16,4,0,103,0,0,0,9,4,4,3,0,0,32,0,0,0,10,3,8,5,0,0,21,0,3,0,37,26,40,58,46,14,232,0,0,0,5,10,22,72,45,12,172,0,0,6,9,11,7,7,0,0,48,0,0,3,30,9,0,5,0,0,51,0,0,0,5,8,14,12,3,0,42,0,0,4,39,28,34,33,6,5,144,0,0,0,0,9,20,64,39,13,142,0,0,0,6,0,8,13,3,0,35,0,0,0,3,0,0,5,4,0,18,0,0,17,109,3,0,0,0,0,132,0,9,4,23,22,53,183,152,46,487,3,27,39,231,278,389,451,199,44,1664,0,0,0,0,5,7,0,4,0,12
CED125,0,7,22,75,36,74,133,103,26,474,0,9,11,33,37,68,86,75,10,337,0,8,33,111,29,74,51,6,3,319,38,445,544,3967,948,496,295,122,24,6875,5,22,49,342,151,102,66,21,0,768,0,14,37,202,39,48,35,13,4,393,0,55,195,1161,412,287,142,49,19,2318,0,35,18,128,61,56,66,58,9,439,8,6,6,69,77,203,270,195,82,913,0,14,11,37,21,11,7,0,3,102,0,5,11,101,35,23,7,3,0,193,4,19,50,470,315,357,207,73,19,1512,0,23,23,164,71,91,88,35,4,507,0,0,4,25,14,59,169,100,34,408,0,6,12,97,70,130,107,41,11,478,0,0,7,46,22,15,8,12,4,120,11,74,279,2258,207,112,40,5,0,2987,0,4,3,14,17,32,97,29,16,215,47,433,750,1830,674,483,252,87,7,4564,0,0,3,87,70,80,60,20,0,327
CED126,6,48,57,250,197,160,192,187,59,1156,0,0,4,10,5,19,45,38,18,140,13,54,53,102,91,90,84,25,12,524,13,102,141,550,156,110,74,58,18,1222,5,11,32,132,64,49,54,20,8,365,0,4,11,158,79,96,80,37,20,487,0,0,0,3,7,17,13,0,0,41,0,27,34,179,184,118,86,64,16,709,0,8,12,162,91,221,386,305,136,1318,0,26,32,139,111,87,46,12,6,463,0,15,20,149,80,72,45,17,3,396,0,0,5,23,40,55,27,22,4,185,4,8,17,52,79,65,78,43,9,364,0,0,0,4,6,24,24,22,5,75,0,4,0,15,7,17,14,10,0,61,0,0,0,4,4,7,7,0,0,29,3,4,234,475,16,0,0,0,0,738,0,21,29,72,108,92,124,162,95,702,13,69,163,828,704,666,434,178,60,3120,0,0,0,6,7,8,15,4,0,45
CED127,0,10,15,89,88,127,233,181,46,795,0,0,5,6,10,24,40,43,12,142,0,3,4,34,28,26,24,9,0,130,11,31,57,537,62,66,53,50,21,889,0,4,5,56,18,19,20,10,8,140,0,0,0,42,21,14,13,4,0,97,0,0,0,17,8,9,0,3,0,43,0,15,13,135,100,89,110,54,15,525,0,0,0,23,36,72,122,66,40,363,0,6,4,43,41,21,23,8,0,150,0,4,15,52,28,30,7,4,0,146,0,0,3,34,38,59,16,21,0,169,0,3,0,64,77,53,50,19,6,262,0,5,4,21,36,115,245,127,27,576,0,0,0,17,3,27,12,4,3,66,0,0,0,4,5,7,8,0,8,23,0,0,23,124,7,4,0,0,0,157,0,8,11,33,53,76,206,131,47,558,0,40,73,430,434,505,323,138,29,1975,0,0,0,10,11,29,16,11,5,79
CED128,0,6,11,61,32,35,85,101,21,348,0,3,17,22,24,54,132,175,48,484,6,9,17,128,38,131,85,12,4,427,19,171,321,1824,466,345,237,104,56,3544,0,18,29,201,95,58,56,19,4,480,6,85,211,763,184,173,91,52,25,1585,24,1297,1773,4808,2372,2038,1277,624,175,14379,0,7,12,38,38,43,63,39,9,249,0,3,3,47,68,294,553,594,364,1924,0,0,3,21,3,3,0,0,0,41,0,6,16,108,65,64,30,17,6,312,66,189,237,1624,1279,1399,852,345,89,6082,4,18,38,175,80,70,75,27,8,486,0,3,0,31,27,171,569,549,168,1519,0,0,3,33,19,39,63,28,16,210,0,5,6,104,66,66,39,12,5,314,0,7,179,585,42,10,13,4,0,834,0,0,4,7,6,10,41,28,11,119,22,211,437,891,411,278,160,46,11,2477,0,5,0,32,35,59,101,38,6,282
CED129,0,8,34,73,70,53,124,114,24,518,0,3,4,29,13,50,83,89,44,318,15,102,104,652,277,548,391,64,15,2175,74,1034,713,6716,2067,1102,783,361,103,12957,3,30,71,499,223,129,126,63,23,1163,5,162,210,1585,558,360,204,54,29,3157,0,8,4,118,59,59,21,5,10,288,5,28,45,180,103,85,69,40,14,574,0,0,14,86,66,145,285,194,91,884,3,35,34,73,57,22,15,17,0,256,14,207,306,1144,985,465,241,102,26,3492,0,8,19,172,248,259,182,90,13,984,7,103,133,579,295,332,360,158,22,1988,0,0,0,17,20,56,150,132,39,421,0,3,6,43,29,54,51,24,11,217,0,3,12,86,58,30,46,14,4,245,0,15,57,443,84,23,19,0,0,645,4,7,21,34,26,40,60,67,26,287,22,203,333,623,419,387,193,96,21,2289,0,0,5,10,11,13,13,6,0,58
CED130,0,12,7,44,28,60,91,78,23,342,0,3,4,3,3,7,4,11,3,33,0,4,8,34,10,14,8,0,0,77,19,64,71,662,53,52,25,18,4,973,0,3,16,50,17,13,8,8,3,116,0,0,0,49,17,0,0,0,0,78,24,172,173,144,46,21,10,0,0,595,0,9,9,61,26,29,39,19,4,201,0,0,0,11,3,13,21,26,19,105,3,16,3,37,9,14,6,0,0,87,3,0,4,58,3,7,7,0,0,89,0,0,0,6,6,11,7,3,3,31,0,9,26,75,34,27,15,3,5,194,0,0,0,0,3,4,20,12,0,38,0,0,0,3,0,0,8,0,0,14,0,5,11,46,6,7,4,0,0,83,0,16,54,472,10,0,0,0,0,555,0,6,3,20,19,24,97,70,14,254,3,44,86,310,255,285,282,110,28,1403,0,0,0,0,0,3,0,0,0,3
CED131,0,6,25,119,55,64,173,105,31,578,0,0,0,9,11,39,79,116,75,337,0,11,89,84,23,36,30,4,4,286,13,114,202,1018,218,73,51,38,7,1743,6,13,35,121,48,18,10,6,4,263,0,23,24,177,21,3,3,3,0,250,0,17,9,35,13,4,3,0,0,81,0,30,15,124,63,43,34,15,7,336,0,6,4,58,24,60,125,135,153,570,6,15,18,71,25,15,11,0,3,164,6,21,52,219,76,29,7,5,0,418,0,6,5,15,7,3,4,0,0,48,3,10,91,189,65,49,31,26,0,471,0,0,3,0,0,9,18,7,4,37,0,0,4,12,3,5,8,9,0,43,0,3,14,29,3,0,6,0,0,58,0,13,92,354,12,6,4,0,0,479,0,5,13,37,30,21,50,46,18,216,17,89,150,557,367,312,205,73,22,1779,0,0,5,42,56,154,204,130,56,639
CED132,9,22,14,267,113,74,103,95,45,748,0,5,7,28,12,51,93,119,49,361,45,286,256,1220,585,572,594,155,37,3752,49,400,153,2858,436,228,166,99,26,4427,4,19,90,516,157,89,92,33,21,1018,0,28,33,757,166,169,135,66,37,1406,0,0,6,41,20,17,9,8,9,102,0,22,24,345,214,140,81,47,22,901,0,20,21,315,81,113,168,193,121,1033,37,160,111,891,521,278,121,43,9,2169,12,80,121,945,368,186,122,57,20,1908,0,4,4,61,78,74,81,48,16,380,12,42,97,760,374,305,306,131,25,2046,0,0,0,5,4,9,19,20,3,58,0,0,4,40,14,12,8,6,0,95,0,0,0,30,13,12,10,15,3,85,0,10,267,513,29,3,3,0,0,828,3,18,9,95,66,34,62,53,31,377,21,100,213,1012,753,626,440,190,33,3388,0,5,5,33,16,29,21,19,11,134
CED133,0,12,6,101,64,131,191,106,45,658,0,0,5,0,0,5,14,9,10,39,0,6,7,28,12,27,14,0,0,91,15,44,83,706,144,140,127,23,26,1301,5,4,4,40,31,11,14,5,5,116,0,3,0,14,4,3,0,4,0,36,0,0,0,5,0,5,4,0,0,11,0,8,4,44,32,33,43,20,7,187,0,9,11,46,21,35,67,55,54,285,5,13,12,81,25,17,9,0,0,161,0,0,6,68,5,4,6,0,0,92,0,0,0,4,6,3,0,0,0,18,0,8,23,147,52,38,23,12,3,292,0,0,0,0,3,4,31,17,6,54,0,0,0,4,4,5,8,0,0,26,0,0,0,9,4,0,0,0,0,17,0,5,14,86,3,0,0,0,0,108,0,5,8,37,44,65,153,107,30,455,9,49,69,399,423,540,446,166,33,2131,0,0,0,0,0,0,0,0,0,3
CED134,4,0,10,49,20,38,80,58,19,279,0,0,0,0,4,13,8,23,5,47,0,4,0,26,4,10,10,0,0,54,28,91,45,856,57,47,19,8,0,1156,0,11,10,63,8,8,7,0,0,101,0,0,0,19,0,0,0,0,0,29,0,0,0,7,8,0,0,0,0,11,0,4,7,67,18,11,14,9,3,123,0,5,0,13,0,12,29,21,20,97,0,5,0,17,3,6,0,0,0,36,0,0,12,71,10,3,4,0,0,95,0,0,0,12,13,5,14,3,0,47,0,0,3,46,23,15,6,0,5,102,0,0,0,0,0,4,17,20,9,47,0,0,0,3,3,4,4,0,0,12,0,4,0,14,0,0,0,0,0,26,0,15,58,713,11,4,4,0,0,812,0,0,0,23,8,21,66,52,7,175,6,27,46,255,178,197,173,64,18,951,0,0,0,0,0,0,10,3,0,10
CED135,6,3,15,67,36,28,58,60,16,283,0,0,0,14,15,50,104,199,79,461,12,78,125,831,286,640,390,83,20,2458,871,3287,2707,22611,2110,957,625,213,62,33450,0,26,93,419,202,119,100,43,8,1014,9,118,187,1386,376,278,176,61,18,2603,0,51,84,511,241,198,51,18,9,1169,0,17,3,84,39,32,40,20,15,253,0,9,17,97,46,88,152,157,98,671,5,14,37,119,54,36,8,3,4,281,7,137,337,1400,940,664,323,199,39,4060,23,90,147,1158,1077,1278,1047,586,126,5537,7,40,143,703,228,231,237,89,21,1690,0,0,0,4,5,38,110,121,54,328,0,3,18,69,26,28,36,21,9,201,0,0,23,149,90,53,70,15,5,397,18,36,2275,3703,218,58,22,10,0,6339,0,5,3,17,11,11,37,33,12,130,30,157,369,821,375,323,166,62,10,2310,0,0,0,28,12,15,18,4,3,78
CED136,0,6,10,52,25,71,296,150,39,639,0,0,5,3,8,8,30,21,8,88,0,5,6,46,12,28,18,6,0,121,13,74,49,660,91,52,30,39,4,1008,0,4,12,58,19,10,12,10,3,120,0,6,0,26,8,5,0,0,0,45,0,5,0,12,3,3,4,3,0,37,0,17,5,56,40,34,40,32,10,238,0,0,0,23,12,36,79,57,25,238,5,5,3,22,20,3,4,0,0,58,0,6,14,85,20,8,5,0,0,137,0,0,3,9,0,13,12,0,0,36,4,6,18,118,61,57,33,6,3,310,0,0,0,4,0,21,65,39,8,138,0,4,5,10,3,15,12,4,7,63,0,0,0,0,0,5,0,0,0,9,0,5,39,150,6,0,0,0,0,206,0,4,3,12,19,37,116,120,32,352,6,72,111,458,425,377,294,157,27,1922,0,0,0,0,9,14,19,0,3,40
CED137,3,9,16,131,70,51,99,76,25,475,3,4,12,37,45,114,230,423,215,1073,23,111,345,1321,443,567,531,103,21,3478,184,667,597,6292,792,434,322,154,69,9518,12,30,167,882,197,119,115,45,10,1575,9,19,38,821,111,65,42,14,0,1113,0,4,15,114,43,29,9,6,3,224,4,14,15,405,144,123,75,49,11,841,5,35,53,442,258,559,1104,1207,815,4472,8,26,54,277,104,57,22,13,5,561,47,229,671,5237,1579,1196,600,306,75,9935,0,14,33,327,311,354,300,190,59,1594,9,36,226,1350,310,224,247,141,36,2571,0,0,0,3,17,17,63,51,21,185,0,0,7,75,18,25,26,10,3,166,0,0,33,114,66,83,30,27,12,358,4,30,4097,3998,96,16,9,0,0,8249,0,4,11,37,28,17,29,18,11,161,17,87,242,779,423,367,228,90,18,2262,0,0,0,27,25,24,16,13,4,104
CED138,0,21,37,232,116,198,259,169,51,1087,0,0,0,5,11,9,18,10,4,61,4,9,9,34,18,22,11,11,0,114,10,33,52,412,72,54,54,43,28,756,5,22,10,61,28,17,29,9,5,184,0,0,0,21,11,11,8,0,3,52,0,0,0,0,0,3,3,0,0,9,0,13,9,120,69,48,48,46,16,369,0,9,15,227,40,42,80,52,44,510,7,27,30,230,107,36,28,6,0,475,0,0,7,52,15,7,0,0,0,90,0,0,0,8,6,11,4,4,0,33,0,5,0,38,42,49,42,15,0,207,0,0,0,3,0,11,50,31,11,112,0,0,0,7,4,9,13,4,0,39,0,0,0,6,0,3,0,0,0,8,0,0,0,90,0,0,0,0,0,96,4,6,13,103,48,63,171,126,48,571,16,122,175,1044,745,815,770,345,104,4148,0,0,0,3,3,3,4,0,0,15
CED139,4,0,4,32,24,32,99,72,27,299,0,0,0,4,0,13,17,29,4,63,3,0,3,31,14,20,10,0,0,80,18,110,111,817,122,58,28,12,0,1268,4,7,9,36,12,9,9,3,4,82,0,15,14,37,17,7,3,0,0,89,15,207,212,264,79,38,24,8,0,850,0,22,14,45,28,21,18,21,9,170,0,5,0,24,9,18,43,20,24,145,0,0,3,17,9,3,6,0,0,44,0,6,5,46,11,0,0,0,0,73,0,5,5,34,22,21,15,10,0,104,15,55,13,70,44,39,14,0,0,245,0,0,0,0,0,3,24,9,0,44,0,0,0,6,0,0,4,0,0,11,0,8,19,149,41,7,5,0,0,231,4,8,30,219,12,4,3,0,0,271,0,0,5,21,8,36,88,67,24,255,10,56,55,298,187,234,195,67,21,1124,0,0,0,0,0,4,0,0,0,8
CED140,0,11,21,109,75,80,173,123,41,643,0,0,4,7,10,22,49,57,29,172,3,11,6,55,25,51,47,12,0,215,10,62,85,705,98,73,65,51,19,1167,0,19,26,94,45,32,28,16,9,257,0,6,9,55,21,22,17,5,0,129,0,0,0,11,8,5,4,0,0,29,0,29,33,139,115,103,95,53,18,583,0,5,4,46,32,74,116,97,53,436,0,27,21,72,59,33,21,4,0,225,8,31,36,170,114,46,31,20,0,455,0,0,6,16,20,23,21,8,9,97,0,8,15,83,42,47,42,14,9,259,0,0,0,3,10,32,107,63,13,234,0,0,3,8,11,24,19,16,4,84,0,0,0,13,4,8,9,5,4,43,0,9,43,277,9,3,0,0,0,330,0,3,12,28,41,54,133,135,54,466,14,94,127,627,590,580,467,213,65,2786,0,0,0,0,5,14,0,0,0,15
CED141,0,16,14,59,44,69,222,181,50,657,0,0,0,5,3,9,30,38,17,103,0,10,8,27,11,25,20,5,6,104,4,21,43,256,72,57,46,40,14,548,5,7,14,74,29,16,9,0,0,156,0,4,0,29,11,0,0,0,0,51,3,8,3,17,4,0,0,0,0,35,0,12,15,74,53,44,48,34,11,300,0,0,4,19,23,38,103,100,46,340,0,13,10,28,19,5,7,0,6,84,0,4,14,86,23,9,3,4,0,138,0,0,0,5,8,8,16,0,0,47,0,5,16,62,45,62,61,13,5,264,0,0,0,5,5,23,78,54,13,170,0,0,0,4,3,7,11,5,0,30,0,0,0,9,3,4,0,0,0,19,0,0,11,97,3,0,0,0,0,109,0,3,9,18,16,24,132,105,36,345,5,56,92,382,376,320,290,134,31,1690,0,0,0,6,17,37,88,37,17,211
CED142,7,10,89,574,171,105,114,76,15,1161,0,0,11,83,32,75,121,228,107,651,22,50,505,1118,246,265,219,46,20,2490,21,56,541,2780,180,137,77,40,3,3829,10,30,1485,3468,368,162,168,57,11,5746,0,4,32,661,75,59,37,16,0,882,0,0,0,81,23,12,12,0,0,132,4,0,76,1804,198,118,54,26,9,2282,3,6,92,1082,115,97,116,79,30,1611,17,30,130,831,319,125,39,16,4,1510,5,24,235,1596,252,95,57,30,11,2305,0,4,9,115,66,78,74,41,19,411,4,21,353,1507,332,239,210,67,13,2747,0,0,5,12,9,15,35,35,10,117,0,0,10,75,22,21,14,10,4,152,0,0,95,110,18,18,18,8,0,259,0,0,156,230,18,4,3,0,0,417,3,16,23,261,59,36,42,27,4,465,15,39,501,2438,939,853,460,147,23,5408,0,0,4,66,16,36,26,15,5,163
CED143,13,40,51,447,220,130,127,142,35,1207,0,0,0,17,17,35,61,66,46,242,16,144,108,226,133,152,116,35,15,948,0,43,80,551,147,119,78,67,22,1114,0,9,21,109,70,41,47,17,6,312,0,4,4,172,65,54,61,32,11,411,0,0,3,15,7,11,8,5,0,50,8,62,35,395,273,189,77,53,32,1123,0,23,27,373,114,142,230,213,167,1291,5,35,54,222,216,130,55,27,10,746,4,15,22,220,82,49,32,16,4,448,0,3,0,26,35,40,15,15,3,135,0,9,25,142,126,110,96,44,12,566,0,0,0,7,5,9,17,10,0,51,0,0,0,16,12,10,8,0,0,46,0,0,0,3,0,7,4,0,6,23,0,8,139,261,10,0,0,0,0,420,10,61,30,208,116,73,62,84,31,664,11,104,178,1132,864,728,424,206,67,3717,0,0,5,12,18,13,17,11,0,84
CED144,0,0,9,68,31,31,45,45,24,248,0,37,70,154,153,380,872,1293,577,3543,6,26,71,422,200,305,292,54,21,1402,87,322,411,2951,426,272,187,91,29,4779,23,82,217,978,484,340,249,74,18,2468,0,3,11,112,25,23,17,3,0,198,0,26,60,236,155,95,30,11,6,625,0,12,4,154,72,52,43,39,6,376,4,15,26,216,148,367,609,709,388,2473,0,11,8,96,57,31,12,5,0,216,16,41,231,1247,626,690,390,232,111,3587,18,141,312,2043,2170,2750,2221,1113,340,11107,9,89,199,1048,357,205,139,59,12,2125,0,0,0,0,5,17,44,58,26,159,0,0,7,43,38,56,59,57,23,276,0,38,108,729,170,107,39,18,6,1209,10,46,1124,2291,131,48,17,7,0,3668,0,0,4,8,6,5,18,21,8,70,16,101,278,572,307,265,144,50,7,1733,0,0,3,38,40,72,77,38,12,280
CED145,0,22,32,449,150,106,144,121,86,1116,0,4,7,37,16,49,99,140,90,450,18,168,126,271,139,108,72,31,10,956,0,31,20,327,73,92,85,91,32,758,0,13,34,155,53,55,49,23,9,403,0,0,9,177,45,37,37,22,6,321,0,0,0,17,15,4,13,16,21,89,4,14,28,1222,238,121,66,50,22,1769,0,6,47,772,107,87,139,151,104,1405,6,22,28,206,138,68,44,27,8,546,0,12,21,199,80,30,10,8,0,363,0,0,4,38,43,58,24,28,14,205,0,16,12,181,119,109,97,46,9,586,0,0,0,8,7,14,35,32,12,109,0,0,0,29,3,12,0,5,3,58,0,0,0,11,5,3,4,4,10,41,0,6,20,62,4,4,0,0,0,98,6,17,12,190,43,24,46,42,24,399,23,38,192,1415,716,620,427,217,67,3711,0,0,0,18,8,16,9,0,0,56
CED146,0,9,22,61,50,33,87,58,24,348,0,4,30,60,40,114,148,162,31,590,0,13,15,165,61,75,46,8,3,391,35,347,436,2601,1086,572,271,74,26,5440,8,38,62,387,166,98,109,28,3,891,0,25,74,301,105,139,76,31,6,762,20,700,1398,4629,2018,1510,875,304,102,11550,0,33,8,43,16,27,27,16,4,184,4,7,20,91,160,356,526,526,281,1972,0,10,13,31,19,3,0,0,4,72,0,0,17,91,40,26,13,9,3,203,11,83,148,1369,975,847,485,190,31,4133,0,12,35,164,61,79,82,30,0,454,0,0,0,7,16,77,207,157,33,497,0,0,9,62,48,69,88,68,20,363,0,0,6,40,18,24,24,0,0,117,10,68,221,1966,198,51,24,0,0,2534,0,3,4,16,6,9,29,25,16,96,35,458,752,1380,448,291,126,35,15,3538,0,10,20,175,184,207,232,87,15,928
CED147,0,5,0,56,70,152,336,269,112,1008,0,0,8,11,14,57,93,58,28,268,0,17,15,25,23,25,20,5,0,135,9,64,65,614,104,39,58,35,16,1001,0,6,15,53,24,12,16,9,4,129,0,3,10,53,23,9,0,5,0,108,0,16,5,39,22,16,5,7,0,106,0,31,9,68,58,59,58,62,19,365,0,5,3,49,64,157,327,209,130,952,0,8,0,23,10,8,10,4,0,66,0,9,10,60,38,13,10,3,0,140,0,0,12,114,64,81,60,31,5,370,0,11,9,49,38,40,17,8,4,169,0,3,4,6,11,63,194,124,30,436,0,0,3,6,3,12,8,4,4,43,0,3,7,29,4,4,7,4,0,58,6,12,38,391,3,10,4,0,0,459,0,0,4,23,24,42,215,162,59,523,8,61,105,468,371,362,311,156,22,1874,0,6,11,154,267,420,572,230,43,1715
CED194,0,0,3,14,0,3,4,3,0,30,0,0,0,3,0,0,0,3,0,10,0,3,6,19,3,8,0,0,0,32,0,0,7,55,4,7,0,0,0,78,0,0,3,28,5,3,0,0,0,32,0,0,7,11,7,5,0,0,0,28,0,0,3,8,0,0,0,0,0,10,0,0,0,17,7,5,0,4,0,29,0,0,0,17,0,6,9,0,0,31,3,0,4,8,0,0,0,0,0,14,0,0,3,11,3,0,0,0,0,21,0,0,0,5,4,3,5,0,0,20,0,0,11,37,8,6,3,0,0,67,0,0,0,0,0,0,0,0,0,6,0,0,0,0,0,0,0,0,0,3,0,0,0,0,0,0,0,0,0,0,0,0,4,18,0,0,0,0,0,17,0,0,0,13,0,8,8,5,0,37,0,7,10,60,38,48,34,3,0,194,0,0,0,0,3,0,0,0,0,4
CED197,0,0,0,0,0,0,0,0,0,0,0,0,0,0,0,0,0,0,0,0,0,0,0,0,0,0,0,0,0,0,0,0,0,0,0,0,0,0,0,0,0,0,0,0,0,0,0,0,0,0,0,0,0,0,0,0,0,0,0,0,0,0,0,0,0,0,0,0,0,0,0,0,0,0,0,0,0,0,0,0,0,0,0,0,0,0,0,0,0,0,0,0,0,0,0,0,0,0,0,0,0,0,0,0,0,0,0,0,0,0,0,0,0,0,0,0,0,0,0,0,0,0,0,0,0,0,0,0,0,0,0,0,0,0,0,0,0,0,0,0,0,0,0,0,0,0,0,0,0,0,0,0,0,0,0,0,0,0,0,0,0,0,0,0,0,0,0,0,0,0,0,0,0,0,0,0,0,0,0,0,0,0,0,0,0,0,0,0,0,0,0,0,0,0,0,0,0,0,0,0
CED201,0,14,22,98,72,112,210,323,199,1050,0,7,11,28,64,126,165,137,56,592,14,81,115,604,233,354,206,24,15,1647,28,259,435,2369,900,606,339,170,60,5169,0,21,53,307,152,62,57,42,6,703,0,50,68,509,147,109,53,15,9,957,0,10,14,41,23,20,20,15,0,151,4,18,12,60,42,61,86,52,31,373,0,7,5,61,57,210,367,251,116,1071,0,10,22,54,39,13,8,4,5,164,0,41,93,316,188,84,29,5,0,763,0,4,0,34,41,68,41,18,5,204,7,189,374,1233,650,720,550,198,37,3955,0,0,0,6,3,33,73,38,10,163,0,0,12,63,39,100,93,43,11,363,0,3,37,86,31,17,13,11,0,199,0,4,29,132,35,15,6,0,0,220,0,3,11,28,32,63,241,218,105,697,9,131,238,557,365,314,191,96,18,1915,0,0,0,9,16,11,22,11,3,74
CED202,0,6,11,53,43,70,202,105,34,523,0,0,0,5,5,16,37,31,10,97,0,5,16,31,23,10,7,0,0,92,17,96,316,1213,153,58,48,24,5,1924,0,5,17,47,18,0,14,3,4,111,0,0,6,37,12,5,3,4,0,77,0,8,3,25,11,3,0,0,0,57,5,8,16,74,51,35,46,26,22,272,0,4,0,38,13,38,81,45,36,258,0,3,9,55,27,11,3,0,7,114,0,4,7,43,7,6,0,0,0,76,0,0,0,9,6,12,0,0,0,20,0,20,30,98,54,58,31,6,3,301,0,0,4,9,8,36,66,34,4,163,0,0,3,23,3,7,6,3,0,50,0,0,0,7,8,0,4,0,3,18,0,6,67,167,4,0,0,0,0,243,0,0,3,23,32,69,267,236,78,714,5,60,76,387,271,311,225,76,16,1428,0,0,0,3,4,14,10,9,0,36
CED203,0,4,7,38,37,66,137,85,22,398,0,0,0,10,3,22,29,20,16,105,3,8,10,22,16,6,9,0,0,80,8,103,134,871,105,54,45,25,4,1343,0,0,8,41,33,19,12,3,0,120,0,16,11,25,9,4,0,0,0,63,0,0,3,13,4,5,5,3,0,28,0,3,6,53,26,32,40,22,11,199,0,0,0,17,14,42,86,48,16,232,0,4,11,21,13,6,8,5,0,66,5,7,5,57,5,8,0,0,0,77,0,0,4,17,7,3,3,0,0,35,0,15,30,157,56,48,36,3,4,351,0,0,0,4,8,11,53,24,3,96,0,0,3,20,7,6,4,4,0,45,4,8,63,421,139,77,47,27,4,792,0,3,13,106,6,0,0,0,0,126,0,0,5,20,33,38,150,109,26,384,8,61,81,330,289,310,185,72,11,1347,0,0,0,4,0,9,6,0,0,21
CED204,0,3,32,72,63,68,138,156,64,597,0,27,49,92,117,186,348,374,107,1298,5,21,20,147,63,87,61,9,0,415,73,502,1229,5207,1475,924,586,251,98,10342,8,48,42,306,131,78,94,20,5,725,6,177,304,599,120,102,41,6,0,1352,0,34,51,193,114,84,39,14,4,547,0,18,9,57,31,51,65,41,13,286,0,9,7,72,60,278,541,516,247,1723,0,4,12,41,18,8,7,0,0,98,3,22,63,246,139,57,14,10,0,552,4,10,31,152,176,213,162,73,16,841,13,86,165,627,219,223,203,47,16,1589,0,0,6,9,7,28,85,69,29,228,0,5,42,248,176,342,325,180,95,1406,0,3,20,115,43,20,20,4,0,228,0,0,28,115,6,11,0,0,0,160,0,0,11,20,29,59,178,193,108,595,32,320,509,940,420,366,186,56,14,2848,0,0,13,75,71,103,113,64,12,440
CED205,0,6,12,57,44,28,57,54,11,263,0,11,52,84,56,149,213,178,62,811,0,4,16,65,18,15,12,0,0,132,104,798,1408,10610,1118,670,502,106,32,15339,0,8,27,164,61,26,10,4,0,307,6,57,106,460,83,77,30,10,4,835,31,1361,1925,5986,2687,1824,972,393,115,15291,0,8,5,34,18,25,15,11,9,132,0,3,28,102,114,563,827,559,218,2428,0,10,6,22,10,0,3,0,0,54,3,5,4,74,11,9,4,0,0,121,46,148,194,1424,837,715,373,130,27,3892,5,39,46,217,68,41,33,11,0,455,0,0,4,26,34,126,340,216,57,803,0,8,17,87,32,36,24,6,4,213,0,4,7,21,13,9,11,9,3,73,11,89,403,1758,83,23,23,0,0,2396,0,6,3,9,5,13,29,17,8,91,78,584,658,992,267,195,66,23,0,2865,0,3,11,86,75,102,73,20,11,380
CED206,0,9,17,91,94,154,299,229,85,975,0,3,0,9,16,33,50,43,14,163,3,12,12,77,29,24,8,4,6,171,4,78,74,568,152,98,85,42,14,1120,3,5,12,59,38,15,24,7,6,174,0,23,15,187,44,22,15,4,0,308,0,0,0,7,0,3,5,0,0,21,0,13,15,95,51,55,76,56,17,379,0,4,7,53,32,120,277,223,128,834,5,10,10,40,38,11,12,6,0,127,3,10,8,57,25,13,4,0,0,113,0,0,0,19,15,18,12,6,0,68,7,97,40,122,68,67,47,13,5,463,0,0,0,8,3,18,43,26,3,100,0,5,0,26,6,24,16,4,0,91,3,63,276,611,171,66,44,11,0,1249,0,5,9,50,14,0,0,0,0,79,0,7,13,74,108,155,499,385,156,1391,0,67,98,534,411,409,251,65,20,1860,0,0,0,15,5,19,9,8,0,53
CED207,0,15,34,74,72,47,130,190,90,648,3,23,42,84,119,343,636,1093,404,2755,24,222,344,986,368,562,470,105,26,3115,65,840,1411,5431,1381,776,566,272,104,10853,7,38,222,658,285,113,179,54,18,1579,7,62,115,510,175,82,52,29,9,1032,0,7,14,52,15,11,14,10,4,115,0,5,26,66,38,39,32,45,32,274,0,11,27,89,59,177,435,512,317,1630,16,47,94,183,143,42,43,21,3,589,10,88,226,747,425,172,55,27,5,1751,0,4,7,29,41,32,43,28,3,189,10,165,872,2464,976,1080,964,435,99,7073,0,0,0,0,4,13,35,49,12,116,0,7,33,124,38,80,47,27,21,381,0,5,21,43,19,22,14,6,4,131,0,6,101,190,30,6,3,4,0,341,0,6,23,29,27,29,72,90,65,336,29,188,327,474,303,245,181,102,37,1885,0,0,0,6,8,14,22,14,10,74
CED208,6,14,23,205,83,64,65,54,16,528,0,17,59,162,207,567,1044,1587,687,4327,3,11,44,195,38,22,32,11,0,363,52,172,473,2591,250,131,96,49,15,3832,4,14,24,204,50,26,21,11,3,359,0,12,25,316,43,20,9,4,5,440,0,13,19,87,41,44,22,9,0,241,3,10,10,266,78,62,40,19,13,495,3,12,18,370,160,527,1234,1849,1202,5373,6,12,21,197,86,26,10,0,0,359,0,3,18,143,24,5,3,0,0,208,4,9,15,178,257,302,286,157,44,1260,4,14,74,591,124,125,114,39,3,1085,0,0,0,16,13,43,104,99,41,313,0,0,9,79,28,24,19,10,15,180,0,0,0,16,5,4,0,0,0,33,7,9,338,734,21,3,0,0,0,1116,0,0,9,53,40,25,32,19,11,187,9,47,117,1532,470,276,114,40,7,2624,0,6,8,151,149,223,343,211,87,1171
CED209,4,14,5,106,62,58,219,146,79,695,0,0,0,6,13,35,78,79,22,246,4,16,18,40,12,15,10,0,0,119,15,73,289,1349,109,68,50,24,15,2000,3,10,12,62,28,8,14,3,7,139,0,11,18,83,21,23,6,4,0,157,0,5,3,22,10,3,3,0,0,51,3,20,29,126,63,57,58,28,16,399,0,0,7,57,30,76,242,104,74,593,0,13,6,41,21,10,5,4,0,96,3,9,6,41,14,8,0,0,0,82,0,0,5,6,9,6,8,0,0,34,0,27,26,93,54,43,32,7,0,292,0,0,0,5,10,65,141,81,18,328,0,6,13,23,19,19,4,6,0,92,0,0,0,5,0,0,0,0,0,10,0,8,17,108,4,0,0,0,0,131,4,17,13,50,42,59,286,181,64,700,10,104,116,558,324,274,248,93,15,1750,0,0,0,9,4,13,15,11,5,67
CED210,0,6,12,71,55,64,293,177,109,796,0,5,4,15,25,40,74,98,47,306,0,30,30,52,16,19,18,0,0,160,27,143,433,2297,131,53,65,23,4,3168,0,7,25,100,40,12,18,7,0,215,6,45,72,169,36,31,13,9,5,379,0,30,34,81,42,28,7,5,0,226,0,30,13,135,61,60,49,34,22,409,3,3,17,64,47,152,314,332,220,1145,0,13,10,42,28,6,0,0,0,106,0,11,16,85,9,4,6,0,0,132,4,3,3,25,11,34,11,7,0,107,0,22,44,201,59,59,28,12,4,441,0,0,0,3,3,31,75,44,7,157,0,0,17,40,13,13,0,0,0,93,4,13,66,273,93,54,36,10,3,547,0,0,31,187,3,0,0,0,0,222,0,6,12,26,22,68,308,253,103,793,14,60,134,579,323,258,151,65,18,1607,0,0,0,59,76,150,214,106,51,650
CED211,0,18,31,80,78,87,194,210,96,792,0,3,9,20,26,79,158,210,80,584,14,94,101,596,217,274,188,30,8,1528,38,360,331,2465,539,308,234,133,31,4432,0,15,34,269,96,47,55,25,11,553,0,75,83,607,168,107,45,27,18,1145,0,3,8,22,12,15,0,3,0,77,0,17,23,86,53,50,71,61,23,391,0,5,13,69,46,111,293,248,148,936,0,21,16,84,64,17,24,6,4,238,5,38,83,323,145,59,28,14,3,691,3,5,5,35,32,27,17,13,5,146,40,267,247,984,458,404,336,117,36,2884,0,0,0,4,8,11,48,41,17,138,0,4,10,79,32,37,35,8,4,206,7,122,365,1040,231,106,55,13,0,1934,0,0,40,172,8,0,0,0,0,228,0,7,11,34,35,54,170,205,105,627,13,96,145,526,366,348,184,87,38,1800,0,0,0,0,4,7,14,12,3,48
CED212,4,11,35,105,108,141,199,185,73,849,0,9,20,40,54,92,108,138,54,516,0,6,79,59,35,19,37,6,0,238,10,87,150,846,274,203,118,66,28,1778,0,4,16,78,34,28,17,7,0,190,0,0,12,79,23,15,10,6,0,145,0,0,3,18,12,12,3,5,0,51,0,22,21,181,95,84,107,58,37,604,0,10,4,69,52,110,181,169,56,656,0,14,9,33,37,11,12,0,0,111,0,3,9,74,25,6,10,4,0,127,0,7,0,39,40,52,28,14,4,180,0,20,34,123,86,74,81,19,5,435,0,0,0,3,3,26,50,23,11,118,0,4,12,115,44,79,67,17,10,355,0,0,0,24,6,7,4,4,3,52,0,6,6,58,0,4,0,0,0,83,0,4,13,28,50,65,193,155,137,647,12,135,297,1075,665,564,350,117,35,3259,0,0,0,12,15,14,10,5,5,64
CED213,0,10,18,70,75,97,233,222,85,819,0,4,3,24,32,86,207,235,73,660,0,9,3,25,17,20,12,0,0,91,0,9,30,155,25,50,54,45,12,387,0,5,5,52,13,6,16,5,4,112,0,0,0,15,8,0,8,0,0,33,0,0,0,6,4,6,0,0,4,20,0,24,48,143,102,103,115,63,33,631,0,10,15,68,41,137,441,331,136,1178,0,11,3,24,22,9,8,3,0,89,0,0,9,24,4,4,3,0,0,43,0,0,0,0,5,9,8,6,0,40,0,0,7,43,35,52,45,14,0,195,0,0,0,5,11,14,81,69,16,191,0,0,0,24,17,47,38,23,10,161,0,0,0,4,6,5,5,3,0,23,0,0,5,18,0,0,0,0,0,28,0,3,7,40,48,74,281,236,88,780,5,60,71,443,398,457,391,195,43,2056,0,0,0,11,16,22,16,14,0,76
CED214,0,4,25,137,50,49,208,160,49,693,0,7,16,44,62,189,393,676,322,1707,3,13,23,454,55,53,50,6,4,663,69,266,1096,4909,336,209,160,62,30,7141,0,19,49,411,70,30,30,6,0,618,0,31,35,270,49,28,4,8,0,420,4,180,93,296,70,67,33,10,0,747,0,12,13,171,60,30,31,20,4,339,0,0,18,154,50,225,416,506,341,1706,5,11,28,154,49,11,3,0,0,255,7,5,14,204,31,12,8,5,0,287,4,3,10,86,95,89,64,17,6,374,26,146,104,867,155,117,93,24,3,1525,0,3,0,29,46,262,1005,836,273,2463,0,3,13,90,8,33,34,5,8,199,0,68,214,702,122,59,23,6,0,1194,6,10,515,914,25,19,6,6,0,1496,0,4,5,43,18,21,38,28,12,174,38,205,323,1391,418,231,116,20,5,2752,0,4,19,166,190,328,531,256,85,1575
CED215,4,22,29,155,108,66,125,108,38,654,0,22,27,49,89,211,335,424,193,1343,12,49,36,286,73,62,43,4,0,562,242,1651,1608,13932,1268,540,461,135,20,19858,7,46,91,832,193,52,83,18,0,1327,9,29,37,390,89,32,19,0,0,606,5,13,19,87,43,23,11,6,0,205,6,28,31,345,117,59,59,34,15,698,0,20,21,159,97,249,416,422,297,1682,3,18,16,124,67,11,12,6,0,245,5,42,47,351,106,37,14,10,0,613,12,22,65,433,277,202,150,54,7,1217,11,142,173,931,251,192,139,32,4,1875,0,0,4,29,57,190,453,393,140,1263,0,10,32,231,53,55,45,14,4,444,0,8,32,129,66,44,21,11,8,326,0,10,91,438,30,22,17,0,0,609,0,14,8,59,42,31,55,46,12,271,111,781,746,2096,866,493,198,45,8,5351,0,8,3,156,192,237,271,158,45,1072
CED216,0,3,4,50,39,71,312,208,65,750,0,0,0,3,6,25,53,33,10,134,0,3,6,30,0,9,5,4,0,54,11,52,131,572,67,37,42,18,9,940,4,8,0,47,13,6,16,10,0,119,0,4,0,18,4,3,0,0,0,34,0,3,0,16,0,0,0,0,0,23,0,6,3,42,16,46,57,39,17,228,0,0,8,16,24,101,250,222,131,753,3,6,0,13,7,0,9,5,3,52,0,0,8,25,5,3,4,0,0,41,0,0,6,3,10,0,0,0,0,21,0,21,34,133,47,44,26,6,0,323,0,0,0,7,8,40,119,74,19,274,0,0,0,19,4,16,24,9,0,75,0,6,8,65,15,5,5,0,0,100,0,3,13,52,3,0,0,0,0,75,0,0,10,38,35,116,413,315,82,1011,5,94,78,396,291,339,320,110,15,1659,0,0,0,0,0,4,6,0,0,14
CED217,8,30,44,172,169,127,225,191,90,1047,0,14,14,43,88,194,295,442,182,1275,10,106,61,135,77,72,64,22,6,557,34,231,215,1716,316,225,182,112,31,3066,3,18,39,166,57,28,20,8,7,350,0,0,4,154,45,29,18,6,0,258,0,3,0,7,8,8,9,5,0,43,4,24,45,493,137,122,74,58,29,983,0,25,12,123,86,137,257,229,199,1061,19,92,45,205,145,59,32,7,10,605,0,31,49,146,70,25,8,5,0,335,0,0,0,19,42,44,26,16,7,164,4,40,53,336,158,146,121,54,18,930,0,0,0,0,6,18,43,17,10,101,0,0,5,60,33,47,22,12,5,190,0,0,0,9,12,10,7,0,3,44,0,3,88,121,8,0,0,0,0,223,4,31,34,58,67,55,82,55,26,407,10,103,204,761,569,511,261,118,31,2576,0,0,0,25,24,19,15,8,0,99
CED218,0,5,22,69,42,44,170,121,40,520,0,24,28,70,84,251,305,274,63,1100,0,13,24,194,54,53,41,5,7,393,76,614,1119,7286,1408,762,539,211,57,12067,0,20,41,248,93,49,35,6,0,503,3,20,41,232,58,23,15,9,0,401,10,282,241,604,190,137,100,32,3,1598,3,23,12,55,24,21,23,18,6,184,0,13,21,103,115,467,700,454,193,2064,4,7,5,52,28,3,3,0,0,101,0,8,15,93,34,11,4,0,0,174,5,27,21,192,164,188,108,33,12,758,3,151,64,394,123,101,85,25,0,947,0,4,23,108,156,551,1165,648,158,2821,0,3,15,107,34,30,42,11,5,252,0,47,180,561,134,40,15,6,0,984,0,12,35,225,15,12,7,0,0,299,0,0,3,9,8,16,40,36,17,125,50,525,675,996,301,225,72,21,5,2878,3,9,41,467,468,635,906,303,62,2893
CED219,0,7,10,65,57,78,259,111,45,630,0,3,4,23,37,65,79,86,14,309,0,9,5,41,14,13,15,0,0,98,57,416,570,5392,447,345,239,72,19,7548,0,10,11,120,43,13,8,3,3,217,0,13,4,58,22,11,6,0,0,122,0,24,29,78,30,15,13,3,0,195,3,8,12,106,56,63,66,46,4,376,0,6,6,61,60,211,292,177,53,871,0,10,12,37,22,3,7,0,0,87,0,3,18,56,27,13,7,5,0,123,0,8,14,86,61,50,23,12,3,261,0,91,30,162,59,60,44,15,3,462,0,11,30,108,104,242,564,255,38,1353,0,3,9,91,24,29,14,4,0,169,8,26,89,354,82,31,14,4,4,602,0,7,24,135,3,0,5,0,0,177,0,0,7,16,48,42,156,92,35,402,62,501,489,1163,548,408,207,68,11,3457,0,4,10,96,100,112,134,23,5,486
CED220,5,3,26,192,80,57,151,97,52,663,3,4,9,82,101,225,416,928,450,2225,14,110,124,423,93,125,106,38,12,1034,70,309,493,3481,338,241,184,99,39,5239,0,19,110,405,96,51,66,17,6,761,0,11,15,273,50,21,20,16,0,407,0,0,0,36,15,10,4,4,0,67,0,7,17,696,59,60,65,42,18,964,0,8,24,234,60,98,196,190,121,923,12,33,45,268,105,59,33,10,0,571,0,15,46,362,67,37,13,11,4,564,0,7,5,34,22,25,21,8,4,119,9,33,170,960,271,279,253,96,25,2096,0,0,0,8,7,19,24,18,5,78,0,0,20,134,33,32,43,20,11,290,0,0,16,16,15,9,10,6,3,83,0,9,157,276,4,3,0,0,0,452,0,14,16,79,33,32,64,33,23,281,16,78,225,1443,453,408,263,110,34,3036,0,0,0,31,14,17,9,5,0,75
CED221,0,5,18,83,49,57,97,84,26,420,0,8,25,62,42,73,94,66,20,397,0,10,11,120,20,33,8,0,0,206,91,1125,1881,12208,2288,1210,684,212,59,19760,0,30,40,206,92,29,24,4,4,434,3,136,268,344,38,18,6,3,0,822,0,54,58,144,49,41,23,17,6,391,3,59,11,70,36,35,33,39,9,286,0,11,13,52,29,115,148,128,58,556,6,3,9,60,18,3,0,0,0,98,0,5,24,109,51,10,3,0,0,208,0,8,13,68,65,56,39,10,0,260,7,55,104,317,127,122,72,14,0,829,0,0,0,9,3,28,70,41,6,152,0,26,131,585,264,392,291,90,40,1815,0,3,3,67,35,19,19,3,0,159,4,16,62,365,41,14,6,0,0,520,0,7,6,23,34,46,160,137,53,468,89,668,932,1812,622,429,215,69,18,4850,0,0,5,80,47,63,34,4,0,237
CED222,7,12,26,86,60,61,112,134,75,558,8,76,175,354,340,683,1247,1927,757,5576,12,37,116,518,98,122,81,19,8,1009,133,575,2407,9032,1220,866,578,386,139,15330,8,45,159,776,218,101,76,28,5,1415,0,25,56,286,59,30,14,0,0,471,0,12,21,60,28,41,14,11,0,191,0,21,11,142,49,41,48,37,24,372,3,6,28,128,81,212,553,791,553,2358,6,43,49,197,109,30,28,3,0,468,15,79,108,734,178,87,39,18,3,1258,0,4,16,63,78,105,86,59,14,428,30,219,620,2590,414,310,249,73,14,4519,0,0,0,12,10,16,81,102,42,261,4,0,52,287,117,230,210,175,82,1160,4,17,78,615,210,115,51,33,12,1138,0,14,246,477,15,12,0,0,0,765,0,5,9,20,23,37,46,63,33,234,24,205,347,816,322,268,129,49,20,2171,0,0,0,20,30,25,38,26,11,157
CED223,4,3,10,65,43,133,365,217,82,919,0,0,0,9,10,17,29,18,9,91,0,3,10,38,7,10,7,0,0,81,14,50,77,545,71,45,34,25,7,865,0,0,7,39,11,10,11,7,0,91,0,0,0,22,5,8,6,0,0,40,0,0,0,3,0,0,0,0,0,15,0,9,10,64,23,40,27,29,8,199,0,3,6,25,23,75,232,238,134,735,0,3,3,32,18,4,13,0,0,69,0,0,8,23,5,5,0,0,0,38,0,7,0,3,3,5,7,0,0,23,3,20,19,78,37,46,18,3,3,225,0,0,0,3,0,12,27,11,6,63,0,0,5,19,4,11,0,0,0,39,0,4,3,25,3,0,8,0,0,43,4,27,60,152,7,0,0,0,0,251,0,8,3,38,39,77,258,179,46,643,0,52,75,310,317,339,258,97,21,1465,0,0,0,0,6,6,15,4,0,36
CED224,0,18,29,155,110,93,150,153,54,763,0,9,21,84,114,265,394,517,200,1606,7,20,28,200,58,53,54,14,3,433,25,186,398,2281,655,497,370,161,60,4633,0,9,30,157,57,22,33,13,5,328,0,23,51,158,31,16,24,4,0,306,0,3,10,37,22,14,15,5,0,104,0,37,37,343,116,86,67,61,31,786,0,8,16,96,95,164,304,332,176,1187,6,23,28,103,74,42,15,0,0,303,4,14,22,124,47,19,5,3,0,240,0,3,9,78,51,58,58,18,3,272,7,29,51,383,123,132,111,33,12,875,0,0,0,4,9,19,52,54,17,160,0,5,19,192,97,111,124,78,22,641,0,4,3,43,23,19,10,10,3,124,0,0,37,81,10,5,3,0,0,136,0,10,16,52,37,33,104,88,49,384,13,133,221,890,497,415,234,85,24,2510,0,6,11,240,191,196,127,66,18,846
CED225,6,10,17,117,81,61,162,156,56,667,0,9,18,44,76,234,342,315,159,1201,4,42,28,231,88,82,71,19,9,573,22,153,227,1593,271,181,137,51,31,2673,0,12,23,173,49,42,34,11,9,356,5,33,50,631,120,57,36,11,0,939,0,0,4,37,26,18,18,0,3,108,4,21,19,179,114,85,80,42,26,569,0,9,7,114,89,338,780,597,412,2346,5,16,20,116,81,33,23,0,4,295,0,13,27,144,55,20,15,3,0,277,0,0,6,52,59,118,76,44,15,378,4,49,86,478,182,217,224,73,4,1321,0,0,0,12,10,43,109,74,14,261,0,0,13,52,11,47,25,19,6,168,0,0,4,15,3,10,8,0,0,42,0,3,50,109,12,0,3,0,0,177,0,17,8,50,45,31,87,64,31,338,16,90,133,656,368,339,171,80,23,1871,0,3,4,68,64,121,147,70,24,499
CED226,5,16,13,114,68,62,143,110,47,576,0,4,17,35,66,218,324,558,297,1522,23,236,175,535,353,346,286,82,25,2066,29,260,367,2120,486,286,220,136,42,3953,0,21,64,382,115,67,92,35,4,792,0,49,63,422,166,65,57,24,9,851,0,9,0,36,16,5,3,6,0,78,4,20,10,137,64,87,57,38,29,443,0,13,11,128,72,164,362,382,277,1408,4,29,38,144,96,42,28,20,6,404,0,41,80,286,123,63,22,3,3,619,0,0,0,21,28,28,20,17,9,123,3,131,279,1049,767,649,630,249,75,3834,0,0,0,0,6,14,44,19,12,91,0,0,11,76,20,26,24,0,3,168,0,0,7,32,8,17,6,0,4,80,0,0,64,112,7,6,3,5,0,189,4,15,31,47,44,22,78,48,18,304,12,132,235,726,407,380,263,118,59,2334,0,0,0,14,13,26,27,19,5,104
CED227,0,0,15,82,46,81,148,127,39,533,0,6,11,14,27,27,22,25,12,144,0,10,11,65,32,20,20,0,0,172,64,741,878,7879,1037,491,345,120,21,11573,0,19,23,136,56,25,17,8,0,285,4,19,29,124,42,24,4,5,0,250,0,3,26,51,23,12,5,4,0,124,0,51,18,99,51,59,42,30,16,365,0,10,8,60,41,90,161,142,49,572,0,13,16,34,28,5,6,0,0,94,5,15,26,125,54,18,6,4,0,252,0,9,15,60,41,37,8,4,0,169,8,98,83,232,127,82,48,19,3,699,0,0,0,6,7,25,57,30,0,131,3,7,72,351,140,193,113,37,10,929,0,17,40,240,51,16,8,3,0,380,0,3,18,148,12,6,0,0,0,189,0,3,11,37,50,82,272,215,77,755,41,364,441,977,495,370,156,73,15,2936,0,0,0,20,15,17,5,0,0,62
CED228,0,3,21,57,45,53,130,71,31,411,0,4,12,45,47,79,115,80,46,420,8,25,13,164,42,77,45,0,0,373,385,2269,3113,23483,1997,946,745,169,38,33148,7,20,58,527,164,58,44,15,0,895,0,26,49,215,42,24,11,0,0,363,0,10,24,87,59,30,17,8,0,229,0,11,6,99,25,34,38,22,9,247,0,12,28,85,81,275,399,353,191,1427,3,15,24,77,41,10,8,0,0,173,3,15,18,197,52,16,12,3,0,318,4,35,68,428,164,120,45,13,0,885,20,156,127,634,172,135,116,29,0,1383,0,3,5,32,47,174,335,156,29,777,0,10,27,196,55,44,25,15,0,367,0,33,301,1277,484,245,112,65,19,2537,0,20,113,737,85,16,10,4,0,987,0,3,7,10,9,27,79,43,14,195,146,1062,1117,2306,720,558,215,61,5,6194,0,4,14,100,80,122,120,39,10,491
CED229,5,19,43,432,132,87,238,109,57,1118,3,0,23,91,59,197,271,518,226,1393,12,54,134,424,80,80,71,17,9,871,57,212,627,3836,254,164,122,68,15,5358,3,22,221,693,99,41,46,12,5,1139,3,9,35,545,70,34,28,9,0,729,0,0,3,40,10,11,6,6,7,79,7,18,76,1469,128,92,58,22,17,1875,0,14,41,597,86,137,183,153,87,1305,6,30,52,398,122,65,38,3,7,717,7,19,62,678,75,32,11,4,0,876,0,0,4,34,31,23,21,9,0,119,3,22,259,1238,182,165,160,49,10,2100,0,0,0,9,16,12,40,30,7,120,0,0,28,156,18,32,12,14,6,271,0,0,20,29,8,6,8,0,7,73,0,0,148,270,9,0,0,0,0,432,0,10,15,149,47,32,59,45,13,383,12,75,268,2001,748,530,306,99,21,4053,0,3,7,55,34,18,21,4,0,147
CED230,0,0,11,49,26,41,132,80,26,359,0,0,0,8,9,26,62,71,23,206,0,3,14,62,0,15,9,0,0,99,15,97,96,918,119,69,38,27,0,1375,0,11,18,87,37,15,10,0,0,176,0,0,3,27,4,0,0,0,0,44,0,10,7,20,19,9,0,0,0,56,0,11,4,41,9,23,22,11,8,125,0,0,8,37,14,86,261,271,174,850,0,0,0,36,3,0,0,0,0,49,0,0,9,55,3,3,0,0,0,72,0,0,0,3,0,9,4,3,0,26,5,61,238,1277,259,89,21,0,0,1950,0,0,0,0,0,24,38,12,3,82,0,0,3,16,7,6,7,3,0,40,0,5,19,125,40,19,7,3,0,223,0,8,22,175,4,0,0,0,0,211,0,0,0,31,23,36,166,120,35,415,11,59,70,302,226,252,192,71,18,1190,0,0,0,4,0,3,4,3,0,18
CED231,0,9,7,123,56,49,157,125,36,559,0,9,17,73,73,240,443,621,216,1699,0,15,31,226,91,82,58,4,7,513,41,201,230,1920,342,271,249,146,47,3447,0,7,27,186,48,17,30,16,3,336,0,27,22,332,61,43,39,27,13,560,0,19,34,146,74,62,24,10,7,369,3,20,26,238,75,64,52,41,21,538,0,31,35,256,146,678,1630,1636,948,5353,6,17,16,140,79,29,10,0,3,303,4,11,28,160,41,8,5,8,0,273,0,4,17,109,146,170,149,71,18,690,4,18,72,547,134,98,131,34,4,1041,0,0,3,16,35,97,278,289,122,842,0,0,3,71,22,35,25,13,8,175,0,0,0,21,10,3,8,6,0,52,0,5,305,361,3,6,0,0,0,674,0,8,7,51,15,17,64,46,17,221,23,100,182,895,352,257,136,48,8,2009,0,0,0,55,68,73,93,60,15,367
CED232,0,0,13,80,65,68,176,130,34,557,0,5,12,44,46,97,116,61,16,394,3,10,10,56,23,17,10,3,0,130,34,311,441,4350,374,237,174,57,20,6001,0,9,16,69,27,7,7,0,3,134,0,50,63,359,87,37,14,4,3,617,0,24,31,205,80,35,19,7,0,397,4,21,9,126,69,42,49,31,9,366,4,22,12,73,80,273,424,200,57,1140,0,13,8,23,22,7,8,0,0,88,0,8,10,61,16,6,4,3,0,102,0,7,10,88,55,41,37,15,0,245,3,35,53,202,64,62,46,11,3,474,0,0,4,25,19,84,198,80,18,429,0,9,11,84,17,23,19,6,0,166,0,0,0,9,5,0,5,0,0,13,0,21,31,326,21,5,3,0,0,409,5,3,11,31,42,39,105,73,22,331,23,227,204,681,428,290,183,62,16,2110,0,8,5,137,69,116,105,26,3,473
CED233,8,22,69,407,100,61,81,67,14,838,0,0,4,83,49,151,229,424,223,1170,11,49,455,992,151,117,71,32,8,1881,194,317,1311,6045,218,105,69,40,3,8312,7,19,1421,1219,80,47,68,15,0,2872,4,10,44,571,60,25,18,6,0,740,0,0,14,80,17,14,8,0,0,130,5,12,30,651,78,60,56,13,9,914,0,12,81,569,71,143,256,237,265,1637,6,22,159,662,118,36,16,9,0,1032,14,25,280,1620,128,40,8,5,0,2116,0,0,8,63,27,33,24,14,10,178,10,52,1541,3315,367,261,196,65,16,5824,0,0,0,11,6,23,42,21,12,111,0,4,66,157,12,21,5,4,0,275,0,5,177,180,20,13,4,3,0,404,0,6,432,335,6,0,0,0,0,783,0,10,32,159,24,35,39,47,3,359,17,50,615,2926,565,366,202,62,18,4805,0,0,5,54,26,21,22,11,5,153
CED234,0,15,17,74,65,68,160,189,76,649,0,36,47,79,129,425,819,1211,479,3240,42,321,260,1430,673,855,742,168,56,4542,21,267,375,2202,459,292,293,151,39,4095,0,25,59,415,160,74,84,52,17,888,21,262,329,1585,612,337,183,84,16,3429,0,7,9,67,36,21,16,9,0,167,0,15,13,48,37,43,38,29,14,237,0,18,28,115,95,307,946,1067,693,3258,3,25,34,124,71,43,39,17,4,351,4,76,143,552,281,112,53,21,5,1250,0,4,9,47,76,148,124,48,20,478,11,265,679,2257,959,840,888,357,68,6328,0,0,0,5,5,24,68,95,29,221,0,0,8,54,19,21,20,10,3,141,0,6,9,39,8,15,18,7,7,107,0,3,64,147,5,3,0,0,0,234,0,9,10,23,37,30,92,91,59,356,21,132,209,451,297,254,150,88,22,1620,0,0,0,30,28,64,77,72,30,296
CED235,0,13,13,84,47,99,293,214,69,825,0,0,0,5,13,19,47,59,17,161,0,3,5,25,13,11,14,0,0,70,5,29,58,415,75,42,51,28,9,700,0,6,7,50,16,9,19,5,0,113,0,3,0,12,4,3,0,0,0,26,0,5,3,10,6,0,0,0,0,21,0,10,0,52,40,42,70,54,14,289,0,3,3,40,19,76,237,187,111,670,0,3,7,23,21,16,7,0,0,81,0,0,0,36,5,0,0,0,0,45,0,0,0,4,6,5,5,4,0,24,0,3,5,44,21,35,17,9,0,147,0,0,8,4,3,37,102,81,21,263,0,4,10,32,17,27,31,11,0,138,0,0,4,16,11,0,3,0,0,37,0,0,3,36,0,0,0,0,0,46,0,5,3,49,54,119,456,313,108,1101,5,57,97,410,312,407,344,141,24,1786,0,0,0,0,3,3,6,9,0,23
CED236,3,9,12,48,34,42,130,87,23,394,0,5,8,17,9,33,71,62,34,228,4,3,8,47,5,7,9,3,0,76,14,132,182,1550,219,152,97,20,12,2376,0,0,20,62,33,7,0,4,4,127,0,34,46,41,3,3,5,0,0,131,0,40,56,255,104,58,20,5,0,537,0,23,5,50,28,27,41,24,6,205,0,4,4,25,24,138,386,389,204,1167,0,0,0,15,11,0,0,0,0,35,0,5,0,29,0,9,0,0,0,46,0,0,0,7,0,9,4,0,0,28,5,75,89,629,129,80,20,0,0,1034,0,0,0,7,6,10,49,34,3,102,0,0,3,11,7,4,0,0,0,31,0,0,0,19,0,3,0,4,0,27,0,4,30,127,13,3,0,0,0,169,0,0,4,31,28,58,186,132,38,479,9,113,176,391,296,330,237,100,23,1672,0,0,0,13,10,13,29,25,16,96
CED237,0,8,13,80,39,32,61,51,9,296,0,43,119,208,202,612,976,1045,369,3585,0,0,25,160,31,61,41,7,0,333,77,561,1577,8073,1062,621,365,93,36,12475,0,15,44,210,88,40,35,8,0,440,5,191,236,1039,250,90,38,6,0,1869,7,159,265,1045,647,413,132,63,11,2742,0,26,9,68,23,38,35,25,8,238,3,40,66,251,230,895,1652,1359,724,5207,0,13,13,42,30,13,0,6,0,119,0,10,25,117,39,14,6,0,0,214,13,26,82,463,443,472,234,77,19,1832,3,68,109,499,141,164,163,26,6,1173,0,0,0,11,30,131,317,218,70,778,0,5,41,145,51,65,46,18,5,372,0,0,3,36,8,6,7,0,0,59,4,27,267,1110,52,34,14,0,0,1502,0,0,6,24,5,15,25,28,17,107,25,283,328,664,226,190,70,17,9,1809,6,47,102,867,736,1227,1550,696,214,5450
CED238,3,3,9,81,39,49,135,72,39,422,0,0,0,0,8,22,33,12,5,82,0,0,8,18,0,7,0,0,0,43,4,44,39,419,44,37,24,15,3,642,0,14,8,69,16,6,6,0,3,124,0,0,0,21,3,0,0,0,0,27,0,0,4,3,0,0,0,0,0,12,0,19,23,85,35,37,36,33,4,275,0,0,0,24,10,28,69,37,25,193,0,4,4,25,15,7,4,0,0,66,0,7,9,55,0,0,0,0,0,82,0,0,0,14,5,0,3,0,0,19,0,3,5,70,27,23,14,3,0,150,0,0,0,4,5,28,48,18,7,112,0,0,0,9,0,7,5,0,0,25,0,0,0,17,6,0,0,0,0,21,0,0,12,125,6,0,0,0,0,144,0,0,8,47,35,37,200,188,54,565,14,92,167,559,391,460,265,93,21,2068,0,0,0,0,3,6,9,0,0,21
CED239,3,9,21,237,79,49,84,67,35,592,0,24,24,116,133,328,651,1167,492,2944,0,5,34,200,34,17,14,4,0,315,42,272,333,2660,253,133,88,49,15,3855,9,38,58,304,59,19,13,6,0,511,3,37,31,337,54,41,11,7,0,526,0,19,33,202,131,96,46,28,4,565,0,14,15,296,75,40,27,17,19,498,0,17,39,435,200,711,1393,1961,1523,6280,0,7,34,209,73,14,14,5,0,353,0,12,21,187,38,11,0,0,0,262,3,27,79,566,571,577,502,186,44,2551,5,27,92,571,103,93,73,22,4,998,0,0,0,17,13,63,166,229,150,632,0,0,9,93,20,19,13,5,0,160,0,6,5,21,10,17,9,3,0,69,6,38,1250,2215,74,24,15,3,0,3616,4,4,9,73,26,22,30,16,3,194,18,64,203,1767,404,212,96,32,11,2811,0,0,0,31,26,30,25,30,17,170
CED294,0,0,0,9,0,11,3,0,0,33,0,0,0,5,0,0,0,0,0,10,0,3,5,0,0,0,5,0,0,9,0,4,9,71,4,0,0,0,0,90,0,0,0,11,3,0,0,0,0,15,0,3,0,12,5,0,0,0,0,24,0,4,0,0,0,0,0,0,0,11,0,0,0,17,0,0,0,0,0,27,0,0,0,3,0,0,5,0,0,13,0,0,0,7,0,0,0,0,0,6,0,0,0,6,0,0,0,0,0,10,0,4,0,6,5,0,0,0,0,14,0,0,12,43,13,6,0,0,0,74,0,0,0,0,4,0,0,0,0,5,0,0,3,0,0,0,0,0,0,3,0,0,0,0,0,0,0,0,0,4,0,0,0,8,0,0,0,0,0,8,0,0,0,0,0,3,8,3,0,22,0,0,17,64,27,23,14,6,0,157,0,0,0,4,0,0,0,0,0,3
CED297,0,0,0,0,0,0,0,0,0,0,0,0,0,0,0,0,0,0,0,0,0,0,0,0,0,0,0,0,0,0,0,0,0,0,0,0,0,0,0,0,0,0,0,0,0,0,0,0,0,0,0,0,0,0,0,0,0,0,0,0,0,0,0,0,0,0,0,0,0,0,0,0,0,0,0,0,0,0,0,0,0,0,0,0,0,0,0,0,0,0,0,0,0,0,0,0,0,0,0,0,0,0,0,0,0,0,0,0,0,0,0,0,0,0,0,0,0,0,0,0,0,0,0,0,0,0,0,0,0,0,0,0,0,0,0,0,0,0,0,0,0,0,0,0,0,0,0,0,0,0,0,0,0,0,0,0,0,0,0,0,0,0,0,0,0,0,0,0,0,0,0,0,0,0,0,0,0,0,0,0,0,0,0,0,0,0,0,0,0,0,0,0,0,0,0,0,0,0,0,0
CED301,3,7,10,108,76,72,156,93,25,540,0,3,0,4,0,3,3,6,4,30,4,7,25,53,10,27,9,4,6,141,15,205,207,1833,263,88,62,24,3,2710,0,11,4,56,36,20,16,13,0,158,0,8,7,56,13,4,4,6,0,103,0,3,4,12,0,3,5,0,0,26,0,16,16,76,35,36,41,26,4,251,0,3,3,17,10,15,20,21,10,102,4,8,12,64,29,8,9,0,0,137,0,8,16,140,31,15,5,0,0,219,0,0,0,5,0,0,0,0,0,14,3,8,12,141,82,86,28,15,0,377,0,0,4,6,0,22,27,23,0,77,0,0,4,15,0,11,8,3,0,37,0,0,0,5,0,7,0,3,0,23,0,4,12,146,8,8,3,0,0,190,0,3,0,41,59,87,166,120,30,500,93,846,1104,2873,1357,958,542,234,35,8039,0,0,0,0,6,0,7,0,0,11
CED302,0,17,24,142,87,70,104,89,28,571,0,3,13,21,25,30,110,118,64,383,20,133,145,469,156,175,111,40,7,1253,22,270,345,1953,546,203,148,58,27,3576,5,26,34,172,76,43,51,25,3,426,3,20,34,279,85,49,23,9,0,508,0,14,8,47,37,7,9,0,0,123,7,53,33,384,128,65,49,36,12,772,0,13,11,87,38,40,115,131,102,550,0,31,29,155,106,24,24,12,6,382,10,145,179,891,332,101,25,11,0,1695,0,3,0,19,20,23,19,13,5,111,5,43,128,473,186,163,148,52,8,1212,0,4,0,0,3,9,17,12,0,44,0,0,0,20,4,10,14,7,0,63,0,7,8,23,16,15,10,4,0,76,0,0,21,90,10,12,0,0,0,142,0,16,7,40,41,41,81,78,9,318,49,436,687,2133,1425,1040,629,221,63,6680,0,0,0,11,10,17,11,6,0,54
CED303,0,6,26,96,93,116,206,175,57,778,0,6,3,12,11,19,28,26,10,112,3,16,12,42,28,32,35,8,5,175,9,50,74,546,125,86,66,46,15,1017,0,13,14,43,27,18,38,21,12,190,0,3,0,55,15,14,8,8,0,113,0,0,0,5,0,0,4,0,0,16,4,29,43,230,91,69,84,36,18,603,0,6,9,23,19,33,83,79,40,293,0,19,17,57,47,14,13,4,0,164,0,6,11,78,25,9,9,3,0,154,0,0,3,10,7,6,13,6,0,47,0,10,19,64,63,67,48,20,4,286,0,0,0,0,9,24,37,27,10,102,0,0,0,0,13,11,14,11,5,50,0,0,0,9,5,4,9,4,3,35,0,0,13,61,5,3,0,0,0,87,0,9,12,45,52,70,230,184,91,694,36,357,703,2092,1638,1595,1085,437,94,8036,0,0,0,7,7,3,0,0,6,20
CED304,7,11,50,312,100,83,84,64,13,712,0,0,5,30,10,8,20,21,13,106,8,76,277,362,97,85,59,9,8,975,84,268,399,2410,238,112,70,55,17,3657,3,19,112,236,63,30,26,12,5,504,6,19,32,478,82,30,23,3,0,681,0,7,7,24,12,7,3,0,0,64,0,19,40,448,125,106,60,53,17,867,0,12,49,364,77,88,169,231,185,1171,21,48,133,493,161,46,24,6,5,933,4,53,209,1025,149,47,19,0,0,1506,0,3,3,30,19,12,4,0,5,74,5,26,168,471,127,101,66,20,6,1000,0,0,0,3,4,7,16,11,3,43,0,0,4,41,5,5,9,0,0,64,0,3,29,49,11,6,5,4,0,111,5,12,474,889,11,7,6,0,0,1406,0,11,35,92,50,45,68,33,11,347,21,175,551,2208,1048,824,478,200,28,5540,0,0,0,19,11,12,6,4,0,52
CED305,0,3,5,76,37,46,71,60,9,312,0,0,0,4,4,3,0,0,6,23,0,3,4,25,8,8,3,0,0,55,9,42,68,539,89,23,18,10,6,810,4,3,0,38,19,8,7,9,6,84,0,0,0,23,12,0,3,5,0,45,0,0,0,8,0,0,0,0,0,10,4,24,9,70,17,13,19,23,8,185,0,0,0,12,6,13,23,18,6,92,0,7,3,24,11,5,7,0,0,66,0,5,8,38,17,4,0,0,0,68,0,0,0,4,0,0,0,3,0,10,4,11,6,40,18,33,16,0,0,124,0,0,0,0,9,16,44,35,14,111,0,0,0,3,0,4,3,0,0,16,0,0,3,63,14,8,4,0,0,93,3,8,41,184,13,7,0,0,0,257,0,0,0,18,13,38,68,57,21,220,23,144,222,859,626,634,437,129,32,3095,0,0,0,3,0,0,0,0,0,10
CED306,0,12,14,119,50,91,127,83,21,523,0,0,4,0,0,4,13,11,10,43,0,4,3,42,7,12,5,4,0,78,16,81,79,631,167,53,30,24,4,1088,6,10,22,77,35,10,13,8,4,180,0,3,0,38,8,0,0,3,0,52,0,8,0,10,0,5,0,0,0,18,0,27,19,114,31,30,31,14,9,273,3,7,9,66,26,44,119,138,101,515,4,7,18,54,24,7,4,0,0,120,3,20,17,217,35,6,0,0,0,293,0,0,0,0,0,7,0,0,0,10,0,4,18,119,40,32,26,8,3,251,0,0,0,7,5,16,76,72,22,206,0,0,0,8,3,0,5,4,0,24,0,0,6,28,4,8,0,0,0,42,0,3,15,100,8,4,0,0,0,132,0,0,15,40,44,35,98,69,13,325,15,169,303,1113,752,790,557,182,22,3901,0,0,0,0,0,0,0,0,0,5
CED307,4,18,37,120,99,91,144,65,22,597,0,0,0,11,5,3,6,12,11,42,4,11,20,59,31,30,20,3,5,187,8,81,93,970,227,133,78,43,21,1651,0,7,12,42,48,12,28,14,6,164,0,13,12,142,34,17,8,5,0,239,0,40,30,71,22,31,9,6,3,214,0,22,30,179,83,47,52,35,12,458,0,3,5,55,30,67,107,73,35,371,0,12,8,58,48,20,17,3,0,172,5,12,15,86,25,8,4,0,0,155,0,3,3,7,9,6,8,0,5,31,0,10,17,111,64,73,52,28,4,354,0,0,0,8,0,9,14,16,0,46,0,0,0,3,6,9,21,4,0,51,0,5,10,90,20,32,19,4,4,176,0,12,28,139,13,5,0,0,0,201,0,10,14,40,72,77,121,77,39,449,46,369,628,2016,1335,1036,561,213,39,6240,0,0,0,9,0,7,5,0,0,25
CED308,0,12,43,144,90,130,245,178,79,918,0,3,4,15,9,32,40,40,16,157,5,40,65,182,49,96,62,15,0,500,15,128,274,1751,189,127,93,63,14,2652,5,23,48,144,94,60,50,10,9,440,0,19,27,203,64,61,28,12,4,421,0,0,15,49,24,31,13,6,3,144,0,23,28,123,72,61,55,55,19,437,0,0,11,59,32,55,133,99,34,423,8,56,75,314,250,150,80,26,15,974,5,68,93,518,241,157,34,25,4,1136,0,3,3,24,15,29,15,13,0,98,0,14,51,147,87,134,65,22,3,529,0,0,0,5,8,32,64,53,14,181,0,0,6,49,21,25,28,11,5,141,0,0,7,33,7,7,3,5,0,62,0,3,32,214,11,3,0,0,0,263,0,0,12,47,36,76,189,138,36,536,101,1057,1891,5191,2892,2610,1866,963,222,16801,0,0,3,12,19,12,9,3,0,66
CED309,0,16,27,181,117,179,243,196,61,1028,0,0,0,4,10,9,14,14,12,63,0,32,19,31,18,27,13,5,3,143,7,70,99,643,70,54,36,40,12,1039,4,17,22,71,42,13,28,12,6,205,0,8,0,50,16,6,4,0,0,85,0,0,0,5,5,0,0,0,0,13,0,27,18,131,82,55,48,36,15,411,0,10,5,87,41,33,58,40,39,319,3,14,30,101,44,21,10,0,0,227,0,19,20,256,19,4,3,0,0,321,0,0,0,6,8,4,3,0,0,19,0,10,14,58,60,63,33,6,0,252,0,0,0,3,5,12,31,24,8,89,0,3,5,13,0,18,13,9,0,60,0,0,0,6,7,0,5,0,0,23,0,10,85,304,8,6,5,0,0,410,0,16,19,64,80,71,196,146,69,658,19,247,457,1696,1349,1351,1153,544,152,6968,0,0,0,3,4,3,0,0,0,14
CED310,5,16,20,149,103,123,220,202,66,903,0,0,0,5,7,9,9,14,9,58,0,18,18,55,11,18,9,3,0,137,15,85,130,802,115,49,47,35,15,1294,0,5,12,49,19,7,42,8,12,155,0,4,11,39,10,0,7,0,0,76,0,0,3,4,0,0,0,0,0,13,0,36,30,100,79,71,79,54,23,473,5,10,16,68,26,52,76,68,30,349,3,12,32,78,50,20,14,0,0,212,4,28,18,200,20,9,3,0,0,285,0,0,0,4,7,4,0,5,0,25,0,6,11,81,59,48,37,8,9,258,0,0,0,0,7,20,32,33,4,101,0,4,9,18,6,11,15,0,4,69,0,0,0,7,15,7,9,5,3,47,0,6,77,314,10,7,3,0,0,421,0,15,21,55,78,81,192,148,54,642,55,373,568,1863,1401,1374,1176,583,157,7566,0,0,0,0,6,8,3,0,0,21
CED311,0,4,19,70,38,74,95,77,22,395,0,0,0,0,4,8,10,3,7,23,0,0,0,14,6,7,0,5,0,34,14,59,40,417,70,26,18,8,0,654,0,12,19,68,29,8,15,7,0,159,0,0,0,25,9,4,0,0,0,34,0,0,3,0,10,4,0,0,0,13,0,5,14,56,22,18,19,15,3,155,0,6,3,32,4,10,33,19,12,123,0,5,0,35,8,9,8,0,0,63,0,6,11,55,5,3,0,0,0,86,0,0,0,0,0,0,0,0,0,5,0,7,10,79,26,42,7,4,0,174,0,0,0,0,0,5,16,9,0,36,0,0,0,4,3,5,4,0,0,19,0,0,0,31,7,8,0,0,0,45,0,0,42,144,0,0,0,0,0,191,0,0,5,15,28,64,118,59,24,310,17,164,345,991,811,840,627,174,25,3997,0,0,0,0,0,0,0,0,0,5
CED312,0,3,15,104,89,100,217,140,53,714,0,0,4,8,9,24,32,22,9,101,0,10,12,107,17,47,29,3,4,235,23,125,290,2216,166,102,88,45,17,3076,0,13,21,102,53,31,34,19,9,290,0,30,63,109,18,10,15,8,0,257,3,67,66,164,42,33,20,4,0,401,0,26,16,131,53,44,58,39,21,394,0,0,11,30,20,36,62,44,16,216,0,12,22,107,83,26,14,13,3,286,6,29,40,301,112,59,29,8,0,582,5,4,6,34,25,25,8,9,0,119,0,15,31,139,65,90,56,21,11,421,0,0,0,4,9,12,40,26,6,97,0,3,3,22,11,23,16,20,3,95,0,5,28,80,22,21,14,7,5,181,0,4,11,83,6,0,0,0,0,100,0,0,3,45,40,68,187,143,51,539,115,1165,2121,5498,2801,2086,1305,519,93,15717,0,0,0,13,6,15,10,6,0,51
CED313,6,15,49,330,129,62,83,60,19,762,0,4,6,35,25,62,146,223,150,649,11,62,272,400,84,64,48,17,3,960,28,175,373,2122,261,124,97,30,11,3229,0,12,78,193,57,33,18,10,0,407,0,37,37,431,70,31,19,10,4,628,0,4,8,50,23,21,0,0,0,107,0,39,51,612,148,77,45,35,10,1012,0,7,29,336,54,50,104,96,97,770,10,43,109,373,133,53,17,0,0,742,8,63,156,868,160,51,11,4,4,1322,0,0,10,29,24,27,24,8,5,127,8,33,179,496,150,98,62,22,3,1051,0,0,5,0,0,3,12,11,5,38,0,0,7,33,12,15,9,3,0,76,0,0,9,40,9,15,12,0,6,96,0,10,240,501,22,4,0,0,0,780,3,18,24,93,49,42,54,39,11,338,32,191,594,2195,1127,816,433,122,24,5535,0,0,4,17,9,7,4,3,6,49
CED314,0,4,11,47,45,64,100,66,31,361,0,0,0,4,0,11,11,0,3,27,0,7,13,43,18,13,7,3,0,109,17,111,271,1309,143,65,39,18,12,1973,0,6,8,35,17,8,14,8,0,99,0,5,29,59,13,21,10,9,0,151,85,702,532,571,183,66,40,15,4,2200,0,13,9,46,35,28,28,32,13,209,0,3,6,19,7,15,32,25,20,120,4,5,14,42,17,6,7,0,4,101,0,27,18,182,20,0,0,0,0,252,0,0,0,5,3,0,8,5,0,20,0,7,16,134,50,50,27,7,0,300,0,0,0,0,0,3,12,3,0,16,0,0,0,16,0,9,4,0,0,18,0,0,4,19,0,3,0,3,0,34,0,18,166,507,16,6,9,0,0,718,0,0,8,26,30,43,106,96,37,345,20,103,165,583,489,420,317,158,32,2289,0,0,0,0,0,0,0,0,0,0
CED315,0,17,26,134,78,80,121,96,25,584,0,0,0,15,11,16,20,28,13,101,0,0,30,42,12,8,13,6,0,116,10,66,207,804,207,84,43,20,3,1438,3,14,24,62,29,16,8,10,0,172,0,5,3,27,4,9,7,0,0,50,0,0,8,14,3,0,4,0,0,31,0,26,15,98,38,42,36,23,8,288,0,4,19,76,29,40,81,64,56,367,6,7,17,53,15,16,9,0,0,124,7,17,20,127,31,10,4,0,0,211,0,0,0,0,0,0,0,4,0,6,0,11,30,103,58,78,21,8,5,313,0,0,0,4,0,12,24,7,0,46,0,3,0,19,7,7,4,0,0,34,0,0,5,43,14,12,7,3,0,91,0,6,20,136,3,0,0,0,0,176,0,4,7,44,26,37,93,69,16,295,17,151,298,1003,677,743,471,170,33,3566,0,0,0,0,0,4,4,0,0,4
CED316,0,7,13,57,56,119,252,234,93,826,0,0,0,0,0,6,18,3,0,33,0,0,3,45,7,17,13,5,0,91,11,56,35,404,87,39,27,32,5,700,0,3,6,54,22,20,26,21,4,154,0,0,4,16,0,5,0,5,0,41,0,3,3,4,6,0,0,0,0,20,0,7,9,45,27,27,44,48,18,227,0,0,0,36,14,28,79,91,70,330,7,0,12,57,18,5,6,0,0,108,0,12,24,162,13,0,3,0,0,217,0,0,0,0,5,6,0,0,0,16,0,6,34,171,53,57,31,5,0,360,0,0,0,0,0,21,48,54,16,140,0,0,0,14,3,9,7,6,0,38,0,0,0,43,3,0,3,4,0,58,0,0,33,149,11,3,0,0,0,205,0,0,3,28,29,80,245,182,69,643,23,128,204,641,690,946,1037,511,106,4285,0,0,0,0,0,5,0,0,0,5
CED317,4,4,16,125,59,117,176,170,36,705,0,0,0,4,0,3,14,11,18,51,0,7,0,28,8,10,12,0,0,62,14,56,83,821,103,93,49,30,6,1263,0,6,12,101,41,15,37,9,6,234,0,0,0,4,5,0,6,0,0,15,0,0,0,0,0,0,0,0,0,4,0,8,6,76,34,21,27,21,4,197,0,4,13,82,20,77,314,412,328,1251,0,15,20,144,64,13,4,0,0,263,0,4,5,69,8,8,6,0,0,91,0,0,0,0,0,6,0,0,0,9,0,5,15,87,34,32,19,7,0,198,0,0,0,0,3,7,33,23,11,80,0,0,0,5,6,4,5,0,3,33,0,0,0,16,0,5,0,0,0,26,0,0,18,65,0,0,0,0,0,88,0,3,4,47,30,46,137,74,21,364,20,139,243,860,639,774,584,193,23,3482,0,0,0,3,0,4,0,0,0,6
CED318,0,17,49,271,151,238,230,215,57,1227,0,0,0,9,11,11,13,15,11,63,0,10,17,131,21,48,36,14,5,286,8,129,165,1072,195,94,60,35,14,1764,3,38,40,166,84,30,47,9,14,427,0,0,0,28,12,13,14,0,0,76,0,0,5,0,0,0,4,3,0,16,0,23,19,151,72,69,70,33,12,437,0,14,19,231,45,84,111,94,76,677,3,83,77,591,576,170,48,22,9,1583,5,41,41,493,100,23,13,3,0,710,0,0,0,7,3,9,9,3,0,34,5,25,20,76,55,77,44,15,7,328,0,0,0,4,10,26,20,12,8,71,0,0,6,22,13,23,20,12,3,88,0,5,12,105,22,14,4,0,0,160,10,117,181,229,12,5,5,0,0,552,6,14,14,100,75,106,173,93,29,591,32,185,285,1168,1013,1056,791,263,62,4845,0,0,0,0,0,4,5,0,0,9
CED319,5,7,17,154,79,67,94,70,35,526,0,4,3,9,5,5,16,21,16,90,4,26,55,196,54,57,70,21,9,485,47,274,481,2970,467,231,158,71,35,4728,0,15,36,115,42,20,26,11,4,278,3,24,34,254,60,18,14,5,7,416,0,7,8,33,18,11,6,0,0,93,3,42,35,269,85,57,47,40,24,594,0,13,10,118,57,99,195,266,161,918,9,24,31,167,124,31,13,0,3,406,0,25,53,327,85,24,9,8,0,523,4,0,3,7,6,7,3,3,0,40,7,28,45,227,86,94,64,37,13,595,0,3,0,3,3,7,21,16,12,57,0,0,3,18,13,7,6,0,3,53,0,7,22,159,48,26,17,9,0,281,4,22,369,821,26,16,0,0,0,1260,0,4,9,49,37,31,78,54,23,296,38,282,501,2144,1172,914,555,202,52,5851,0,0,0,4,3,10,3,7,0,34
CED320,0,5,19,84,84,92,249,163,35,735,0,0,7,8,3,5,16,7,0,55,0,5,14,64,7,16,18,0,6,133,3,44,36,459,64,46,40,36,9,742,0,8,17,75,32,15,31,19,9,200,0,3,0,26,12,14,9,9,0,68,0,0,3,24,10,0,7,0,0,47,3,23,15,79,51,49,55,51,18,358,3,7,10,36,22,31,75,58,40,276,0,12,28,111,30,14,4,0,0,195,0,13,40,312,28,16,4,0,0,413,0,0,0,6,9,3,0,4,0,20,0,5,22,96,60,60,42,18,3,299,0,0,0,3,3,15,46,25,5,102,0,0,0,10,16,19,26,18,4,87,0,0,3,34,3,10,7,0,0,57,0,15,19,45,0,0,0,0,0,77,0,6,11,43,43,88,237,156,44,630,48,507,858,2377,1542,1367,1186,519,119,8525,0,0,0,4,3,0,0,3,0,16
CED321,0,0,7,60,33,64,105,83,23,378,0,0,0,0,0,3,3,3,0,10,4,0,4,21,0,7,3,0,0,46,11,21,35,271,28,11,11,14,4,405,3,3,10,44,19,7,12,6,5,92,0,0,3,8,3,0,0,0,0,13,0,0,0,0,0,0,0,0,0,0,0,4,3,59,24,22,23,24,5,169,0,5,0,27,8,24,75,67,44,240,0,0,6,18,8,3,0,0,0,44,0,0,9,107,5,5,0,0,0,119,0,0,0,0,0,0,3,0,0,8,0,9,8,43,19,26,6,3,0,116,0,0,0,0,0,0,10,8,0,21,0,3,3,5,0,0,0,0,0,14,0,0,0,14,8,0,0,0,0,15,0,0,8,61,0,0,0,0,0,81,0,0,5,29,19,41,118,93,23,331,12,57,107,488,438,535,501,185,18,2341,0,0,0,0,3,0,8,8,0,12
CED322,0,15,18,164,68,89,151,174,69,752,0,0,0,8,11,22,23,23,12,102,3,30,39,133,67,91,59,15,0,435,4,21,123,383,112,76,47,38,14,828,5,21,29,99,44,33,36,10,9,276,0,10,5,64,22,16,28,3,0,151,0,0,0,11,9,7,0,0,0,29,5,19,24,131,82,61,68,40,25,457,0,10,13,126,41,58,114,72,39,479,8,77,117,401,356,109,49,20,5,1149,4,44,42,184,110,35,17,8,4,447,0,0,0,8,14,20,8,14,3,69,3,18,54,138,77,115,78,25,8,519,0,0,0,3,6,19,46,70,16,163,0,0,6,27,19,21,15,9,3,102,0,0,4,7,14,6,0,4,7,43,0,0,21,44,0,0,0,0,0,64,3,8,14,63,47,65,133,114,58,507,36,311,731,2581,1750,1492,1230,544,192,8862,0,0,0,13,10,16,17,10,5,74
CED323,6,0,38,227,80,113,212,220,79,989,0,4,3,31,11,40,59,86,23,252,16,93,110,238,84,72,70,4,5,697,26,123,343,1766,187,98,74,44,18,2675,0,15,66,147,70,38,50,16,8,415,0,11,27,216,54,40,43,17,7,424,0,8,13,31,24,18,12,5,0,114,0,12,26,197,61,47,63,53,14,475,0,10,31,261,58,97,185,172,81,896,7,90,178,796,491,270,135,47,6,2025,12,86,182,793,261,156,63,29,8,1588,0,3,0,32,22,35,22,15,8,138,0,15,76,207,118,120,73,22,9,650,0,0,0,3,6,20,54,40,19,140,0,0,8,38,6,25,20,9,6,115,0,0,6,15,8,5,4,3,0,47,0,4,165,471,10,0,0,3,0,663,0,8,19,65,42,46,152,137,63,542,54,331,1023,3212,2155,2097,1713,841,203,11636,0,0,4,50,12,34,31,10,3,158
CED324,4,3,16,151,76,68,132,91,36,574,0,10,12,7,21,58,78,113,48,348,18,104,198,822,199,371,228,55,16,2018,47,312,993,4563,519,271,205,72,23,7006,12,23,70,295,125,73,68,47,9,714,3,41,70,369,62,30,20,6,0,608,0,28,65,122,72,41,13,5,0,347,0,22,15,151,74,32,50,27,10,382,4,3,20,89,39,36,79,83,55,412,10,74,87,379,166,41,30,12,8,809,24,127,234,1521,493,212,77,43,3,2745,0,8,9,18,20,21,13,13,0,96,10,69,203,800,313,268,218,104,22,2001,0,0,0,0,5,0,11,11,6,32,0,0,3,29,10,3,0,0,3,52,0,0,11,44,15,5,17,9,5,111,0,9,102,241,7,7,0,0,0,362,0,15,10,51,31,33,68,70,19,287,30,310,657,1558,871,622,383,155,39,4635,0,0,0,18,13,14,14,13,3,84
CED325,0,11,21,121,95,78,212,116,35,691,0,0,0,6,7,6,10,6,3,41,0,21,39,189,64,84,90,13,5,507,32,348,480,3853,718,346,199,104,28,6102,6,19,39,186,93,42,52,30,14,478,0,52,82,409,161,86,37,16,0,840,0,32,49,120,68,24,21,5,0,327,0,26,17,108,45,52,45,33,18,345,0,12,5,47,23,25,64,54,37,276,3,16,21,106,71,25,18,3,9,275,0,21,66,306,143,55,37,16,3,650,0,0,3,33,28,38,21,11,3,135,0,36,70,327,167,142,132,49,16,942,0,0,0,4,4,9,29,29,11,91,0,0,3,22,12,11,9,3,0,63,0,0,5,96,32,31,16,9,8,202,0,16,48,462,36,20,6,0,0,594,0,4,5,43,35,47,152,116,39,441,93,1000,1676,3817,1591,1168,596,217,46,10185,0,0,5,16,13,23,21,7,0,84
CED326,6,21,18,125,98,117,163,142,38,715,0,4,5,6,17,8,25,34,9,104,7,26,23,105,36,66,62,12,5,339,40,373,438,3648,625,299,215,67,26,5719,0,12,23,101,61,18,25,17,5,266,0,16,35,187,75,16,16,0,4,357,0,40,34,71,26,24,9,3,0,215,0,39,29,192,73,59,66,48,27,550,0,14,12,51,38,53,136,94,71,476,3,20,23,102,71,24,18,7,7,260,6,53,26,311,75,29,10,0,0,512,0,3,3,11,18,12,12,6,0,66,3,23,32,135,92,76,56,19,7,433,0,0,0,3,0,8,43,26,5,85,0,0,6,16,11,19,15,14,0,86,0,0,10,39,12,10,8,5,7,85,5,29,76,526,51,22,3,0,0,712,3,12,13,35,46,49,166,135,63,519,106,841,1329,3232,1874,1484,1079,428,141,10509,0,3,0,14,6,15,4,5,0,41
CED327,0,4,23,78,68,61,173,101,23,530,0,0,5,14,11,10,36,35,16,126,14,64,84,582,167,283,198,23,9,1421,37,357,576,3190,596,293,202,109,26,5383,6,30,33,242,90,49,66,28,6,548,0,85,162,272,50,29,8,3,0,613,0,59,72,241,117,51,25,7,6,571,0,38,12,89,46,36,45,38,16,317,0,5,3,27,15,44,61,43,21,231,0,14,23,131,79,25,8,3,4,293,12,133,182,1052,395,137,63,20,3,1989,0,11,12,77,50,48,20,17,0,235,30,190,113,520,198,214,146,64,10,1478,0,0,0,0,6,5,19,26,8,65,0,0,6,12,14,15,19,0,6,73,3,83,279,961,270,133,79,36,11,1861,0,0,0,53,9,0,0,0,0,63,0,0,4,31,17,36,109,88,33,317,103,1117,2034,4354,1981,1572,867,298,47,12367,0,0,5,36,27,35,37,6,0,143
CED328,8,41,65,232,140,107,118,93,26,833,0,3,6,9,10,8,12,7,12,67,14,102,222,275,109,108,79,24,6,944,26,278,313,1633,435,205,127,78,29,3127,18,55,79,250,80,41,44,24,10,590,0,55,54,473,163,53,48,22,3,874,0,4,12,31,22,11,10,0,0,88,9,51,53,228,137,79,60,42,21,676,0,21,23,102,72,45,83,48,38,437,10,58,100,219,150,70,27,16,6,661,8,107,150,365,212,49,27,12,4,931,0,0,6,25,11,8,7,0,0,53,0,59,272,439,209,155,142,83,16,1377,0,0,0,0,5,3,0,11,4,23,0,0,14,25,4,13,19,0,0,78,5,0,19,37,15,16,7,3,8,110,0,10,156,324,11,7,8,0,0,511,4,22,24,77,72,71,100,82,18,468,26,210,507,1107,864,618,399,184,56,3977,0,0,0,11,14,12,16,8,0,63
CED329,3,6,10,122,105,181,280,208,46,967,0,3,0,5,7,4,19,6,0,44,0,12,10,15,14,10,6,3,0,69,3,23,18,202,33,25,21,26,6,358,5,14,12,35,16,15,35,11,3,140,0,0,0,0,4,0,9,0,0,11,0,0,0,0,0,0,4,0,0,8,0,12,15,66,28,46,48,31,4,250,0,5,13,79,30,40,60,28,15,271,4,12,3,53,29,14,6,3,3,127,0,8,0,50,5,4,0,0,0,74,0,0,0,0,0,6,0,0,0,4,0,0,3,33,29,43,31,7,0,144,0,0,0,6,3,13,28,21,5,70,0,0,0,3,4,7,3,8,5,25,0,0,0,3,0,0,5,3,0,9,0,5,16,49,0,0,0,0,0,64,0,8,11,39,61,93,210,150,48,616,16,100,167,673,840,1031,1065,459,82,4434,0,0,0,0,0,0,0,0,0,7
CED330,0,0,17,112,110,143,185,138,41,747,0,0,0,4,8,3,12,0,0,38,0,9,50,67,21,23,9,0,0,181,10,42,106,721,87,74,40,25,4,1116,0,12,15,87,22,25,29,12,4,208,0,3,3,30,5,10,5,6,0,58,0,5,8,27,10,0,9,0,0,56,0,11,23,106,57,46,32,31,14,323,0,4,4,23,19,37,59,28,8,191,3,14,38,121,65,41,30,17,0,322,4,12,45,201,31,25,8,0,0,320,0,0,0,0,0,3,4,0,0,12,4,15,19,52,55,59,38,8,0,253,0,0,0,5,6,26,40,13,0,87,0,0,0,18,9,17,14,9,0,63,0,7,6,70,9,8,3,0,0,105,0,0,3,29,0,4,0,0,0,38,3,7,17,48,76,100,208,131,33,614,45,359,678,2343,1836,1495,945,339,57,8099,0,0,0,10,4,10,4,0,0,28
CED394,0,0,14,46,11,11,12,5,0,101,0,0,0,0,0,0,0,0,0,3,0,0,0,10,0,0,3,0,0,14,0,0,8,31,5,0,3,0,0,48,0,0,0,23,0,0,4,0,0,34,0,0,0,3,0,0,0,0,0,10,0,0,0,3,0,0,0,0,0,4,0,0,5,31,5,12,3,3,0,51,0,0,5,31,0,3,4,3,0,54,0,0,7,13,0,0,0,0,0,21,0,0,0,27,0,0,0,0,0,29,0,0,0,0,0,6,0,0,0,3,0,0,3,21,0,0,0,0,0,29,0,0,0,0,0,0,4,0,0,9,0,0,0,0,0,0,0,0,0,0,0,0,0,0,0,0,0,0,0,3,0,0,0,6,0,0,0,0,0,8,0,3,3,11,4,14,26,7,0,72,3,6,29,149,94,117,145,17,0,565,0,0,0,0,0,0,0,0,0,0
CED397,0,0,0,0,0,0,0,0,0,0,0,0,0,0,0,0,0,0,0,0,0,0,0,0,0,0,0,0,0,0,0,0,0,0,0,0,0,0,0,0,0,0,0,0,0,0,0,0,0,0,0,0,0,0,0,0,0,0,0,0,0,0,0,0,0,0,0,0,0,0,0,0,0,0,0,0,0,0,0,0,0,0,0,0,0,0,0,0,0,3,0,0,0,0,0,0,0,0,0,0,0,0,0,0,0,0,0,0,0,0,0,0,0,0,0,0,0,0,0,0,0,0,0,0,0,0,0,0,0,0,0,0,0,0,0,0,0,0,0,0,0,0,0,0,0,0,0,0,0,0,0,0,0,0,0,0,0,0,0,0,0,0,0,0,0,0,0,0,0,0,0,0,0,0,0,0,0,0,0,0,0,0,0,0,0,0,0,0,0,0,0,0,0,0,0,0,0,0,0,0
CED401,5,3,15,162,77,77,229,163,93,835,0,7,35,84,95,252,654,929,645,2696,3,54,487,522,69,59,69,9,4,1275,116,880,1981,7918,866,316,199,74,18,12372,8,35,88,241,43,12,17,7,3,450,4,76,157,559,128,66,42,17,6,1048,0,10,23,132,68,51,28,0,0,312,0,13,8,98,50,51,49,29,24,310,0,21,26,197,95,267,624,643,514,2391,0,20,42,169,77,16,21,10,5,359,8,31,135,601,111,34,11,4,0,939,0,8,17,60,47,41,39,20,4,242,9,61,593,984,207,112,138,49,11,2165,0,0,0,11,7,22,69,55,29,188,0,3,11,31,7,3,0,0,0,59,0,4,29,94,20,11,6,0,0,170,3,30,370,1222,32,9,6,0,0,1673,0,0,12,41,34,50,124,64,41,366,11,74,133,445,211,223,196,66,19,1386,0,0,0,14,6,6,12,3,3,49
CED402,0,3,9,61,54,98,257,184,83,753,0,0,0,8,14,31,92,128,69,348,0,5,0,26,13,5,3,0,0,63,16,54,104,564,100,88,54,26,6,1006,0,4,13,80,26,9,9,7,0,149,0,0,5,12,12,9,5,0,0,31,4,9,5,11,7,5,0,0,0,39,0,0,0,46,13,13,20,15,4,122,0,0,7,28,14,69,121,169,113,519,0,3,4,19,10,0,4,0,0,47,0,0,11,43,5,0,4,0,0,63,0,0,0,5,5,7,4,0,4,28,5,20,40,253,50,25,20,4,3,418,0,0,0,0,0,8,17,3,0,34,0,0,0,0,3,5,4,0,0,12,0,5,23,117,46,16,8,10,0,235,0,0,15,64,3,0,0,0,0,94,0,3,0,24,32,71,317,163,43,660,8,58,119,379,280,342,206,69,19,1479,0,0,0,0,4,3,3,0,0,15
CED403,6,17,19,137,103,122,267,234,140,1047,0,6,8,45,29,107,258,358,182,989,16,32,91,263,52,59,56,14,7,584,35,299,561,2308,469,175,118,72,36,4078,3,30,33,174,47,27,19,7,7,357,5,34,57,313,98,118,59,17,12,713,0,16,13,49,21,16,12,5,0,125,3,35,24,159,71,79,69,56,34,528,0,4,13,79,51,101,266,256,172,951,0,15,23,106,73,20,11,10,4,269,3,29,97,247,91,31,8,0,0,504,5,5,7,48,42,52,53,44,14,269,13,46,118,410,155,125,113,64,16,1059,0,0,0,3,3,11,40,34,14,115,0,0,7,21,9,6,0,3,0,37,0,0,6,37,6,4,3,4,0,62,7,60,368,1575,46,24,8,0,0,2086,6,9,25,66,41,69,209,171,90,676,9,52,85,376,285,275,210,93,34,1421,0,0,0,3,0,3,4,8,0,16
CED404,4,0,0,47,28,117,247,162,48,651,0,0,5,7,4,24,53,74,26,202,0,0,4,20,3,4,7,0,0,37,10,51,89,525,61,37,20,14,7,809,0,3,5,48,20,8,8,3,0,97,0,0,0,17,3,6,0,0,0,28,0,0,0,3,0,0,0,0,0,3,0,4,4,28,19,24,31,31,4,143,0,0,0,13,9,42,110,127,71,379,0,3,6,8,5,3,10,0,0,32,0,3,7,35,4,3,0,0,0,58,0,0,0,3,5,0,6,0,0,13,0,5,12,47,20,22,8,5,0,120,0,0,0,0,0,9,30,13,8,62,0,0,0,0,3,0,5,0,0,5,0,0,0,3,0,3,3,0,0,11,0,0,8,60,4,0,0,0,0,79,0,13,3,21,30,71,243,140,35,559,7,41,52,283,238,275,201,80,9,1191,0,0,0,0,0,0,9,4,6,16
CED405,4,14,30,136,68,99,335,274,95,1064,0,20,28,69,62,240,525,569,310,1828,0,10,28,134,16,29,27,5,0,247,49,371,757,3375,456,200,140,88,35,5475,0,15,23,86,32,15,15,0,6,190,0,16,28,200,41,43,17,11,3,359,0,5,28,79,43,16,10,7,0,191,0,17,32,125,59,74,50,50,26,435,0,16,33,130,113,408,965,1101,701,3480,0,3,16,65,36,17,11,0,0,151,3,3,34,109,29,10,0,0,0,187,0,0,6,18,25,40,21,23,4,144,3,19,52,293,77,72,79,27,3,626,0,0,0,4,9,20,110,53,29,212,0,0,0,11,7,3,0,0,0,20,0,0,9,9,4,4,3,5,0,24,4,10,116,528,12,3,0,0,0,673,0,8,3,43,35,48,152,89,21,407,6,59,100,376,270,239,154,49,4,1263,0,0,4,18,17,23,25,35,13,136
CED406,0,9,16,128,102,152,317,254,129,1098,0,3,8,14,18,37,62,48,16,201,0,4,24,44,14,21,23,3,0,136,5,85,144,757,227,123,75,54,16,1482,0,3,8,61,34,24,28,14,3,178,0,11,28,150,73,64,42,19,7,398,0,12,5,43,14,17,12,3,0,114,0,22,22,83,72,66,78,59,32,433,0,8,0,46,32,66,137,102,34,431,0,11,14,44,41,11,5,0,0,131,0,8,29,95,19,8,3,0,0,165,0,0,7,45,34,49,28,13,7,189,5,11,28,89,56,61,64,23,0,339,0,3,0,5,5,17,42,32,7,111,0,0,5,8,9,9,5,0,4,41,0,0,0,5,0,0,6,0,0,15,0,0,10,102,4,4,0,0,0,121,0,9,12,45,52,99,334,219,66,833,3,59,97,468,324,307,250,82,13,1603,0,0,0,0,4,3,5,0,0,16
CED407,0,9,6,46,62,122,362,275,116,999,0,0,8,18,12,78,134,126,47,417,0,15,104,153,34,30,25,11,0,361,49,515,1113,5111,683,250,189,67,25,8005,0,7,25,103,33,15,21,4,3,222,10,71,188,366,94,50,21,22,0,817,0,40,60,198,83,41,11,7,0,446,0,20,16,40,40,51,54,59,28,308,0,3,15,46,52,203,432,312,228,1293,0,12,4,48,20,11,10,0,0,109,0,20,61,198,87,13,4,4,0,389,0,14,18,102,58,64,69,21,3,352,3,78,80,265,103,79,78,25,7,722,0,0,0,4,8,28,81,71,24,217,0,0,5,8,7,5,3,5,0,23,0,21,96,167,58,12,10,3,0,361,0,22,75,326,30,13,0,0,0,472,0,0,4,25,26,71,227,170,56,582,7,63,93,287,205,178,135,60,14,1031,0,0,3,8,6,12,16,13,4,71
CED408,0,11,13,139,125,232,391,249,106,1267,0,0,0,4,7,18,54,30,3,116,3,14,10,32,17,11,7,3,0,102,3,20,46,240,57,40,36,38,18,498,0,14,7,40,23,11,13,4,7,111,0,3,7,40,26,8,8,6,0,91,0,0,3,8,5,4,0,0,0,16,0,17,25,64,57,61,60,59,18,358,4,7,0,38,30,57,159,105,47,458,6,11,8,47,38,13,6,6,0,133,0,11,26,46,18,3,0,0,0,105,0,0,0,7,7,7,4,5,0,34,0,12,24,88,67,54,47,12,4,306,0,3,0,3,3,14,30,21,0,80,0,0,0,5,4,3,0,0,0,19,0,0,6,5,8,0,0,0,0,16,0,0,4,29,3,3,0,0,0,38,0,8,13,48,65,105,450,233,55,981,12,47,83,338,332,361,296,139,27,1624,0,0,0,0,3,0,4,0,0,7
CED409,0,5,11,32,45,120,240,133,84,670,0,0,5,13,14,60,110,110,45,358,0,0,16,43,7,8,3,0,0,82,31,170,178,1306,144,85,49,27,12,2003,3,19,23,120,36,16,11,3,0,237,0,83,148,205,21,8,5,0,5,471,0,6,26,91,45,34,5,3,0,215,0,14,12,36,37,53,68,64,35,315,0,0,15,31,32,125,329,284,167,978,3,0,4,21,10,3,0,3,0,49,0,0,8,42,7,4,0,0,0,66,0,19,6,47,18,18,13,6,0,135,13,203,31,151,43,35,27,7,0,516,0,0,3,0,9,22,66,44,12,158,0,0,6,9,4,3,6,0,0,32,4,86,258,756,187,72,29,7,0,1400,4,272,472,455,23,5,3,0,4,1234,0,0,0,21,31,90,220,147,59,571,9,64,109,344,246,224,141,41,4,1192,0,0,0,5,3,12,9,3,5,38
CED410,3,14,26,99,83,105,320,273,159,1079,0,3,19,32,31,159,253,320,175,997,28,101,186,517,144,176,161,45,7,1352,76,797,1151,5437,938,303,250,115,39,9121,4,20,40,163,44,27,41,12,0,364,12,103,118,601,221,93,73,28,5,1253,0,4,27,64,35,25,6,3,0,174,0,34,5,78,48,57,68,35,35,351,3,36,35,221,171,588,1712,1845,1156,5769,0,32,54,138,76,21,15,9,3,360,12,122,213,580,299,97,23,6,4,1351,0,14,19,102,62,84,73,43,20,419,11,168,321,1023,423,301,341,200,36,2829,0,0,0,7,0,16,55,40,16,145,0,4,0,13,4,4,0,3,0,28,0,0,6,25,6,10,3,4,0,52,6,16,131,569,23,12,9,3,0,772,0,7,19,39,36,36,157,160,48,498,10,74,113,279,205,217,186,98,32,1223,0,0,0,3,0,0,6,0,0,13
CED494,0,0,0,7,0,0,8,0,0,19,0,0,0,0,0,0,0,0,0,0,0,0,0,8,0,0,3,0,0,12,0,0,8,14,0,0,3,0,4,32,0,0,0,6,0,0,0,0,0,11,0,0,0,4,0,0,0,0,0,9,0,0,0,0,0,0,0,0,0,0,0,0,0,0,0,0,3,0,0,8,0,0,0,4,0,0,4,0,0,12,0,0,0,0,0,0,0,0,0,0,0,0,0,0,0,0,0,0,0,3,0,0,0,0,0,0,0,0,0,0,0,0,0,5,0,0,0,0,0,5,0,0,0,0,0,0,0,0,0,0,0,0,0,0,0,0,0,0,0,0,0,0,0,5,0,0,0,0,0,5,0,0,5,3,0,0,0,0,0,6,0,0,0,3,5,0,5,0,0,15,0,0,3,14,14,10,10,0,0,53,0,0,0,0,0,0,0,0,0,0
CED497,0,0,0,0,0,0,0,0,0,0,0,0,0,0,0,0,0,0,0,0,0,0,0,0,0,0,0,0,0,0,0,0,0,0,0,0,0,0,0,0,0,0,0,0,0,0,0,0,0,0,0,0,0,0,0,0,0,0,0,0,0,0,0,0,0,0,0,0,0,0,0,0,0,0,0,0,0,0,0,0,0,0,0,0,0,0,0,0,0,0,0,0,0,0,0,0,0,0,0,0,0,0,0,0,0,0,0,0,0,0,0,0,0,0,0,0,0,0,0,0,0,0,0,0,0,0,0,0,0,0,0,0,0,0,0,0,0,0,0,0,0,0,0,0,0,0,0,0,0,0,0,0,0,0,0,0,0,0,0,0,0,0,0,0,0,0,0,0,0,0,0,0,0,0,0,0,0,0,0,0,0,0,0,0,0,0,0,0,0,0,0,0,0,0,0,0,0,0,0,0
CED501,6,15,24,158,101,108,157,103,29,709,0,0,0,7,0,8,6,3,0,28,0,6,11,60,27,17,8,0,0,132,18,156,218,1779,207,172,132,81,25,2790,6,38,51,255,102,33,23,3,7,527,0,6,10,68,10,18,6,0,0,120,0,0,5,27,9,10,3,0,0,54,4,73,85,360,128,90,94,66,25,917,0,14,12,57,27,72,100,73,34,381,3,5,12,65,40,19,7,0,0,152,6,11,8,139,32,22,4,5,0,225,0,0,6,9,9,13,5,0,0,41,6,28,59,229,117,82,64,26,8,611,0,0,0,7,0,11,25,10,0,58,0,0,29,90,28,26,23,9,0,202,0,0,8,37,29,27,26,18,7,155,0,6,13,86,16,0,0,0,0,123,0,12,20,55,66,72,196,114,52,597,78,772,1022,3162,1492,1264,633,198,20,8646,0,0,0,17,3,12,10,4,0,45
CED502,0,4,9,104,50,86,143,121,28,548,0,0,0,0,8,0,6,9,3,29,0,14,32,214,40,42,23,8,0,366,66,759,928,6551,1030,583,495,218,58,10690,15,129,214,930,393,164,116,37,5,2006,0,21,71,170,50,32,15,6,0,364,0,20,40,230,87,63,20,5,3,468,0,66,26,192,59,70,92,83,17,615,0,0,11,62,37,91,202,133,79,612,5,14,12,83,53,13,13,0,4,190,7,46,35,394,87,42,19,3,0,638,3,6,14,51,55,38,26,8,0,205,23,208,385,1518,526,490,442,155,29,3783,0,0,4,3,6,16,17,11,3,60,0,41,85,362,83,54,42,17,3,680,0,37,171,877,353,310,242,93,43,2132,0,4,35,263,25,10,6,0,0,345,0,9,13,57,74,72,246,194,96,767,39,470,609,1847,954,907,461,116,32,5446,0,0,0,4,3,0,9,0,0,20
CED503,0,8,22,70,78,102,187,128,26,618,0,0,0,4,4,6,15,14,4,41,0,3,8,23,11,13,18,4,0,81,11,96,81,869,117,128,105,81,13,1490,6,32,34,161,75,34,33,4,3,381,0,11,4,42,15,14,7,4,0,100,0,0,3,6,4,4,0,0,0,16,0,45,52,243,92,96,115,63,23,723,0,0,4,28,31,54,182,140,61,498,0,3,7,32,26,9,10,4,0,92,0,7,9,60,4,9,0,0,0,97,0,0,0,3,0,4,3,0,0,7,0,22,29,114,85,79,76,25,10,432,0,0,0,0,0,8,23,15,0,46,0,9,14,85,28,21,18,12,3,187,0,0,0,18,9,25,20,17,10,99,0,4,6,40,4,0,0,0,0,52,5,8,14,69,74,78,304,204,63,815,32,325,455,1544,1026,1036,742,236,35,5432,0,0,0,0,0,0,0,5,0,6
CED504,0,11,26,168,68,72,158,116,18,641,0,10,21,34,28,80,161,222,128,679,4,24,35,270,77,102,85,16,7,618,35,255,585,3084,522,518,552,363,80,5995,11,35,75,314,123,85,54,19,5,709,5,55,104,470,142,115,63,21,3,981,13,94,142,564,247,154,51,7,0,1273,0,29,58,929,94,88,113,84,26,1433,3,31,46,314,163,379,939,803,437,3121,0,15,29,132,80,29,23,5,0,316,0,14,18,203,42,12,5,0,0,305,0,7,19,46,21,40,18,3,6,175,19,183,165,862,320,409,474,194,33,2670,0,0,0,0,7,11,35,24,7,94,0,9,49,201,55,117,118,79,20,655,7,78,249,1075,501,434,394,148,64,2952,0,10,38,191,14,3,10,0,0,268,4,4,21,49,26,41,110,111,49,407,24,199,402,1288,660,663,402,128,19,3797,4,18,35,346,280,395,468,225,89,1854
CED505,4,27,52,301,164,117,145,134,36,970,0,0,6,13,12,16,46,46,42,190,12,117,132,201,128,80,83,37,9,795,21,155,202,1163,364,212,179,137,63,2488,11,76,134,307,130,70,72,43,14,859,4,35,40,298,114,73,42,32,17,663,0,8,10,26,18,10,3,0,0,78,11,74,63,979,186,220,156,109,86,1897,0,40,53,326,123,94,229,233,153,1249,25,117,81,281,187,81,31,12,8,822,6,42,28,179,53,17,10,0,0,330,0,0,0,18,10,13,6,5,0,53,19,121,221,747,456,336,404,193,72,2575,0,0,0,0,6,7,11,12,0,36,0,4,20,66,24,31,19,13,8,190,0,0,11,23,31,36,24,24,14,165,0,8,38,174,3,4,0,0,0,234,7,41,62,99,108,77,136,101,53,680,19,97,177,1108,563,572,424,170,37,3161,0,0,0,32,11,11,20,7,7,93
CED506,3,3,43,213,97,115,179,86,21,757,0,4,0,7,8,7,6,9,3,48,0,4,8,59,15,8,5,0,0,104,17,91,46,726,141,85,48,38,9,1197,5,57,37,224,91,23,18,8,4,465,0,0,3,59,8,3,3,0,0,75,0,3,0,22,6,7,0,0,0,37,3,18,25,385,75,54,58,35,8,662,0,6,12,124,20,43,92,81,27,411,3,5,10,57,25,0,4,3,0,110,0,0,3,63,8,6,0,0,0,87,0,0,0,11,8,5,0,0,0,29,0,5,33,204,84,50,27,14,0,422,0,0,0,3,4,5,17,21,0,60,0,5,10,46,16,15,9,0,0,105,0,7,0,41,14,23,12,0,0,97,0,9,11,83,7,3,0,0,0,113,0,3,19,84,54,75,159,94,22,500,38,206,392,1957,1165,1341,638,157,22,5912,0,0,0,11,4,16,14,7,0,58
CED507,3,3,21,205,83,91,184,112,27,729,0,0,0,8,4,4,10,7,5,35,0,3,4,47,11,12,6,0,0,91,5,60,41,485,78,54,50,44,19,831,3,32,22,126,49,11,12,5,3,271,0,5,0,32,8,0,0,0,0,47,0,7,4,20,13,5,0,0,0,46,6,31,43,214,102,79,100,45,13,640,0,7,8,141,23,48,176,158,118,681,0,14,12,81,27,12,5,3,0,153,0,14,15,167,12,5,0,0,0,211,0,0,0,13,6,15,11,5,0,50,0,12,16,123,46,55,38,24,0,313,0,0,0,0,0,13,7,8,0,33,0,0,4,30,11,16,9,10,3,77,0,4,9,31,9,13,11,8,4,80,0,6,7,62,3,0,0,0,0,80,0,11,12,70,67,91,200,116,37,606,25,234,308,1250,810,864,576,164,40,4272,0,0,0,0,3,6,0,0,0,7
CED508,3,33,43,369,154,125,129,86,19,955,0,0,5,3,7,10,13,9,10,64,9,15,53,184,41,46,33,8,0,393,28,147,175,1408,313,192,171,81,42,2557,7,44,80,436,171,81,64,26,7,907,0,23,38,246,70,43,18,10,0,454,0,4,0,34,14,7,0,3,0,65,12,65,55,608,162,133,78,64,23,1204,6,25,33,362,146,276,652,650,454,2603,3,14,28,143,87,29,21,5,0,336,3,16,35,282,62,42,10,3,0,457,0,4,4,19,15,15,18,5,0,77,7,71,173,685,275,232,202,78,11,1737,0,0,0,5,4,8,17,7,8,44,0,6,16,107,24,39,35,7,0,234,0,0,0,43,25,30,29,12,15,163,0,8,23,130,7,3,0,0,0,179,0,10,21,101,69,69,108,85,52,520,34,203,356,1614,811,727,382,96,15,4239,0,0,0,6,0,10,12,8,0,41
CED509,0,12,26,163,118,111,208,151,27,829,0,0,0,8,5,11,11,13,5,54,0,14,11,108,26,25,9,0,7,194,41,275,363,3516,535,376,309,151,50,5625,7,26,38,203,67,32,29,9,6,419,0,21,21,102,31,22,7,0,0,204,0,20,20,172,55,42,14,10,3,330,0,59,35,391,146,129,108,79,18,972,5,12,13,67,50,134,330,233,164,1010,4,7,10,69,53,15,7,9,0,174,0,4,7,83,13,8,0,3,0,120,0,0,0,27,13,11,10,8,0,65,3,31,47,251,148,164,91,43,11,798,0,0,0,11,9,14,25,13,4,84,0,21,61,266,90,72,35,11,12,574,0,3,29,211,97,81,60,25,14,522,0,4,10,135,13,4,4,0,0,179,0,11,18,60,69,80,175,158,52,621,37,368,570,2050,1114,1139,583,164,33,6060,0,0,11,55,21,19,11,0,0,121
CED510,4,15,41,210,168,126,200,128,32,917,0,0,8,8,9,33,46,34,11,150,3,14,24,74,43,63,51,12,3,293,0,46,72,395,164,222,180,137,46,1280,4,23,40,150,65,41,54,17,0,404,0,29,31,236,79,44,44,7,0,471,0,5,8,12,19,11,5,3,0,54,11,178,164,1036,355,358,282,119,32,2540,6,17,25,137,73,113,265,148,67,857,0,23,21,87,76,31,19,13,6,271,5,11,16,74,19,14,6,4,0,157,0,0,0,10,14,13,13,9,0,53,5,38,59,241,152,199,263,78,19,1055,0,0,3,11,9,17,17,6,4,60,0,4,16,53,14,46,43,19,13,205,0,0,0,17,31,65,78,32,11,239,0,0,9,29,0,0,0,0,0,47,8,17,20,83,77,68,189,145,43,651,22,166,271,1253,819,818,543,141,26,4060,0,6,0,28,20,52,37,8,3,152
CED511,0,4,26,169,96,96,235,136,29,783,0,0,0,5,6,6,10,10,10,43,4,0,5,30,4,12,10,0,0,66,5,48,47,448,91,57,49,49,17,811,5,21,21,123,42,24,31,9,3,276,0,9,5,41,17,3,3,4,0,81,0,5,0,10,0,0,0,0,0,19,0,10,14,203,29,50,42,48,6,408,5,5,5,55,21,45,139,111,79,451,0,7,3,24,14,14,11,0,0,70,0,3,10,61,4,0,0,0,0,82,0,0,0,3,0,0,0,5,0,14,0,0,14,98,34,66,39,11,4,271,0,0,0,0,0,8,6,3,0,27,0,0,9,15,0,12,3,0,0,39,0,6,15,117,63,35,30,8,5,285,0,0,6,37,0,0,0,0,0,42,0,3,10,65,47,62,234,170,38,633,42,259,449,1699,1103,1256,719,178,22,5729,0,0,0,0,4,3,9,7,7,41
CED512,0,11,40,168,139,112,146,74,24,715,0,0,0,9,4,20,30,16,6,97,0,13,16,119,32,29,18,5,0,234,9,181,271,2072,494,283,216,110,26,3659,9,38,53,200,104,44,10,6,0,465,0,11,45,181,78,53,13,7,0,383,0,17,32,133,65,32,13,6,0,290,5,135,208,850,255,171,141,77,17,1862,0,14,24,103,59,106,182,115,50,650,0,11,11,70,40,4,7,3,0,150,0,0,13,102,33,19,3,0,0,173,0,6,4,23,8,12,14,4,0,77,3,40,109,417,190,170,113,30,12,1085,0,0,0,5,4,21,27,11,6,76,0,20,41,214,55,95,64,14,5,503,0,0,12,74,66,69,52,26,12,314,0,4,14,67,9,0,0,0,0,102,0,7,15,54,40,37,125,105,47,441,44,497,712,2390,1220,953,523,156,28,6536,0,10,19,213,116,76,54,16,3,501
CED513,0,8,48,307,123,94,172,90,33,865,0,8,18,32,19,45,82,147,121,473,7,25,124,457,88,76,58,11,5,848,83,303,369,3098,345,353,292,207,92,5140,7,31,121,529,151,64,77,26,7,1016,0,28,51,464,93,81,45,23,4,793,0,6,24,92,45,30,20,10,0,232,8,25,76,1355,175,146,148,69,27,2033,6,23,67,582,126,229,644,781,602,3057,29,50,60,507,191,64,33,3,3,946,6,31,57,723,89,29,18,4,0,964,0,5,0,39,15,3,9,3,0,80,3,42,223,1244,340,299,319,148,40,2665,0,0,0,5,4,10,27,33,15,99,0,0,51,245,58,73,75,34,21,572,3,4,27,134,94,150,155,63,39,654,8,24,157,608,28,12,4,0,0,827,3,10,13,112,53,53,106,88,68,514,23,81,220,1481,649,748,403,136,25,3770,0,0,7,75,70,60,91,77,43,422
CED514,0,12,26,183,82,77,132,106,32,652,0,0,3,17,14,9,31,33,17,120,8,18,190,512,91,84,76,21,12,1001,98,442,949,4906,687,417,336,237,101,8187,33,105,288,1126,397,189,184,50,17,2389,5,29,56,437,84,58,35,20,10,733,0,26,45,122,58,38,22,6,0,319,8,35,45,694,133,139,124,87,35,1294,4,14,26,253,76,126,348,373,219,1442,19,22,54,255,115,41,20,14,3,532,3,25,56,739,140,86,28,13,5,1100,0,14,12,51,31,19,35,10,6,180,20,112,581,2023,529,453,431,191,47,4383,0,0,0,4,0,10,24,14,3,63,0,20,83,351,67,70,45,19,9,665,3,6,39,231,155,223,182,78,43,960,10,27,342,1162,55,29,0,0,0,1632,6,5,7,90,46,54,138,147,44,534,22,263,446,1713,859,947,538,145,36,4974,0,0,0,21,5,4,6,3,3,48
CED515,3,21,25,132,97,86,147,98,31,632,0,5,0,8,4,11,27,23,15,96,16,83,136,429,174,200,195,58,23,1308,59,638,910,3458,1483,796,547,313,120,8322,11,113,264,1122,497,353,407,158,38,2949,0,52,70,425,176,103,86,32,10,957,0,37,46,109,102,34,15,7,5,355,0,81,50,259,129,138,139,94,35,931,0,19,19,131,67,143,333,226,161,1103,4,24,29,122,103,56,34,19,3,398,15,134,142,691,307,118,59,16,0,1492,0,3,0,24,41,35,25,17,0,144,19,416,1068,2798,1489,1376,1530,614,145,9459,0,4,0,0,3,12,25,14,6,58,0,3,24,129,51,41,40,19,11,310,0,7,20,107,86,96,122,49,31,520,0,15,31,152,18,4,0,0,0,220,0,4,19,51,46,47,142,152,69,529,20,248,357,805,574,675,385,167,34,3273,0,0,0,9,6,6,6,5,3,30
CED594,0,0,4,21,3,6,12,3,0,46,0,0,0,0,0,0,0,0,0,0,0,0,0,5,0,0,0,0,0,4,0,0,0,14,0,0,3,3,0,30,0,0,0,12,3,3,0,0,0,15,0,0,0,6,4,4,0,0,0,9,0,0,0,0,0,0,0,0,0,6,0,0,4,13,0,5,3,7,0,31,0,0,3,21,4,0,5,3,0,41,0,0,0,0,0,0,0,0,0,0,0,0,0,3,0,0,0,0,0,4,0,0,0,0,0,0,0,0,0,0,0,0,0,10,3,3,0,0,0,13,0,0,0,0,0,0,0,0,0,0,0,0,0,3,0,0,0,0,0,4,0,0,3,6,0,5,0,0,0,12,0,0,0,3,0,0,0,0,0,0,0,0,0,8,4,0,3,0,0,21,3,7,18,88,45,57,30,9,0,257,0,0,0,0,0,0,0,0,0,0
CED597,0,0,0,0,0,0,0,0,0,0,0,0,0,0,0,0,0,0,0,0,0,0,0,0,0,0,0,0,0,0,0,0,0,0,0,0,0,0,0,4,0,0,0,6,0,3,0,0,0,7,0,0,0,0,0,0,0,0,0,0,0,0,0,0,0,0,0,0,0,0,0,0,0,4,0,0,0,0,0,4,0,0,0,0,0,0,0,0,0,0,0,0,0,0,0,0,0,0,0,0,0,0,0,0,0,0,0,0,0,0,0,0,0,0,0,0,0,0,0,0,0,0,0,0,0,0,0,0,0,0,0,0,0,0,0,0,0,0,0,0,0,0,0,0,0,0,0,0,0,0,0,0,0,0,0,0,0,0,0,0,0,0,0,0,0,0,0,0,0,0,0,0,0,0,0,0,0,0,0,3,0,0,0,19,5,6,0,0,0,27,0,0,0,0,0,0,0,0,0,0
CED601,0,0,4,44,32,58,89,89,35,354,0,0,3,5,0,3,10,12,4,44,0,4,23,64,5,8,11,0,0,120,11,58,127,950,61,50,19,15,4,1289,0,9,19,39,6,9,8,3,0,91,0,90,64,56,12,12,4,0,0,238,0,0,0,7,3,0,0,0,0,11,0,0,3,34,18,20,24,22,14,138,0,0,0,15,3,17,45,42,41,175,0,3,5,24,5,11,5,0,0,56,4,7,11,77,14,10,8,0,4,136,0,0,0,0,0,3,0,0,0,15,11,28,77,154,35,25,22,9,0,364,0,0,0,0,0,5,4,3,0,21,0,0,0,8,0,6,0,3,0,18,0,24,52,81,36,3,0,0,0,200,7,111,252,1051,17,11,0,0,6,1446,0,4,3,30,32,34,159,185,52,498,4,32,57,215,218,257,159,60,15,1017,0,0,0,5,0,4,0,0,0,4
CED602,0,0,10,22,17,65,97,68,25,301,3,0,0,0,3,0,4,4,0,23,0,11,0,32,0,9,3,0,0,63,7,27,47,365,38,25,18,11,8,539,0,0,7,37,10,6,6,5,0,79,0,0,0,11,6,3,0,0,0,23,0,9,0,15,0,3,4,0,0,33,0,0,4,11,15,13,32,21,6,99,0,0,0,14,6,19,18,19,5,88,0,4,4,18,7,0,0,0,0,37,0,0,12,40,0,3,0,0,0,56,0,4,0,3,0,4,0,0,0,15,0,5,3,53,15,24,16,4,0,121,0,0,0,0,7,3,12,5,3,28,0,0,0,0,0,0,0,0,0,8,0,0,3,7,0,3,0,0,0,13,0,4,33,327,0,0,0,0,0,370,0,0,6,29,25,56,171,151,47,475,4,41,49,249,252,288,224,92,22,1219,0,0,0,0,0,0,0,0,0,4
CED603,6,5,5,97,53,70,110,107,46,508,0,0,9,19,13,33,55,88,49,265,7,14,74,202,33,30,23,7,0,387,30,143,318,2311,118,60,43,31,14,3072,0,10,45,118,25,9,8,8,3,232,0,27,35,103,10,8,8,0,0,193,0,7,7,15,4,3,0,4,0,42,0,11,16,46,27,34,43,19,7,206,0,3,3,49,19,32,71,99,70,354,0,11,25,85,33,10,18,3,3,193,3,17,17,180,29,23,8,0,0,281,0,0,0,18,8,7,11,3,0,54,0,11,121,275,51,35,49,13,5,566,0,0,0,0,3,11,3,4,5,21,0,0,0,15,3,0,0,3,0,29,0,4,15,47,17,16,6,5,4,108,6,99,383,2626,21,12,4,0,0,3153,0,0,0,33,26,25,84,75,27,282,7,31,55,249,179,183,149,54,18,937,0,0,0,0,0,4,3,0,0,9
CED604,0,16,11,80,52,97,129,103,48,532,0,0,0,5,5,12,27,40,6,95,9,26,12,132,13,13,16,0,3,227,7,39,78,656,39,27,24,24,13,901,0,7,14,43,19,9,15,4,0,115,0,12,0,38,11,3,4,3,0,80,0,0,4,6,3,5,0,0,0,18,0,7,3,34,26,38,29,25,4,170,0,0,0,31,10,27,43,26,17,156,0,15,19,42,34,9,8,0,4,126,3,23,20,140,31,19,3,8,0,243,0,0,0,7,7,3,0,0,0,15,4,10,32,127,38,48,28,7,5,293,0,0,0,0,0,7,11,7,4,25,0,0,4,13,0,0,3,0,0,23,0,0,0,6,0,3,4,0,0,10,6,37,116,776,9,5,4,0,0,944,0,7,3,44,42,53,169,137,51,506,6,50,58,279,222,240,188,90,16,1144,0,0,0,0,4,4,0,0,0,9
CED605,0,0,12,50,34,70,108,91,22,389,0,0,0,0,0,11,15,7,4,34,0,5,0,35,5,9,0,0,0,62,3,9,23,240,12,14,10,12,4,333,0,3,4,34,6,5,15,0,0,83,0,0,3,7,3,3,4,0,0,28,0,4,0,3,3,0,3,0,0,16,0,7,4,17,18,24,31,23,0,124,0,0,4,15,3,18,34,21,14,109,0,0,0,22,16,3,6,0,0,46,0,0,4,33,6,11,0,0,0,54,0,3,0,0,5,0,0,0,0,8,0,5,11,31,17,23,12,7,4,109,0,0,0,0,0,5,9,10,0,28,0,0,0,0,0,0,4,0,0,10,0,0,0,5,3,0,0,0,0,9,0,6,35,263,0,0,0,0,0,300,0,0,3,31,24,55,137,95,22,373,4,21,44,234,210,264,265,89,11,1140,0,0,0,0,0,0,0,0,0,0
CED694,0,0,0,3,0,0,0,0,0,5,0,0,0,0,0,0,0,0,0,0,0,0,0,4,0,0,0,0,0,4,0,0,0,0,0,0,0,0,0,0,0,0,0,0,0,0,0,0,0,3,0,0,0,0,0,0,0,0,0,0,0,0,0,0,0,0,0,0,0,0,0,0,0,0,0,0,0,0,0,3,0,0,0,0,0,0,0,0,0,0,0,0,0,0,0,0,0,0,0,0,0,0,0,0,0,0,0,0,0,0,0,0,0,0,0,0,0,0,0,0,0,0,0,0,0,0,0,0,0,3,0,0,0,0,0,0,0,0,0,0,0,0,0,0,0,0,0,0,0,0,0,0,0,0,0,0,0,0,0,0,0,0,0,3,0,0,0,0,0,6,0,0,0,0,0,0,3,0,0,4,0,0,0,3,4,10,0,0,0,25,0,0,0,0,0,0,0,0,0,0
CED697,0,0,0,0,0,0,0,0,0,0,0,0,0,0,0,0,0,0,0,0,0,0,0,0,0,0,0,0,0,0,0,0,0,0,0,0,0,0,0,0,0,0,0,0,0,0,0,0,0,0,0,0,0,0,0,0,0,0,0,0,0,0,0,0,0,0,0,0,0,0,0,0,0,0,0,0,0,0,0,0,0,0,0,0,0,0,0,0,0,0,0,0,0,0,0,0,0,0,0,0,0,0,0,0,0,0,0,0,0,0,0,0,0,0,0,0,0,0,0,0,0,0,0,0,0,0,0,0,0,0,0,0,0,0,0,0,0,0,0,0,0,0,0,0,0,0,0,0,0,0,0,0,0,0,0,0,0,0,0,0,0,0,0,0,0,0,0,0,0,0,0,0,0,0,0,0,0,0,0,0,0,0,0,0,3,0,0,0,0,0,0,0,0,0,0,0,0,0,0,0
CED701,5,3,12,111,46,53,63,26,8,327,0,6,4,36,12,9,18,8,6,92,0,5,3,44,3,4,4,0,0,61,32,117,99,1108,127,68,49,5,0,1605,0,25,29,145,48,19,15,0,0,292,0,0,3,27,0,3,0,0,0,43,0,0,0,18,11,5,0,0,0,34,0,3,7,124,22,25,27,14,0,225,0,3,4,54,12,20,28,25,9,160,0,3,0,38,12,8,0,0,0,60,0,6,4,93,3,0,9,0,0,117,0,0,0,4,4,4,3,0,0,18,8,15,9,155,95,85,112,26,0,511,0,0,0,0,0,3,5,0,4,16,0,0,0,22,6,9,0,0,0,40,0,0,0,24,6,9,0,4,0,43,5,12,49,440,17,4,3,0,0,527,0,0,0,30,14,21,45,34,14,166,14,123,137,669,371,438,236,67,3,2063,0,0,0,0,0,0,0,0,0,4
CED702,0,9,17,141,69,62,77,74,26,477,3,51,98,248,122,162,226,154,24,1091,0,16,13,123,29,39,37,8,4,264,35,249,300,2218,314,182,103,37,9,3449,19,78,107,520,203,117,91,27,3,1161,0,3,5,52,12,6,0,4,0,79,0,0,5,4,8,0,0,0,0,15,3,34,30,352,33,26,26,18,3,527,0,9,8,116,28,34,57,56,23,332,4,13,7,77,36,14,3,3,0,156,9,15,15,175,28,10,0,0,0,256,0,0,0,27,4,4,0,0,0,36,3,29,38,195,88,80,83,50,7,581,0,0,0,4,6,3,8,0,0,18,0,5,0,42,3,7,4,0,5,66,0,4,13,66,39,16,13,10,0,157,0,68,390,1929,40,20,11,0,0,2461,0,3,0,52,19,24,47,25,4,176,8,81,127,555,384,425,263,71,9,1933,0,0,0,7,0,0,0,0,0,5
CED794,0,0,0,12,5,3,3,0,0,24,0,0,0,0,0,0,0,0,0,3,0,0,0,0,0,0,0,0,0,5,0,0,0,10,0,0,0,0,0,14,0,0,0,4,0,0,0,0,0,4,0,0,0,0,0,0,0,0,0,0,0,0,0,0,0,0,0,0,0,0,0,0,0,5,0,0,0,0,0,5,0,0,5,15,0,0,0,0,0,19,0,0,0,0,0,0,0,0,0,0,0,0,0,0,0,0,0,0,0,0,0,0,0,0,0,0,0,0,0,0,0,0,0,0,0,0,0,0,0,3,0,0,0,0,0,0,0,0,0,0,0,0,0,0,0,0,0,0,0,0,0,0,0,0,0,0,0,0,0,0,0,0,0,0,0,0,0,0,0,0,0,0,0,3,0,0,4,0,0,13,0,3,0,21,11,17,11,3,0,77,0,0,0,0,0,0,0,0,0,0
CED797,0,0,0,0,0,0,0,0,0,0,0,0,0,0,0,0,0,0,0,0,0,0,0,0,0,0,0,0,0,0,0,0,0,0,0,0,0,0,0,0,0,0,0,0,0,0,0,0,0,5,0,0,0,0,0,0,0,0,0,0,0,0,0,0,0,0,0,0,0,0,0,0,0,0,0,0,0,0,0,0,0,0,0,0,0,0,0,0,0,0,0,0,0,0,0,0,0,0,0,0,0,0,0,0,0,0,0,0,0,0,0,0,0,0,0,0,0,0,0,0,0,0,0,0,0,0,0,0,0,0,0,0,0,0,0,0,0,0,0,0,0,0,0,0,0,0,0,0,0,0,0,0,0,0,0,0,0,0,0,0,0,0,0,0,0,0,0,0,0,0,0,0,0,0,0,0,0,0,0,0,0,0,0,0,0,0,0,0,0,7,0,0,0,0,0,0,0,0,0,0
CED801,0,15,16,88,59,98,213,195,66,755,0,0,6,16,21,34,79,109,46,321,0,21,30,172,62,101,70,11,5,479,52,370,368,3037,609,307,186,89,37,5055,0,16,14,102,44,35,44,11,12,282,0,7,29,126,49,48,33,11,4,307,0,28,33,142,62,46,23,3,0,351,0,38,20,75,37,44,43,45,26,330,0,9,13,51,38,106,197,145,65,615,0,10,22,79,46,15,18,3,0,201,4,24,37,254,61,22,19,9,0,434,0,4,10,63,52,55,45,11,6,249,4,36,39,248,140,165,135,51,16,842,0,3,0,7,0,19,37,44,4,119,0,9,11,41,16,17,5,3,0,100,0,0,3,51,25,17,25,9,5,135,3,30,270,1354,30,17,8,0,0,1707,0,0,9,23,29,43,121,82,46,351,15,106,121,477,378,427,259,125,20,1930,0,6,4,46,19,33,31,8,0,143
CED802,4,14,56,182,116,92,160,146,79,852,0,0,7,28,21,56,75,143,66,406,6,33,167,310,66,88,56,18,8,738,26,193,460,2193,336,177,143,55,25,3608,3,47,90,280,54,38,28,23,9,570,0,12,37,207,46,29,17,6,3,355,0,10,19,41,23,19,10,3,0,130,0,6,23,94,45,36,53,32,12,301,4,9,17,120,55,97,159,182,107,744,3,29,66,123,66,38,36,10,4,373,3,28,99,450,110,55,23,14,6,790,0,9,6,28,22,10,14,12,0,96,7,32,185,395,155,145,94,38,21,1069,0,0,0,8,6,7,38,8,5,67,0,4,12,36,13,4,0,0,0,64,0,0,26,54,38,25,11,14,0,169,5,15,263,1137,13,3,7,0,0,1450,4,26,29,53,55,42,77,72,35,391,6,67,260,577,322,292,195,118,36,1874,0,0,0,38,14,21,35,10,6,127
CED803,3,17,29,111,75,78,178,98,26,612,0,3,7,22,14,38,76,80,38,279,5,36,50,292,88,103,85,16,6,682,49,451,701,5745,870,350,249,99,13,8533,7,41,34,200,95,51,27,15,3,470,0,27,45,271,57,29,16,4,0,454,0,17,33,114,31,25,15,9,0,255,0,19,12,104,29,35,23,31,8,271,0,7,9,73,62,80,144,119,54,550,6,32,19,107,66,20,18,5,7,276,12,58,114,855,174,79,26,8,3,1328,0,9,5,51,26,11,20,6,0,123,8,47,83,394,157,126,84,34,10,940,0,0,0,3,7,4,33,15,3,67,0,3,26,103,27,26,19,0,0,201,0,4,25,150,95,44,19,14,7,360,3,28,455,1937,57,20,13,11,0,2528,3,9,12,39,18,20,77,66,17,263,20,132,173,604,267,217,134,54,11,1607,0,0,7,52,31,51,46,20,0,202
CED894,0,0,0,0,0,0,0,0,0,0,0,0,0,0,0,0,0,0,0,0,0,0,0,0,0,0,0,0,0,4,0,0,5,10,0,0,0,0,0,12,0,0,0,0,0,0,0,0,0,0,0,0,0,0,0,0,0,0,0,4,0,0,0,0,0,0,0,0,0,6,0,0,0,0,0,0,0,0,0,0,0,0,0,0,0,0,0,0,0,0,0,0,0,0,0,0,0,0,0,0,0,0,0,0,0,0,0,0,0,0,0,0,0,0,0,0,0,0,0,0,0,0,0,0,0,0,0,0,0,0,0,0,0,0,0,0,0,0,0,0,0,0,0,0,0,0,0,0,0,0,0,0,0,0,0,0,0,0,0,0,0,0,0,4,0,0,0,0,0,4,0,0,0,0,0,0,0,0,0,0,0,3,5,7,0,0,5,0,0,24,0,0,0,0,0,0,0,0,0,0
CED897,0,0,0,0,0,0,0,0,0,0,0,0,0,0,0,0,0,0,0,0,0,0,0,0,0,0,0,0,0,0,0,0,0,0,0,0,0,0,0,0,0,0,0,0,0,0,0,0,0,0,0,0,0,0,0,0,0,0,0,0,0,0,0,0,0,0,0,0,0,0,0,0,0,0,0,0,0,0,0,0,0,0,0,0,0,0,0,0,0,0,0,0,0,0,0,0,0,0,0,0,0,0,0,0,0,0,0,0,0,0,0,0,0,0,0,0,0,0,0,0,0,0,0,0,0,0,0,0,0,0,0,0,0,0,0,0,0,0,0,0,0,0,0,0,0,0,0,0,0,0,0,0,0,0,0,0,0,0,0,0,0,0,0,0,0,0,0,0,0,0,0,0,0,0,0,0,0,0,0,0,0,0,0,0,0,0,0,0,0,0,0,0,0,0,0,0,0,0,0,0
CED994,0,0,0,0,0,0,0,0,0,0,0,0,0,0,0,0,0,0,0,0,0,0,0,0,0,0,0,0,0,0,0,0,0,0,0,0,0,0,0,0,0,0,0,0,0,0,0,0,0,0,0,0,0,0,0,0,0,0,0,0,0,0,0,0,0,0,0,0,0,0,0,0,0,0,0,0,0,0,0,0,0,0,0,0,0,0,0,0,0,0,0,0,0,0,0,0,0,0,0,0,0,0,0,0,0,0,0,0,0,0,0,0,0,0,0,0,0,0,0,0,0,0,0,0,0,0,0,0,0,0,0,0,0,0,0,0,0,0,0,0,0,0,0,0,0,0,0,0,0,0,0,0,0,0,0,0,0,0,0,0,0,0,0,0,0,0,0,0,0,0,0,0,0,0,0,0,0,0,0,0,0,0,0,0,0,0,0,0,0,0,0,0,0,0,0,0,0,0,0,0
CED997,0,0,0,0,0,0,0,0,0,0,0,0,0,0,0,0,0,0,0,0,0,0,0,0,0,0,0,0,0,0,0,0,0,0,0,0,0,0,0,0,0,0,0,0,0,0,0,0,0,0,0,0,0,0,0,0,0,0,0,0,0,0,0,0,0,0,0,0,0,0,0,0,0,0,0,0,0,0,0,0,0,0,0,0,0,0,0,0,0,0,0,0,0,0,0,0,0,0,0,0,0,0,0,0,0,0,0,0,0,0,0,0,0,0,0,0,0,0,0,0,0,0,0,0,0,0,0,0,0,0,0,0,0,0,0,0,0,0,0,0,0,0,0,0,0,0,0,0,0,0,0,0,0,0,0,0,0,0,0,0,0,0,0,0,0,0,0,0,0,0,0,0,0,0,0,0,0,0,0,0,0,0,0,0,0,0,0,0,0,0,0,0,0,0,0,0,0,0,0,0
