CED_CODE_2021,Afghanistan_Before_1951,Afghanistan_1951_1960,Afghanistan_1961_1970,Afghanistan_1971_1980,Afghanistan_1981_1990,Afghanistan_1991_2000,Afghanistan_2001_2010,Afghanistan_2011_2015,Afghanistan_2016,Afghanistan_2017,Afghanistan_2018,Afghanistan_2019,Afghanistan_2020,Afghanistan_2021,Afghanistan_Yr_arrival_NS,Afghanistan_Tot,Bangladesh_Before_1951,Bangladesh_1951_1960,Bangladesh_1961_1970,Bangladesh_1971_1980,Bangladesh_1981_1990,Bangladesh_1991_2000,Bangladesh_2001_2010,Bangladesh_2011_2015,Bangladesh_2016,Bangladesh_2017,Bangladesh_2018,Bangladesh_2019,Bangladesh_2020,Bangladesh_2021,Bangladesh_Yr_arrival_NS,Bangladesh_Tot,Canada_Before_1951,Canada_1951_1960,Canada_1961_1970,Canada_1971_1980,Canada_1981_1990,Canada_1991_2000,Canada_2001_2010,Canada_2011_2015,Canada_2016,Canada_2017,Canada_2018,Canada_2019,Canada_2020,Canada_2021,Canada_Yr_arrival_NS,Canada_Tot,China_exc_SARs_Taiw_Bef_1951,China_exc_SARs_Taiwan_51_60,China_exc_SARs_Taiwan_61_70,China_exc_SARs_Taiwan_71_80,China_exc_SARs_Taiwan_81_90,China_exc_SARs_Taiwan_91_00,China_exc_SARs_Taiwan_01_10,China_exc_SARs_Taiwan_11_15,China_exc_SARs_Taiwan_2016,China_exc_SARs_Taiwan_2017,China_exc_SARs_Taiwan_2018,China_exc_SARs_Taiwan_2019,China_exc_SARs_Taiwan_2020,China_exc_SARs_Taiwan_2021,China_exc_SARs_Tawan_arr_ns,China_exc_SARs_Taiwan_Tot,Croatia_Before_1951,Croatia_1951_1960,Croatia_1961_1970,Croatia_1971_1980,Croatia_1981_1990,Croatia_1991_2000,Croatia_2001_2010,Croatia_2011_2015,Croatia_2016,Croatia_2017,Croatia_2018,Croatia_2019,Croatia_2020,Croatia_2021,Croatia_Yr_arrival_NS,Croatia_Tot,Egypt_Before_1951,Egypt_1951_1960,Egypt_1961_1970,Egypt_1971_1980,Egypt_1981_1990,Egypt_1991_2000,Egypt_2001_2010,Egypt_2011_2015,Egypt_2016,Egypt_2017,Egypt_2018,Egypt_2019,Egypt_2020,Egypt_2021,Egypt_Yr_arrival_NS,Egypt_Tot,Fiji_Before_1951,Fiji_1951_1960,Fiji_1961_1970,Fiji_1971_1980,Fiji_1981_1990,Fiji_1991_2000,Fiji_2001_2010,Fiji_2011_2015,Fiji_2016,Fiji_2017,Fiji_2018,Fiji_2019,Fiji_2020,Fiji_2021,Fiji_Yr_arrival_NS,Fiji_Tot,Germany_Before_1951,Germany_1951_1960,Germany_1961_1970,Germany_1971_1980,Germany_1981_1990,Germany_1991_2000,Germany_2001_2010,Germany_2011_2015,Germany_2016,Germany_2017,Germany_2018,Germany_2019,Germany_2020,Germany_2021,Germany_Yr_arrival_NS,Germany_Tot,Greece_Before_1951,Greece_1951_1960,Greece_1961_1970,Greece_1971_1980,Greece_1981_1990,Greece_1991_2000,Greece_2001_2010,Greece_2011_2015,Greece_2016,Greece_2017,Greece_2018,Greece_2019,Greece_2020,Greece_2021,Greece_Yr_arrival_NS,Greece_Tot,Hng_Kng_SAR_China_Bfre_1951,Hng_Kng_SAR_China_1951_1960,Hng_Kng_SAR_China_1961_1970,Hng_Kng_SAR_China_1971_1980,Hng_Kng_SAR_China_1981_1990,Hng_Kng_SAR_China_1991_2000,Hng_Kng_SAR_China_2001_2010,Hng_Kng_SAR_China_2011_2015,Hong_Kong_SAR_China_2016,Hong_Kong_SAR_China_2017,Hong_Kong_SAR_China_2018,Hong_Kong_SAR_China_2019,Hong_Kong_SAR_China_2020,Hong_Kong_SAR_China_2021,Hng_Kng_SAR_Chna_arrival_ns,Hong_Kong_SAR_China_Tot,India_Before_1951,India_1951_1960,India_1961_1970,India_1971_1980,India_1981_1990,India_1991_2000,India_2001_2010,India_2011_2015,India_2016,India_2017,India_2018,India_2019,India_2020,India_2021,India_Yr_arrival_NS,India_Tot,Indonesia_Before_1951,Indonesia_1951_1960,Indonesia_1961_1970,Indonesia_1971_1980,Indonesia_1981_1990,Indonesia_1991_2000,Indonesia_2001_2010,Indonesia_2011_2015,Indonesia_2016,Indonesia_2017,Indonesia_2018,Indonesia_2019,Indonesia_2020,Indonesia_2021,Indonesia_Yr_arrival_ns,Indonesia_Tot,Iran_Before_1951,Iran_1951_1960,Iran_1961_1970,Iran_1971_1980,Iran_1981_1990,Iran_1991_2000,Iran_2001_2010,Iran_2011_2015
CED101,0,0,0,0,7,5,5,7,0,0,0,0,0,0,0,22,0,0,0,4,21,74,269,193,41,39,38,45,17,6,13,753,3,6,7,18,26,29,42,16,9,3,8,3,0,0,4,182,11,45,76,220,2470,3437,5374,2272,438,467,357,428,146,25,400,16161,0,64,304,102,46,64,15,17,0,0,0,5,0,0,9,625,25,70,182,159,247,276,292,182,23,29,33,19,4,0,26,1561,5,0,21,74,290,213,167,40,11,14,10,14,9,0,19,877,54,54,51,21,39,33,44,31,5,8,6,4,0,0,12,351,14,326,885,240,68,65,47,122,16,13,7,11,5,0,58,1886,4,17,39,311,897,991,365,148,45,38,29,28,18,8,54,2990,0,3,48,84,213,388,628,326,70,70,112,99,18,9,37,2112,0,4,13,67,241,505,549,146,36,14,31,23,25,3,28,1692,0,0,0,5,22,52,28,60
CED102,0,0,0,0,5,14,8,4,3,0,0,0,0,0,0,40,0,0,0,10,29,159,700,477,88,132,111,100,39,23,36,1906,0,4,8,22,40,22,41,43,13,10,0,13,7,0,4,223,15,79,101,277,2661,3270,5098,2931,634,682,584,658,195,38,482,17708,6,54,222,63,32,64,17,6,0,0,0,0,0,0,23,486,19,90,235,211,153,193,110,84,7,11,18,20,3,0,68,1224,0,4,18,99,270,198,126,67,23,21,11,12,4,0,21,875,23,25,39,32,44,30,64,32,9,11,7,12,0,0,18,356,41,1025,2792,635,166,72,59,188,27,25,18,15,7,0,354,5409,0,19,48,298,716,765,339,218,62,59,45,58,26,9,44,2700,4,0,56,63,133,205,624,643,253,238,294,313,112,29,44,3014,0,5,17,108,315,548,766,309,89,78,91,93,31,4,49,2509,0,0,5,15,18,37,67,76
CED103,0,0,0,7,76,158,72,23,3,5,0,4,4,5,8,359,0,0,0,8,21,51,153,166,58,115,85,119,62,5,3,863,0,4,22,42,44,41,69,39,15,8,4,16,4,0,3,324,32,76,96,220,2504,3793,8863,5102,1219,1075,1015,1282,437,87,450,26243,0,28,143,54,34,34,20,12,0,0,0,0,0,0,14,337,6,34,91,64,76,55,44,44,17,48,18,25,22,0,17,571,5,13,23,79,159,130,105,28,3,9,6,11,6,0,14,588,56,67,57,25,51,48,82,44,11,19,13,18,7,0,8,511,3,106,212,52,26,9,0,31,13,0,0,5,6,4,22,488,10,25,86,432,1739,2076,735,395,135,145,138,151,149,55,99,6375,9,8,84,125,423,950,1519,1430,659,772,1005,1212,487,162,122,8961,0,6,25,92,256,468,530,228,57,64,73,111,46,4,21,1997,0,0,44,124,378,274,400,692
CED104,0,0,0,15,69,46,17,7,0,0,0,0,0,0,6,162,0,0,0,16,25,40,55,40,0,6,0,10,3,0,0,192,3,3,37,45,48,62,54,34,11,16,3,5,0,0,0,325,25,47,54,79,930,1500,3706,1776,360,260,257,325,81,36,134,9555,0,26,67,26,17,18,7,6,0,0,0,0,0,0,5,176,8,17,75,36,36,37,25,11,0,0,0,0,0,0,12,268,0,5,25,50,151,80,49,20,0,3,0,4,4,4,7,409,79,95,86,62,53,72,110,35,12,9,3,10,0,0,22,644,4,38,70,17,8,8,5,3,0,0,0,0,0,0,9,163,9,22,24,177,727,998,259,130,32,38,49,38,38,22,33,2603,12,14,93,152,495,1134,1871,881,289,252,250,189,86,27,39,5784,0,7,15,60,128,218,159,43,8,0,3,3,5,0,13,660,3,0,9,40,273,236,364,411
CED105,0,0,0,4,41,256,796,953,117,109,166,161,53,33,71,2749,0,0,0,0,21,153,693,419,93,119,90,60,35,10,28,1732,0,0,5,4,8,9,15,6,4,0,0,7,0,0,4,60,3,32,77,136,1436,1942,3739,1703,447,951,868,512,85,24,507,12476,0,29,254,79,22,28,11,7,0,0,0,0,0,0,19,453,9,23,99,105,123,125,251,154,44,49,44,30,10,0,39,1094,0,0,6,70,272,176,149,76,11,15,39,53,7,0,45,938,91,68,37,19,20,22,35,8,3,0,0,0,0,0,12,328,6,189,575,169,51,25,18,65,6,0,5,9,3,0,54,1182,0,0,5,65,240,231,137,60,21,18,4,15,9,4,16,822,0,3,29,58,113,188,984,618,233,318,503,508,121,27,96,3797,0,5,0,67,144,251,282,99,27,25,19,31,7,3,23,981,0,0,3,10,23,77,177,205
CED106,0,0,0,11,19,15,9,0,3,0,0,0,0,0,5,67,0,0,0,0,14,18,45,26,16,5,6,8,0,3,0,148,4,0,46,82,56,82,127,45,8,19,8,18,8,0,9,507,48,99,83,179,1573,2695,6401,3761,904,769,702,919,436,71,306,18940,0,32,74,15,12,15,11,8,0,0,0,0,0,0,6,178,17,37,48,17,22,10,11,9,0,3,17,6,0,0,0,206,5,13,15,49,52,36,37,14,0,3,4,9,6,0,0,244,68,75,71,54,63,80,136,47,8,4,15,13,15,5,17,680,7,37,61,15,6,0,5,3,0,0,3,0,7,0,8,158,9,54,105,380,1483,1351,612,359,97,111,107,151,171,85,84,5155,19,23,87,204,413,694,1364,947,300,417,429,481,194,72,58,5706,8,13,27,78,188,292,242,112,19,19,26,24,21,4,11,1078,0,0,23,86,387,244,545,471
CED107,0,0,0,0,0,0,16,9,0,0,0,0,0,0,4,27,0,0,0,0,0,4,26,37,3,18,5,3,7,0,0,116,3,3,9,25,25,21,50,28,0,7,3,5,9,0,8,201,10,20,10,31,36,52,125,63,4,17,13,8,4,0,39,441,5,18,41,23,4,9,0,3,0,0,0,0,0,0,6,109,0,4,5,0,0,5,7,5,0,0,6,0,6,0,6,42,0,0,9,15,35,29,38,15,4,4,12,4,0,0,17,172,97,130,71,31,48,22,28,17,15,5,4,0,0,0,13,467,0,19,34,16,0,3,0,0,0,3,0,0,0,0,6,89,0,0,8,9,21,6,8,12,0,0,0,0,4,0,16,89,7,0,13,17,24,34,242,282,80,96,112,106,42,10,19,1089,0,12,5,7,10,3,31,22,9,4,6,4,0,0,6,119,0,0,0,0,12,5,11,20
CED108,0,0,0,0,70,371,583,279,96,63,31,54,34,21,23,1625,0,0,0,3,62,313,836,425,80,77,50,33,22,0,22,1930,0,3,8,5,12,14,27,7,0,0,6,0,0,0,0,89,5,6,14,26,267,361,698,353,90,88,66,69,14,3,45,2105,4,22,191,63,41,103,14,0,0,0,0,0,0,0,14,456,0,16,87,93,207,183,267,182,16,34,9,17,0,0,26,1137,0,3,17,105,933,1369,1490,521,122,75,120,123,56,10,76,5011,109,100,70,34,24,29,29,10,0,3,0,6,0,0,15,426,6,44,151,54,22,18,11,20,0,0,0,0,0,0,9,332,0,4,8,24,93,93,53,26,6,4,6,4,6,0,3,338,0,6,52,99,287,1098,7456,4561,1096,1059,1264,1393,404,72,249,19095,0,3,4,55,140,214,218,70,12,22,20,10,13,0,14,804,0,0,5,25,43,89,129,208
CED109,0,0,0,0,4,8,0,0,0,0,0,0,0,0,0,10,0,0,0,3,11,35,36,19,8,0,0,3,0,0,0,132,4,0,17,30,41,42,83,53,11,5,15,16,5,3,0,324,3,28,29,52,671,850,1026,445,84,76,45,81,32,7,103,3535,0,53,206,30,32,42,10,8,0,0,0,0,0,0,10,404,39,117,280,195,204,191,136,67,8,15,4,10,4,3,44,1311,3,0,8,61,109,78,39,4,3,0,4,5,0,0,5,324,58,92,59,47,48,37,94,32,11,12,10,4,3,4,18,512,29,487,1160,226,61,36,26,136,16,26,11,8,0,0,100,2313,3,11,33,118,193,245,84,45,8,8,12,12,21,4,15,803,8,14,46,60,71,86,196,129,28,28,29,40,12,0,10,760,0,6,8,44,85,116,95,36,10,7,5,9,3,0,13,433,0,0,0,6,24,24,46,39
CED110,0,0,0,0,0,0,0,18,6,11,0,0,0,0,0,45,0,0,0,0,3,3,11,3,0,0,0,0,0,0,0,21,0,5,38,53,55,40,70,52,7,6,9,5,13,0,3,357,7,6,7,5,32,41,90,61,12,39,34,31,0,0,20,393,8,14,35,10,0,3,3,0,0,0,0,0,0,0,0,79,4,20,19,3,0,5,12,6,0,3,0,3,0,0,0,91,8,7,12,25,40,31,44,8,0,3,0,0,0,3,11,192,93,175,113,73,128,59,67,33,8,10,0,4,0,0,43,797,0,19,16,4,0,0,3,0,0,0,0,0,0,0,0,48,0,0,18,19,16,8,15,15,0,0,4,0,0,0,8,119,9,15,32,28,44,51,239,243,47,53,48,72,28,5,26,946,5,14,8,3,14,13,27,17,10,10,5,10,3,6,9,149,0,0,0,5,9,0,10,14
CED111,0,0,0,0,0,3,3,14,0,0,10,0,0,0,5,40,0,0,4,0,0,3,25,46,13,24,26,27,13,0,0,193,4,3,19,41,34,62,120,61,16,19,20,22,25,4,5,457,0,14,7,15,77,158,466,384,97,127,128,162,46,11,35,1723,0,68,226,53,21,143,102,4,0,0,0,0,0,0,19,641,12,23,24,9,8,9,12,5,0,11,4,8,4,3,3,143,0,4,6,25,44,41,26,11,4,4,3,3,0,3,6,186,108,253,81,39,49,44,67,27,8,9,12,10,5,0,22,733,8,170,249,50,18,9,3,23,0,0,0,0,0,0,37,563,0,4,5,13,25,35,36,19,3,10,0,12,7,0,10,185,8,10,30,58,44,80,237,331,131,156,265,356,232,11,45,1985,0,10,4,9,20,48,60,35,12,20,12,22,4,0,4,258,0,0,0,4,27,23,59,102
CED112,0,0,0,0,3,8,0,0,0,0,0,0,0,0,0,14,0,0,0,0,0,9,20,19,3,3,5,4,0,0,0,63,5,9,15,35,25,44,51,39,3,13,4,0,0,0,4,246,6,19,22,17,84,101,201,144,27,21,11,27,3,5,19,696,4,17,70,19,5,9,0,4,0,0,0,0,0,0,0,136,9,33,48,14,11,10,9,0,0,6,0,0,0,7,9,159,6,6,5,24,59,43,30,22,4,4,8,8,0,0,4,223,68,117,67,45,33,22,45,25,5,6,0,0,0,0,24,459,5,41,74,24,8,0,0,4,0,0,0,0,0,0,4,153,8,0,11,13,26,28,23,8,5,5,6,7,0,4,3,136,11,7,35,36,32,70,308,382,63,68,66,60,20,7,16,1170,0,13,4,12,30,31,46,41,9,9,14,16,10,0,0,246,0,0,3,7,13,12,15,26
CED113,0,0,0,0,5,0,13,3,0,0,0,0,0,0,0,19,0,0,0,0,0,12,47,52,14,22,16,31,0,0,5,194,0,4,32,58,44,51,74,41,4,3,4,8,9,0,9,348,8,11,16,3,23,50,122,57,24,26,14,33,4,0,26,412,7,26,130,53,13,16,6,7,0,5,0,0,0,0,7,274,3,10,10,6,4,6,18,10,0,10,5,8,3,0,6,92,0,0,4,19,32,43,62,25,3,3,19,9,13,4,14,239,119,241,153,79,100,55,73,35,0,0,3,4,0,0,23,898,8,33,97,17,6,5,3,0,0,0,0,0,0,0,8,177,7,3,15,11,21,9,13,5,3,0,5,0,7,0,10,104,9,10,24,24,17,60,494,387,128,147,167,128,45,10,30,1685,3,8,9,3,17,22,27,33,8,7,4,8,4,0,3,162,0,0,0,0,9,7,19,18
CED114,0,0,0,0,0,0,9,34,0,0,7,19,0,0,0,69,0,0,0,0,0,5,29,44,3,5,0,0,6,3,0,103,0,0,10,17,13,20,22,15,0,8,3,8,0,0,0,123,0,0,0,5,25,42,83,58,21,31,42,55,14,0,15,398,0,9,37,12,0,4,0,0,0,0,0,0,0,0,0,68,0,7,7,5,4,4,6,3,3,4,0,3,0,5,0,47,0,0,7,12,39,47,51,68,10,19,26,41,12,0,26,364,84,180,81,34,28,14,33,22,5,8,4,7,7,0,15,510,5,31,23,5,3,0,5,0,0,0,0,0,0,0,0,83,0,0,3,6,17,3,13,13,3,4,4,0,4,0,0,69,4,4,15,25,36,170,869,675,312,320,368,431,159,25,60,3463,0,5,3,3,5,4,20,24,12,6,17,29,9,0,0,130,0,0,0,0,3,9,6,3
CED115,0,0,0,0,5,32,119,70,14,16,13,17,6,27,12,326,0,0,0,3,11,41,179,123,27,45,30,27,8,4,12,514,0,3,0,9,5,9,11,10,0,5,0,0,0,4,0,68,8,17,70,139,876,661,717,359,71,131,83,62,21,5,248,3464,12,86,643,233,72,477,258,18,3,0,0,6,3,0,75,1893,7,32,63,43,70,60,105,97,18,16,22,16,10,0,14,554,0,4,6,73,388,408,360,201,45,29,58,92,23,0,35,1723,88,93,41,35,17,29,20,3,10,0,3,0,0,0,28,378,5,52,202,70,24,27,28,26,3,0,0,0,3,3,26,469,0,3,8,43,140,76,42,28,6,5,5,0,8,0,22,383,4,0,12,44,90,210,725,479,110,162,196,223,61,16,46,2376,0,0,3,60,93,120,124,62,11,9,9,6,7,0,11,518,0,0,24,111,179,121,169,285
CED116,0,0,0,0,0,0,7,0,0,0,0,0,0,0,0,4,0,0,0,0,0,0,10,10,3,5,5,6,0,0,0,42,0,5,38,49,35,32,65,37,13,7,10,10,8,5,6,311,8,16,11,7,41,39,98,69,16,16,11,34,6,4,20,404,4,54,143,50,11,26,0,0,0,0,0,0,0,0,6,290,11,30,25,6,0,6,6,4,0,0,0,0,0,0,6,100,4,11,10,17,25,15,16,10,5,0,3,0,0,0,15,123,122,297,141,65,71,44,53,22,4,6,3,10,10,4,43,890,7,60,117,22,0,0,3,0,0,0,0,0,0,0,10,234,0,9,14,13,14,5,9,10,3,0,5,5,3,0,3,94,16,14,23,29,13,20,106,137,58,51,81,114,36,0,19,706,7,18,8,10,8,18,18,28,6,5,3,9,5,0,0,138,4,0,3,0,9,9,10,4
CED117,0,0,0,0,5,9,10,3,0,0,3,0,0,0,0,26,0,0,0,4,12,23,85,46,13,15,14,11,0,0,5,226,0,9,35,67,68,80,128,105,24,26,17,24,14,3,9,596,8,22,27,78,536,738,983,542,139,152,121,111,34,3,79,3583,0,21,91,27,16,25,10,5,0,5,5,0,0,0,9,214,5,23,67,27,28,12,19,11,0,0,6,3,0,0,19,207,6,4,15,58,140,72,37,15,5,0,9,3,0,0,10,379,41,53,56,65,77,83,157,90,24,19,18,20,3,5,17,727,6,334,1046,169,33,23,20,29,5,7,7,7,0,0,95,1770,0,8,22,94,212,189,104,64,19,24,22,10,9,0,18,801,7,9,56,62,119,193,322,311,105,78,97,103,30,18,19,1531,0,4,11,58,85,144,169,71,21,16,31,25,15,5,10,664,0,0,0,15,44,40,63,62
CED118,0,0,0,7,111,416,394,149,32,8,12,17,5,0,23,1169,0,0,3,13,57,317,533,230,32,45,50,32,16,13,10,1347,0,3,9,18,22,30,51,35,9,4,12,13,3,0,6,202,0,19,22,65,454,708,1663,792,154,146,140,166,41,18,81,4459,0,29,185,64,19,94,24,5,0,0,0,0,0,0,7,426,3,18,89,80,113,124,174,125,26,56,27,16,8,3,13,879,3,4,7,85,661,693,600,181,38,35,37,76,21,4,36,2487,81,69,43,36,38,29,48,29,0,0,3,8,4,0,8,411,8,52,188,54,23,6,5,18,0,0,0,0,0,0,9,357,0,3,12,62,208,236,140,68,24,14,19,13,3,0,13,807,8,3,64,133,508,2567,11414,6939,2090,2187,2409,2472,790,158,421,32161,0,5,0,58,143,309,361,93,15,18,18,20,8,0,11,1071,0,0,0,24,141,259,410,465
CED119,0,0,0,0,0,0,0,0,0,0,0,0,0,0,0,9,0,0,0,8,22,107,120,35,9,4,10,6,0,0,4,325,0,3,17,28,34,39,68,38,13,7,3,9,10,5,0,272,7,21,20,26,306,393,744,325,56,55,44,67,10,7,38,2114,0,25,124,17,11,34,7,3,0,0,0,0,0,0,15,236,16,35,99,64,135,177,228,137,26,31,7,17,6,0,20,1008,0,6,5,51,209,223,133,48,7,10,10,10,7,3,11,737,77,109,66,43,41,57,76,49,8,0,7,0,5,0,17,553,9,116,329,83,22,24,23,25,0,0,0,3,0,0,23,663,0,4,16,70,150,118,70,13,3,11,5,0,3,0,5,479,8,8,45,78,148,457,681,285,78,62,59,54,17,4,22,2005,3,4,10,36,81,150,151,46,10,8,7,8,8,0,7,542,0,0,3,5,15,8,34,38
CED120,0,0,0,0,13,16,17,12,0,0,0,0,0,0,3,65,0,0,0,0,0,15,64,20,3,7,7,18,0,0,7,141,0,0,8,26,23,32,43,23,7,4,0,6,3,0,4,196,4,8,14,9,41,85,176,118,13,17,13,57,15,15,23,590,5,31,128,43,18,43,12,0,0,0,0,0,0,0,7,280,10,21,27,10,25,19,16,20,0,0,0,0,0,0,7,166,0,5,9,12,98,86,119,40,0,7,4,18,3,5,15,407,95,154,77,54,64,38,42,20,0,0,0,0,5,0,25,581,7,38,111,21,9,8,4,14,0,0,0,0,0,0,14,216,0,4,8,13,27,16,6,10,8,0,4,5,3,0,0,98,5,8,28,30,51,61,293,227,37,33,42,56,13,3,16,895,0,12,8,15,25,16,39,19,7,9,0,7,4,0,0,159,0,0,0,9,16,23,24,22
CED121,0,0,0,0,0,0,0,7,0,0,0,6,0,0,4,22,0,0,0,0,0,5,20,33,5,7,3,8,0,0,5,88,0,0,20,27,20,22,43,22,0,4,10,13,0,0,6,188,3,9,9,4,44,26,124,79,20,14,26,15,5,0,26,403,0,11,31,14,3,5,3,0,0,0,0,0,0,0,6,77,8,5,23,5,3,0,8,4,3,6,0,0,0,0,9,64,3,8,10,22,35,16,29,7,3,3,3,9,3,20,15,190,125,169,61,29,25,21,40,23,0,5,4,0,6,0,27,516,3,18,27,3,10,0,0,0,0,0,0,0,0,0,4,64,0,0,6,15,16,16,10,14,8,6,4,3,6,0,5,114,15,9,31,23,9,29,227,228,43,52,42,41,14,6,20,798,4,8,5,3,4,13,32,16,0,3,3,4,3,0,0,101,5,0,0,0,9,8,10,15
CED122,0,0,0,0,5,13,9,4,0,0,0,0,0,0,8,45,0,0,0,16,92,310,331,162,46,60,57,51,33,7,15,1188,0,0,13,44,38,75,142,97,15,19,38,27,27,11,9,559,16,59,60,142,761,885,1730,1540,538,601,534,766,227,34,164,8047,0,46,164,40,16,37,11,7,0,0,0,0,0,0,13,347,64,138,240,99,60,42,38,21,7,8,4,3,3,0,23,759,0,3,15,71,184,103,97,27,3,10,5,6,15,0,17,553,43,55,67,42,52,72,218,114,34,43,43,54,20,4,25,871,71,586,985,203,59,18,27,54,5,0,7,4,0,0,108,2138,0,18,64,197,411,409,236,156,70,77,71,65,58,17,38,1880,10,5,85,113,157,208,484,342,149,178,267,371,156,14,54,2602,3,3,24,168,535,976,1080,749,239,307,342,368,160,12,145,5119,0,0,5,15,62,74,81,146
CED123,0,0,0,0,23,84,147,75,6,12,11,6,5,0,3,363,0,0,0,3,11,57,207,119,13,10,15,30,8,4,4,485,0,0,18,21,16,24,33,21,5,0,0,0,0,0,0,146,5,16,16,24,113,169,513,268,72,43,49,58,12,8,53,1409,5,16,213,85,27,58,7,5,3,0,0,0,0,0,6,429,10,24,56,42,116,81,99,83,5,0,9,6,5,0,8,544,0,6,8,63,275,332,258,174,43,15,41,31,11,0,41,1304,152,148,127,58,52,35,22,17,0,4,0,0,8,3,11,625,4,60,177,39,20,9,10,23,4,9,0,0,0,0,14,372,0,0,9,14,24,47,25,20,0,0,3,4,6,0,5,160,3,4,70,116,184,484,2529,1490,276,228,255,282,97,36,83,6132,0,4,8,24,45,88,97,58,7,8,9,10,5,3,8,366,0,0,7,27,53,57,80,143
CED124,0,0,0,0,0,0,0,0,0,0,0,0,0,0,0,0,0,0,0,0,0,0,16,7,0,4,0,0,0,0,0,31,4,9,23,37,38,27,38,20,4,9,0,10,4,0,7,224,0,8,13,7,24,15,55,44,4,3,8,10,0,0,7,196,0,17,31,18,4,0,4,0,0,0,0,0,0,0,3,75,4,15,7,7,5,3,9,8,5,0,3,3,4,0,3,76,4,5,4,7,10,12,9,13,0,5,0,0,0,0,5,83,100,170,90,50,55,31,38,17,3,6,5,0,0,0,29,603,0,16,27,6,0,0,0,0,0,0,0,0,0,0,8,61,7,4,5,10,15,6,3,9,0,0,5,0,0,0,0,56,15,5,20,23,9,9,73,75,18,23,34,49,23,3,13,392,3,11,7,0,12,13,16,18,6,3,7,0,0,0,6,103,0,0,3,0,6,0,5,6
CED125,0,0,0,0,48,115,116,78,13,6,12,7,3,8,13,408,0,0,0,9,75,652,2070,842,147,99,88,92,41,23,57,4196,0,0,6,13,11,27,49,17,3,3,6,3,0,0,0,142,4,14,24,32,244,307,583,329,62,63,57,93,32,0,43,1883,0,22,231,75,33,115,18,4,11,0,0,0,0,0,18,527,20,24,60,37,139,150,215,188,48,14,16,24,10,5,18,958,0,0,15,110,780,821,769,327,55,60,55,60,33,4,60,3148,64,116,75,47,37,39,53,13,0,8,3,3,6,0,14,474,0,32,143,53,26,20,14,31,0,0,0,0,0,0,3,337,0,4,0,22,81,83,46,31,6,14,5,6,8,7,6,319,4,9,50,100,201,610,2834,1708,281,272,283,310,105,20,87,6875,0,6,0,31,93,207,245,86,23,14,13,27,18,3,8,768,0,0,0,21,68,36,99,106
CED126,0,0,0,6,12,3,3,0,0,0,0,0,0,0,3,24,0,0,0,0,0,11,23,12,0,0,0,0,5,0,0,58,0,11,49,76,98,97,156,86,15,13,13,16,5,8,9,650,15,28,34,26,338,383,613,324,95,54,87,121,52,0,43,2208,3,64,190,80,25,112,8,5,0,0,0,0,0,4,16,497,12,30,93,22,18,15,11,7,0,0,0,0,0,0,4,214,3,7,21,21,57,27,20,4,0,0,3,4,0,0,5,179,78,119,116,91,127,118,255,124,15,21,19,24,15,10,21,1156,6,36,61,12,4,0,6,7,0,0,0,0,0,0,3,140,7,15,25,83,122,103,45,50,4,12,12,20,8,3,5,524,10,11,51,35,74,114,319,206,81,63,109,93,26,0,27,1222,9,19,8,24,45,92,66,42,10,4,9,13,10,0,14,365,0,3,33,82,113,56,105,54
CED127,0,0,0,0,0,16,3,0,0,0,0,0,0,0,0,24,0,0,5,5,0,5,5,10,0,4,3,6,0,0,0,36,5,6,30,41,39,46,52,34,3,6,6,4,0,4,11,281,8,20,13,17,63,113,148,75,32,15,23,15,8,0,6,556,0,9,93,16,8,18,4,3,0,0,0,0,3,0,4,162,4,29,24,12,3,0,0,9,0,0,0,0,0,0,0,85,6,4,18,27,44,39,17,12,0,0,6,4,4,0,0,185,114,174,127,85,83,48,78,37,0,7,3,0,3,0,27,795,8,32,52,21,7,4,4,0,0,3,0,0,0,0,8,142,4,6,17,20,30,23,16,7,0,0,0,3,0,0,0,130,8,10,52,54,39,62,125,217,83,62,73,77,17,0,12,889,9,12,11,9,19,15,34,9,5,5,0,3,0,0,3,140,0,0,5,14,27,15,15,15
CED128,0,0,0,0,59,374,1020,790,127,149,142,109,61,27,33,2896,0,0,0,0,4,34,104,52,13,11,13,11,0,0,3,246,0,0,5,12,18,15,24,8,3,0,3,0,3,0,4,85,3,33,50,57,526,581,1094,445,92,138,91,88,17,7,83,3300,7,66,443,156,54,91,20,10,0,0,0,0,0,0,28,863,9,19,84,66,125,131,155,91,10,16,7,3,0,0,18,729,0,0,0,72,525,427,376,86,28,28,43,32,10,0,46,1679,76,79,56,17,25,28,31,7,0,0,9,0,0,0,17,348,4,76,236,80,15,21,13,6,3,0,0,0,0,0,20,484,0,4,4,46,147,132,40,20,4,7,10,6,3,0,12,427,3,7,68,99,224,378,1272,539,162,176,216,267,60,13,50,3544,0,4,3,34,97,104,140,41,14,6,8,16,3,3,8,480,0,0,14,53,141,191,394,601
CED129,0,0,3,12,132,244,125,29,7,0,3,3,4,0,3,571,0,0,0,12,41,184,254,86,15,17,16,11,16,6,6,673,0,5,15,29,36,53,78,36,18,19,6,18,10,7,0,320,20,47,45,68,998,1709,5096,2330,444,400,335,472,165,21,176,12328,4,27,218,66,35,51,8,4,0,3,0,0,0,0,9,425,14,26,100,65,171,116,133,136,71,69,60,51,38,16,16,1086,0,3,19,75,401,312,185,43,9,10,12,22,8,0,13,1098,85,91,53,56,51,50,56,25,6,5,7,11,9,5,14,518,4,64,155,40,10,5,8,16,0,0,0,0,0,0,14,318,4,5,38,147,551,823,260,129,33,43,31,38,40,16,20,2175,11,7,125,209,636,1950,4671,2337,708,665,591,553,263,81,141,12957,0,13,17,70,160,345,344,83,25,21,33,16,12,0,24,1163,0,0,8,44,283,504,811,997
CED130,0,0,0,0,0,0,3,4,0,0,0,0,0,0,0,5,0,0,0,0,0,0,20,39,13,27,27,9,4,0,0,139,0,3,11,27,17,23,33,23,7,11,10,12,6,0,4,182,0,3,3,11,27,36,107,88,30,51,87,102,20,4,16,586,0,3,6,3,0,7,5,0,0,0,0,0,0,0,0,33,0,3,3,3,0,0,6,9,3,0,0,16,0,3,5,64,0,0,0,8,17,14,15,37,4,0,9,11,75,58,3,252,32,95,36,39,35,23,26,31,0,3,4,3,5,0,7,342,0,7,6,0,0,0,0,6,0,0,0,0,3,0,4,33,0,0,3,9,18,11,13,6,0,0,0,4,0,5,0,77,8,4,17,12,8,22,206,195,74,75,125,159,44,12,16,973,3,11,3,5,5,14,15,9,0,0,5,19,12,0,8,116,0,0,0,0,3,4,8,25
CED131,0,0,0,0,0,0,12,170,21,28,5,33,7,11,3,293,0,0,0,0,4,18,43,56,16,64,33,30,11,0,0,280,4,3,32,28,34,56,104,62,8,17,12,25,13,6,3,396,6,5,11,24,55,93,356,244,66,140,113,137,31,10,39,1328,0,14,95,17,7,15,18,0,0,4,4,0,0,0,8,181,0,13,21,9,7,8,23,6,0,6,11,4,0,8,0,117,0,0,7,16,38,17,28,7,0,0,0,6,0,0,5,136,158,103,26,23,40,32,82,42,6,17,9,8,11,0,15,578,15,103,141,33,16,11,0,0,0,0,0,0,0,6,10,337,0,5,0,28,48,32,34,28,27,33,17,13,9,0,7,286,3,9,18,36,38,69,413,495,131,112,156,140,69,14,34,1743,0,6,6,4,13,23,62,35,20,24,22,21,17,4,10,263,0,0,0,3,9,4,41,75
CED132,0,0,3,6,16,18,8,3,3,0,0,0,0,0,4,56,0,0,0,5,20,42,52,23,14,5,5,12,10,0,0,190,4,16,34,80,76,102,147,98,25,29,40,29,16,7,6,706,33,64,81,145,1152,1735,3132,1818,482,384,389,506,226,38,122,10305,0,65,171,51,26,28,12,7,0,0,0,0,0,0,3,372,11,36,127,45,40,6,13,32,5,13,10,4,0,0,16,373,0,11,31,46,89,68,36,25,0,6,3,3,0,0,8,336,78,58,55,57,64,66,149,101,19,17,20,24,11,11,19,748,14,96,153,32,9,10,7,12,4,4,0,0,3,0,9,361,3,33,104,356,1116,920,389,251,82,99,59,100,135,59,45,3752,14,20,67,109,247,406,814,839,331,378,405,464,203,64,58,4427,9,10,22,59,116,211,238,153,31,37,42,46,34,5,13,1018,0,0,30,77,270,171,261,309
CED133,0,0,0,0,0,0,0,17,0,0,0,10,0,0,0,34,0,0,0,0,0,0,8,10,0,0,0,0,0,0,0,22,5,4,34,42,48,32,69,25,6,13,5,9,3,0,16,310,5,5,0,9,13,16,65,41,10,14,10,34,0,0,25,249,4,7,14,0,3,0,0,0,0,0,0,0,0,0,0,33,7,13,9,5,0,4,4,4,5,0,5,6,5,3,8,70,3,7,10,8,15,13,11,13,4,0,7,9,0,0,3,97,61,138,87,51,114,60,87,38,3,4,4,4,7,0,13,658,6,14,13,5,0,0,0,4,0,0,5,0,0,0,0,39,0,0,9,8,9,12,12,8,0,3,12,0,0,0,7,91,7,24,58,56,91,76,366,227,73,65,74,114,39,7,39,1301,0,9,7,6,0,15,23,17,4,5,4,10,11,0,7,116,0,0,0,3,0,0,7,11
CED134,0,0,0,0,0,0,0,0,0,0,0,0,0,0,0,0,0,0,0,0,0,4,42,46,26,11,10,11,0,0,0,158,0,0,6,15,9,12,31,16,0,0,3,5,3,0,0,94,0,0,4,11,27,35,75,58,9,20,10,25,14,12,7,303,0,7,13,6,0,0,0,0,0,0,0,0,0,0,0,36,0,5,4,0,0,3,3,8,0,5,0,4,6,0,0,37,0,0,4,9,23,12,45,35,7,18,6,15,4,13,7,194,33,66,38,22,27,20,29,9,0,10,3,4,0,3,14,279,0,9,29,4,3,4,0,0,0,0,0,0,0,0,3,47,0,3,3,8,11,4,9,9,0,0,0,0,6,0,0,54,0,0,7,9,12,16,262,300,100,114,117,109,57,27,21,1156,0,0,5,0,3,8,15,14,0,5,14,19,8,0,3,101,0,0,0,0,5,0,0,9
CED135,0,0,0,3,107,435,665,547,94,93,79,109,41,20,32,2232,0,0,0,10,33,183,418,291,75,73,76,75,38,5,11,1283,0,0,9,9,24,27,32,23,11,9,14,18,12,0,3,203,7,39,60,132,1795,2744,5462,2538,566,617,483,524,153,39,275,15437,0,23,123,40,33,55,16,12,0,3,0,3,0,0,5,313,9,13,62,36,77,59,76,59,18,30,50,24,14,0,15,546,0,0,17,89,386,328,275,126,24,26,35,54,22,0,26,1401,30,52,28,15,28,36,37,20,5,6,3,4,4,0,11,283,6,97,257,57,12,9,4,6,0,0,0,0,0,0,4,461,0,5,32,158,619,823,407,196,46,26,42,28,35,7,37,2458,0,3,43,104,319,1152,6140,6603,2968,3666,4566,5018,1861,523,460,33450,0,0,6,52,152,258,277,96,49,19,34,39,16,0,13,1014,0,0,9,46,146,348,495,1105
CED136,0,0,0,0,0,0,3,8,3,0,0,0,0,0,0,9,0,0,0,0,0,6,31,30,5,3,6,6,0,0,0,84,0,0,18,30,27,29,48,45,9,0,3,0,0,0,5,220,3,8,10,9,33,41,117,59,19,27,23,27,0,0,12,407,3,17,67,16,5,7,0,0,0,0,0,0,4,0,6,125,5,15,10,8,0,4,19,5,0,0,0,0,0,0,5,76,4,3,12,23,18,38,29,22,4,9,4,3,0,0,0,162,178,188,73,27,54,20,35,20,3,0,3,0,5,0,29,639,0,25,31,7,4,3,4,3,0,0,0,0,0,0,4,88,0,0,8,16,28,15,10,16,4,0,3,3,3,4,4,121,6,5,20,18,9,48,321,289,57,52,54,72,26,11,16,1008,5,3,3,0,3,20,38,19,7,0,3,8,3,0,3,120,0,0,0,6,3,0,8,19
CED137,0,0,0,0,17,48,35,54,10,4,0,7,0,0,8,173,0,0,0,0,11,57,155,109,31,30,39,22,17,0,3,476,0,0,9,30,35,36,63,51,14,13,14,21,3,0,8,307,24,136,147,255,2218,3333,7250,4692,1221,1390,1174,1275,418,59,500,24084,3,58,250,66,17,36,13,0,0,0,3,3,0,0,23,476,15,50,136,106,144,59,76,76,26,20,18,22,13,6,19,779,7,10,14,71,165,134,93,38,9,8,9,9,0,0,26,588,75,57,47,25,51,35,83,45,7,8,4,5,6,6,13,475,12,277,575,87,20,7,15,21,7,0,3,0,0,4,37,1073,4,23,83,368,789,819,447,354,110,103,100,106,95,29,47,3478,0,0,71,222,368,740,1622,1652,833,846,1156,1280,425,143,162,9518,3,5,13,73,132,290,407,245,97,69,73,86,45,8,32,1575,0,0,3,17,108,77,199,362
CED138,0,0,0,0,3,4,0,0,0,0,0,0,0,0,0,3,0,0,0,0,0,0,9,0,0,0,0,0,0,0,0,14,7,7,43,70,66,77,138,97,18,21,18,32,23,0,8,628,7,12,8,8,26,15,83,45,18,16,9,12,7,0,6,266,6,12,23,4,6,6,0,0,0,0,0,0,0,0,0,53,5,9,14,5,0,0,0,3,0,0,0,4,0,0,0,47,0,17,12,27,25,16,30,3,0,4,10,0,0,0,6,148,78,182,81,74,152,137,168,71,27,29,18,30,20,0,36,1087,0,18,20,11,0,0,7,4,0,0,0,0,0,0,5,61,6,3,10,15,28,14,11,7,0,3,0,5,3,3,4,114,17,13,39,36,44,27,186,170,44,28,40,58,21,13,28,756,0,18,5,9,12,22,30,35,0,9,6,9,9,0,8,184,0,0,3,3,18,6,3,9
CED139,0,0,0,0,0,6,7,22,4,13,0,0,0,0,0,54,0,0,0,0,0,4,27,57,10,7,3,3,0,0,4,113,0,0,3,18,9,21,26,18,0,4,3,0,0,0,3,106,0,0,8,10,23,41,121,86,60,68,78,151,18,6,11,682,0,9,23,3,6,8,4,0,0,0,0,0,0,0,0,47,0,3,7,0,9,13,47,44,0,0,5,3,3,0,7,147,0,5,3,11,19,27,20,15,6,8,4,28,41,84,8,277,59,92,38,22,22,14,17,11,0,0,10,9,0,0,11,299,0,14,25,8,3,0,0,3,0,0,0,0,0,0,8,63,0,0,4,12,24,14,11,5,0,6,0,4,3,0,0,80,7,3,7,3,7,32,293,426,115,119,102,80,45,20,23,1268,0,3,0,3,4,10,17,11,4,6,5,7,0,0,0,82,0,0,0,0,4,11,9,35
CED140,0,0,0,0,0,0,0,6,0,0,0,0,0,0,0,8,0,0,0,5,0,3,9,19,3,11,9,0,3,0,3,70,0,8,39,41,39,67,113,39,11,11,10,15,6,0,4,407,9,32,17,13,120,177,375,211,56,35,30,40,17,0,20,1164,3,31,64,15,5,17,0,6,0,0,3,0,0,0,7,147,14,35,51,19,18,5,17,37,5,14,9,16,5,0,6,245,4,5,13,30,47,48,21,9,6,0,8,3,6,0,5,197,76,121,71,48,63,50,120,41,4,13,0,6,0,0,12,643,10,58,65,18,3,5,8,4,0,0,0,3,0,0,3,172,0,8,12,29,57,28,31,12,10,0,0,7,5,0,3,215,10,15,23,47,45,61,288,292,74,97,79,76,29,4,20,1167,8,10,14,17,22,32,61,40,11,0,8,23,8,0,0,257,0,0,3,7,16,9,36,29
CED141,0,0,0,4,0,0,0,3,0,0,0,0,0,0,0,5,0,0,0,0,3,8,15,6,0,4,0,0,0,0,0,32,0,4,17,25,26,29,69,45,4,5,6,3,0,0,5,245,3,12,8,21,42,43,133,73,25,26,13,9,4,0,8,414,0,16,39,15,3,14,0,0,0,0,0,0,0,0,4,91,4,12,19,5,3,6,9,6,3,0,0,0,0,0,0,70,0,0,9,13,21,18,16,8,0,0,6,0,4,0,3,99,198,185,60,32,37,24,43,29,5,9,4,9,4,0,17,657,3,26,49,11,0,0,0,4,0,0,0,0,0,0,6,103,0,0,7,16,27,24,17,4,3,3,0,0,0,0,8,104,5,3,25,41,28,54,180,86,28,25,33,22,10,4,8,548,5,3,5,9,15,18,44,19,3,6,12,7,9,0,5,156,0,0,0,0,5,3,15,11
CED142,0,0,0,0,8,11,12,8,0,0,0,3,0,28,0,73,0,0,0,3,23,48,71,49,26,19,34,38,21,5,3,344,0,0,32,64,73,106,212,206,52,47,91,118,77,20,19,1108,6,43,48,122,843,1608,3447,3334,1192,1460,1407,1818,763,93,365,16550,0,10,63,22,23,44,16,21,0,3,3,0,0,0,6,213,8,9,51,20,31,12,30,21,3,7,9,15,4,4,7,244,0,10,12,72,132,81,51,32,3,4,3,10,10,5,12,438,32,58,45,72,77,114,252,175,52,55,55,87,45,13,22,1161,9,133,305,57,21,23,16,34,5,4,10,8,4,0,29,651,3,17,54,179,456,460,338,309,107,124,95,128,124,48,47,2490,3,0,44,57,126,292,527,542,262,359,475,712,284,66,64,3829,0,11,12,72,155,580,870,1405,435,486,546,769,240,17,146,5746,0,0,9,24,93,82,181,228
CED143,0,0,0,5,8,5,7,5,0,0,0,0,0,0,0,31,0,0,0,0,4,6,26,9,0,4,3,3,0,0,0,50,0,9,47,95,92,138,269,135,35,22,49,37,36,6,10,981,15,29,18,43,392,520,729,401,92,92,76,119,60,5,40,2642,6,32,120,33,26,46,9,12,5,4,4,0,0,0,8,308,15,37,69,22,9,6,13,8,5,4,0,0,0,6,7,195,0,17,26,33,42,38,20,6,0,4,0,9,0,0,3,206,50,84,67,63,119,119,292,156,35,42,50,69,24,4,20,1207,14,66,100,22,12,0,12,6,0,0,0,0,0,0,9,242,4,11,38,105,212,189,131,107,21,24,22,43,25,18,13,948,8,6,57,51,119,118,254,171,59,66,62,86,15,7,19,1114,5,15,6,35,52,60,53,23,14,3,8,10,10,0,7,312,0,0,17,52,108,53,70,61
CED144,0,0,0,0,17,35,39,19,0,15,3,0,0,0,0,120,0,0,0,13,120,647,2309,1259,265,314,314,306,124,73,102,5846,0,0,4,15,14,21,23,13,3,0,0,3,11,0,3,116,18,44,64,216,2000,2393,3366,1656,317,776,436,406,71,16,464,12253,3,44,150,35,12,24,5,0,0,3,0,0,0,0,22,288,9,34,163,117,175,168,215,114,43,41,32,38,11,9,36,1209,0,4,14,150,400,311,177,68,14,19,27,31,18,0,35,1264,38,32,36,24,32,16,34,21,7,0,0,4,0,0,14,248,17,520,1765,505,115,66,43,172,35,23,12,6,4,0,256,3543,3,7,27,211,409,338,166,88,33,24,20,26,9,5,36,1402,0,3,36,80,184,358,1176,745,276,419,627,613,129,27,101,4779,0,0,14,140,377,473,711,294,60,80,99,117,36,7,53,2468,0,0,0,3,27,35,46,59
CED145,0,0,0,0,0,0,0,0,0,0,0,0,0,0,0,10,0,0,0,0,3,9,18,10,8,0,0,3,4,0,0,57,3,16,45,63,62,87,141,162,37,41,52,59,24,5,14,801,34,63,26,43,273,339,538,310,80,73,82,87,70,5,63,2083,3,22,31,19,12,19,6,10,0,0,0,0,0,0,12,137,13,91,79,19,29,13,6,3,0,0,0,0,0,0,15,283,0,7,11,28,59,23,17,3,3,0,3,5,0,0,5,175,116,74,90,54,83,117,210,134,46,21,34,69,22,0,43,1116,26,146,155,36,13,10,9,16,5,0,3,0,3,0,24,450,7,10,40,102,187,154,122,127,17,25,43,31,48,25,14,956,19,24,106,70,81,109,98,99,20,25,33,31,6,0,41,758,3,13,17,46,70,70,70,29,14,20,18,17,10,3,11,403,0,3,10,14,104,50,62,36
CED146,0,0,0,0,34,77,129,17,3,4,4,0,0,0,4,278,0,0,0,0,66,467,1183,419,90,55,59,50,25,24,22,2461,0,0,6,3,18,28,32,5,6,0,7,3,3,0,0,117,11,14,24,82,485,504,819,313,62,57,58,55,16,5,58,2554,4,51,319,160,62,344,120,5,0,5,4,4,0,0,25,1104,10,21,70,73,146,212,225,198,42,12,28,12,12,0,29,1086,0,0,12,171,1682,1861,1635,423,96,85,83,51,35,3,138,6267,67,58,37,31,23,46,50,14,0,0,4,0,5,0,9,348,0,59,270,90,44,36,22,32,7,4,0,0,0,0,34,590,0,4,7,32,123,119,58,20,16,3,0,5,9,0,11,391,0,0,27,63,247,907,2277,1035,185,183,176,188,56,12,82,5440,0,7,5,52,132,240,280,82,23,15,20,18,9,4,14,891,0,0,12,43,187,125,199,132
CED147,0,0,0,0,3,0,5,0,0,0,0,0,0,0,0,16,0,0,0,0,0,5,24,16,0,3,0,0,0,3,0,65,0,6,33,38,32,26,49,29,5,4,7,8,7,0,4,247,5,5,5,15,37,44,134,91,23,12,21,28,7,0,12,447,0,60,168,39,10,45,13,0,0,0,0,0,0,0,0,336,5,18,19,19,12,8,23,34,0,4,10,12,0,0,10,171,0,0,8,24,34,29,21,16,11,10,21,9,0,0,3,179,120,413,197,71,68,33,39,14,7,0,0,0,4,0,34,1008,3,51,119,39,7,10,5,15,0,0,0,0,0,0,11,268,0,0,11,20,25,21,22,10,5,12,4,0,3,0,0,135,13,7,37,32,22,49,256,315,51,51,75,58,28,0,17,1001,4,5,0,3,5,24,39,18,6,12,5,11,4,0,0,129,0,0,0,3,15,22,20,23
CED194,0,0,0,0,0,0,0,0,0,0,0,0,0,0,0,7,0,0,0,0,0,0,0,0,0,0,0,0,0,0,0,6,0,0,0,5,0,3,0,0,0,0,5,6,4,6,0,26,0,0,0,0,4,5,11,17,3,8,11,17,8,0,0,86,0,0,3,0,0,0,0,0,0,0,0,0,0,0,0,8,0,0,0,0,0,0,9,0,0,0,0,0,0,0,0,13,0,0,0,0,0,0,3,0,4,0,4,4,0,0,0,23,3,0,0,0,6,0,4,0,0,0,0,8,0,0,0,30,0,0,4,0,0,0,0,0,0,0,0,0,0,0,0,10,0,0,0,0,6,5,0,7,6,0,5,0,3,5,0,32,0,0,0,3,0,5,12,9,9,3,4,12,0,16,5,78,0,0,0,0,3,0,4,3,0,0,6,11,5,0,0,32,0,0,0,0,0,3,4,13
CED197,0,0,0,0,0,0,0,0,0,0,0,0,0,0,0,0,0,0,0,0,0,0,0,0,0,0,0,0,0,0,0,0,0,0,0,0,0,0,0,0,0,0,0,0,0,0,0,0,0,0,0,0,0,0,0,0,0,0,0,0,0,0,0,0,0,0,0,0,0,0,0,0,0,0,0,0,0,0,0,0,0,0,0,0,0,0,0,0,0,0,0,0,0,0,0,0,0,0,0,0,0,0,0,0,0,0,0,0,0,0,0,0,0,0,0,0,0,0,0,0,0,0,0,0,0,0,0,0,0,0,0,0,0,0,0,0,0,0,0,0,0,0,0,0,0,0,0,0,0,0,0,0,0,0,0,0,0,0,0,0,0,0,0,0,0,0,0,0,0,0,0,0,0,0,0,0,0,0,0,0,0,0,0,0,0,0,0,0,0,0,0,0,0,0,0,0,0,0,0,0
CED201,0,0,0,0,32,100,79,17,0,4,0,6,0,0,3,248,0,0,6,0,3,34,32,13,3,5,3,0,0,0,0,106,0,4,8,19,33,24,41,17,9,0,3,6,0,0,0,164,5,12,20,47,453,683,3525,2000,381,383,307,457,93,23,73,8464,0,22,111,44,20,32,3,0,0,0,0,0,0,0,6,248,6,30,97,56,91,79,88,54,0,8,12,7,9,0,10,550,0,0,0,19,96,50,73,19,11,4,4,4,0,0,4,292,101,342,182,87,93,38,64,31,10,0,3,9,3,0,75,1050,5,92,302,97,29,7,8,28,0,5,0,3,0,0,11,592,5,0,16,84,332,439,423,157,35,45,16,35,29,6,19,1647,13,3,116,168,341,671,1947,989,198,191,190,211,64,21,42,5169,3,10,6,37,62,190,243,67,22,14,17,13,13,0,3,703,0,0,0,11,54,92,243,347
CED202,0,0,0,0,0,3,5,13,0,0,0,0,0,0,0,18,0,0,0,4,5,0,41,30,0,3,0,0,3,0,0,98,0,0,26,32,26,29,48,17,6,7,6,9,0,0,0,201,0,0,8,3,20,28,264,167,40,40,45,78,23,0,14,729,0,50,84,27,3,9,0,0,0,0,0,0,0,0,9,185,8,7,8,0,0,6,22,4,3,0,4,0,0,0,0,63,3,0,4,3,14,9,14,12,0,0,5,6,0,0,3,74,82,164,54,47,58,23,39,15,5,0,5,5,4,0,18,523,0,35,37,12,0,0,0,0,0,0,0,0,0,0,10,97,0,0,5,14,14,16,20,15,3,6,0,3,6,0,3,92,8,6,22,24,20,38,558,412,130,117,180,239,95,19,53,1924,0,3,6,6,3,12,27,27,3,4,0,7,3,0,0,111,0,0,0,0,7,0,23,23
CED203,0,0,0,0,0,0,7,47,14,11,9,0,0,0,0,87,0,0,0,3,0,7,24,24,0,4,4,0,5,0,0,70,0,8,11,26,18,13,47,28,9,0,0,3,3,4,3,182,0,0,0,0,13,27,165,91,15,16,31,23,4,3,26,416,0,11,49,15,4,10,0,0,0,0,0,0,0,0,3,90,0,4,8,3,9,6,26,21,0,0,4,6,6,0,7,96,0,0,0,5,8,8,29,10,0,0,0,0,0,0,3,60,63,117,62,35,45,22,29,14,0,3,0,0,0,0,14,398,3,25,40,10,4,0,0,3,0,0,0,0,0,0,14,105,0,4,3,8,9,7,13,13,9,0,0,4,0,0,6,80,6,3,23,25,7,32,414,307,110,83,115,120,51,12,33,1343,4,6,4,3,7,13,32,15,10,4,4,5,8,0,0,120,0,0,0,0,0,0,18,22
CED204,0,0,0,12,157,787,2432,2975,447,521,382,592,215,175,169,8867,0,0,0,9,20,64,175,89,19,28,11,13,9,0,4,427,0,0,7,10,19,27,19,10,0,0,5,0,8,3,0,110,0,24,83,47,482,603,1489,888,167,195,156,204,65,10,73,4488,0,35,378,200,67,347,196,10,7,5,0,3,0,0,49,1300,0,26,103,65,110,150,209,91,8,10,16,8,3,0,33,827,0,0,5,21,293,309,236,69,10,21,13,21,3,0,21,1031,50,176,96,60,62,54,43,18,0,5,6,3,0,0,19,597,10,130,568,255,83,42,41,105,14,11,8,3,0,0,36,1298,0,0,8,36,109,96,94,38,4,3,10,9,0,6,10,415,10,7,144,267,507,972,3855,1807,459,492,658,719,238,53,152,10342,0,3,0,34,104,129,231,85,20,33,15,27,10,0,19,725,0,3,0,4,36,81,240,677
CED205,0,0,0,0,8,45,160,136,14,16,10,18,5,6,22,432,0,0,0,3,13,67,189,97,24,20,3,13,4,0,11,449,0,0,7,10,11,10,28,30,3,11,0,3,6,0,3,127,0,0,13,0,72,87,277,147,34,51,28,30,7,0,11,752,0,17,244,86,24,42,11,9,4,0,0,0,0,0,3,453,5,54,131,58,100,93,159,145,19,27,32,14,6,8,14,856,0,0,0,30,198,187,317,128,16,40,26,29,11,0,14,1010,44,52,26,17,28,31,45,13,7,0,5,4,0,0,0,263,10,95,345,115,64,40,33,64,6,0,0,0,0,0,35,811,0,0,0,5,17,24,37,19,9,3,3,4,4,0,0,132,6,0,51,90,176,487,6388,3428,815,832,1086,1298,374,82,230,15339,0,0,4,4,28,45,107,55,15,12,3,9,11,0,6,307,0,0,5,20,68,46,176,410
CED206,0,0,0,0,0,4,9,0,0,0,0,0,0,0,0,14,0,0,0,0,0,7,10,4,0,0,0,0,0,0,0,25,0,5,22,45,33,38,63,34,4,8,6,4,3,0,4,265,3,6,4,11,41,85,364,235,48,34,45,58,30,12,15,991,0,21,56,14,0,17,0,3,0,0,0,0,0,0,3,125,4,16,15,0,7,0,7,18,0,0,0,0,0,0,0,69,0,4,3,10,29,25,8,5,0,0,0,4,0,0,0,85,98,308,187,64,117,56,80,26,3,3,0,5,7,0,22,975,5,37,63,29,6,0,3,0,3,0,0,0,0,0,12,163,0,0,7,10,27,36,48,12,5,3,5,5,5,0,0,171,15,7,56,64,54,82,420,197,56,42,56,29,21,6,19,1120,0,13,9,15,13,28,47,23,4,0,0,3,5,3,5,174,0,0,0,3,23,8,63,144
CED207,0,0,0,10,37,89,44,35,3,3,0,0,0,0,7,226,0,0,0,10,20,64,90,94,36,23,38,36,29,6,3,458,0,4,11,38,36,34,50,31,8,4,9,18,8,0,4,255,8,30,68,112,1779,2763,7886,5641,1442,1783,1606,1921,634,175,486,26347,0,57,133,29,21,33,4,0,0,0,0,0,0,0,12,295,12,70,173,55,50,34,45,58,14,37,3,3,0,0,18,577,0,3,0,25,105,71,52,32,6,0,3,0,8,0,7,313,92,185,97,45,53,50,70,17,9,4,3,0,6,0,13,648,22,529,1549,315,94,31,22,82,14,10,14,11,10,0,62,2755,5,20,45,191,739,712,459,297,97,98,107,131,99,41,65,3115,21,12,125,226,505,1021,3105,1657,478,701,963,1267,522,110,138,10853,0,10,20,46,129,421,469,154,39,35,41,93,73,9,17,1579,0,0,0,8,95,76,169,339
CED208,0,0,0,0,8,20,16,14,5,0,0,4,0,0,8,69,0,0,0,3,3,11,67,62,27,28,18,13,4,0,4,242,0,3,18,28,47,55,101,82,21,8,22,15,3,7,10,425,5,4,13,20,467,597,1243,670,170,225,292,197,52,12,91,4060,4,26,154,65,18,31,10,4,4,0,0,0,0,0,22,342,4,36,83,32,61,41,16,26,4,8,18,5,4,0,8,341,0,0,5,18,85,39,32,13,3,5,4,0,0,0,7,203,28,55,39,40,41,59,104,71,25,16,16,3,7,3,14,528,33,642,2412,560,145,54,39,145,12,19,14,9,9,0,246,4327,0,0,4,17,78,65,71,52,11,12,14,18,6,5,4,363,3,4,34,62,116,158,894,590,206,349,572,572,162,33,81,3832,0,0,0,7,32,84,100,58,22,18,16,14,5,0,8,359,0,0,0,3,31,31,97,214
CED209,0,0,0,0,0,0,3,19,0,0,0,4,0,0,0,30,0,0,0,0,0,0,33,18,0,5,3,9,0,0,0,71,0,6,18,39,28,40,77,44,14,12,5,22,9,5,8,315,4,3,5,6,15,40,220,158,28,42,42,46,14,3,0,636,0,35,93,29,13,20,3,0,0,0,0,0,0,0,9,213,10,18,25,8,0,3,7,10,3,3,0,5,0,0,4,102,0,0,5,7,18,14,10,19,0,0,0,4,3,0,3,90,132,213,70,43,48,31,57,36,20,8,4,10,4,0,33,695,4,58,114,38,0,4,5,6,0,0,0,0,0,0,10,246,0,0,8,3,16,9,31,22,6,5,3,8,10,0,5,119,8,3,34,32,14,32,532,396,112,147,193,299,131,5,41,2000,0,3,4,5,14,22,19,19,0,3,9,11,11,0,9,139,0,0,3,3,16,15,21,76
CED210,0,0,0,0,5,8,51,351,59,31,7,54,17,10,3,582,0,0,0,0,0,5,28,35,3,17,9,5,0,0,0,101,0,3,18,17,19,23,57,48,10,7,9,11,3,3,10,236,0,4,76,7,36,71,309,213,63,78,77,101,24,11,30,1090,10,175,517,157,55,146,52,12,0,0,0,3,0,0,42,1166,0,7,12,6,3,8,28,14,4,0,12,9,11,8,6,142,0,0,0,9,16,10,23,28,6,0,0,8,3,4,3,98,177,306,84,26,38,29,61,19,3,10,7,5,0,0,27,796,5,64,148,35,10,16,4,0,3,5,0,0,0,0,16,306,0,3,0,4,18,24,33,28,8,11,14,11,15,0,6,160,8,6,23,13,33,37,637,688,248,296,405,500,190,16,56,3168,0,11,6,0,15,33,62,30,9,13,18,8,11,4,9,215,0,0,0,0,22,18,38,183
CED211,0,0,0,0,8,23,13,10,0,0,0,0,0,0,4,61,0,0,0,10,8,29,43,16,0,4,6,3,6,0,5,125,0,10,15,39,36,44,65,41,3,3,8,5,0,0,3,277,4,18,25,36,392,804,3783,2367,474,466,391,523,135,34,141,9595,5,36,96,24,17,20,12,0,0,0,0,0,0,0,12,208,12,49,33,14,16,19,45,37,8,8,5,3,0,0,7,251,0,5,10,16,69,39,39,3,5,0,0,4,0,0,0,189,129,229,113,63,61,44,82,40,0,0,6,5,0,0,19,792,5,141,303,52,15,14,4,20,0,6,0,0,0,0,29,584,3,8,19,73,335,382,299,157,28,47,42,42,44,12,18,1528,15,11,67,97,189,334,1522,937,261,245,324,260,84,21,62,4432,0,17,12,30,52,101,196,67,17,9,6,21,10,0,11,553,0,0,0,18,67,77,232,429
CED212,0,0,0,0,32,58,32,12,4,3,0,0,0,0,0,146,0,0,0,6,0,8,18,5,0,3,5,4,0,0,0,46,0,6,28,24,35,37,66,43,14,6,12,7,0,5,11,287,0,6,6,8,65,102,422,260,72,63,67,108,22,6,18,1233,0,18,92,35,21,66,27,5,0,0,0,0,0,0,3,279,11,32,40,12,11,15,22,12,0,0,3,0,0,0,5,162,0,0,6,15,62,57,103,9,12,6,0,3,4,0,9,283,82,185,134,70,119,61,109,37,8,8,0,0,7,0,22,849,4,89,187,89,34,13,15,52,0,3,0,4,0,0,25,516,0,8,7,21,37,28,31,25,4,10,35,14,17,0,0,238,7,8,66,86,99,152,727,287,59,46,72,87,31,13,32,1778,0,7,6,13,21,34,53,20,3,6,8,5,8,0,8,190,0,4,3,0,14,6,32,56
CED213,0,0,0,0,4,6,0,0,0,0,0,0,0,0,3,17,0,0,0,0,0,0,0,0,0,0,0,0,0,0,0,8,0,3,27,61,43,44,74,37,7,9,6,12,5,0,5,338,5,9,3,0,38,25,79,55,10,14,10,20,5,0,3,286,0,39,126,48,15,11,0,4,0,0,0,0,0,0,15,268,15,56,54,13,11,7,8,11,0,0,0,0,0,0,11,185,3,0,3,12,17,14,12,4,0,0,0,0,0,0,3,72,89,250,145,56,76,44,69,47,5,3,9,0,0,0,32,819,14,135,349,70,18,7,9,16,4,0,0,0,0,0,41,660,4,3,8,11,21,7,8,6,0,6,3,5,0,0,0,91,18,8,56,39,27,14,66,63,21,10,21,20,0,4,17,387,0,9,7,3,15,9,28,16,5,0,7,5,8,0,3,112,0,0,0,0,11,0,9,8
CED214,0,0,0,0,13,23,87,222,13,26,35,16,12,12,9,464,0,0,0,8,11,28,208,163,46,49,51,52,20,8,13,665,0,0,6,7,22,29,56,56,5,10,5,7,6,0,4,218,0,7,5,37,370,465,911,469,99,122,135,144,28,5,46,2848,0,83,596,185,70,148,38,18,4,0,3,0,0,0,41,1193,4,42,67,51,41,39,76,53,0,3,10,9,15,0,11,427,0,0,5,24,114,83,61,33,9,17,15,21,3,0,11,396,191,160,64,25,45,49,71,36,9,5,9,7,0,0,20,693,11,336,913,211,46,32,13,29,6,4,0,8,0,0,106,1707,0,0,6,25,210,172,110,92,10,9,13,11,3,0,7,663,0,3,60,79,136,205,1489,1230,504,649,1102,1238,267,42,139,7141,0,4,3,14,73,131,174,81,27,12,28,36,22,0,10,618,0,0,0,3,5,18,58,252
CED215,0,0,0,0,8,28,42,36,7,13,3,3,7,0,6,154,0,0,0,0,9,32,411,214,40,19,36,23,12,7,5,805,0,4,9,17,28,32,72,65,9,13,17,15,5,0,0,294,0,5,9,18,209,436,2258,1290,324,249,233,306,104,15,93,5546,3,74,307,109,24,93,27,10,0,0,0,0,0,0,20,675,3,28,67,27,28,40,86,33,14,9,23,8,4,6,19,387,0,4,0,14,86,88,156,100,16,6,10,11,9,0,5,514,101,116,52,24,42,43,136,76,9,17,8,17,7,0,14,654,12,239,716,162,45,15,12,59,7,6,3,5,0,0,55,1343,0,0,5,10,73,119,161,90,20,13,15,32,13,6,8,562,8,10,50,80,146,519,6822,4899,1266,1410,1743,1913,526,174,302,19858,0,0,3,15,50,338,518,173,41,41,50,33,38,5,25,1327,0,0,0,6,23,25,133,285
CED216,0,0,0,0,0,0,0,0,0,0,0,0,0,0,0,7,0,0,0,5,0,4,16,18,3,4,3,6,0,0,0,55,0,6,21,35,16,30,38,21,3,0,0,12,0,0,9,190,3,0,5,3,14,30,117,67,21,11,16,18,3,3,28,348,6,14,46,27,8,7,0,0,0,0,0,0,0,0,5,113,0,17,10,3,3,0,8,3,5,4,0,0,0,4,5,75,0,4,8,8,20,10,24,10,0,0,0,6,0,0,0,96,138,284,119,47,60,14,42,8,4,8,0,3,0,0,30,750,5,34,54,20,0,0,3,0,0,0,0,0,0,0,10,134,0,3,0,3,4,0,6,6,3,0,0,5,0,0,14,54,9,11,12,11,17,32,271,193,46,60,87,100,57,9,25,940,3,0,5,6,19,9,16,16,3,3,8,17,6,0,6,119,0,0,0,0,0,3,10,9
CED217,0,0,0,0,7,9,4,4,3,0,0,0,0,0,0,26,0,0,0,0,8,5,22,5,5,9,4,0,0,0,0,52,0,4,24,65,57,62,126,73,21,16,12,18,0,3,8,477,9,26,18,35,393,535,1403,976,289,309,301,359,142,32,97,4917,0,35,102,15,13,50,11,6,0,0,0,0,0,0,11,248,6,66,105,37,34,25,15,5,0,7,0,4,0,0,12,323,0,0,6,19,32,23,8,9,0,0,3,7,0,0,0,112,139,189,99,62,80,99,155,90,9,19,16,28,20,10,37,1047,9,263,708,135,30,20,9,45,5,0,3,0,4,0,42,1275,0,3,19,62,88,89,91,53,10,20,27,43,30,8,13,557,13,15,107,133,159,233,684,506,167,237,307,312,92,31,57,3066,4,9,8,16,15,82,99,39,5,10,17,18,21,6,3,350,0,0,0,5,47,22,83,68
CED218,0,0,0,0,14,62,108,150,17,39,18,24,0,0,20,449,0,0,0,4,11,51,137,61,12,5,10,13,3,0,5,312,0,0,10,11,12,10,35,14,8,0,3,12,0,0,9,112,0,5,4,10,141,205,690,264,68,44,41,63,18,5,49,1597,3,60,786,283,140,212,59,25,0,0,0,4,0,0,30,1620,7,55,93,101,163,184,296,246,37,30,42,29,12,0,39,1328,0,0,3,26,153,149,219,73,13,21,26,25,6,0,21,736,123,149,43,32,37,54,46,16,0,4,4,3,0,0,19,520,4,146,540,186,59,18,18,68,7,0,3,10,0,0,33,1100,6,0,4,24,89,120,80,37,3,6,3,8,4,0,10,393,0,0,133,213,388,710,4954,2394,566,548,787,840,272,73,174,12067,0,3,4,7,48,146,147,64,14,21,12,14,8,0,19,503,0,0,3,5,30,14,59,219
CED219,0,0,0,0,0,9,34,40,3,4,10,6,0,0,8,107,0,0,0,3,3,32,245,149,25,29,19,16,11,3,6,540,0,0,6,15,23,21,42,37,0,3,0,6,0,0,0,163,0,0,7,10,30,62,181,115,20,29,18,18,0,0,12,500,0,21,236,87,25,64,20,7,3,0,0,0,0,0,14,483,0,39,43,25,30,43,103,51,3,6,0,0,0,0,11,351,0,0,3,16,56,86,101,89,28,19,25,18,8,4,4,444,156,175,82,39,49,30,58,20,4,0,0,5,0,0,18,630,0,58,136,48,21,9,8,15,4,0,0,0,0,0,12,309,0,0,6,8,16,17,22,22,11,0,0,0,0,0,0,98,5,6,56,66,102,198,3123,1750,461,373,440,640,194,37,101,7548,0,5,0,4,12,46,67,38,20,15,4,7,5,0,0,217,0,0,0,6,7,8,17,58
CED220,0,0,0,0,11,27,14,10,0,3,0,0,0,5,0,68,0,0,0,3,4,7,29,17,9,7,19,15,8,0,0,117,0,3,28,44,54,51,100,86,20,25,41,30,12,5,9,512,11,26,32,48,543,807,1629,1480,393,441,364,552,205,51,103,6680,3,17,60,18,16,44,6,11,0,0,6,0,0,0,5,192,6,58,75,34,20,16,21,11,10,8,3,3,0,0,3,265,0,4,10,5,44,19,18,18,0,0,0,4,3,0,6,130,93,118,59,42,39,47,100,48,14,20,19,26,9,14,12,663,21,442,1271,238,40,17,28,46,3,11,8,7,4,0,87,2225,4,18,43,85,220,177,136,146,34,50,30,38,32,17,15,1034,18,14,95,134,183,312,978,857,351,541,687,734,236,51,61,5239,5,8,12,31,60,180,177,99,20,37,38,54,27,3,11,761,5,0,0,11,51,42,75,122
CED221,0,0,0,8,59,588,2732,2368,467,563,380,531,210,172,87,8153,0,0,0,5,3,28,152,119,12,22,12,14,3,0,0,373,0,7,9,9,15,14,35,9,4,7,6,0,6,0,0,115,0,3,19,21,75,137,828,317,60,66,70,70,21,0,37,1733,3,10,75,44,15,99,73,0,0,0,0,0,0,0,11,339,9,15,33,10,27,48,161,67,10,3,12,9,0,0,3,415,0,0,0,29,202,296,462,156,16,16,26,33,11,11,27,1290,36,108,58,40,30,40,53,18,3,0,4,0,3,0,13,420,3,29,161,70,37,13,22,55,3,0,0,0,0,0,12,397,0,0,4,5,28,59,51,24,12,0,0,3,6,0,4,206,8,9,67,130,379,922,9100,4352,933,881,1061,1143,426,86,264,19760,0,0,0,10,30,72,182,71,17,11,12,15,4,0,4,434,0,0,0,0,14,12,136,406
CED222,0,0,0,0,20,69,148,159,14,21,8,25,11,9,10,493,0,0,0,6,36,94,164,131,39,64,67,73,29,3,0,716,0,0,8,25,23,39,44,30,4,5,7,20,4,0,4,220,5,17,22,58,664,994,3267,2124,546,585,612,811,199,34,189,10143,4,35,238,83,26,81,19,0,4,0,0,0,0,0,11,496,7,50,140,59,56,39,73,43,14,14,3,19,6,0,19,540,0,3,8,22,110,84,105,32,14,12,7,10,0,0,3,394,66,150,98,38,34,44,52,32,0,9,6,10,0,3,11,558,17,616,2796,880,188,73,64,447,51,52,39,42,9,4,290,5576,0,0,9,44,208,198,186,126,43,37,51,50,26,10,30,1009,14,8,230,316,538,943,3793,2332,940,1130,1944,2080,683,99,288,15330,0,4,9,27,73,242,412,212,60,65,95,130,62,0,32,1415,0,0,0,0,24,18,78,204
CED223,0,0,0,0,0,0,0,10,0,0,0,0,0,0,0,16,0,0,0,0,0,5,14,10,0,0,0,0,0,0,0,39,4,3,24,25,32,25,40,31,6,4,9,11,0,0,3,226,0,3,3,0,9,17,83,59,15,11,14,26,7,0,19,266,3,37,100,21,9,9,0,0,0,0,0,0,0,0,5,182,0,0,9,0,0,0,13,0,0,0,5,0,0,0,0,37,5,3,6,6,19,11,13,10,0,3,0,0,0,0,5,78,156,373,122,61,52,40,47,23,5,0,0,12,0,4,38,919,4,21,43,12,0,4,0,5,0,0,0,0,0,0,7,91,0,5,0,5,12,12,15,5,0,3,9,8,4,0,0,81,10,5,11,20,17,16,275,197,49,64,79,74,21,0,18,865,3,6,3,3,9,10,22,12,5,15,0,4,5,0,0,91,0,0,0,0,5,0,8,16
CED224,0,0,0,0,11,94,439,487,87,51,64,73,33,35,20,1391,0,4,0,6,12,20,60,17,4,7,4,3,0,0,0,145,0,9,11,31,42,51,92,71,8,7,10,16,0,0,5,356,0,16,45,37,357,443,1620,934,202,173,185,237,56,10,58,4372,0,32,163,46,39,49,16,15,0,0,0,0,0,0,18,375,10,49,91,34,49,29,10,15,7,0,0,0,0,0,9,303,4,3,0,26,143,88,71,38,6,8,9,8,6,0,4,398,65,156,91,60,74,69,117,66,12,4,3,19,5,0,11,763,9,260,823,260,75,30,20,67,4,5,9,7,0,0,41,1606,0,0,16,41,90,94,85,52,14,6,4,14,7,0,9,433,10,9,145,205,367,560,1586,718,173,175,268,269,74,19,63,4633,4,3,3,12,35,74,108,43,3,5,7,7,9,0,7,328,0,0,0,3,20,14,58,137
CED225,0,0,0,0,0,11,8,6,10,0,0,0,0,0,0,33,0,0,0,5,3,11,25,16,0,5,9,3,4,0,0,71,0,3,6,39,33,48,60,59,17,13,13,9,0,7,4,311,6,20,25,14,352,492,1594,831,168,176,190,186,76,8,78,4215,0,41,241,60,22,44,4,3,0,0,0,0,0,0,16,431,3,47,79,25,40,31,21,16,0,6,8,0,4,0,4,282,0,0,9,13,21,18,33,14,0,0,0,3,0,0,0,114,116,159,74,42,48,54,90,33,3,14,9,6,0,7,24,667,26,291,591,124,38,11,16,41,0,9,4,6,0,0,31,1201,3,11,17,47,117,147,89,59,14,16,11,14,17,0,6,573,4,12,50,95,127,213,750,558,121,193,175,229,88,18,41,2673,0,14,3,9,35,73,113,37,11,14,15,9,16,0,7,356,0,0,5,6,63,45,219,409
CED226,0,0,0,0,0,3,3,9,0,0,0,0,0,0,0,15,0,0,0,3,4,15,37,39,12,10,3,9,12,0,0,136,0,5,27,51,55,49,83,57,19,13,17,18,4,0,3,407,15,50,76,112,1282,1642,3769,2878,820,705,718,910,392,91,230,13699,6,27,85,15,10,17,4,0,0,0,0,0,0,0,4,170,10,37,60,18,37,28,38,20,6,6,3,10,0,0,9,270,4,6,14,16,50,31,27,5,4,0,0,0,0,0,3,171,119,100,52,37,56,36,75,39,6,10,10,13,8,4,11,576,28,491,752,119,30,20,11,31,10,5,0,6,3,0,34,1522,9,27,69,221,530,438,243,176,46,58,68,59,69,26,34,2066,14,14,116,161,234,365,971,571,229,298,345,394,154,28,45,3953,3,3,31,34,85,218,184,88,25,23,26,32,19,3,7,792,0,0,6,12,138,56,176,246
CED227,0,0,0,0,28,188,380,268,61,54,48,57,14,7,15,1126,0,0,0,0,3,31,190,93,10,9,9,13,5,0,4,370,0,0,3,21,23,23,50,25,9,9,4,0,9,0,0,183,0,3,25,15,53,69,602,372,94,116,92,124,33,8,24,1619,0,14,113,61,17,38,5,3,0,0,0,0,0,0,10,252,3,13,24,15,17,21,198,205,16,11,15,11,9,4,3,558,0,0,3,9,77,78,155,61,15,30,24,13,5,0,6,469,50,173,91,41,56,34,48,23,3,8,3,0,0,0,9,533,3,19,43,19,13,6,7,30,0,0,0,0,0,0,3,144,0,0,5,9,29,36,35,21,3,4,10,8,0,5,8,172,12,3,53,73,162,350,4968,2824,718,662,620,688,253,53,140,11573,0,9,0,9,18,46,116,51,15,4,9,11,3,0,3,285,0,0,0,0,16,19,66,109
CED228,0,0,0,0,25,67,62,45,11,5,3,0,5,0,5,223,0,0,0,0,17,109,946,473,81,83,78,47,33,11,17,1903,0,0,10,12,16,29,42,20,6,4,12,9,3,5,0,172,0,4,0,8,106,234,1178,704,142,147,131,141,52,13,40,2903,0,23,129,61,24,67,25,3,5,0,0,0,0,0,4,342,0,16,28,11,47,16,122,44,3,8,4,12,4,0,7,320,0,0,3,19,114,126,269,155,37,20,42,44,17,6,11,865,84,105,49,23,38,23,44,19,6,3,0,0,0,0,4,411,20,93,140,64,24,7,13,28,9,9,0,0,0,4,12,420,0,4,4,8,45,100,89,54,16,12,15,17,10,0,4,373,4,4,44,74,144,751,11458,7909,2286,2419,2868,3481,1005,228,484,33148,0,4,0,11,43,206,387,123,27,24,15,22,20,4,15,895,0,0,0,4,15,6,63,227
CED229,0,0,0,0,5,14,19,11,0,3,0,0,0,22,5,93,0,0,4,0,4,10,17,28,11,7,9,9,4,0,5,111,0,7,24,50,55,76,117,124,42,39,49,50,31,6,10,684,14,20,16,29,225,420,1289,1286,408,390,343,507,168,36,95,5246,6,21,76,29,14,42,18,14,5,0,4,0,0,0,0,227,14,47,65,33,27,17,15,28,9,12,12,8,3,4,8,294,0,4,3,22,41,44,35,21,0,3,0,4,0,0,4,185,140,146,70,47,89,81,157,141,34,36,47,75,26,9,20,1118,19,256,773,148,20,6,15,51,15,10,3,11,8,3,48,1393,0,3,16,52,124,144,175,127,43,36,39,45,26,17,22,871,7,5,72,92,126,193,862,790,386,561,819,995,297,65,75,5358,4,3,18,16,38,197,303,194,68,67,64,84,63,6,17,1139,0,0,3,3,50,38,145,236
CED230,0,0,0,0,0,8,87,152,10,18,31,20,12,10,16,362,0,0,0,0,0,9,20,16,0,4,0,7,0,0,0,62,0,4,14,15,18,15,33,16,0,5,0,3,0,0,3,119,3,0,4,3,22,15,95,84,23,53,85,54,14,0,6,469,3,25,43,9,9,0,0,0,0,0,0,0,0,0,12,105,0,7,3,5,7,0,3,3,0,0,6,5,0,0,0,40,0,0,0,13,33,15,43,18,6,4,10,11,11,0,3,170,61,114,40,33,30,4,22,12,0,3,3,8,0,0,11,359,0,50,97,29,10,7,0,0,0,0,0,0,0,0,9,206,0,0,0,4,7,3,10,30,3,8,10,18,7,0,0,99,3,4,19,15,16,32,386,288,95,122,127,167,59,11,35,1375,0,5,4,3,4,9,37,36,4,15,17,42,7,0,4,176,0,0,0,0,5,0,9,16
CED231,0,0,0,0,7,8,0,10,0,0,0,0,5,0,0,37,0,0,0,5,6,11,33,34,8,5,9,11,0,0,5,117,0,3,9,38,19,38,72,78,11,12,15,9,4,4,3,318,0,15,15,45,339,392,642,338,76,56,57,44,24,3,55,2108,3,85,383,106,37,53,11,8,0,0,0,5,0,0,3,692,18,126,177,67,75,60,69,35,10,3,9,9,8,0,18,683,3,0,0,21,81,49,46,22,0,0,4,3,0,0,0,239,137,121,47,29,46,31,60,35,8,7,7,6,3,0,14,559,18,355,915,183,58,24,17,53,5,10,5,0,0,0,47,1699,3,7,11,51,154,111,78,46,14,5,14,7,7,3,9,513,0,7,183,176,204,234,830,511,204,249,334,350,74,34,59,3447,0,6,9,15,32,76,92,45,11,10,10,23,5,0,5,336,0,0,22,47,50,33,76,228
CED232,0,0,0,0,0,9,5,8,0,0,0,0,0,0,0,27,0,0,0,0,3,5,54,28,4,3,6,0,0,0,0,109,0,4,8,33,22,36,57,19,4,3,10,0,0,0,0,195,8,4,9,0,18,53,191,110,20,28,32,27,10,0,9,510,0,19,93,35,16,30,7,4,0,0,0,0,0,0,8,208,7,26,31,13,16,15,60,75,3,6,7,0,3,0,0,266,0,0,5,8,42,33,61,30,0,0,7,10,8,0,6,215,85,160,57,42,53,44,74,19,5,3,0,0,0,0,14,557,0,66,176,52,25,24,9,32,3,5,0,0,3,0,3,394,0,3,5,3,18,17,30,24,13,5,5,0,0,3,0,130,5,6,33,32,54,128,2510,1485,373,362,343,437,122,28,78,6001,0,0,5,5,5,17,46,25,4,9,5,3,0,0,7,134,0,0,0,4,25,37,129,285
CED233,0,0,0,0,3,21,44,32,4,0,0,3,0,14,0,128,0,0,0,0,4,21,41,57,19,30,32,36,18,4,8,267,0,5,15,36,47,83,117,136,31,42,64,96,56,12,10,749,8,7,30,53,419,866,2458,3439,1456,1774,1786,2014,743,88,238,15376,0,25,78,15,13,55,9,6,0,0,7,4,0,0,0,218,6,17,40,20,20,41,35,32,9,16,14,8,15,4,4,274,0,0,9,11,36,29,18,23,6,7,5,20,5,5,0,179,56,60,44,40,51,94,132,119,46,44,54,53,32,9,14,838,7,244,645,113,29,20,14,46,9,7,4,10,0,0,25,1170,0,11,27,71,237,250,302,333,119,108,120,145,97,39,33,1881,4,4,41,60,85,187,737,1151,633,915,1378,1922,899,199,103,8312,4,8,6,18,51,191,431,482,218,343,401,476,195,18,37,2872,0,0,3,7,29,31,108,189
CED234,0,0,0,0,13,11,10,8,0,0,0,0,0,0,0,52,0,0,0,5,9,16,22,32,5,4,7,14,5,0,0,116,0,6,14,37,34,32,54,38,3,6,11,13,0,0,3,247,15,78,108,178,1729,2472,6498,4232,962,1109,998,1145,405,96,349,20377,4,78,188,51,19,17,6,4,0,0,0,0,0,0,3,365,18,94,110,82,98,106,140,83,9,26,34,29,15,10,13,864,0,0,8,40,92,43,32,11,0,0,0,3,9,0,0,250,104,192,90,36,61,45,54,28,3,8,6,6,0,0,15,649,48,776,1668,344,90,47,28,113,26,4,6,6,0,0,89,3240,3,20,69,321,1201,1154,644,372,99,130,145,120,138,47,85,4542,12,6,86,126,281,415,1121,681,205,233,362,353,121,24,63,4095,0,11,23,25,90,285,245,86,24,12,28,27,15,8,9,888,0,0,7,42,308,231,686,1210
CED235,0,0,0,0,0,0,0,0,0,0,0,0,0,0,0,8,0,0,0,0,0,0,8,3,0,0,0,0,0,0,0,10,3,7,15,20,29,15,34,23,7,4,10,4,5,3,6,188,8,5,9,3,18,36,86,64,31,18,9,30,7,0,15,321,8,18,51,35,3,8,0,0,0,0,0,0,0,0,6,126,0,16,19,0,0,8,10,0,0,0,0,0,0,0,0,56,0,0,6,5,15,14,16,6,0,0,0,10,10,0,0,82,137,266,122,47,87,38,49,29,7,7,0,7,5,0,32,825,0,34,81,26,7,0,0,0,0,0,0,0,0,0,18,161,0,0,3,5,14,10,14,9,0,0,0,6,0,5,0,70,12,4,31,23,33,28,229,161,28,29,43,47,17,4,15,700,0,13,5,0,4,12,17,12,0,9,13,11,17,0,3,113,0,0,0,0,0,7,0,6
CED236,0,0,0,0,0,38,239,274,46,47,27,41,17,12,14,745,0,0,0,0,5,8,20,6,8,0,0,5,5,0,0,53,0,3,10,12,17,15,34,17,8,4,4,0,8,0,3,122,0,0,0,6,22,25,97,74,42,32,54,131,4,0,13,506,0,17,38,7,3,18,3,0,0,0,0,0,0,0,5,99,4,8,4,0,0,0,16,14,3,3,8,8,4,0,0,78,0,0,4,3,7,18,28,21,0,11,14,18,14,0,0,143,69,121,52,24,23,14,29,14,7,9,0,5,7,5,10,394,13,74,75,12,5,6,6,8,3,0,0,4,0,0,12,228,0,0,0,4,12,9,11,21,0,3,3,5,6,7,3,76,9,0,9,23,26,81,863,506,127,130,185,245,87,18,63,2376,0,8,0,0,3,8,30,28,6,10,14,8,0,0,5,127,0,0,5,0,0,5,31,54
CED237,0,0,0,0,30,74,73,62,16,10,12,8,7,0,11,297,0,0,0,3,5,27,165,99,11,11,8,11,9,0,5,359,0,0,3,7,12,17,31,27,7,3,6,3,0,0,0,116,0,3,6,33,204,367,1484,717,156,158,191,165,37,6,73,3601,0,17,272,95,34,83,38,3,0,0,0,0,0,0,11,558,5,59,117,54,117,113,157,106,19,6,18,3,3,0,22,806,0,0,5,18,146,138,172,71,10,30,23,17,3,0,14,658,51,35,40,18,17,34,45,30,3,5,3,4,4,0,6,296,39,529,1870,457,173,82,46,255,21,21,3,5,4,4,74,3585,0,0,11,15,85,72,71,43,8,15,8,9,5,0,0,333,0,0,26,74,228,534,4787,2389,673,723,1147,1252,381,44,211,12475,0,3,0,25,50,83,141,57,15,25,9,15,10,4,4,440,0,0,0,5,34,94,370,1088
CED238,0,0,0,0,4,0,7,12,4,3,0,0,0,0,8,42,0,0,0,0,0,0,9,6,3,9,3,0,0,0,0,28,0,0,16,18,20,18,32,28,4,0,8,0,5,0,6,158,0,7,5,3,11,15,100,48,33,80,121,95,6,4,21,539,0,4,26,6,0,0,0,0,0,0,0,0,0,0,6,47,0,0,12,0,6,0,14,10,3,0,10,0,0,0,10,62,0,0,3,3,6,15,21,6,0,0,0,0,0,0,6,62,52,121,49,37,33,25,44,21,9,3,3,11,3,4,15,422,0,22,27,12,3,3,0,6,0,0,0,0,0,0,10,82,0,0,0,4,8,0,3,8,0,0,0,4,4,0,3,43,0,8,18,6,12,22,145,122,26,58,80,60,23,11,37,642,0,0,4,3,4,7,26,22,7,3,11,10,12,0,10,124,0,0,0,0,0,0,5,7
CED239,0,0,0,0,0,19,27,38,0,0,7,4,0,0,0,102,0,0,0,0,24,75,188,115,19,32,28,23,14,8,6,532,0,4,9,34,31,52,90,81,11,20,19,22,11,4,3,389,0,7,11,19,220,304,595,325,83,100,77,82,16,4,19,1872,3,49,146,57,21,35,9,3,0,0,0,3,0,0,15,342,17,114,80,41,53,46,33,47,21,18,20,18,0,6,14,523,0,0,6,12,82,51,36,20,8,3,0,3,0,0,0,220,69,98,26,10,36,62,122,69,11,20,20,26,7,0,14,592,8,482,1671,381,124,37,27,88,18,8,9,4,4,0,81,2944,0,0,5,18,74,65,61,46,12,10,11,12,7,0,6,315,0,4,42,52,112,156,989,721,242,387,468,458,132,33,53,3855,0,3,4,7,25,94,123,62,32,32,29,47,38,0,9,511,0,0,5,3,37,40,93,228
CED294,0,0,0,0,0,0,0,4,0,0,0,0,0,0,0,8,0,0,0,0,0,0,0,0,0,0,0,0,0,0,0,0,0,0,0,0,0,3,5,4,0,0,0,6,0,0,0,21,0,0,0,0,4,5,13,6,0,4,7,8,0,4,5,57,0,0,8,0,0,0,0,0,0,0,0,0,0,0,0,12,0,0,0,0,0,3,3,0,0,0,0,0,0,0,0,5,0,0,0,0,0,0,0,0,0,0,0,0,0,0,0,4,4,3,10,0,0,3,0,0,0,0,0,9,0,0,6,33,0,0,3,0,0,0,0,0,0,0,0,0,0,0,0,10,0,0,0,0,5,0,0,0,0,3,0,0,0,0,0,9,0,0,0,0,0,6,20,12,0,11,6,4,4,24,3,90,0,0,0,0,0,0,3,0,0,0,4,6,0,0,0,15,0,0,0,0,0,0,0,12
CED297,0,0,0,0,0,0,0,0,0,0,0,0,0,0,0,0,0,0,0,0,0,0,0,0,0,0,0,0,0,0,0,0,0,0,0,0,0,0,0,0,0,0,0,0,0,0,0,0,0,0,0,0,0,0,0,0,0,0,0,0,0,0,0,0,0,0,0,0,0,0,0,0,0,0,0,0,0,0,0,0,0,0,0,0,0,0,0,0,0,0,0,0,0,0,0,0,0,0,0,0,0,0,0,0,0,0,0,0,0,0,0,0,0,0,0,0,0,0,0,0,0,0,0,0,0,0,0,0,0,0,0,0,0,0,0,0,0,0,0,0,0,0,0,0,0,0,0,0,0,0,0,0,0,0,0,0,0,0,0,0,0,0,0,0,0,0,0,0,0,0,0,0,0,0,0,0,0,0,0,0,0,0,0,0,0,0,0,0,0,0,0,0,0,0,0,0,0,0,0,0
CED301,0,0,0,0,0,0,27,31,7,5,0,12,0,0,3,91,0,0,0,0,0,5,52,49,8,5,3,9,0,0,0,129,0,7,16,18,20,21,41,43,3,5,0,3,0,0,7,194,0,3,7,6,13,23,134,78,21,29,34,39,3,4,10,417,0,9,20,3,0,11,4,0,0,0,0,0,0,0,3,53,5,0,0,0,0,0,25,15,0,3,0,0,0,0,0,44,0,0,11,26,65,76,132,91,13,12,13,21,3,4,8,485,61,95,88,52,67,38,71,25,3,6,0,4,4,0,19,540,0,7,9,0,3,0,0,5,0,0,0,0,0,0,0,30,0,0,6,11,22,17,34,19,3,3,7,10,8,0,4,141,0,3,22,13,24,52,1083,776,145,137,166,175,55,15,37,2710,7,3,12,4,11,17,47,18,9,5,0,3,6,0,5,158,0,0,0,0,8,9,33,35
CED302,0,0,0,0,0,32,58,25,3,0,8,3,0,3,3,132,0,0,0,5,4,20,43,25,14,9,10,5,0,0,3,135,0,3,18,42,42,69,116,72,9,18,18,16,8,3,10,452,9,49,37,40,205,333,1931,1266,324,381,305,373,165,23,81,5513,0,5,55,21,7,56,9,4,0,0,0,0,0,0,3,173,5,19,10,13,9,4,22,17,3,4,10,0,0,0,3,119,0,0,12,35,271,218,209,49,13,9,8,7,4,5,12,869,66,81,50,31,62,54,115,48,16,4,8,3,3,0,13,571,29,126,122,33,21,11,14,15,5,0,0,0,0,0,6,383,0,6,19,48,218,262,205,150,58,43,47,78,45,34,30,1253,11,13,39,48,85,186,1504,825,174,154,200,170,98,19,38,3576,3,18,9,21,38,96,115,55,23,9,15,19,15,0,0,426,0,3,0,3,33,51,144,199
CED303,0,0,0,0,7,9,5,5,0,0,0,0,0,0,0,28,0,0,0,0,0,0,11,0,3,0,0,0,0,0,0,11,0,5,29,39,61,58,71,31,5,5,5,11,4,0,5,325,6,23,15,4,36,69,226,141,42,35,35,37,24,0,17,698,0,15,58,24,8,22,12,5,0,0,0,0,0,0,5,148,3,13,11,5,0,0,22,6,0,4,0,0,0,0,0,69,0,0,15,32,64,73,74,34,7,4,0,0,0,3,12,334,101,142,86,52,135,58,98,38,4,0,3,10,7,0,31,778,5,23,36,19,8,0,8,13,0,0,0,0,0,0,6,112,0,0,14,18,39,29,28,9,8,0,0,4,16,0,3,175,9,9,42,28,33,61,431,186,33,34,54,53,14,3,21,1017,8,26,11,15,18,32,33,14,7,3,5,11,3,0,12,190,0,0,0,3,16,11,25,36
CED304,0,0,0,0,3,10,10,10,0,0,0,0,0,6,5,50,0,0,0,3,3,14,34,32,5,20,19,20,3,7,0,168,0,0,33,66,75,94,221,163,28,48,46,61,35,16,14,898,0,21,16,26,118,154,666,622,269,369,366,474,165,27,51,3363,0,10,31,7,8,18,8,3,0,0,0,0,0,0,6,95,0,5,6,0,3,11,28,14,9,14,10,8,12,3,0,125,0,9,8,33,93,65,69,28,10,11,10,14,3,0,4,352,47,39,37,44,61,78,146,78,18,24,27,54,21,10,16,712,8,34,17,5,11,13,0,11,0,9,0,0,0,0,4,106,0,8,20,39,131,144,146,143,50,45,49,87,82,11,20,975,7,5,48,43,83,145,707,713,256,312,444,561,211,63,58,3657,5,14,0,18,35,78,99,60,16,41,39,46,36,0,6,504,0,0,0,7,26,33,159,231
CED305,0,0,0,0,0,0,7,9,3,0,7,0,4,0,0,38,0,0,0,0,0,10,61,22,4,9,9,5,0,0,0,120,0,0,4,22,21,9,40,27,11,12,8,23,5,4,5,193,0,3,4,3,3,20,91,74,24,62,100,91,28,6,23,530,0,8,11,0,3,5,0,0,0,0,0,0,0,0,4,27,0,0,0,0,3,0,0,0,0,5,0,7,6,0,0,25,0,0,3,7,33,23,51,26,0,4,8,11,8,0,9,197,20,50,46,17,40,22,52,27,0,3,3,0,6,0,11,312,0,0,9,4,0,0,0,8,0,0,0,0,0,0,0,23,0,5,5,8,4,5,18,3,0,0,0,0,0,0,0,55,0,0,7,0,7,16,286,199,44,58,53,61,24,24,26,810,0,8,4,0,3,12,17,16,6,0,7,0,9,0,4,84,0,0,0,0,3,8,8,16
CED306,0,0,0,0,0,0,0,4,0,0,0,3,0,0,0,10,0,0,0,0,0,0,25,21,6,4,0,3,0,0,0,60,0,0,19,21,27,37,68,72,18,21,6,17,12,0,4,333,0,5,3,0,22,25,162,89,26,27,28,73,8,0,3,490,0,4,10,3,4,3,0,3,0,0,0,0,0,0,0,32,0,0,3,0,4,3,7,6,0,0,5,21,5,0,0,56,0,0,6,15,27,23,64,46,6,3,0,4,0,0,0,209,45,96,67,31,68,28,81,37,3,7,14,20,17,0,13,523,3,9,14,7,0,0,0,4,0,0,0,0,0,0,3,43,0,0,5,5,12,8,15,15,7,4,0,0,3,0,0,78,4,3,14,15,9,38,403,233,69,68,61,96,38,26,13,1088,3,12,6,6,0,11,48,40,10,9,11,12,11,0,3,180,0,0,0,0,4,0,6,22
CED307,0,0,0,0,0,19,13,6,0,0,0,0,0,0,0,40,0,0,0,0,0,0,10,9,0,0,0,0,0,0,5,34,0,8,13,39,44,55,108,47,6,3,4,4,6,0,4,337,0,3,6,12,46,46,205,114,19,23,28,40,11,3,7,562,0,9,13,9,0,14,0,0,0,0,0,0,0,0,0,51,5,3,5,3,5,9,35,14,0,3,0,0,0,4,0,76,0,0,17,30,157,168,140,70,11,13,12,19,4,3,9,657,59,74,54,45,82,57,116,50,7,14,5,8,4,0,14,597,0,13,10,3,3,4,0,0,3,0,0,0,0,0,0,42,0,4,13,17,33,40,30,18,9,0,9,4,13,0,7,187,6,5,40,40,68,113,680,382,58,74,60,69,21,9,17,1651,6,11,13,13,21,24,46,12,0,0,6,0,0,0,0,164,0,0,3,0,11,11,80,88
CED308,0,0,0,0,13,21,33,9,3,0,6,3,0,0,0,95,0,0,0,0,8,24,106,36,5,8,11,14,5,0,0,214,0,5,25,55,59,60,108,71,16,36,22,21,16,6,4,509,3,16,10,11,128,200,1014,744,223,183,199,199,88,10,55,3090,0,25,91,35,17,59,20,7,0,0,0,0,0,0,8,264,4,23,34,15,29,21,32,29,5,11,5,10,0,0,9,227,3,4,12,26,95,58,99,50,4,12,4,4,4,7,16,409,98,200,89,83,142,84,132,32,3,8,6,12,3,0,22,918,5,37,49,18,12,7,4,9,0,0,3,0,0,0,17,157,3,0,7,26,85,87,81,79,30,24,23,22,15,7,5,500,12,12,36,27,43,81,876,615,189,126,214,248,91,24,50,2652,0,16,3,21,51,82,102,59,12,15,17,15,13,0,15,440,0,0,3,14,37,35,130,135
CED309,0,0,0,3,0,0,3,16,0,0,0,0,0,0,0,21,0,0,0,0,0,0,10,8,3,0,0,4,0,0,0,22,0,4,35,80,82,84,179,119,19,20,28,35,24,7,8,734,4,10,5,8,19,17,90,88,22,16,25,48,17,0,0,365,0,16,30,7,9,10,8,0,3,0,0,0,0,0,5,109,5,8,11,8,0,7,3,10,0,0,0,6,0,0,3,54,5,12,13,27,26,31,44,14,0,0,0,4,5,0,4,183,82,166,114,76,160,103,160,69,13,16,12,20,3,4,26,1028,0,18,21,6,6,6,0,8,0,0,0,0,0,0,3,63,0,0,11,10,22,13,22,24,14,3,0,16,8,3,0,143,12,11,32,26,14,33,256,302,52,81,88,97,23,5,26,1039,4,13,11,8,13,26,49,28,7,14,7,13,4,0,5,205,0,0,0,3,3,3,16,19
CED310,0,0,0,0,0,0,0,0,0,0,0,0,0,0,0,3,0,0,0,0,0,0,5,7,0,0,5,3,0,0,0,18,0,10,36,69,57,68,136,127,24,32,28,36,24,5,14,663,4,3,13,9,11,26,99,81,17,24,19,45,8,0,15,379,0,9,29,10,8,9,0,0,0,0,0,0,4,0,3,83,4,15,14,3,5,4,13,5,0,0,0,0,0,0,0,67,0,7,5,29,34,36,37,18,0,8,6,5,3,0,3,183,57,192,116,65,138,58,138,49,19,16,8,10,10,3,24,903,6,10,12,11,6,5,0,4,0,0,0,0,0,0,6,58,0,0,5,11,9,20,25,30,6,3,4,6,7,0,0,137,10,7,29,26,7,27,375,329,78,129,92,94,46,9,26,1294,6,22,10,14,13,16,42,27,7,6,0,3,0,0,9,155,0,0,3,0,0,5,16,33
CED311,0,0,0,0,0,0,4,3,0,0,0,0,0,0,0,9,0,0,0,0,0,5,9,12,0,6,6,4,0,0,0,45,3,9,6,17,27,19,44,37,4,11,9,15,0,6,8,196,0,6,5,3,4,13,59,48,14,45,40,62,13,10,10,336,0,4,17,4,0,3,0,3,0,0,3,0,0,0,0,39,5,4,3,0,5,0,4,20,0,3,0,3,0,6,0,46,0,0,4,20,23,28,58,38,8,0,9,7,14,0,6,210,17,88,73,43,46,31,35,25,3,9,4,13,3,0,14,395,0,5,10,4,0,0,0,0,0,0,0,0,0,0,0,23,0,0,0,0,3,5,11,10,5,0,3,0,0,0,0,34,3,0,9,6,8,18,235,169,32,41,53,39,29,9,8,654,0,4,5,9,11,11,24,23,8,8,13,17,20,3,3,159,0,0,0,0,5,0,5,13
CED312,0,0,0,0,12,37,192,356,50,67,34,75,35,35,14,901,0,0,0,0,6,4,25,8,3,4,4,0,0,0,0,49,0,0,15,26,44,62,69,53,9,9,12,3,0,3,0,309,5,16,21,16,49,75,342,204,47,54,57,103,33,3,39,1063,0,21,70,17,8,33,13,0,0,0,0,3,0,0,8,176,0,7,12,4,10,14,24,9,0,0,0,6,4,0,0,96,5,0,16,39,153,194,262,120,21,18,16,10,6,9,21,875,64,158,78,81,126,54,81,27,3,3,0,5,0,0,27,714,3,27,33,19,8,7,3,0,0,0,0,0,0,0,3,101,0,3,3,15,54,40,56,38,5,3,3,6,0,0,4,235,8,7,28,34,47,63,954,792,220,235,267,290,76,12,42,3076,4,13,4,27,27,49,72,36,11,6,16,8,4,0,10,290,0,0,0,4,8,20,44,124
CED313,0,0,0,7,9,17,41,42,4,0,0,0,0,9,4,132,0,0,0,5,7,18,44,49,10,8,21,0,11,0,0,179,0,5,21,54,64,71,162,153,38,34,79,63,32,10,12,799,6,61,32,21,122,183,779,745,332,410,465,711,234,27,85,4208,0,6,25,14,9,47,14,10,0,0,0,0,0,0,3,139,8,14,12,4,7,0,23,23,3,6,13,3,12,0,5,140,0,4,13,42,130,101,87,34,5,5,9,11,0,0,6,441,53,54,40,35,79,68,167,72,22,24,43,55,22,18,12,762,34,167,236,47,26,12,15,16,7,0,4,4,0,4,74,649,4,6,12,25,117,151,114,144,52,54,74,97,53,38,19,960,9,10,24,29,87,158,881,709,187,218,278,414,156,28,46,3229,0,9,6,23,26,62,102,43,22,18,24,27,23,5,12,407,0,3,0,9,32,34,131,227
CED314,0,0,0,0,0,7,14,58,16,18,3,3,0,0,3,125,0,0,0,0,0,7,36,27,3,12,11,9,9,0,0,120,0,3,22,22,29,31,49,66,7,13,13,13,6,3,5,274,0,4,6,3,28,34,225,122,38,45,27,61,22,4,11,624,0,3,20,7,0,0,0,0,0,0,0,0,0,0,0,35,0,3,0,4,0,0,20,22,0,0,6,15,0,0,0,70,0,7,3,4,28,38,69,23,0,14,0,11,4,0,5,202,40,91,41,38,55,19,49,16,0,0,0,6,0,0,8,361,3,0,5,4,3,0,0,0,0,0,0,0,0,0,0,27,0,0,8,8,16,11,16,20,0,4,4,5,8,0,0,109,4,6,22,9,13,25,523,442,138,176,198,262,118,24,25,1973,0,10,7,4,3,12,23,16,8,3,7,11,3,5,0,99,0,0,3,13,13,11,26,36
CED315,0,0,0,0,0,0,4,17,0,3,0,0,0,9,0,33,0,0,0,0,0,4,26,12,3,3,0,4,5,0,0,61,0,0,19,41,26,40,89,42,18,10,13,16,14,0,0,340,7,7,7,9,16,18,93,69,18,22,35,19,4,3,3,333,0,3,13,3,4,3,0,0,0,0,0,0,0,0,0,34,0,3,3,0,0,0,14,13,3,0,0,11,0,0,0,54,0,3,8,19,44,39,45,29,6,0,10,6,4,0,0,219,50,90,68,49,66,53,109,54,3,12,12,13,3,0,10,584,0,23,28,6,8,9,3,11,0,4,0,5,0,0,4,101,0,0,6,8,20,12,26,12,3,0,3,10,6,0,4,116,0,0,23,12,24,34,501,335,67,78,98,152,83,11,24,1438,4,11,4,0,9,15,57,26,6,8,15,7,0,0,0,172,0,0,0,0,4,3,8,11
CED316,0,0,0,0,0,0,0,0,0,0,0,0,0,0,0,0,0,0,0,0,0,3,14,9,0,3,0,3,6,3,0,42,0,8,27,47,39,32,60,35,0,3,3,3,13,3,0,281,5,14,6,0,12,25,69,69,14,5,14,23,6,0,10,272,0,15,35,7,4,0,5,0,0,0,0,0,0,0,3,71,3,0,17,4,0,4,11,0,9,0,8,21,0,0,4,82,0,3,14,10,27,34,55,29,3,4,10,19,7,0,5,225,95,207,143,95,99,58,62,22,6,4,4,10,3,0,21,826,0,4,25,0,0,0,0,0,0,0,0,0,0,0,0,33,0,0,5,14,3,9,12,17,5,4,0,10,0,0,4,91,7,4,24,14,18,19,159,192,52,43,49,63,20,19,19,700,6,12,14,7,11,20,23,20,3,0,10,17,6,0,4,154,0,0,0,0,5,0,7,10
CED317,0,0,0,0,0,0,0,0,0,0,0,0,0,0,0,0,0,0,0,0,0,0,0,3,3,0,0,0,0,0,0,9,0,0,22,38,37,40,39,27,3,4,14,6,8,0,11,252,7,3,0,5,7,5,43,40,3,15,23,45,6,0,14,224,4,26,47,5,0,0,0,0,0,0,0,0,0,0,6,87,0,5,0,0,0,0,9,0,0,0,0,4,0,0,5,22,0,0,15,17,42,36,67,47,5,14,11,24,7,0,14,302,58,131,87,74,107,41,101,48,0,4,4,10,0,0,27,705,9,16,16,3,0,0,0,3,0,0,0,0,0,0,9,51,0,0,4,7,8,5,12,12,0,0,0,0,4,0,0,62,0,12,21,34,41,44,379,279,74,58,93,145,33,21,26,1263,0,23,18,9,14,31,35,20,10,9,25,24,5,0,9,234,0,0,0,0,0,0,5,7
CED318,0,0,0,0,0,6,3,3,0,0,0,0,0,7,3,20,0,0,0,0,0,3,14,7,0,5,3,8,0,0,0,40,0,3,28,72,63,78,139,70,14,12,23,25,14,4,9,568,6,3,5,14,65,61,268,177,42,57,51,80,40,5,17,878,0,15,58,9,3,10,0,3,0,0,0,0,0,0,8,110,6,8,11,7,3,7,16,3,4,3,6,0,0,4,4,88,0,9,15,21,45,41,85,32,8,18,9,8,4,0,17,304,70,134,145,84,181,142,233,94,13,17,27,35,10,0,34,1227,3,13,19,10,0,0,0,0,5,0,0,0,0,0,7,63,7,3,10,18,44,44,42,57,18,3,24,16,3,6,6,286,5,7,24,36,43,62,502,466,114,84,110,156,84,17,63,1764,3,10,17,29,18,52,79,71,31,18,21,45,10,3,6,427,0,0,0,4,20,12,18,16
CED319,0,0,0,0,11,12,7,14,0,0,0,0,0,0,4,56,0,0,0,0,3,9,55,14,10,0,3,0,0,0,4,110,0,4,13,26,36,39,122,64,11,11,15,10,0,5,4,371,8,20,9,33,114,122,478,249,57,67,45,86,24,9,17,1344,0,9,25,13,9,26,6,4,0,0,0,0,0,0,3,93,0,5,14,5,0,4,10,10,6,3,0,0,0,0,5,59,0,5,18,44,206,181,213,96,5,12,15,18,19,9,10,864,57,60,43,40,60,48,121,49,8,8,6,5,5,0,7,526,8,18,20,10,11,0,0,5,0,0,3,0,0,0,3,90,3,0,14,28,96,103,85,62,13,12,17,26,6,0,16,485,12,11,52,45,131,149,1570,1079,261,272,402,501,139,28,79,4728,4,11,6,11,24,47,92,47,8,3,5,9,7,4,4,278,0,0,0,0,7,10,102,171
CED320,0,0,0,0,0,0,4,10,0,0,0,0,0,0,0,15,0,0,0,0,0,0,15,5,0,0,0,0,0,0,0,23,0,4,34,38,46,39,76,46,6,5,14,6,3,4,7,327,11,11,8,11,15,28,104,64,12,22,24,50,3,0,5,359,0,3,45,8,3,14,4,0,0,0,0,0,0,0,0,85,7,6,3,9,5,6,5,6,0,0,0,0,0,0,5,46,0,6,11,31,94,97,102,57,17,13,17,15,5,0,22,476,96,162,91,70,128,41,81,24,7,0,3,16,6,0,19,735,0,14,13,4,0,0,0,9,0,0,0,7,0,0,3,55,0,0,9,11,17,12,18,29,5,3,10,7,0,0,0,133,8,0,31,21,23,28,258,177,42,34,31,32,26,8,25,742,5,13,18,14,18,16,48,23,4,9,8,13,8,0,5,200,0,0,0,0,9,3,15,16
CED321,0,0,0,0,0,0,4,0,0,0,0,0,0,0,0,4,0,0,0,0,0,0,3,4,0,0,0,0,0,0,0,8,0,7,19,22,16,24,33,23,3,4,10,0,0,0,3,172,0,0,0,0,11,17,47,24,13,5,6,15,3,0,4,152,3,4,27,7,0,0,0,0,0,0,0,0,0,0,0,42,0,0,0,0,0,0,0,4,0,0,0,0,3,0,0,20,0,0,6,10,18,20,23,27,4,9,5,5,10,0,5,143,33,89,64,32,49,17,42,16,0,3,4,3,7,3,15,378,0,3,4,0,0,0,4,0,0,0,0,0,0,0,0,10,0,0,0,5,6,0,6,6,0,5,3,10,0,0,0,46,3,8,12,0,0,4,116,94,29,25,40,44,18,3,16,405,4,4,0,3,5,8,17,4,0,0,3,22,7,0,7,92,0,0,0,0,0,0,0,6
CED322,0,0,0,0,0,0,4,0,0,0,0,0,0,0,0,4,0,0,0,0,0,8,8,0,0,0,0,5,0,0,0,20,0,3,31,63,61,67,211,120,28,28,34,30,25,12,16,728,4,15,16,11,141,183,545,400,119,129,142,168,64,4,46,1993,6,21,71,20,17,23,11,0,0,0,0,0,0,0,7,174,11,28,35,18,10,13,9,12,3,0,0,0,5,0,10,143,4,8,11,20,51,32,52,14,4,3,5,0,0,0,0,211,78,153,81,54,92,61,98,60,13,6,15,8,4,3,23,752,0,26,34,5,6,9,4,6,0,0,0,0,0,0,5,102,0,4,9,40,78,103,66,41,7,13,23,8,16,18,9,435,10,6,21,24,39,74,305,133,34,37,40,56,18,8,28,828,0,13,14,18,29,42,61,37,4,4,9,14,13,3,8,276,0,0,6,10,21,12,43,38
CED323,0,0,0,0,3,3,11,10,0,0,0,0,0,0,0,24,0,0,0,4,4,3,26,20,4,7,12,18,6,0,0,109,0,6,25,61,83,100,156,116,32,35,48,67,41,16,10,785,7,12,16,21,160,256,911,680,222,250,273,265,118,7,53,3248,7,55,156,36,21,80,18,9,4,0,0,0,0,0,10,391,15,49,53,28,31,22,30,17,3,0,13,3,0,3,4,264,4,5,19,27,73,54,73,29,3,0,7,7,12,3,12,324,75,219,111,71,127,83,111,62,14,23,18,30,17,3,24,989,8,61,107,21,5,4,5,12,0,3,0,0,0,0,6,252,3,4,17,47,79,109,102,116,28,34,37,55,41,16,16,697,9,3,32,40,51,87,574,557,200,203,326,376,135,26,52,2675,0,17,12,31,40,58,76,75,18,17,26,19,4,4,6,415,0,0,0,7,62,35,93,102
CED324,0,0,0,0,8,44,161,206,40,36,17,27,11,3,12,573,0,0,0,3,8,34,112,80,11,21,18,18,14,3,0,319,0,0,12,53,55,52,103,76,9,12,17,17,7,6,6,422,10,31,66,65,584,999,3791,2153,535,599,569,744,226,44,227,10644,0,9,83,28,18,75,27,3,0,0,0,0,0,0,4,250,0,8,16,6,11,15,28,17,10,3,9,12,9,3,0,155,0,4,17,40,178,222,173,58,11,13,19,19,12,4,15,782,115,64,42,28,66,59,96,53,4,14,4,12,0,0,12,574,18,86,124,48,17,12,12,22,0,0,0,0,0,0,13,348,3,12,20,103,360,561,362,238,70,51,60,67,54,24,45,2018,3,11,29,66,115,267,2067,1410,351,478,768,967,285,46,160,7006,5,18,20,29,93,135,199,87,11,21,21,30,29,0,12,714,0,0,0,0,28,33,121,277
CED325,0,0,0,0,4,14,115,129,20,13,15,17,11,30,19,402,0,0,0,3,5,50,297,115,18,18,10,0,5,5,0,537,0,4,11,41,39,44,68,50,10,12,6,11,4,0,3,306,0,9,15,15,161,219,754,439,102,57,81,119,41,11,44,2058,0,7,50,20,12,41,12,0,0,0,0,0,0,0,5,151,0,9,9,0,11,15,81,28,5,0,9,8,5,0,9,178,0,5,11,60,326,352,399,149,28,17,24,24,12,9,44,1463,120,110,75,56,102,56,97,33,4,4,7,8,5,0,15,691,0,6,11,8,6,0,3,3,0,0,0,0,0,0,3,41,0,7,18,27,128,115,87,59,5,13,14,21,10,0,8,507,11,8,33,59,89,258,2689,1440,256,308,323,340,147,35,105,6102,5,11,22,20,59,100,132,55,8,11,17,8,11,0,10,478,0,5,0,7,56,74,245,323
CED326,0,0,0,0,10,23,23,22,0,4,6,7,0,0,0,98,0,0,0,0,0,14,79,25,4,0,6,4,0,0,0,123,0,4,19,41,54,47,113,54,9,4,22,10,13,6,5,403,5,10,12,12,67,118,395,240,81,48,35,68,24,4,14,1145,3,6,34,11,4,23,0,5,0,0,3,0,0,0,0,88,8,12,21,7,4,10,27,20,5,8,3,6,0,0,4,119,0,6,17,41,201,231,313,113,9,29,21,28,7,8,22,1043,67,127,81,60,88,52,122,52,10,3,5,13,9,3,19,715,0,39,22,20,0,3,5,5,0,0,3,0,0,0,0,104,0,12,8,28,78,70,42,36,7,5,17,19,11,4,4,339,12,8,44,53,96,172,2551,1352,276,266,329,352,113,17,80,5719,5,11,7,5,21,49,87,41,10,6,5,6,6,0,0,266,0,0,0,5,14,10,89,166
CED327,0,0,0,0,19,77,388,759,107,99,68,61,79,31,29,1722,0,0,0,3,3,18,87,51,8,7,10,8,4,3,3,204,5,0,17,23,39,20,50,27,0,12,3,3,0,0,0,203,5,11,26,29,283,423,2754,1390,297,261,226,391,125,22,120,6364,0,9,115,52,32,128,22,11,0,0,0,0,0,0,4,383,0,3,16,11,32,19,75,56,15,8,7,11,4,0,10,271,0,5,21,63,369,374,509,179,27,35,36,29,10,3,24,1696,83,89,69,57,79,50,61,18,4,0,5,0,0,0,15,530,4,29,39,13,17,8,0,7,0,4,0,0,0,0,4,126,0,5,9,59,266,429,310,166,35,26,30,39,33,0,31,1421,0,10,31,46,91,240,2336,1216,235,203,339,390,131,21,81,5383,9,14,13,10,69,95,183,90,16,12,22,9,5,0,9,548,0,0,0,8,23,26,119,323
CED328,0,0,0,0,5,3,11,20,0,0,0,0,0,0,0,37,0,0,0,0,4,16,65,66,20,23,49,28,9,11,0,289,0,5,32,64,68,83,179,136,38,26,33,33,23,20,8,750,11,19,12,15,135,247,963,818,334,420,451,618,231,28,53,4346,0,8,23,5,7,14,5,7,0,0,0,0,3,0,0,71,3,6,5,0,9,4,10,19,0,0,3,36,20,10,0,144,0,4,16,32,86,62,71,24,7,3,9,4,7,3,8,327,80,55,43,57,99,75,232,67,27,15,21,21,15,5,15,833,0,12,9,5,3,0,10,8,0,0,3,0,0,0,5,67,9,7,14,50,125,159,176,109,44,43,41,59,58,31,23,944,9,6,70,82,121,186,864,676,166,184,248,294,144,54,35,3127,3,15,11,16,40,72,122,76,23,58,34,59,39,10,5,590,0,3,0,13,78,50,231,247
CED329,0,0,0,0,0,0,0,0,0,0,0,0,0,0,0,4,0,0,0,0,0,0,4,4,3,0,0,0,0,0,0,12,3,4,34,55,47,55,72,71,11,11,5,8,7,4,9,390,0,3,8,5,15,8,53,26,3,5,10,6,8,0,5,174,0,6,18,16,4,7,0,0,0,0,0,0,0,0,3,61,4,4,6,4,4,0,3,0,0,0,0,0,0,0,5,34,0,3,11,13,26,22,25,14,0,0,4,0,0,0,10,121,72,191,134,101,142,90,105,47,5,10,13,14,4,3,42,967,0,4,18,7,4,0,0,5,0,0,0,0,0,5,0,44,0,0,6,13,7,3,15,4,0,0,9,0,3,4,4,69,8,8,28,14,21,18,87,89,26,18,18,24,0,4,12,358,6,13,10,8,7,10,26,26,8,4,4,4,9,0,6,140,0,0,0,0,3,0,4,0
CED330,0,0,0,0,0,4,22,27,0,0,0,0,0,0,3,64,0,0,0,0,0,3,29,18,0,8,0,6,3,0,0,71,0,3,16,37,47,49,78,65,3,9,3,4,0,5,8,320,0,9,8,5,32,40,109,86,23,22,36,96,21,3,17,505,0,17,38,26,6,19,7,0,0,4,0,0,0,0,5,122,3,5,8,3,0,6,6,5,0,4,0,0,0,0,0,43,0,4,11,18,52,58,84,38,10,6,15,15,4,0,9,325,41,134,93,78,145,59,97,32,8,8,8,7,0,0,19,747,0,11,3,7,3,0,0,4,0,0,0,0,0,0,3,38,0,0,6,11,11,26,43,18,6,8,16,18,14,0,9,181,0,7,29,17,19,34,400,240,54,54,68,113,53,10,24,1116,0,16,13,12,9,24,48,19,9,11,15,29,0,0,6,208,0,0,3,5,11,10,8,20
CED394,0,0,0,0,0,0,0,0,0,0,0,0,0,0,0,5,0,0,0,0,0,0,0,0,0,0,0,0,0,0,0,0,0,0,0,11,4,7,6,6,0,0,9,6,3,9,0,46,0,0,0,0,6,0,8,4,6,6,12,24,4,4,6,69,0,0,0,0,0,0,0,0,0,0,0,0,0,0,0,4,0,0,0,0,0,0,0,0,0,0,0,0,0,0,0,3,0,0,0,5,4,0,3,3,0,0,0,0,0,0,3,16,4,4,14,5,4,3,6,12,6,0,7,26,8,3,11,101,0,0,0,0,0,0,0,0,0,0,0,0,0,0,0,3,0,0,3,0,0,0,4,4,0,0,0,0,0,0,0,14,0,0,0,0,3,3,6,8,3,0,8,3,6,0,0,48,0,3,0,3,0,0,0,0,0,0,5,8,4,0,0,34,0,0,0,0,0,0,0,0
CED397,0,0,0,0,0,0,0,0,0,0,0,0,0,0,0,0,0,0,0,0,0,0,0,0,0,0,0,0,0,0,0,0,0,0,0,0,0,0,0,0,0,0,0,0,0,0,0,0,0,0,0,0,0,0,0,0,0,0,0,0,0,0,0,0,0,0,0,0,0,0,0,0,0,0,0,0,0,0,0,0,0,0,0,0,0,0,0,0,0,0,0,0,0,0,0,0,0,0,0,0,0,0,0,0,0,0,0,0,0,0,0,0,0,0,0,0,0,0,0,0,0,0,0,0,0,0,0,0,0,0,0,0,0,0,0,0,0,0,0,0,0,0,0,0,0,0,0,0,0,0,0,0,0,0,0,0,0,0,0,0,0,0,0,0,0,0,0,0,0,0,0,0,0,0,0,0,0,0,0,0,0,0,0,0,0,0,0,0,0,0,0,0,0,0,0,0,0,0,0,0
CED401,0,0,0,0,0,94,632,870,92,86,113,194,42,45,47,2228,0,0,0,0,0,7,192,175,42,53,59,74,30,0,12,642,0,5,19,24,45,40,60,49,12,19,21,35,12,12,3,359,4,17,19,53,175,264,1569,1638,626,782,721,999,269,20,104,7259,8,45,117,48,34,126,37,5,0,0,0,0,0,0,8,435,9,27,22,13,8,4,40,39,17,17,16,23,13,6,0,255,3,4,9,15,41,27,45,14,6,13,7,3,0,0,3,186,180,209,75,49,56,47,78,38,9,14,7,14,18,0,29,835,22,951,1191,222,72,24,18,81,15,9,0,5,6,0,83,2696,0,4,11,38,81,106,190,217,104,106,100,117,148,26,23,1275,6,5,45,50,67,165,3262,2229,762,959,1579,2051,920,81,186,12372,0,9,3,13,27,52,74,84,44,30,38,40,26,0,12,450,0,0,0,9,61,105,195,332
CED402,0,0,0,0,0,14,64,137,13,26,0,13,9,0,13,290,0,0,0,0,0,0,8,10,0,4,4,4,5,0,0,42,0,0,8,8,11,22,33,9,3,0,5,5,0,0,5,117,0,0,6,6,6,7,135,132,44,57,57,73,9,3,13,545,0,26,56,12,3,4,0,0,0,0,0,0,0,0,5,111,0,4,0,0,0,0,3,6,0,0,3,13,0,0,0,32,0,0,4,5,10,7,11,12,0,0,4,16,0,0,0,72,112,280,105,50,66,37,49,21,3,3,11,4,4,0,21,753,5,106,159,31,12,0,4,0,0,0,0,0,0,0,26,348,0,0,7,10,3,6,10,13,6,6,0,5,0,0,5,63,9,0,13,34,46,74,264,172,55,64,86,129,46,5,22,1006,0,9,3,3,11,4,17,15,15,8,18,28,18,0,0,149,0,0,0,0,4,3,8,10
CED403,0,0,0,0,0,10,35,30,9,4,7,36,0,8,4,131,0,0,4,0,6,9,53,113,0,20,20,17,20,0,0,270,0,7,26,54,67,48,91,59,8,24,11,33,16,8,7,465,0,12,12,29,125,173,1272,874,267,247,224,316,92,8,52,3699,4,42,75,24,9,33,6,5,0,0,0,0,0,0,8,210,0,39,24,5,11,6,24,17,15,16,17,11,15,0,5,209,0,9,3,19,23,13,20,7,4,6,0,0,0,0,6,110,158,315,129,49,86,56,120,62,9,14,12,7,14,0,19,1047,13,361,390,92,23,21,19,22,5,0,4,3,0,0,27,989,5,4,14,25,74,81,107,71,25,33,32,56,34,7,13,584,17,16,65,45,51,133,1333,850,234,251,387,444,171,29,52,4078,4,15,0,11,22,41,60,95,12,20,27,29,18,0,9,357,0,0,0,6,90,83,177,196
CED404,0,0,0,0,0,0,0,5,0,0,0,0,0,0,0,9,0,0,0,0,0,0,4,22,0,4,8,0,0,0,0,39,0,10,7,17,9,7,30,8,0,8,0,3,0,0,3,111,3,0,0,5,0,7,31,33,19,18,16,14,3,0,7,161,0,42,71,34,5,4,0,0,0,0,0,0,0,0,8,168,0,0,6,0,0,0,11,4,0,8,0,10,8,0,0,45,0,0,4,0,4,9,25,12,0,0,0,3,0,0,5,64,81,264,118,60,35,11,28,20,5,0,0,4,0,0,29,651,5,54,81,18,6,4,4,7,0,0,0,0,0,0,17,202,0,0,4,5,0,4,3,10,0,0,0,3,0,0,0,37,4,3,17,19,7,15,218,169,34,65,119,83,36,12,15,809,0,9,3,3,0,12,27,16,3,4,0,12,6,0,6,97,0,0,0,0,0,3,8,10
CED405,0,0,0,0,0,9,96,70,22,21,7,17,0,8,0,248,0,0,0,0,0,0,60,27,10,4,32,3,0,0,0,145,0,6,23,33,42,28,52,40,7,8,19,10,7,4,0,278,5,56,51,71,105,106,512,340,83,83,68,103,26,4,30,1644,8,123,209,59,34,195,62,9,6,4,0,0,0,0,10,720,4,39,21,6,23,17,72,60,3,15,10,26,9,0,10,310,0,0,3,10,26,9,25,9,3,0,0,4,0,0,0,98,272,278,119,45,61,52,78,60,0,9,17,23,14,0,35,1064,23,577,784,176,56,26,42,65,4,5,0,15,0,0,53,1828,0,0,14,11,28,42,53,43,9,13,9,14,5,6,4,247,8,6,74,65,48,81,1552,1070,371,452,622,730,294,36,68,5475,0,3,3,5,9,36,34,40,10,8,11,6,14,0,8,190,0,0,4,0,26,36,70,121
CED406,0,0,0,0,0,4,5,5,0,0,0,0,0,5,0,19,0,0,0,0,0,11,26,21,3,3,3,0,3,0,0,75,0,0,17,29,25,32,63,29,10,4,7,6,4,0,0,233,0,0,13,15,34,43,366,251,47,50,41,53,14,3,13,932,3,23,80,30,17,35,11,0,0,0,0,0,0,0,10,210,5,23,14,15,26,19,61,18,0,6,0,7,4,0,0,201,0,5,3,11,48,36,41,10,4,3,3,0,5,0,3,173,104,312,198,101,139,54,108,36,4,6,0,3,3,0,35,1098,0,57,79,27,11,5,8,9,0,0,0,0,0,0,10,201,0,0,0,12,25,19,16,22,0,4,5,15,11,0,5,136,9,11,61,48,31,74,678,303,71,47,45,59,32,4,15,1482,10,14,6,12,18,23,34,18,6,6,7,3,0,0,4,178,0,0,0,5,74,70,98,108
CED407,0,0,0,0,7,117,780,801,104,134,117,141,43,44,25,2319,0,0,0,0,0,11,130,126,20,26,25,10,17,0,0,378,0,3,18,18,25,21,51,21,8,0,4,0,3,0,4,185,6,15,15,16,91,124,700,404,91,74,79,108,22,0,29,1783,6,43,145,60,7,104,33,6,0,3,0,0,0,0,12,411,7,21,14,0,8,10,27,35,12,17,8,13,7,3,3,189,3,5,5,9,29,51,68,19,3,0,13,5,8,0,0,201,163,375,191,83,52,27,43,14,0,3,0,6,0,0,28,999,3,124,183,50,13,12,7,5,0,0,0,0,0,0,13,417,0,3,3,10,45,45,62,60,15,24,25,28,21,0,13,361,12,8,41,41,39,125,2948,1711,487,459,785,898,337,31,84,8005,0,6,8,14,15,33,67,38,4,3,9,9,5,0,5,222,0,0,3,0,23,82,206,353
CED408,0,0,0,0,0,0,0,0,0,0,0,0,0,0,0,5,0,0,0,0,0,0,6,0,0,0,0,0,0,0,0,12,0,0,22,69,69,55,75,42,0,9,8,4,7,0,4,373,4,15,7,4,14,29,138,60,22,29,17,22,3,0,6,369,0,16,24,7,8,3,0,0,0,0,0,0,0,0,0,67,0,9,8,0,5,0,7,5,0,0,0,0,0,0,0,30,0,4,0,11,8,4,7,5,0,5,0,0,0,0,3,51,138,348,172,103,179,80,129,45,0,8,5,18,11,0,32,1267,0,49,37,6,4,4,0,0,0,0,0,0,0,0,4,116,3,0,3,4,13,8,17,13,0,3,3,3,6,0,3,102,13,17,38,24,26,19,167,82,13,28,25,22,9,3,12,498,0,15,3,6,10,11,19,22,0,6,4,0,0,0,3,111,0,0,0,0,18,12,33,15
CED409,0,0,0,0,5,95,846,1041,170,134,124,165,64,52,30,2735,0,0,0,0,0,0,47,80,10,10,17,10,7,0,5,185,0,0,11,20,8,31,28,12,3,6,0,4,5,0,0,126,0,5,7,12,31,28,145,90,22,17,8,14,3,3,9,402,0,18,74,24,15,54,52,0,0,0,0,0,0,0,9,245,3,16,12,3,0,0,32,11,0,0,4,11,0,0,0,93,0,0,5,6,37,39,70,27,0,6,17,11,8,3,10,238,82,256,140,60,38,20,29,10,0,0,0,3,5,0,33,670,5,81,167,41,20,12,5,6,0,0,0,0,0,0,20,358,0,0,4,3,17,10,17,8,6,3,0,0,0,0,0,82,3,9,29,20,11,27,768,456,101,111,176,192,65,0,29,2003,0,3,9,4,16,19,75,45,12,12,3,14,4,3,6,237,0,0,0,0,8,16,99,217
CED410,0,0,0,0,18,36,74,59,8,17,11,4,6,0,0,225,0,0,0,0,3,20,162,140,17,30,36,22,22,12,6,465,0,9,22,43,55,44,99,37,17,9,11,10,18,0,12,375,8,22,15,57,276,417,2882,2277,591,624,552,745,264,33,126,8889,10,42,90,28,20,35,15,3,0,0,4,0,0,0,0,239,12,42,14,8,16,33,73,60,11,21,5,13,7,0,5,319,0,3,10,15,32,21,21,6,0,0,3,8,0,0,3,120,222,355,117,71,76,56,89,40,6,9,11,12,6,3,29,1079,18,367,410,70,27,18,17,25,0,3,0,0,0,0,40,997,4,0,25,59,238,225,246,163,64,52,67,87,79,17,31,1352,14,23,60,87,124,232,2583,1816,612,672,1032,1260,465,51,96,9121,5,7,10,24,32,36,102,55,17,10,24,27,14,0,0,364,0,3,0,12,94,114,198,431
CED494,0,0,0,0,0,0,0,0,0,0,0,0,0,0,0,6,0,0,0,0,0,0,0,0,0,0,0,0,0,0,0,0,0,0,0,0,0,0,0,0,0,0,0,0,0,0,0,5,0,0,0,0,0,0,4,0,0,0,0,0,0,0,0,19,0,0,0,0,0,0,0,0,0,0,0,0,0,0,0,5,0,0,0,0,0,0,0,0,0,0,0,0,0,0,0,3,0,0,0,0,0,0,0,4,0,0,0,0,0,0,0,4,3,0,3,3,0,0,0,0,0,0,0,4,0,0,0,19,0,0,0,0,0,0,0,0,0,0,0,0,0,0,0,0,0,0,0,0,0,0,0,0,0,0,0,0,0,4,4,12,0,0,4,0,0,0,0,0,0,4,0,6,5,3,0,32,0,0,0,0,0,0,0,0,0,0,0,3,3,0,0,11,0,0,0,0,0,0,0,0
CED497,0,0,0,0,0,0,0,0,0,0,0,0,0,0,0,0,0,0,0,0,0,0,0,0,0,0,0,0,0,0,0,0,0,0,0,0,0,0,0,0,0,0,0,0,0,0,0,0,0,0,0,0,0,0,0,0,0,0,0,0,0,0,0,0,0,0,0,0,0,0,0,0,0,0,0,0,0,0,0,0,0,0,0,0,0,0,0,0,0,0,0,0,0,0,0,0,0,0,0,0,0,0,0,0,0,0,0,0,0,0,0,0,0,0,0,0,0,0,0,0,0,0,0,0,0,0,0,0,0,0,0,0,0,0,0,0,0,0,0,0,0,0,0,0,0,0,0,0,0,0,0,0,0,0,0,0,0,0,0,0,0,0,0,0,0,0,0,0,0,0,0,0,0,0,0,0,0,0,0,0,0,0,0,0,0,0,0,0,0,0,0,0,0,0,0,0,0,0,0,0
CED501,0,0,0,0,0,4,10,0,3,7,0,0,0,0,0,24,0,0,0,3,9,3,56,27,3,4,3,0,0,0,0,108,0,8,23,31,33,44,97,61,15,16,9,8,8,0,0,361,0,0,4,4,25,23,192,133,29,30,18,31,15,0,9,510,6,14,70,22,8,63,44,8,0,0,0,0,0,0,11,258,3,7,10,5,6,0,15,31,4,0,0,6,0,0,7,87,0,0,3,6,14,20,46,35,3,0,6,11,0,0,0,155,41,109,101,63,94,43,136,72,3,5,11,8,0,0,12,709,0,3,9,7,0,0,4,3,0,0,0,0,0,0,0,28,0,0,8,10,8,17,44,20,4,3,8,6,6,0,0,132,30,17,78,65,41,91,1056,759,115,120,141,163,59,14,42,2790,0,7,9,7,28,71,158,114,20,18,28,27,19,0,15,527,4,0,0,0,15,9,12,56
CED502,0,0,0,0,29,150,704,657,82,98,57,153,60,40,40,2067,0,0,0,8,9,30,274,197,18,10,13,20,12,0,3,586,0,0,13,21,26,31,55,40,5,3,7,5,0,5,0,214,0,3,9,15,74,150,1238,636,113,77,89,122,34,4,46,2601,3,8,29,11,4,43,18,0,0,0,0,0,0,0,10,122,5,6,8,7,7,12,77,66,11,5,0,8,0,0,0,207,0,0,0,4,25,13,43,26,0,4,5,3,0,0,0,127,77,75,74,43,104,49,55,40,0,3,6,5,0,0,12,548,0,7,11,4,5,0,0,0,0,0,0,0,0,0,0,29,0,0,6,17,34,46,121,69,9,16,13,11,19,0,8,366,17,19,199,240,206,290,3973,3214,495,382,585,705,191,33,137,10690,3,3,3,45,125,389,756,365,42,57,67,65,50,11,25,2006,0,0,0,4,21,24,110,151
CED503,0,0,0,0,5,6,19,21,0,0,0,4,0,0,0,51,0,0,3,0,0,5,12,18,0,0,0,0,0,0,0,45,0,3,31,46,48,35,97,40,6,4,11,16,3,3,0,345,0,3,0,0,19,20,96,75,15,18,12,16,6,0,6,288,8,6,35,12,3,17,3,6,0,0,0,0,0,0,5,97,5,3,4,5,6,0,8,3,0,0,0,3,0,0,0,43,4,0,5,4,9,14,24,27,4,0,6,10,7,0,0,110,85,90,92,64,86,47,72,38,6,0,6,4,8,0,15,618,0,14,14,11,0,0,0,0,0,0,0,0,0,0,4,41,0,0,15,9,10,6,11,14,3,0,0,0,0,0,3,81,22,15,92,58,41,42,530,388,59,38,51,86,32,11,31,1490,3,12,3,8,22,53,103,66,24,26,11,29,11,12,8,381,0,0,0,0,6,9,18,55
CED504,0,0,0,0,22,93,308,353,15,38,45,58,41,17,31,1020,0,0,4,27,9,12,58,41,0,3,4,6,5,0,0,176,0,0,20,38,30,37,61,37,6,13,7,7,3,4,0,268,4,3,7,42,198,287,872,436,71,57,64,116,36,0,56,2257,8,67,165,66,34,202,99,19,0,0,0,0,3,0,20,675,13,15,47,17,20,36,72,34,4,3,0,3,0,0,11,274,0,3,0,5,22,8,11,5,0,0,0,0,0,0,5,64,96,86,51,54,78,82,95,50,6,8,3,14,3,0,10,641,29,184,267,71,32,5,17,48,0,6,0,4,0,0,14,679,0,3,8,55,108,156,123,77,12,13,9,15,19,0,14,618,37,20,379,356,315,300,1642,1238,319,258,369,468,152,19,115,5995,4,9,5,23,63,135,206,118,26,24,32,20,27,0,21,709,0,0,0,8,99,139,263,297
CED505,0,0,0,0,3,6,17,0,3,0,0,0,0,0,0,34,0,0,0,3,5,9,35,13,3,4,9,9,20,0,0,112,0,8,45,95,111,123,211,145,13,25,37,34,22,13,9,898,5,12,23,45,180,289,891,676,175,199,182,333,145,9,53,3198,13,49,53,19,20,41,11,21,0,5,0,0,0,0,4,240,15,15,23,6,16,13,29,33,4,8,3,3,0,0,5,174,0,3,3,9,22,4,0,3,0,0,0,0,0,0,0,54,92,78,55,58,139,83,220,111,17,17,33,29,26,3,20,970,17,67,35,16,0,10,14,16,0,0,3,3,3,0,10,190,4,3,18,73,142,100,142,114,32,23,24,50,34,11,10,795,38,28,138,98,131,208,688,516,80,115,121,177,100,19,33,2488,7,27,17,24,62,168,203,80,34,37,52,79,63,3,12,859,0,0,0,8,123,76,160,191
CED506,0,0,0,0,0,7,6,12,0,0,3,0,0,0,15,40,0,0,0,0,0,4,16,10,5,6,0,0,8,0,6,64,0,0,11,27,33,23,70,44,19,13,9,17,5,0,5,295,0,4,0,4,9,9,101,95,21,20,34,126,24,4,18,472,0,12,36,9,4,16,13,3,0,0,0,0,0,0,11,101,4,0,8,0,0,0,6,9,8,0,0,4,5,9,3,58,0,0,3,11,16,16,43,33,4,18,9,9,9,7,15,178,85,91,49,56,86,69,126,81,13,13,14,38,14,0,19,757,0,6,9,4,0,0,0,9,4,0,0,0,0,0,3,48,0,0,3,16,3,13,23,23,3,0,7,3,0,0,4,104,17,7,39,29,28,32,370,284,65,70,64,80,47,9,48,1197,3,8,7,0,17,41,109,103,36,28,22,39,30,9,8,465,0,0,0,0,6,0,11,18
CED507,0,0,0,0,0,3,21,38,0,3,5,7,0,3,0,87,0,0,0,0,0,0,9,21,0,6,9,0,0,0,0,46,0,0,22,42,29,64,95,51,13,7,16,10,3,3,16,364,3,0,0,0,0,14,89,76,14,26,28,68,0,0,15,331,0,7,23,3,0,5,0,0,0,0,0,0,0,0,5,40,0,7,6,0,0,0,4,4,0,0,6,9,0,0,0,41,0,5,5,14,9,6,7,5,0,0,0,0,0,6,0,49,104,73,57,52,116,55,134,54,15,9,11,15,9,0,25,729,0,8,6,3,0,0,0,8,0,5,5,0,0,0,0,35,0,0,8,10,6,8,15,26,3,3,3,3,10,0,3,91,27,7,53,29,21,18,220,235,42,33,55,51,13,3,20,831,3,9,3,4,7,27,75,69,19,11,17,10,9,0,14,271,0,0,0,3,3,0,4,22
CED508,0,0,0,0,0,17,16,7,5,0,0,0,0,0,0,42,0,0,0,4,7,18,53,40,6,8,18,14,8,0,0,160,0,6,31,49,70,84,128,72,15,22,19,26,23,12,3,569,5,0,0,5,64,103,806,430,52,51,29,88,24,5,22,1689,17,168,427,132,104,220,114,18,0,0,0,5,0,0,57,1263,16,25,30,5,9,10,13,15,0,6,5,0,0,0,0,130,0,0,0,8,15,9,14,9,3,0,3,0,0,0,4,64,59,50,56,56,126,101,231,146,10,19,26,34,11,5,19,955,6,4,13,8,4,0,5,12,0,0,0,0,0,0,4,64,0,0,13,43,40,68,76,70,15,14,15,19,7,5,4,393,25,10,119,95,109,141,880,635,76,96,135,129,49,14,41,2557,0,4,3,19,85,219,273,124,34,28,22,34,41,4,26,907,0,0,0,0,51,37,126,166
CED509,0,0,0,0,3,52,192,119,22,13,4,15,6,5,10,442,0,0,0,7,5,10,33,32,0,0,0,3,0,0,0,99,0,3,37,42,33,49,79,39,4,7,8,0,7,0,3,321,3,0,0,7,30,35,248,128,17,16,24,17,3,0,14,558,4,46,129,53,26,46,26,0,0,0,0,0,0,0,11,343,3,3,10,6,4,9,46,21,0,0,6,3,0,0,3,122,0,3,3,7,20,6,17,11,0,5,0,0,4,5,3,85,117,117,70,64,146,71,151,46,8,8,4,6,5,0,15,829,0,8,15,10,5,0,3,0,0,0,0,0,0,0,6,54,0,0,4,6,28,29,46,32,3,8,0,8,7,0,18,194,34,29,178,145,159,198,2321,1433,270,166,226,268,102,17,81,5625,0,18,4,8,27,58,127,84,12,22,17,18,9,4,16,419,0,0,0,0,19,36,49,73
CED510,0,0,0,5,6,36,14,10,0,6,3,0,0,0,0,81,0,0,0,11,4,0,4,4,0,0,3,0,8,0,0,44,3,9,23,62,71,83,144,109,14,12,12,11,6,7,8,560,0,0,0,17,80,99,332,212,28,38,29,72,21,0,15,942,4,24,63,20,18,24,11,15,0,0,0,0,0,0,0,180,9,13,30,28,57,43,44,42,0,3,3,3,3,0,9,271,0,0,6,12,10,6,9,8,0,0,0,3,0,0,3,52,82,76,59,81,164,78,218,96,10,4,10,9,11,0,12,917,3,38,49,17,10,0,8,4,0,0,0,5,0,0,5,150,0,0,11,32,67,47,62,19,7,8,13,5,3,0,8,293,26,29,170,117,118,146,297,166,26,14,46,54,27,0,33,1280,4,15,8,11,45,96,94,59,8,20,13,16,9,0,0,404,0,0,3,7,54,52,98,166
CED511,0,0,0,0,0,3,40,68,9,8,3,33,9,5,9,185,0,0,0,0,0,0,8,9,0,0,0,4,0,0,5,29,0,0,29,42,38,41,66,41,9,3,3,18,7,0,8,310,0,0,4,0,20,16,111,74,8,17,23,33,13,7,20,351,6,12,18,6,10,3,4,0,0,0,0,0,0,0,0,65,3,6,6,5,0,6,0,3,0,0,3,0,0,0,0,32,0,3,6,4,17,15,32,23,4,5,11,7,9,33,0,164,138,122,81,39,104,47,115,54,15,7,16,16,8,0,30,783,3,9,12,9,0,0,0,0,0,0,0,0,0,0,5,43,0,0,6,4,4,7,8,12,4,5,0,3,4,0,9,66,12,7,59,30,19,31,226,215,28,23,47,58,25,3,22,811,4,10,0,5,23,29,61,50,14,13,24,20,12,3,4,276,0,0,0,0,10,0,9,43
CED512,0,0,0,0,50,113,180,61,5,10,10,0,5,8,4,457,0,0,0,8,0,11,40,19,3,0,0,4,6,0,0,94,0,0,11,29,38,33,110,50,14,4,5,6,4,0,6,309,0,0,0,6,31,64,344,188,34,30,28,45,19,10,9,810,7,23,59,27,12,71,43,16,5,0,0,0,0,0,3,268,0,8,14,17,17,46,101,124,9,11,11,0,6,4,3,368,0,0,3,0,14,18,25,14,0,0,0,0,0,0,0,85,46,56,53,67,131,67,175,66,5,6,10,12,0,0,14,715,5,25,25,12,12,0,4,4,0,0,0,0,0,0,0,97,0,0,8,8,38,48,60,36,9,0,3,11,0,3,4,234,13,7,109,101,75,171,1612,932,146,83,104,176,69,14,53,3659,0,3,4,7,36,85,127,77,21,21,12,19,37,9,11,465,0,0,0,8,34,59,122,124
CED513,0,0,0,5,5,17,33,26,0,9,0,10,0,0,0,119,0,0,0,10,12,3,43,41,9,9,9,10,3,5,0,154,0,4,25,67,65,100,142,103,25,28,15,35,11,5,13,640,0,0,4,25,165,280,984,786,207,253,259,332,128,9,74,3510,8,46,121,37,37,95,38,10,4,3,0,8,0,0,15,419,10,20,31,11,16,7,27,24,4,4,5,5,8,0,4,176,0,0,0,3,21,12,7,9,5,0,0,10,5,4,4,87,113,64,52,53,125,81,155,94,21,24,27,38,10,7,16,865,38,132,154,57,17,8,5,32,0,4,0,5,0,0,12,473,0,0,8,46,117,141,178,141,31,36,39,61,35,10,13,848,43,22,289,226,186,223,966,1097,341,331,496,568,213,60,77,5140,6,15,7,16,66,218,247,147,47,35,60,62,79,6,24,1016,0,0,0,3,77,84,145,278
CED514,0,0,0,3,12,86,309,250,44,26,27,44,22,20,11,854,0,0,4,3,0,20,226,158,24,39,46,37,23,4,6,588,0,5,20,44,37,67,89,68,6,11,18,20,10,4,9,398,0,3,8,22,164,286,1452,962,229,270,208,298,89,9,93,4083,10,34,64,15,8,37,10,7,0,0,0,0,0,0,6,201,8,12,13,11,15,18,50,42,8,12,8,10,11,8,15,229,0,4,9,10,28,10,20,11,0,4,3,3,0,0,3,102,97,69,64,56,72,48,106,66,10,6,8,16,12,4,15,652,0,24,33,17,18,4,3,14,0,0,0,0,0,0,0,120,0,8,19,54,130,110,216,203,41,43,62,60,43,8,17,1001,46,24,256,230,188,284,1957,1731,652,505,851,946,313,31,170,8187,3,13,13,57,143,503,756,335,74,93,92,128,109,17,50,2389,0,0,0,8,66,74,129,263
CED515,0,0,0,3,22,67,54,32,6,0,0,0,5,7,4,197,0,0,0,8,17,39,199,148,21,25,18,19,12,0,0,517,0,3,25,58,51,61,111,43,12,3,5,15,11,0,14,404,3,8,11,54,369,591,2760,1620,324,268,209,315,119,17,112,6790,14,31,87,22,18,32,0,6,0,0,0,0,0,0,3,228,9,19,25,20,15,24,31,76,20,26,20,12,0,0,7,308,3,3,14,13,18,19,8,5,0,3,0,0,0,4,3,89,75,77,47,52,120,60,116,39,7,10,12,8,4,0,11,632,7,19,30,9,7,5,4,12,4,0,0,0,0,0,0,96,0,3,27,116,308,239,224,160,43,35,48,34,26,20,24,1308,45,46,260,259,341,616,3006,1936,357,278,393,476,149,50,117,8322,9,15,30,57,431,859,819,297,57,57,56,73,112,10,67,2949,0,0,0,14,128,101,265,311
CED594,0,0,0,0,0,0,0,0,0,0,0,0,0,16,3,25,0,0,0,0,0,0,0,0,0,0,0,0,0,0,0,0,0,0,0,3,0,0,0,3,0,0,0,3,3,4,0,24,0,0,0,0,0,0,0,0,0,0,0,7,6,0,5,19,0,0,0,0,0,0,0,0,0,0,0,0,0,0,3,6,0,0,0,0,0,0,0,0,0,0,0,0,0,5,0,0,0,0,0,0,0,0,0,0,0,0,0,0,0,0,0,0,3,3,0,4,9,3,0,0,0,0,0,8,9,0,5,46,0,0,0,0,0,0,0,0,0,0,0,0,0,0,0,0,0,0,0,0,0,0,0,0,0,0,0,0,0,0,0,4,0,0,4,0,0,0,7,0,0,0,4,4,0,0,3,30,0,0,0,0,0,3,3,0,0,5,0,4,0,0,5,15,0,0,0,0,0,0,0,0
CED597,0,0,0,0,0,0,0,0,0,0,0,0,0,0,0,0,0,0,0,0,0,0,0,0,0,0,0,0,0,0,0,0,0,0,0,0,0,0,0,0,0,0,0,0,0,0,0,0,0,0,0,0,0,0,0,0,0,0,0,0,0,0,0,0,0,0,0,0,0,0,0,0,0,0,0,0,0,0,0,0,0,0,0,0,0,0,0,0,0,0,0,0,0,0,0,0,0,0,0,0,0,0,0,0,0,0,0,0,0,0,0,0,0,0,0,0,0,0,0,0,0,0,0,0,0,0,0,0,0,0,0,0,0,0,0,0,0,0,0,0,0,0,0,0,0,0,0,0,0,0,0,0,0,0,0,0,0,0,0,0,0,0,0,0,0,0,0,0,0,0,0,0,0,0,0,4,0,0,0,0,0,0,0,0,0,0,0,0,0,0,5,7,0,0,0,0,0,0,0,0
CED601,0,0,0,0,0,4,6,68,35,20,3,25,0,3,0,172,0,0,0,0,0,0,16,31,9,11,9,12,5,0,0,84,0,0,21,35,33,23,42,25,6,7,10,6,6,0,0,210,5,7,8,5,18,24,124,208,82,93,95,85,15,0,16,784,0,4,5,0,0,0,0,0,0,0,0,0,0,0,0,20,0,3,6,0,3,5,3,10,5,0,0,5,0,0,0,41,0,0,0,3,6,7,5,0,0,0,0,0,0,0,0,37,26,101,54,34,49,13,28,15,0,0,0,4,0,0,12,354,0,7,17,0,6,0,5,0,0,0,0,0,0,0,0,44,0,0,0,11,17,5,23,33,3,7,3,8,6,0,0,120,0,3,18,11,17,32,198,315,130,130,157,169,77,14,24,1289,0,9,0,5,5,4,20,16,8,0,0,13,3,0,0,91,0,0,0,0,4,3,9,108
CED602,0,0,0,0,0,0,0,0,0,0,0,0,0,0,0,0,0,0,0,0,0,0,4,3,0,5,6,6,0,0,0,26,0,0,14,8,10,12,31,11,3,4,5,12,0,0,0,109,0,6,0,3,9,14,54,72,46,29,21,34,5,0,4,300,0,9,9,0,0,0,3,0,0,0,0,0,0,0,3,25,0,0,6,3,0,3,0,4,0,8,9,11,0,0,0,43,0,0,3,6,14,21,8,8,0,0,0,0,0,0,4,62,30,82,49,27,43,16,37,6,0,3,0,3,0,0,7,301,0,5,6,3,3,0,0,0,0,3,0,0,0,0,0,23,0,0,9,0,6,3,8,16,0,0,4,10,3,4,0,63,4,3,11,13,15,17,82,118,52,57,77,33,27,10,27,539,8,7,0,0,8,6,27,11,3,0,4,11,3,0,0,79,0,0,0,0,3,0,3,4
CED603,0,0,0,0,0,0,6,46,26,6,7,0,3,0,0,94,0,0,0,4,0,0,55,120,25,37,38,40,13,0,9,336,6,3,11,40,28,51,53,27,7,11,18,15,0,0,5,265,4,9,10,10,35,58,552,1164,531,460,415,311,78,10,68,3713,0,15,45,20,4,10,0,6,0,0,0,0,0,0,4,107,0,4,6,0,6,0,16,8,5,8,5,15,6,0,0,81,0,5,9,7,30,20,4,10,6,4,0,8,0,0,5,105,73,99,47,40,74,44,58,28,9,9,4,14,5,0,14,508,3,66,107,26,21,8,8,12,0,0,5,3,0,0,6,265,0,0,9,14,37,19,56,96,31,25,21,39,26,6,0,387,12,3,26,19,11,50,385,974,327,354,334,372,120,31,59,3072,4,7,3,0,10,20,52,58,19,24,19,16,7,0,5,232,0,0,0,0,14,12,13,55
CED604,0,0,0,0,0,0,3,5,0,0,0,0,0,0,0,10,0,0,0,0,0,0,22,38,0,13,17,11,3,0,0,119,0,3,28,47,42,37,58,21,4,9,4,9,0,0,4,268,4,3,8,0,10,25,301,553,224,217,194,163,49,3,40,1795,0,11,21,3,3,9,0,0,0,0,0,0,0,0,0,51,0,0,7,0,0,0,0,0,0,0,3,0,0,0,0,17,0,5,9,6,6,8,8,0,0,0,0,0,0,0,6,42,41,110,93,43,65,30,73,24,0,0,4,8,5,0,17,532,0,12,58,13,6,4,0,0,0,0,0,0,0,0,0,95,0,3,5,10,7,11,36,46,6,24,24,40,19,0,0,227,13,5,27,18,14,21,142,279,92,78,104,87,18,8,14,901,5,13,0,11,8,6,33,21,12,7,0,0,3,0,3,115,0,0,0,0,9,3,9,17
CED605,0,0,0,0,0,0,0,15,0,0,0,0,0,0,0,15,0,0,0,0,0,0,7,14,0,0,3,3,0,0,0,33,0,5,18,27,26,11,36,22,0,3,0,9,0,0,0,171,0,5,4,5,10,10,30,69,26,26,20,25,3,0,9,241,6,10,5,0,3,0,0,0,0,0,0,0,0,0,3,25,0,8,0,0,3,0,0,0,0,0,0,0,0,0,0,12,0,0,3,4,5,5,0,0,0,0,0,0,0,0,0,27,42,85,49,32,64,18,51,18,3,0,0,6,0,0,14,389,0,6,21,6,0,0,0,0,0,0,0,0,0,0,6,34,0,0,6,4,6,13,6,13,3,0,4,0,5,0,0,62,0,0,19,3,7,6,34,101,23,43,50,24,6,0,3,333,7,10,4,0,0,15,11,16,4,4,0,5,0,0,0,83,0,0,0,6,4,0,16,6
CED694,0,0,0,0,0,0,0,0,0,0,0,0,0,0,0,0,0,0,0,0,0,0,0,0,0,0,0,0,0,0,0,0,0,0,0,0,0,0,0,0,0,0,0,0,0,0,0,4,0,0,0,0,0,0,0,0,0,0,0,0,0,0,0,6,0,0,0,0,0,0,0,0,0,0,0,0,0,0,0,0,0,0,0,0,0,0,0,0,0,0,0,0,0,0,0,0,0,0,0,0,0,0,0,0,0,0,0,0,0,0,0,0,0,0,0,0,0,0,0,0,0,0,0,0,0,0,0,5,0,0,0,0,0,0,0,0,0,0,0,0,0,0,0,0,0,0,0,0,0,0,0,0,0,0,4,0,0,0,0,4,0,0,0,0,0,0,0,0,0,0,0,0,0,0,0,0,0,0,0,0,0,0,0,0,0,0,0,0,0,0,0,3,0,0,0,0,0,0,0,0
CED697,0,0,0,0,0,0,0,0,0,0,0,0,0,0,0,0,0,0,0,0,0,0,0,0,0,0,0,0,0,0,0,0,0,0,0,0,0,0,0,0,0,0,0,0,0,0,0,0,0,0,0,0,0,0,0,0,0,0,0,0,0,0,0,0,0,0,0,0,0,0,0,0,0,0,0,0,0,0,0,0,0,0,0,0,0,0,0,0,0,0,0,0,0,0,0,0,0,0,0,0,0,0,0,0,0,0,0,0,0,0,0,0,0,0,0,0,0,0,0,0,0,0,0,0,0,0,0,0,0,0,0,0,0,0,0,0,0,0,0,0,0,0,0,0,0,0,0,0,0,0,0,0,0,0,0,0,0,0,0,0,0,0,0,0,0,0,0,0,0,0,0,0,0,0,0,0,0,0,0,0,0,0,0,0,0,0,0,0,0,0,0,0,0,0,0,0,0,0,0,0
CED701,0,0,0,0,0,0,6,3,0,0,0,0,0,0,4,17,0,0,0,0,0,4,27,34,12,9,7,3,3,0,3,102,0,6,11,17,18,10,27,21,8,6,3,4,0,4,5,137,0,0,0,0,9,9,62,57,19,27,57,91,13,0,18,362,0,0,4,0,0,0,0,0,0,0,0,0,0,0,4,14,0,3,0,0,0,7,5,0,0,0,0,0,0,0,3,19,0,0,4,9,36,14,54,58,6,16,21,17,7,0,20,271,14,41,29,24,26,33,72,51,4,7,5,12,9,9,7,327,0,8,14,13,5,16,7,19,4,0,0,0,0,0,3,92,0,0,0,6,8,18,9,16,5,8,8,0,0,0,4,61,5,0,10,0,12,32,491,400,134,122,136,144,49,25,36,1605,0,3,0,6,15,36,53,62,25,14,26,28,11,5,11,292,0,0,0,0,4,0,9,12
CED702,0,0,0,0,0,0,10,8,0,0,0,0,3,0,5,24,0,0,0,5,13,13,95,181,43,86,72,59,23,3,3,595,0,6,9,28,23,22,45,48,7,8,4,7,4,0,5,218,0,13,13,7,48,50,353,328,116,119,110,93,40,0,40,1343,0,0,9,0,5,0,0,0,0,0,0,0,0,0,0,22,0,0,3,5,0,0,15,5,5,0,4,0,7,0,0,53,0,5,3,8,44,41,52,42,9,11,17,16,8,0,9,259,20,62,60,32,49,44,90,61,8,11,16,11,3,0,16,477,0,75,259,173,89,98,117,187,17,11,0,3,4,0,54,1091,0,7,9,29,47,33,31,44,15,3,7,20,8,0,5,264,9,13,32,38,69,80,770,1004,289,312,312,336,119,19,60,3449,7,9,6,75,97,183,251,194,55,70,80,75,43,9,26,1161,4,0,0,0,3,5,21,26
CED794,0,0,0,0,0,0,0,0,0,0,0,0,0,0,0,0,0,0,0,0,0,0,0,0,0,0,0,0,0,0,0,0,0,0,0,0,0,0,0,0,0,0,0,0,0,0,0,3,0,0,0,0,0,0,0,0,0,0,5,3,0,0,0,5,0,0,0,0,0,0,0,0,0,0,0,0,0,0,0,0,0,0,0,0,0,0,0,0,0,0,0,0,0,0,0,0,0,0,0,0,0,0,0,0,0,0,0,0,0,0,0,3,0,4,0,0,5,6,0,0,0,0,0,8,4,0,0,24,0,0,0,0,0,0,0,0,0,0,0,0,0,0,0,3,0,0,0,0,0,0,0,0,0,0,0,0,0,0,0,5,0,0,0,0,0,0,0,0,0,0,0,4,0,6,0,14,0,0,0,0,0,0,0,0,0,0,0,0,4,0,0,4,0,0,0,0,0,0,0,0
CED797,0,0,0,0,0,0,0,0,0,0,0,0,0,0,0,0,0,0,0,0,0,0,0,0,0,0,0,0,0,0,0,0,0,0,0,0,0,0,0,0,0,0,0,0,0,0,0,0,0,0,0,0,0,0,0,0,0,0,0,0,0,0,0,0,0,0,0,0,0,0,0,0,0,0,0,0,0,0,0,0,0,0,0,0,0,0,0,0,0,0,0,0,0,0,0,0,0,0,0,0,0,0,0,0,0,0,0,0,0,0,0,0,0,0,0,0,0,0,0,0,0,0,0,0,0,0,0,0,0,0,0,0,0,0,0,0,0,0,0,0,0,0,0,0,0,0,0,0,0,0,0,0,0,0,0,0,0,0,0,0,0,0,0,0,0,0,0,0,0,0,0,0,0,0,0,0,0,0,0,0,0,0,0,0,0,0,0,0,0,0,0,5,0,0,0,0,0,0,0,0
CED801,0,0,0,4,11,28,31,26,7,6,0,0,0,3,0,121,0,0,0,14,28,86,152,70,22,19,7,7,6,9,3,423,0,3,26,64,48,59,89,55,0,3,20,8,17,0,6,408,4,22,17,37,181,242,489,318,76,66,55,66,16,11,36,1634,3,47,225,57,27,24,9,4,0,0,0,0,0,0,10,416,7,8,19,16,10,15,21,33,3,3,3,3,0,0,3,143,0,4,9,19,80,44,74,48,5,0,0,4,3,9,14,323,149,187,93,73,64,60,51,28,4,9,10,0,0,0,20,755,11,76,116,52,11,3,12,15,0,0,0,0,0,0,18,321,4,3,26,54,121,81,72,59,10,11,5,5,11,0,15,479,9,11,60,82,148,315,1542,1490,302,278,315,281,104,35,76,5055,0,9,16,28,38,40,73,27,3,6,9,4,6,14,3,282,0,0,4,9,54,42,76,76
CED802,0,0,0,0,5,14,45,83,8,5,0,4,3,5,0,167,0,0,0,6,9,53,135,103,28,32,32,12,30,0,0,434,0,8,39,88,80,99,98,88,17,26,17,35,28,9,6,640,5,17,16,42,198,405,1010,1074,429,486,410,391,142,12,81,4713,0,51,164,73,11,34,8,13,0,0,0,0,0,0,11,364,6,10,10,3,6,5,19,5,7,3,8,8,3,5,3,103,4,5,4,20,53,57,43,19,11,0,10,5,8,8,8,257,115,165,75,59,70,79,130,59,17,11,12,25,10,3,17,852,10,102,169,42,19,11,4,17,0,0,4,4,0,0,13,406,3,10,31,51,138,127,127,89,20,33,24,26,21,11,13,738,11,17,48,92,139,294,895,735,196,291,323,319,159,25,61,3608,8,10,13,16,42,42,100,99,32,56,54,41,52,0,10,570,0,0,3,9,31,43,77,96
CED803,0,0,0,4,24,65,121,158,7,17,32,11,8,5,0,456,0,0,4,3,27,151,483,207,45,57,37,37,24,3,16,1082,0,3,15,40,28,57,94,44,5,13,7,19,10,0,3,348,9,10,7,29,209,478,1794,1390,403,453,406,350,117,16,117,5794,0,36,230,102,69,71,20,15,3,0,6,0,0,0,12,575,0,4,12,12,21,20,82,73,15,19,22,9,4,0,4,296,0,0,6,21,92,112,175,51,3,11,7,9,8,0,9,512,114,118,71,31,52,58,99,33,5,9,6,12,0,0,8,612,10,45,110,56,12,8,7,22,0,0,0,6,4,0,10,279,0,3,15,70,130,141,134,91,23,11,14,19,20,0,9,682,7,5,24,46,153,499,3114,2005,504,592,645,584,197,36,125,8533,3,8,8,29,40,73,123,76,13,16,24,40,11,0,4,470,0,0,0,3,32,39,67,168
CED894,0,0,0,0,0,0,0,0,0,0,0,0,0,0,0,0,0,0,0,0,0,0,0,0,0,0,0,0,0,0,0,0,0,0,0,0,0,0,0,0,0,0,0,0,0,0,0,0,0,0,0,0,0,0,0,0,0,0,3,3,0,0,5,12,0,0,0,0,0,0,0,0,0,0,0,0,0,0,0,0,0,0,0,0,0,0,0,0,0,0,0,0,0,0,0,0,0,0,0,0,0,0,0,0,0,0,0,0,0,0,0,0,0,0,0,0,0,0,0,0,0,0,0,0,0,0,0,0,0,0,0,0,0,0,0,0,0,0,0,0,0,0,0,0,0,0,0,0,0,0,0,0,0,0,0,0,0,0,0,4,0,0,0,0,0,0,0,5,0,0,0,0,3,3,0,12,0,0,0,0,0,0,0,0,0,0,0,0,0,0,0,0,0,0,0,0,0,0,0,0
CED897,0,0,0,0,0,0,0,0,0,0,0,0,0,0,0,0,0,0,0,0,0,0,0,0,0,0,0,0,0,0,0,0,0,0,0,0,0,0,0,0,0,0,0,0,0,0,0,0,0,0,0,0,0,0,0,0,0,0,0,0,0,0,0,0,0,0,0,0,0,0,0,0,0,0,0,0,0,0,0,0,0,0,0,0,0,0,0,0,0,0,0,0,0,0,0,0,0,0,0,0,0,0,0,0,0,0,0,0,0,0,0,0,0,0,0,0,0,0,0,0,0,0,0,0,0,0,0,0,0,0,0,0,0,0,0,0,0,0,0,0,0,0,0,0,0,0,0,0,0,0,0,0,0,0,0,0,0,0,0,0,0,0,0,0,0,0,0,0,0,0,0,0,0,0,0,0,0,0,0,0,0,0,0,0,0,0,0,0,0,0,0,0,0,0,0,0,0,0,0,0
CED994,0,0,0,0,0,0,0,0,0,0,0,0,0,0,0,0,0,0,0,0,0,0,0,0,0,0,0,0,0,0,0,0,0,0,0,0,0,0,0,0,0,0,0,0,0,0,0,0,0,0,0,0,0,0,0,0,0,0,0,0,0,0,0,0,0,0,0,0,0,0,0,0,0,0,0,0,0,0,0,0,0,0,0,0,0,0,0,0,0,0,0,0,0,0,0,0,0,0,0,0,0,0,0,0,0,0,0,0,0,0,0,0,0,0,0,0,0,0,0,0,0,0,0,0,0,0,0,0,0,0,0,0,0,0,0,0,0,0,0,0,0,0,0,0,0,0,0,0,0,0,0,0,0,0,0,0,0,0,0,0,0,0,0,0,0,0,0,0,0,0,0,0,0,0,0,0,0,0,0,0,0,0,0,0,0,0,0,0,0,0,0,0,0,0,0,0,0,0,0,0
CED997,0,0,0,0,0,0,0,0,0,0,0,0,0,0,0,0,0,0,0,0,0,0,0,0,0,0,0,0,0,0,0,0,0,0,0,0,0,0,0,0,0,0,0,0,0,0,0,0,0,0,0,0,0,0,0,0,0,0,0,0,0,0,0,0,0,0,0,0,0,0,0,0,0,0,0,0,0,0,0,0,0,0,0,0,0,0,0,0,0,0,0,0,0,0,0,0,0,0,0,0,0,0,0,0,0,0,0,0,0,0,0,0,0,0,0,0,0,0,0,0,0,0,0,0,0,0,0,0,0,0,0,0,0,0,0,0,0,0,0,0,0,0,0,0,0,0,0,0,0,0,0,0,0,0,0,0,0,0,0,0,0,0,0,0,0,0,0,0,0,0,0,0,0,0,0,0,0,0,0,0,0,0,0,0,0,0,0,0,0,0,0,0,0,0,0,0,0,0,0,0
