CED_CODE_2021,SH_FHs_CF_no_C,SH_FHs_CF_C,SH_FHs_OnePF,SH_FHs_Oth_fam,SH_FHs_Tot,SH_Lone_P_H,SH_Group_H,SH_Tot,SDRTHT_1_S_FHs_CF_no_C,SDRTHT_1_S_FHs_CF_C,SDRTHT_1_S_FHs_OnePF,SDRTHT_1_S_FHs_Oth_fam,SDRTHT_1_S_FHs_Tot,SDRTHT_1_S_Lone_P_H,SDRTHT_1_S_Group_H,SDRTHT_1_S_Tot,SDRTHT_2more_S_FHs_CF_no_C,SDRTHT_2more_S_FHs_CF_C,SDRTHT_2more_S_FHs_OnePF,SDRTHT_2more_S_FHs_Oth_fam,SDRTHT_2more_S_FHs_Tot,SDRTHT_2more_S_Lone_P_H,SDRTHT_2more_S_Group_H,SDRTHT_2more_S_Tot,SDRTHT_Tot_FHs_CF_no_C,SDRTHT_Tot_FHs_CF_C,SDRTHT_Tot_FHs_OnePF,SDRTHT_Tot_FHs_Oth_fam,SDRTHT_Tot_FHs_Tot,SDRTHT_Tot_Lone_P_H,SDRTHT_Tot_Group_H,SDRTHT_Tot_Tot,FoA_1_or_2_SB_FHs_CF_no_C,FoA_1_or_2_SB_FHs_CF_C,FoA_1_or_2_SB_FHs_OnePF,FoA_1_or_2_SB_FHs_Oth_fam,FoA_1_or_2_SB_FHs_Tot,FoA_1_or_2_SB_Lone_P_H,FoA_1_or_2_SB_Group_H,FoA_1_or_2_SB_Tot,FoA_3SB_FHs_CF_no_C,FoA_3SB_FHs_CF_C,FoA_3SB_FHs_OnePF,FoA_3SB_FHs_Oth_fam,FoA_3SB_FHs_Tot,FoA_3SB_Lone_P_H,FoA_3SB_Group_H,FoA_3SB_Tot,FoA_4_to_8_SB_FHs_CF_no_C,FoA_4_to_8_SB_FHs_CF_C,FoA_4_to_8_SB_FHs_OnePF,FoA_4_to_8_SB_FHs_Oth_fam,FoA_4_to_8_SB_FHs_Tot,FoA_4_to_8_SB_Lone_P_H,FoA_4_to_8_SB_Group_H,FoA_4_to_8_SB_Tot,FoA_9moSB_FHs_CF_no_C,FoA_9moSB_FHs_CF_C,FoA_9moSB_FHs_OnePF,FoA_9moSB_FHs_Oth_fam,FoA_9moSB_FHs_Tot,FoA_9moSB_Lone_P_H,FoA_9moSB_Group_H,FoA_9moSB_Tot,FoA_Att_to_hous_FHs_CF_no_C,FoA_Att_to_hous_FHs_CF_C,FoA_Att_to_hous_FHs_OnePF,FoA_Att_to_hous_FHs_Oth_fam,FoA_Att_to_hous_FHs_Tot,FoA_Att_to_hous_Lone_P_H,FoA_Att_to_hous_Group_H,FoA_Att_to_hous_Tot,FoA_Tot_FHs_CF_no_C,FoA_Tot_FHs_CF_C,FoA_Tot_FHs_OnePF,FoA_Tot_FHs_Oth_fam,FoA_Tot_FHs_Tot,FoA_Tot_Lone_P_H,FoA_Tot_Group_H,FoA_Tot_Tot,OD_C_FHs_CF_no_C,OD_C_FHs_CF_C,OD_C_FHs_OnePF,OD_C_FHs_Oth_fam,OD_C_FHs_Tot,OD_C_Lone_P_H,OD_C_Group_H,OD_C_Tot,OD_CH_FHs_CF_no_C,OD_CH_FHs_CF_C,OD_CH_FHs_OnePF,OD_CH_FHs_Oth_fam,OD_CH_FHs_Tot,OD_CH_Lone_P_H,OD_CH_Group_H,OD_CH_Tot,OD_Imp_home_T_SO_FHs_CF_no_C,OD_Imp_home_T_SO_FHs_CF_C,OD_Imp_home_T_SO_FHs_OnePF,OD_Imp_home_T_SO_FHs_Oth_fam,OD_Imp_home_T_SO_FHs_Tot,OD_Imp_home_T_SO_Lone_P_H,OD_Imp_home_T_SO_Group_H,OD_Imp_home_T_SO_Tot,OD_HorF_at_to_S_O_FHs_CF_no_C,OD_HorF_at_to_S_O_FHs_CF_C,OD_HorF_at_to_S_O_FHs_OnePF,OD_HorF_at_to_S_O_FHs_Oth_fam,OD_HorF_at_to_S_O_FHs_Tot,OD_HorF_at_to_S_O_Lone_P_H,OD_HorF_at_to_S_O_Group_H,OD_HorF_at_to_S_O_Tot,OD_Tot_FHs_CF_no_C,OD_Tot_FHs_CF_C,OD_Tot_FHs_OnePF,OD_Tot_FHs_Oth_fam,OD_Tot_FHs_Tot,OD_Tot_Lone_P_H,OD_Tot_Group_H,OD_Tot_Tot,DS_NS_FHs_CF_no_C,DS_NS_FHs_CF_C,DS_NS_FHs_OnePF,DS_NS_FHs_Oth_fam,DS_NS_FHs_Tot,DS_NS_Lone_P_H,DS_NS_Group_H,DS_NS_Tot,Tot_FHs_CF_no_C,Tot_FHs_CF_C,Tot_FHs_OnePF,Tot_FHs_Oth_fam,Tot_FHs_Tot,Tot_Lone_P_H,Tot_Group_H,Tot_Tot
CED101,7461,14579,3652,429,26113,4791,689,31592,633,700,329,30,1692,1113,52,2854,1449,2974,940,81,5447,1362,139,6947,2079,3670,1273,111,7136,2478,197,9802,378,320,212,28,931,1238,85,2254,1282,1148,764,112,3306,1856,253,5415,1523,1344,666,143,3677,1777,373,5819,298,156,81,24,558,314,67,942,81,81,37,7,205,96,13,314,3553,3051,1754,313,8679,5283,786,14750,0,0,0,0,0,0,0,0,0,0,0,0,0,0,0,0,0,0,0,0,0,0,0,0,65,64,35,6,172,118,30,323,65,64,35,6,172,118,30,320,12,11,8,0,38,39,8,85,13177,21379,6730,862,42142,12705,1709,56556
CED102,6689,12465,3681,424,23255,4381,906,28545,800,1107,427,51,2384,883,154,3416,603,1191,384,40,2215,535,94,2842,1404,2301,806,89,4598,1413,244,6256,558,443,242,52,1299,1269,218,2787,1249,1143,637,128,3152,1929,394,5478,3153,2633,1030,240,7061,3538,953,11555,3262,1849,563,237,5909,2233,1131,9274,118,102,47,6,272,119,25,415,8343,6163,2519,672,17697,9090,2716,29508,4,0,3,4,13,52,3,68,0,0,0,0,0,0,0,0,0,0,0,0,0,0,0,0,84,56,30,15,177,168,39,391,86,56,35,16,194,218,44,454,29,24,6,7,62,61,18,142,16549,21009,7045,1201,45807,15164,3932,64902
CED103,7504,15381,3053,342,26282,4205,828,31313,735,1149,382,25,2284,976,65,3326,1387,2552,651,85,4675,1368,215,6248,2118,3703,1029,109,6959,2345,275,9578,335,206,125,19,685,1023,49,1757,1759,1568,685,162,4178,3571,491,8242,3264,3128,924,194,7504,3204,685,11391,2624,1496,472,151,4742,2301,497,7548,57,55,33,3,146,86,17,250,8039,6453,2231,533,17256,10184,1746,29184,0,0,0,0,0,6,0,4,0,0,0,0,0,0,0,0,0,0,0,0,0,0,0,0,32,24,9,5,68,46,15,125,32,22,9,5,70,51,15,135,22,17,13,0,56,59,20,128,17720,25587,6336,985,50622,16844,2868,70339
CED104,10797,21339,3513,260,35909,4619,513,41050,348,164,75,3,591,645,10,1246,661,1263,378,23,2322,696,25,3047,1008,1428,453,23,2915,1344,35,4294,208,112,65,0,386,540,24,949,154,105,50,13,312,332,27,671,597,724,212,19,1551,663,48,2269,26,35,5,0,71,39,4,108,64,61,21,0,153,77,7,238,1041,1032,354,41,2471,1652,107,4235,5,0,0,0,8,4,0,11,9,3,3,0,18,30,3,52,0,0,0,0,0,0,0,0,12,21,5,0,33,23,0,53,24,29,9,0,57,51,6,119,18,12,8,0,37,48,0,84,12887,23840,4334,325,41392,7725,669,49783
CED105,5638,14230,4759,527,25155,4512,1005,30677,223,525,222,9,982,507,52,1539,969,2695,992,81,4743,972,206,5924,1198,3219,1218,95,5721,1480,257,7460,637,734,429,103,1899,1569,281,3755,963,1619,761,141,3480,1448,357,5292,855,1107,429,103,2500,887,310,3695,700,867,220,88,1868,388,327,2581,132,299,103,14,551,171,60,778,3290,4632,1938,447,10306,4460,1341,16104,0,0,0,0,0,0,0,0,0,0,0,0,0,0,0,0,0,0,0,0,0,0,0,0,42,80,37,8,172,71,34,279,42,80,37,8,172,75,34,279,31,44,27,3,104,53,15,170,10193,22203,7973,1078,41450,10587,2649,54690
CED106,8333,19056,2938,215,30541,3675,397,34611,123,117,48,4,291,123,11,423,596,697,231,12,1538,562,33,2132,717,807,276,23,1829,684,40,2555,645,294,174,23,1139,1113,56,2316,1060,984,513,78,2641,1796,206,4644,2469,2727,1054,114,6369,2508,260,9140,1334,1656,489,79,3558,1320,205,5087,26,46,15,0,86,37,4,136,5535,5704,2255,301,13798,6781,739,21316,0,0,0,0,0,0,0,0,5,0,0,0,5,5,0,5,0,0,0,0,0,0,0,0,35,36,13,0,83,44,3,134,42,36,13,0,87,52,3,141,5,14,5,0,28,18,3,47,14632,25619,5492,529,46271,11208,1189,58668
CED107,16553,16583,6706,549,40388,13756,1478,55622,714,331,377,48,1469,2422,164,4053,92,53,92,10,247,433,34,715,808,380,470,56,1719,2859,194,4766,220,71,92,17,394,1041,71,1509,8,0,6,0,18,47,13,74,0,0,0,0,0,0,0,0,0,3,0,0,3,0,0,3,14,3,3,0,23,24,0,45,242,82,97,20,437,1111,79,1631,22,0,5,0,30,80,5,105,16,3,0,0,21,53,0,80,0,0,0,0,3,10,0,16,88,91,23,7,214,97,16,319,132,101,31,7,266,238,17,521,45,36,14,4,97,74,7,190,17782,17174,7319,628,42907,18041,1781,62731
CED108,9388,23200,7947,803,41338,7177,1243,49761,372,805,302,39,1516,700,61,2283,736,2461,923,66,4185,875,149,5216,1111,3271,1226,104,5705,1584,212,7494,61,37,25,7,140,409,15,566,42,65,46,3,162,239,15,413,375,552,205,41,1173,524,100,1792,0,0,0,0,0,0,0,0,96,116,57,6,277,114,24,419,582,770,336,61,1751,1290,160,3189,0,0,0,0,0,0,0,0,0,0,0,0,0,0,0,0,3,4,0,0,10,6,0,12,8,11,3,0,25,0,4,33,7,16,10,0,30,3,4,42,14,30,6,0,52,23,0,80,11104,27286,9517,974,48872,10079,1616,60567
CED109,7431,14266,2741,251,24696,3801,402,28901,694,555,281,31,1554,1193,57,2806,1848,2004,785,45,4684,1835,127,6640,2534,2563,1067,74,6239,3023,184,9443,614,301,206,16,1135,1384,121,2646,1727,960,807,75,3564,2836,334,6739,1871,912,565,78,3431,2460,250,6139,502,196,143,13,856,648,60,1564,31,36,10,4,76,38,5,116,4744,2397,1734,187,9064,7376,773,17207,10,0,3,0,18,39,3,61,3,0,0,0,3,5,4,11,0,0,0,0,0,0,0,0,45,27,24,0,100,54,22,176,59,32,33,0,121,99,23,244,19,16,11,0,43,32,5,80,14795,19273,5581,515,40164,14327,1386,55876
CED110,16592,13586,6636,501,37312,11875,1583,50771,1227,409,611,38,2285,2671,190,5145,660,337,385,34,1410,984,139,2532,1887,747,990,72,3692,3658,325,7680,742,317,519,65,1637,2589,195,4428,242,80,113,7,446,621,38,1109,357,57,87,9,513,688,60,1263,105,14,14,0,137,110,3,252,30,22,5,0,61,42,4,107,1483,487,745,80,2792,4057,308,7162,63,15,13,0,87,136,4,233,134,8,23,4,173,331,25,532,0,0,4,0,4,6,0,10,23,12,18,0,50,38,9,104,229,40,53,4,324,512,40,877,66,29,21,3,120,120,15,255,20255,14885,8440,659,44240,20219,2276,66737
CED111,10377,15481,4254,352,30460,6590,1311,38368,568,372,376,34,1352,1423,129,2903,1155,981,824,55,3006,1904,319,5229,1723,1349,1198,88,4363,3329,450,8131,995,556,518,73,2141,2653,375,5177,609,245,257,32,1147,1483,348,2978,1239,359,261,57,1913,1533,378,3827,775,219,94,14,1107,746,224,2075,62,49,22,0,130,78,15,223,3681,1426,1144,187,6441,6493,1345,14280,11,0,0,0,14,15,0,24,22,3,9,7,49,92,7,145,0,0,0,0,0,0,0,0,58,50,28,6,144,134,28,300,101,50,37,15,204,241,37,475,25,29,15,0,67,62,9,140,15897,18338,6653,639,41534,16711,3149,61396
CED112,12883,16821,7259,484,37443,9253,1364,48069,1058,289,523,49,1917,2484,111,4516,624,430,516,30,1599,1198,99,2896,1680,718,1035,83,3513,3686,212,7412,414,146,297,27,875,1448,78,2402,99,42,73,6,219,237,22,478,176,50,90,11,335,387,24,749,58,9,11,0,75,64,7,146,55,15,13,0,92,47,9,149,804,264,480,42,1595,2184,144,3923,16,9,5,0,32,92,8,129,12,0,15,0,25,52,7,84,0,0,0,0,0,0,0,0,15,8,3,0,28,25,4,58,43,14,30,0,87,172,20,274,20,16,9,0,48,50,3,101,15428,17833,8819,607,42687,15344,1749,59780
CED113,16796,16179,4858,347,38182,10978,1022,50179,645,385,333,29,1393,1841,84,3328,536,405,235,27,1206,1048,124,2372,1179,795,566,62,2598,2892,206,5699,404,194,195,23,816,1467,159,2436,133,76,49,8,263,375,50,689,200,123,59,17,394,521,43,953,20,7,5,0,33,40,3,80,15,15,3,3,41,32,7,78,770,418,314,53,1548,2430,261,4241,33,10,10,0,54,72,0,126,64,9,9,0,81,152,9,248,0,3,3,0,9,10,0,22,35,21,8,0,64,44,8,115,133,42,27,0,205,286,10,512,60,46,13,5,124,119,13,256,18936,17480,5781,460,42665,16704,1521,60888
CED114,17679,16411,6117,508,40718,13918,1451,56093,987,376,491,63,1926,3532,224,5679,87,38,46,4,176,338,26,544,1075,413,541,67,2105,3877,250,6223,328,234,129,26,719,913,80,1713,21,18,0,0,41,51,11,105,11,0,3,0,14,13,0,32,0,0,0,0,0,0,0,0,7,7,0,0,10,11,0,19,366,253,131,25,778,993,97,1861,39,9,0,0,48,94,5,143,40,5,9,0,50,92,3,145,6,4,0,0,13,8,3,21,50,33,14,0,98,54,11,156,130,45,28,4,209,242,18,476,84,52,15,4,161,130,12,304,19345,17189,6835,608,43977,19160,1825,64963
CED115,6135,14855,5730,618,27338,4332,648,32319,203,307,229,13,758,413,29,1201,770,1809,1209,114,3893,1059,150,5106,967,2118,1436,124,4654,1476,180,6309,357,510,452,58,1371,1046,95,2517,984,1343,894,146,3368,2103,294,5766,476,679,422,55,1634,636,88,2354,692,823,378,58,1952,1005,140,3099,105,223,101,12,443,144,33,621,2604,3573,2253,334,8767,4928,651,14352,0,0,0,0,3,0,0,3,0,0,0,0,0,0,0,0,0,0,0,0,0,0,0,4,26,24,12,0,62,42,8,111,27,27,12,0,65,46,8,116,17,32,19,8,86,54,8,145,9763,20611,9458,1079,40908,10842,1488,53241
CED116,19945,13990,5969,473,40371,12941,1354,54668,977,242,333,34,1591,1978,115,3684,634,236,230,24,1128,973,65,2168,1621,485,564,54,2718,2947,182,5849,318,120,157,17,614,992,63,1668,82,17,13,0,112,110,7,234,124,12,8,4,143,200,3,347,0,0,0,0,0,0,0,0,48,20,21,0,91,66,3,157,570,172,194,23,962,1367,79,2415,54,8,12,0,78,142,8,229,254,25,21,4,306,448,21,781,0,0,3,0,3,3,0,4,30,23,14,0,69,38,5,108,334,62,58,3,451,635,37,1124,65,22,6,4,101,212,7,318,22534,14728,6787,557,44603,18114,1660,64375
CED117,4286,6796,1725,224,13029,2875,971,16875,2741,2999,845,124,6706,2140,687,9538,2258,2621,726,81,5686,1637,665,7986,4998,5621,1572,205,12388,3777,1355,17523,1804,964,594,81,3448,3773,677,7904,2329,1064,608,146,4148,4234,702,9085,2367,1038,423,91,3923,3037,532,7493,452,163,49,12,675,396,85,1154,53,33,20,4,118,123,30,268,7008,3272,1696,337,12316,11568,2024,25907,0,0,0,0,0,0,0,0,0,0,0,0,0,3,0,5,0,0,0,0,0,0,0,0,226,125,84,27,451,374,171,1001,224,125,84,27,460,374,171,1006,28,21,7,5,57,68,10,137,16548,15828,5079,801,38252,18666,4533,61444
CED118,9763,25773,5333,578,41440,6028,1098,48573,500,1013,290,27,1832,735,76,2640,871,2793,740,72,4484,1016,177,5678,1372,3811,1033,103,6316,1750,256,8316,66,135,38,0,242,335,16,602,44,116,23,3,178,63,15,259,1164,1344,430,91,3033,1290,278,4606,64,64,21,13,157,43,22,219,76,99,17,7,205,80,23,308,1407,1767,525,118,3821,1806,364,5991,0,0,0,0,0,0,0,0,0,0,0,0,0,4,0,5,0,0,0,0,0,0,0,5,5,24,4,0,42,10,0,54,11,24,3,0,41,19,0,57,30,64,6,0,97,32,8,137,12581,31426,6904,801,51708,9641,1726,63077
CED119,9925,19216,3559,262,32958,4354,413,37728,280,394,188,12,871,498,23,1391,974,1554,697,36,3261,1039,88,4388,1255,1951,884,50,4139,1538,106,5783,289,189,158,10,654,773,30,1457,714,484,385,31,1606,1286,148,3038,743,361,213,24,1341,862,102,2303,66,28,32,3,129,67,6,199,33,36,12,0,82,48,4,134,1842,1096,805,69,3811,3025,292,7129,0,0,0,0,0,10,0,3,5,3,0,0,8,21,0,30,0,0,0,0,0,0,0,0,11,6,9,0,31,20,4,59,19,9,9,0,41,47,7,97,6,10,0,0,21,33,4,56,13046,22281,5256,385,40970,8998,818,50790
CED120,15398,21525,6135,396,43449,9678,957,54084,433,168,193,23,817,1246,49,2108,189,157,170,8,526,413,27,956,621,325,364,27,1336,1659,73,3065,86,31,56,5,175,441,10,634,4,0,3,0,9,53,3,66,0,0,0,0,0,12,0,12,0,0,0,0,0,0,0,0,35,36,26,0,97,57,3,152,127,73,84,6,280,566,21,872,11,4,4,0,29,52,0,79,20,6,7,0,33,95,3,134,0,0,0,0,0,9,0,14,23,14,10,4,52,49,3,109,66,30,21,9,114,212,10,338,34,23,14,0,71,77,0,149,16248,21971,6609,430,45257,12190,1056,58501
CED121,16672,18503,7611,533,43323,11639,1338,56291,792,275,440,32,1538,2053,96,3686,245,103,191,14,550,646,57,1253,1043,372,630,47,2091,2699,156,4944,154,55,82,11,299,696,24,1018,40,8,3,0,55,50,4,103,43,3,4,0,52,27,0,77,0,0,0,0,0,0,0,0,33,14,10,5,66,57,5,120,263,93,101,8,472,821,34,1324,26,5,7,0,34,103,9,146,47,3,17,8,72,128,12,219,3,0,0,0,8,4,0,9,14,4,7,4,29,24,4,62,87,12,33,7,143,267,25,434,36,23,14,0,74,69,3,149,18103,19005,8399,596,46098,15493,1553,63147
CED122,4226,8717,2014,269,15216,2709,624,18556,799,1415,417,49,2683,967,147,3797,1218,2600,762,69,4651,1088,201,5940,2013,4017,1182,123,7328,2059,348,9739,1460,1283,703,115,3559,2650,607,6815,3910,2344,1406,244,7909,5864,1586,15360,3745,2265,753,195,6959,3809,1132,11899,2160,1081,352,185,3776,1698,959,6435,36,45,11,0,89,54,10,147,11306,7015,3232,742,22289,14075,4298,40661,0,0,0,0,0,0,0,0,0,0,0,0,0,0,0,0,0,0,0,0,5,0,0,3,93,57,42,11,208,176,79,464,93,59,43,11,210,176,78,463,20,23,5,6,52,62,7,123,17653,19825,6471,1143,45094,19080,5365,69536
CED123,11328,20364,7075,549,39316,7993,1115,48425,434,480,441,32,1388,1193,87,2668,1102,1652,1199,92,4043,1869,231,6151,1536,2135,1643,126,5433,3069,318,8814,210,118,170,35,537,1086,67,1692,241,152,177,33,608,843,73,1524,501,263,287,55,1105,1071,132,2311,229,79,75,21,413,361,63,831,55,55,37,0,144,92,11,245,1245,662,757,148,2807,3459,343,6604,0,0,0,0,0,0,0,0,15,0,9,0,22,64,3,93,0,5,0,0,4,4,0,7,8,15,17,0,33,12,0,54,18,15,22,5,63,83,9,149,20,24,9,0,54,44,9,97,14150,23193,9504,823,47669,14640,1786,64098
CED124,19874,13499,6024,453,39853,12248,1270,53367,971,185,386,21,1569,2250,122,3946,213,81,102,9,409,365,15,786,1188,267,486,31,1978,2616,139,4735,343,96,200,17,653,1397,90,2137,101,20,33,5,153,304,22,478,115,21,23,4,160,210,15,381,43,0,3,0,46,30,0,75,16,14,6,0,33,16,0,50,609,148,265,27,1042,1953,128,3121,72,14,9,0,99,172,10,276,146,20,22,0,195,330,16,541,5,3,0,0,6,11,0,14,25,20,20,3,70,83,7,160,251,55,57,4,365,594,36,997,50,30,8,5,91,107,11,205,21977,13991,6842,517,43332,17517,1576,62418
CED125,12034,25720,7741,660,46152,7372,1135,54655,569,636,563,54,1815,1200,88,3103,722,956,836,60,2578,1355,104,4033,1289,1597,1402,106,4394,2553,192,7141,171,127,104,16,420,582,21,1023,122,44,36,8,206,255,13,475,414,254,182,28,874,612,76,1564,50,29,8,5,98,81,3,180,77,107,30,4,215,148,10,377,836,556,367,59,1818,1676,126,3617,0,0,0,0,0,0,0,0,15,5,10,0,21,63,0,88,0,0,0,0,0,0,0,0,0,0,0,0,0,4,0,13,20,9,9,0,29,64,0,105,8,18,9,0,38,42,3,90,14181,27901,9531,825,52430,11712,1466,65604
CED126,9304,17354,3186,228,30074,4356,589,35019,260,158,63,7,490,530,18,1032,1002,913,359,19,2288,1339,48,3680,1263,1068,420,25,2777,1869,69,4716,827,456,208,22,1512,1429,78,3022,1816,1207,637,71,3734,2308,316,6360,1381,794,477,47,2702,1627,191,4524,167,100,57,3,325,173,12,517,89,95,30,5,217,81,6,309,4284,2650,1403,152,8488,5616,615,14725,6,6,3,0,18,6,0,20,13,0,4,0,13,31,0,46,0,0,0,0,0,3,0,0,46,35,22,5,108,49,15,171,63,45,27,6,143,90,15,240,32,31,5,0,74,40,3,118,14946,21153,5043,412,41555,11974,1294,54824
CED127,14212,17018,5306,347,36886,10194,1061,48140,453,254,354,25,1086,1264,81,2425,209,162,188,11,576,509,34,1117,658,421,542,37,1656,1774,108,3536,131,71,78,5,289,735,33,1056,59,19,26,0,107,178,11,297,12,0,5,0,15,38,0,50,0,0,0,0,0,0,0,0,58,40,17,0,115,74,9,196,258,125,134,15,532,1018,52,1608,13,3,0,0,19,21,0,38,5,0,3,0,12,43,4,52,0,0,0,0,8,3,0,13,13,6,7,0,29,29,3,65,33,14,15,0,67,94,10,167,31,15,4,0,51,79,8,139,15199,17594,5998,398,39187,13157,1240,53591
CED128,8023,17882,5765,526,32193,5443,758,38391,277,472,243,29,1022,615,57,1684,731,2212,818,59,3822,735,96,4659,1008,2683,1065,91,4843,1348,149,6341,267,309,213,38,822,893,52,1771,502,717,414,79,1709,991,186,2879,471,705,441,66,1683,839,114,2634,133,174,109,18,444,195,30,665,81,191,68,6,347,116,18,481,1455,2096,1243,199,5000,3038,394,8432,3,0,0,0,9,49,4,59,0,0,0,0,0,0,0,0,0,0,0,0,4,0,0,6,5,5,6,0,16,16,3,32,8,10,8,0,27,65,7,99,28,55,8,5,94,44,6,142,10522,22726,8089,820,42158,9939,1313,53405
CED129,10675,26836,4116,278,41908,4364,561,46835,193,233,114,8,551,395,24,969,984,2316,580,36,3914,925,105,4946,1179,2546,695,44,4467,1320,125,5905,263,169,75,12,516,696,17,1229,317,360,165,20,856,343,37,1232,948,728,283,44,2003,886,118,3007,414,316,133,25,882,332,87,1303,38,67,12,0,119,54,0,181,1977,1637,660,98,4373,2311,262,6945,0,0,0,0,0,0,0,0,0,0,0,0,0,0,0,0,0,0,0,0,0,0,0,0,0,0,0,0,0,0,0,3,0,0,0,0,0,0,0,3,24,40,6,0,66,24,3,93,13861,31060,5476,425,50821,8017,950,59786
CED130,16816,14135,6480,550,37984,14115,1580,53681,628,323,312,53,1314,2361,155,3826,105,57,57,4,221,371,34,623,735,380,361,61,1537,2738,183,4449,156,73,70,10,314,755,41,1103,21,8,5,0,37,34,8,72,4,5,0,0,7,9,0,18,3,0,0,0,3,0,0,3,13,4,0,0,23,15,0,36,198,95,77,8,379,812,44,1235,34,6,6,0,43,104,7,154,32,6,10,0,41,108,8,153,10,4,5,0,18,21,0,29,28,19,11,3,58,32,8,99,102,26,24,3,158,265,19,439,53,28,13,3,99,136,15,245,17902,14666,6958,627,40151,18054,1845,60053
CED131,11782,15010,5271,568,32627,9207,2659,44495,923,420,505,65,1922,2201,287,4402,1501,908,707,108,3225,2121,780,6130,2426,1336,1211,171,5142,4320,1069,10531,605,215,234,43,1094,2117,291,3493,528,150,146,30,850,1241,202,2289,595,131,105,16,849,929,145,1921,434,91,57,10,594,701,86,1386,63,38,25,3,137,125,35,290,2228,623,571,102,3519,5111,758,9383,3,0,0,0,6,9,0,8,3,0,0,0,6,13,0,17,0,0,0,0,0,0,0,0,41,21,17,0,84,107,32,225,46,23,25,0,95,123,32,250,29,12,3,0,44,76,5,128,16506,16999,7076,846,41430,18838,4522,64787
CED132,5366,10785,1765,175,18095,2734,357,21195,523,741,175,18,1456,501,70,2029,1426,1683,438,46,3592,1245,167,4999,1947,2421,613,63,5049,1743,240,7034,1333,902,391,71,2707,2148,313,5169,2930,1891,837,137,5800,4226,658,10680,3432,2060,813,129,6436,4685,608,11731,3622,1863,675,130,6285,4680,573,11545,26,36,5,0,69,27,8,101,11337,6756,2725,474,21292,15775,2157,39222,0,0,0,0,0,0,0,0,0,0,0,0,0,9,0,8,0,0,0,0,0,0,0,0,42,23,18,0,82,47,18,142,42,25,18,0,87,56,18,152,23,16,5,0,41,69,4,118,18720,20006,5125,723,44574,20372,2778,67719
CED133,18164,14591,7099,581,40441,13170,1946,55559,618,253,377,26,1276,2062,108,3446,312,173,251,21,759,702,88,1551,931,422,630,49,2041,2768,198,5001,262,112,255,19,645,1288,93,2033,40,15,12,4,80,108,18,200,8,0,0,0,8,15,0,22,5,0,0,0,5,0,0,5,37,22,22,0,83,88,13,180,352,152,292,17,818,1498,124,2433,110,12,9,6,139,250,22,406,145,20,27,3,191,406,19,614,11,6,3,0,17,29,4,48,72,51,16,5,143,78,10,235,331,88,66,15,496,762,52,1306,51,28,25,5,106,128,13,249,19830,15282,8113,667,43903,18321,2318,64545
CED134,14215,13718,6501,634,35064,13075,1344,49480,565,250,241,29,1091,1849,96,3040,39,23,18,5,88,135,17,232,605,273,260,36,1176,1984,113,3268,271,149,97,9,521,1255,67,1845,4,0,0,0,4,11,0,8,0,0,0,0,0,7,0,5,0,0,0,0,0,0,0,0,7,6,8,0,21,12,3,33,283,155,96,9,542,1281,72,1895,41,13,6,0,63,100,4,165,15,0,0,0,16,27,10,52,50,15,12,0,79,123,14,219,22,25,16,0,59,41,5,98,126,54,35,3,216,293,30,537,98,102,35,3,240,230,25,494,15325,14298,6926,690,37236,16864,1578,55677
CED135,5450,11957,3153,401,20952,3958,982,25890,356,593,214,21,1187,874,84,2143,1529,3591,1067,119,6299,1576,364,8242,1883,4183,1280,146,7488,2451,443,10380,973,1289,339,119,2714,1847,364,4924,1997,2555,950,217,5717,3029,831,9583,2724,3654,869,243,7483,2596,807,10883,1907,2334,409,164,4817,1782,715,7312,63,101,28,7,196,68,23,288,7663,9938,2589,747,20932,9320,2739,32991,0,0,5,0,3,3,0,5,0,0,0,0,0,0,0,0,0,0,0,0,0,0,0,0,35,96,23,0,147,51,29,231,35,94,22,0,156,52,29,234,39,41,18,3,96,94,22,219,15056,26212,7063,1291,49624,15873,4213,69717
CED136,16639,18265,7620,557,43080,11154,1360,55592,1186,444,600,53,2289,2631,131,5048,681,324,383,24,1407,1020,77,2504,1862,771,986,78,3693,3651,209,7550,142,43,100,12,288,753,47,1088,61,9,17,0,93,124,11,234,173,19,38,4,239,204,18,459,0,0,0,0,0,0,0,0,43,29,24,3,98,59,3,161,419,100,187,21,720,1139,80,1940,52,0,10,6,69,198,6,276,73,17,20,6,116,109,20,246,0,0,4,0,9,4,0,10,18,5,10,4,38,40,4,81,143,28,44,11,226,352,30,612,29,24,13,0,63,74,11,150,19099,19178,8847,667,47788,16370,1694,65852
CED137,5518,10974,2335,304,19126,3322,694,23144,476,606,186,31,1301,491,86,1876,1084,1680,496,56,3312,758,195,4272,1566,2287,680,80,4614,1246,282,6146,1350,991,499,113,2948,1952,385,5282,2142,1661,624,246,4669,2261,775,7713,5785,4020,1278,382,11464,5062,1633,18166,4789,2790,966,268,8810,3798,1424,14028,45,44,11,3,105,58,20,183,14100,9506,3378,1013,28001,13135,4234,45370,0,0,0,0,0,0,0,0,0,0,0,0,0,0,0,0,0,0,0,0,0,0,0,0,145,97,47,11,300,189,81,565,145,97,47,11,300,189,81,565,73,33,8,6,119,123,20,268,21405,22896,6451,1413,52164,18017,5315,75494
CED138,13813,13643,5156,375,32989,9301,2000,44288,1658,808,853,72,3390,2777,311,6475,1297,827,790,49,2970,1813,336,5122,2961,1638,1644,123,6358,4596,642,11595,571,217,347,34,1171,1740,176,3087,480,171,199,13,866,858,96,1818,279,43,40,4,364,303,27,693,217,40,28,3,290,229,22,550,63,36,18,0,124,102,11,239,1623,503,637,61,2820,3236,336,6386,69,14,12,0,98,180,12,290,232,28,57,8,323,618,31,972,7,0,0,0,6,15,0,25,37,15,17,0,68,50,11,135,347,55,85,14,496,867,49,1414,45,29,24,0,94,135,11,244,18784,15860,7547,567,42756,18140,3038,63929
CED139,16454,15524,6420,549,38942,13731,1486,54160,435,170,161,14,782,1594,67,2443,63,27,29,3,122,189,27,335,496,194,191,13,902,1781,99,2776,382,210,198,30,825,2025,147,2995,20,0,0,0,26,122,0,150,11,3,0,0,8,30,0,41,0,0,0,0,3,0,0,3,6,3,3,0,18,25,0,44,421,222,204,35,875,2204,149,3233,18,3,0,0,21,65,4,94,17,8,3,0,29,37,8,70,4,0,3,0,11,8,0,13,44,31,11,0,80,82,21,183,80,44,19,0,141,194,26,368,45,53,8,4,110,94,0,208,17500,16032,6839,605,40979,18001,1762,60743
CED140,12425,14986,5226,330,32970,9088,1104,43165,1201,390,445,47,2087,2598,141,4822,838,462,484,35,1823,1253,110,3183,2037,853,934,84,3904,3844,249,8003,855,431,423,36,1742,1996,122,3857,252,101,112,10,475,506,66,1044,566,169,156,26,912,679,132,1729,137,53,46,7,236,191,28,450,54,42,40,0,136,84,4,226,1860,792,772,78,3506,3452,344,7303,36,6,8,0,49,87,8,135,47,25,42,0,116,220,17,350,4,0,0,0,4,0,0,3,15,5,11,0,33,31,3,74,99,34,58,0,194,342,26,567,28,13,16,0,62,100,3,165,16453,16685,7006,500,40637,16827,1737,59198
CED141,14666,16252,6434,473,37833,10694,1203,49724,817,225,431,37,1509,2044,103,3647,524,243,340,28,1131,791,76,1994,1339,469,770,64,2643,2831,175,5643,288,71,191,16,570,1122,47,1739,61,4,18,0,85,138,3,227,191,33,47,4,282,315,29,614,78,14,17,0,115,113,24,248,41,16,24,0,82,60,3,144,668,139,299,23,1133,1743,108,2982,32,8,14,0,48,56,4,106,32,0,7,0,40,63,0,102,3,0,0,0,3,0,0,6,12,15,11,0,38,28,8,76,75,17,31,3,132,149,14,294,17,9,3,0,31,38,0,67,16770,16891,7537,559,41758,15453,1499,58712
CED142,645,732,190,31,1596,415,186,2195,1350,802,303,59,2509,1263,489,4273,3843,2726,1124,182,7875,3786,2339,14001,5193,3529,1425,238,10386,5051,2830,18270,548,172,95,22,840,1242,230,2314,2090,585,378,89,3147,4085,790,8025,8675,2498,1032,353,12559,11803,2745,27100,11205,3049,1274,631,16151,14090,4212,34456,30,15,8,0,55,32,9,91,22549,6318,2784,1097,32741,31257,7984,71984,0,0,0,0,0,0,0,0,0,0,0,0,0,0,0,0,0,0,0,0,0,0,0,0,110,40,26,14,189,230,110,532,110,40,26,14,189,233,110,532,82,26,13,7,133,248,38,416,28583,10642,4433,1387,45043,37208,11150,93398
CED143,5574,12814,1991,180,20565,2767,379,23717,475,682,160,12,1334,602,43,1979,1073,1127,332,22,2558,798,107,3466,1553,1814,498,34,3889,1398,148,5442,1710,1350,520,44,3621,2202,374,6201,3814,2033,1008,120,6973,4894,852,12720,2134,918,401,53,3511,2666,335,6517,805,277,121,20,1224,1117,139,2481,96,66,34,5,202,85,9,298,8556,4645,2081,243,15531,10971,1706,28212,0,0,0,0,0,0,0,0,0,3,0,0,3,0,0,10,0,0,0,0,0,0,0,0,68,34,22,8,133,81,34,245,67,34,24,8,139,87,34,258,24,16,8,6,44,55,10,111,15771,19317,4601,476,40171,15276,2283,57730
CED144,5252,12719,3826,425,22215,3916,811,26940,481,833,307,31,1656,703,82,2448,1260,3090,1069,79,5496,1296,177,6970,1740,3929,1383,108,7157,2003,260,9416,1792,2688,1084,276,5842,3334,909,10092,1168,1683,729,134,3714,1790,490,6000,1124,1028,390,95,2633,1093,265,3990,395,209,91,34,729,254,107,1095,73,141,48,6,273,77,23,373,4549,5750,2349,540,13193,6553,1794,21541,0,0,0,0,0,0,0,5,0,0,0,0,0,0,0,0,0,0,0,0,0,0,0,0,51,65,21,10,149,93,32,271,53,64,21,10,147,94,32,275,23,23,7,0,54,54,21,129,11619,22487,7580,1086,42775,12611,2920,58304
CED145,2572,5388,848,85,8892,1290,240,10427,745,1415,318,26,2503,784,208,3502,2185,2978,724,73,5957,1659,563,8186,2932,4390,1042,96,8466,2450,774,11684,1648,1130,467,76,3319,2266,735,6317,4311,2012,970,152,7447,5674,1697,14814,3060,1067,479,85,4692,5195,804,10689,1530,497,244,36,2311,2540,315,5162,27,32,13,3,79,38,6,121,10580,4741,2172,349,17846,15714,3550,37109,0,0,0,0,0,0,0,0,0,0,0,0,0,0,0,0,0,0,0,0,0,0,0,0,220,110,44,5,375,309,83,765,220,110,44,5,375,309,83,765,30,18,0,0,55,69,10,136,16335,14645,4106,540,35629,19832,4655,60119
CED146,8256,25270,7400,573,41492,5174,655,47322,342,673,303,21,1335,687,42,2067,720,1889,945,75,3627,1195,90,4908,1061,2557,1244,97,4965,1881,134,6979,60,53,88,12,208,389,11,604,47,29,59,8,145,361,14,520,46,89,67,8,212,78,4,296,63,36,12,5,115,98,13,225,89,176,89,17,370,125,17,511,307,382,318,44,1047,1049,56,2155,0,0,0,0,0,0,0,0,0,0,0,0,0,0,0,0,0,0,0,0,0,0,0,4,4,3,3,0,10,11,0,17,4,0,3,0,11,7,0,19,45,68,18,0,134,40,4,179,9663,28281,8979,718,47644,8157,847,56648
CED147,15629,18280,6867,498,41271,9933,1074,52275,934,321,445,46,1744,1959,87,3794,765,601,476,45,1886,1087,108,3080,1697,922,921,92,3626,3044,200,6876,290,164,226,17,695,1151,53,1905,62,12,12,0,86,76,8,165,37,6,0,0,42,51,4,98,0,0,0,0,0,0,0,0,56,45,33,0,132,71,7,210,444,223,269,20,960,1348,70,2378,65,3,20,0,93,198,9,290,26,0,5,0,41,105,0,148,0,0,0,0,0,0,0,5,15,17,7,0,42,28,9,79,110,25,31,8,172,332,18,519,11,15,12,0,43,40,5,87,17898,19465,8106,613,46080,14698,1361,62141
CED194,0,0,0,0,0,0,0,0,0,0,0,0,0,0,0,0,0,0,0,0,0,0,0,0,0,0,0,0,0,0,0,0,0,0,0,0,0,0,0,0,0,0,0,0,0,0,0,0,0,0,0,0,0,0,0,0,0,0,0,0,0,0,0,0,0,0,0,0,0,0,0,0,0,0,0,0,0,0,0,0,0,0,0,0,0,0,0,0,0,0,0,0,0,0,0,0,0,0,0,0,0,0,0,0,0,0,0,0,0,0,0,0,0,0,0,0,0,0,0,0,0,0,0,0,0,0,0,0,0,0,0,0,0,0,0,0
CED197,0,0,0,0,0,0,0,0,0,0,0,0,0,0,0,0,0,0,0,0,0,0,0,0,0,0,0,0,0,0,0,0,0,0,0,0,0,0,0,0,0,0,0,0,0,0,0,0,0,0,0,0,0,0,0,0,0,0,0,0,0,0,0,0,0,0,0,0,0,0,0,0,0,0,0,0,0,0,0,0,0,0,0,0,0,0,0,0,0,0,0,0,0,0,0,0,0,0,0,0,0,0,0,0,0,0,0,0,0,0,0,0,0,0,0,0,0,0,0,0,0,0,0,0,0,0,0,0,0,0,0,0,0,0,0,0
CED201,12474,20164,5591,480,38709,8049,1095,47854,1258,712,428,58,2459,2443,122,5021,712,839,419,49,2019,779,135,2931,1973,1548,846,107,4480,3223,255,7959,128,72,68,3,267,383,20,671,70,25,45,3,151,221,14,385,46,20,39,5,106,134,11,243,40,6,20,0,63,102,5,170,11,10,9,0,31,27,0,56,290,134,173,19,613,870,46,1531,0,0,0,0,0,0,0,0,0,0,0,0,0,0,0,0,0,0,0,0,0,0,0,0,8,3,4,0,22,22,4,47,8,3,4,0,22,22,4,47,6,7,4,0,14,22,0,37,14753,21860,6620,606,43837,12185,1397,57422
CED202,15109,15384,6161,490,37143,13054,1751,51946,875,425,518,58,1871,2878,204,4956,119,60,84,5,266,264,48,584,999,478,601,59,2142,3147,253,5537,140,40,88,11,285,804,36,1123,20,3,3,0,28,54,3,88,0,0,0,0,0,3,0,3,0,0,0,0,0,0,0,0,4,3,3,0,12,9,0,16,165,45,102,8,320,864,44,1234,9,6,6,0,22,43,4,68,11,0,0,0,13,41,0,59,5,0,0,0,5,4,0,8,20,17,10,0,49,32,4,87,45,22,22,0,92,121,8,226,29,21,0,0,50,41,5,101,16355,15948,6890,560,39753,17221,2063,59035
CED203,15953,15382,6435,569,38342,14402,1677,54416,451,217,309,36,1021,2153,139,3322,113,44,67,9,241,201,46,486,566,266,376,41,1254,2362,186,3804,68,27,43,4,141,260,13,418,8,4,0,0,11,4,0,17,0,0,0,0,0,0,0,0,0,0,0,0,0,0,0,0,5,0,0,0,4,13,0,22,80,25,46,4,159,281,14,456,21,6,0,0,22,58,0,83,34,21,0,0,53,25,0,84,5,0,0,0,3,8,0,13,25,14,7,3,47,38,9,99,77,44,10,4,135,127,11,279,34,14,4,0,50,48,8,109,16712,15739,6875,620,39945,17219,1897,59059
CED204,11226,20982,6116,595,38924,7676,1513,48108,1053,1341,638,72,3101,1988,240,5329,516,936,323,50,1831,463,140,2433,1570,2284,959,120,4930,2451,375,7758,354,384,241,35,1006,835,119,1955,62,39,33,3,136,120,21,284,19,17,19,0,56,41,10,106,0,0,0,0,0,0,0,0,6,5,8,0,18,9,0,33,445,437,297,40,1216,1011,146,2378,0,0,0,0,0,0,0,0,7,6,6,0,21,69,0,90,0,0,0,0,0,0,0,0,0,3,3,0,16,10,0,24,7,9,13,3,35,82,3,117,10,15,4,5,30,23,8,57,13257,23724,7391,762,45135,11246,2047,58429
CED205,8877,25477,6594,614,41562,6322,1071,48957,439,757,384,45,1622,772,65,2460,546,812,411,58,1824,620,141,2583,984,1568,796,99,3445,1390,202,5039,183,299,190,23,695,303,43,1045,0,0,0,0,0,0,0,0,21,29,25,3,67,52,6,128,0,0,0,0,0,0,0,0,4,3,0,0,13,15,0,29,206,334,212,25,776,375,50,1208,0,0,0,0,3,43,0,47,4,0,0,0,5,57,0,63,0,0,0,0,0,0,0,0,0,3,0,0,4,7,0,5,6,6,4,0,12,106,0,115,8,18,8,0,37,22,3,58,10080,27398,7609,745,45831,8211,1333,55380
CED206,15103,20247,5964,424,41737,9981,1071,52796,374,154,225,16,767,1266,40,2067,243,120,121,6,492,328,27,849,616,275,343,21,1256,1590,71,2919,39,25,11,4,81,164,5,245,0,0,3,0,3,12,0,11,0,0,0,0,0,0,0,0,0,0,0,0,0,0,0,0,19,8,0,0,28,28,0,50,57,32,20,4,113,201,5,313,10,0,0,0,10,52,0,66,23,4,0,0,26,92,0,114,0,0,0,0,0,0,0,0,4,6,0,0,18,12,0,28,40,15,5,0,58,153,0,216,20,14,9,0,37,26,3,71,15835,20582,6335,450,43202,11956,1153,56307
CED207,11034,18490,4785,563,34869,7440,1941,44246,1338,1157,447,66,3005,2150,252,5407,1104,1716,530,88,3442,787,436,4662,2441,2879,980,151,6449,2937,688,10072,1302,1635,587,107,3632,2241,270,6147,472,127,106,35,740,748,146,1640,656,142,163,47,1011,1118,173,2304,395,125,107,29,653,476,139,1263,13,9,3,0,27,20,0,49,2833,2040,970,216,6060,4608,727,11399,0,0,0,0,0,0,0,0,0,0,0,0,0,0,0,0,0,0,0,0,0,0,0,0,7,10,0,0,17,8,4,32,7,10,0,0,17,9,4,28,5,3,0,0,11,33,9,47,16324,23422,6733,929,47405,15021,3365,65793
CED208,8437,12945,3852,546,25774,7326,2247,35348,2004,1563,788,143,4500,3605,657,8759,2407,1778,740,146,5067,2357,737,8158,4412,3346,1527,282,9564,5963,1396,16920,858,331,269,64,1515,2925,305,4744,347,99,81,21,555,861,124,1542,823,238,174,38,1276,1555,210,3042,83,16,17,13,133,276,34,440,10,13,0,0,22,11,0,32,2118,693,543,138,3502,5631,674,9802,0,0,0,0,0,0,0,0,0,0,0,0,0,0,0,4,0,0,0,0,0,0,0,0,79,49,33,4,163,137,55,353,79,49,33,4,166,138,55,356,6,3,8,0,18,21,6,45,15058,17031,5958,982,39029,19079,4374,62474
CED209,16491,17645,4885,410,39429,10334,1585,51352,661,242,234,23,1167,1556,76,2802,278,125,124,3,529,294,36,855,938,373,360,27,1696,1849,111,3656,52,13,10,0,69,120,17,204,13,4,0,0,16,21,0,37,3,0,0,0,3,4,0,5,0,0,0,0,0,0,0,0,3,0,0,0,8,8,0,17,72,17,8,0,98,147,12,260,12,0,3,0,16,26,0,44,21,3,8,0,39,103,0,145,0,0,0,0,0,3,0,8,7,4,0,0,15,7,0,21,39,11,13,4,68,145,9,215,17,14,3,0,37,26,3,70,17557,18055,5271,437,41320,12505,1725,55553
CED210,13516,16043,6484,602,36646,12532,2004,51184,1112,492,516,66,2182,3967,269,6422,428,238,164,24,852,563,135,1551,1543,726,680,88,3033,4532,406,7973,290,132,144,17,579,1111,74,1774,23,7,8,0,43,106,11,163,65,19,13,3,94,185,23,300,57,4,4,5,68,59,7,134,5,0,0,0,8,6,0,11,440,159,161,26,796,1470,120,2382,0,3,0,5,5,30,0,37,37,6,12,0,53,143,4,203,0,0,0,0,0,0,0,5,30,33,8,0,75,42,10,123,63,44,21,7,139,214,20,367,15,12,4,0,39,47,5,88,15581,16987,7352,724,40643,18797,2553,61989
CED211,13311,20113,5577,506,39506,10627,1240,51377,1214,989,573,58,2834,2782,194,5807,592,769,322,28,1716,570,101,2388,1808,1759,896,93,4552,3354,292,8198,92,95,67,8,260,214,17,496,154,56,81,10,302,360,32,686,272,75,63,17,425,509,48,971,22,4,5,0,27,40,0,74,5,15,10,0,29,24,0,47,546,239,220,28,1036,1148,95,2274,0,0,0,0,0,0,0,0,0,0,0,0,0,0,0,0,0,0,0,0,0,0,0,0,5,10,3,0,20,8,0,28,5,10,3,0,20,8,0,29,4,11,0,0,19,24,0,49,15676,22130,6700,627,45126,15161,1633,61926
CED212,12381,17737,6508,472,37093,9680,1275,48044,1343,632,840,62,2885,3982,203,7070,514,375,388,42,1319,835,104,2255,1855,1010,1233,106,4205,4819,308,9327,184,59,111,7,366,769,37,1177,35,11,19,0,69,108,7,180,23,0,12,0,40,61,3,116,0,0,6,0,3,23,0,24,6,8,0,0,21,38,3,61,253,85,151,11,496,995,56,1553,3,0,5,0,5,15,0,26,23,4,13,0,35,209,3,253,0,0,0,0,0,0,0,0,6,15,0,8,23,10,0,32,25,20,20,7,66,239,3,307,9,11,3,0,27,26,0,55,14533,18857,7906,593,41888,15765,1644,59295
CED213,16066,14607,5395,397,36460,12102,936,49502,1312,307,481,29,2133,2849,104,5087,627,276,244,6,1162,516,53,1729,1944,585,730,36,3295,3366,158,6822,375,96,137,11,624,759,24,1399,44,10,9,0,57,66,5,129,27,0,0,0,27,17,0,40,0,0,0,0,0,0,0,0,11,7,5,0,21,22,0,44,449,111,149,13,723,868,23,1616,3,0,0,3,7,33,0,41,74,6,22,0,97,272,12,372,0,0,0,0,4,0,0,6,9,0,3,0,13,19,0,33,84,8,22,3,122,326,10,450,10,6,5,0,24,24,3,45,18556,15313,6304,455,40617,16683,1129,58434
CED214,8843,14124,5878,838,29684,7762,2248,39695,953,951,638,107,2642,1900,286,4828,2109,2286,923,189,5513,1691,671,7873,3059,3239,1556,294,8155,3589,960,12704,916,695,482,111,2200,2316,345,4860,451,179,96,39,761,931,156,1850,647,200,130,52,1031,1282,173,2486,399,97,72,26,602,807,103,1520,20,15,8,7,46,26,3,76,2436,1185,789,234,4638,5363,781,10787,0,0,0,0,0,0,0,4,0,0,0,0,4,37,0,41,0,0,0,0,0,0,0,6,61,36,18,0,121,75,27,224,65,36,21,0,130,116,27,273,24,10,10,7,47,39,0,86,14431,18589,8256,1379,42653,16866,4014,63541
CED215,10651,23878,5296,641,40458,7767,1502,49732,1170,1340,475,43,3027,1827,153,5009,1709,2163,697,76,4650,1298,226,6174,2881,3502,1174,127,7678,3123,384,11187,434,220,180,30,867,1078,73,2018,56,25,24,5,110,168,9,281,134,34,40,7,207,284,20,513,44,17,26,7,91,154,11,253,3,10,0,0,9,5,0,17,678,288,275,39,1281,1688,113,3082,0,0,0,0,0,8,0,3,0,0,3,0,11,30,0,38,0,0,0,0,0,0,0,0,15,9,8,0,41,32,8,74,21,11,18,0,48,67,8,125,13,14,4,0,30,21,0,52,14240,27687,6768,810,49499,12669,2008,64179
CED216,17997,14095,6137,474,38703,14783,1349,54833,451,129,175,26,778,1654,79,2512,70,24,51,6,147,169,24,346,521,151,227,31,926,1822,103,2855,309,81,161,20,571,1586,67,2229,11,4,4,0,19,10,3,31,0,0,0,0,0,0,0,0,0,0,0,0,0,0,0,0,4,4,0,0,6,6,0,19,323,85,162,21,598,1610,71,2277,33,5,5,0,41,111,5,163,80,15,16,0,111,161,5,284,11,0,0,0,12,12,0,25,14,9,0,0,31,23,4,60,133,28,26,3,192,315,17,529,38,19,12,0,63,62,7,133,19012,14379,6565,531,40489,18594,1546,60630
CED217,8560,16110,3113,240,28022,5467,549,34035,1999,1583,751,69,4399,3073,253,7727,1834,2233,700,48,4815,1317,156,6287,3829,3813,1448,118,9221,4390,410,14010,1106,507,396,42,2050,2576,270,4896,765,247,179,32,1210,1015,129,2354,615,214,197,15,1043,1277,78,2397,89,24,22,0,141,163,10,315,5,8,3,0,16,11,0,29,2584,997,797,91,4468,5058,482,10003,0,0,0,0,0,0,0,0,0,0,0,0,0,3,0,3,0,0,0,0,0,0,0,0,78,38,40,5,163,144,31,328,78,38,40,5,163,144,31,334,17,16,8,0,45,13,5,62,15071,20967,5412,459,41914,15066,1470,58440
CED218,9958,24148,6195,536,40840,6191,876,47910,827,960,532,52,2368,1309,68,3747,457,773,502,48,1778,496,74,2352,1293,1730,1027,98,4150,1811,145,6100,49,53,40,6,151,225,11,383,26,14,13,5,59,74,4,131,40,16,26,0,84,48,3,137,0,0,0,0,0,0,0,0,5,0,4,0,13,14,0,20,119,83,88,14,300,355,21,677,7,0,0,0,5,44,0,47,5,0,0,0,5,54,3,54,0,0,0,0,0,0,0,0,0,7,0,0,9,0,0,12,7,9,0,0,17,94,4,111,11,12,3,0,27,18,0,42,11387,25983,7312,647,45327,8470,1046,54844
CED219,12393,20887,7204,546,41036,9066,1126,51226,534,318,377,28,1259,1615,74,2956,118,96,126,6,353,206,25,580,655,411,503,38,1605,1823,102,3532,192,78,142,16,425,670,44,1139,0,0,0,0,0,0,0,0,0,0,0,0,0,24,0,21,0,0,0,0,0,0,0,0,7,11,6,0,24,19,0,39,202,83,150,19,449,711,44,1201,0,0,0,0,4,15,0,20,9,0,0,0,13,12,0,21,0,0,0,0,0,5,0,7,3,7,0,3,18,10,0,25,15,13,4,3,29,39,0,68,9,17,8,0,32,8,0,38,13275,21413,7860,607,43154,11643,1278,56076
CED220,5697,10279,1934,256,18164,3629,765,22564,2224,1722,609,115,4673,2818,585,8081,1787,1577,550,57,3974,1402,382,5753,4010,3303,1159,172,8646,4227,965,13834,2086,828,430,124,3470,4495,722,8691,2322,562,318,147,3352,4917,857,9126,2006,427,320,130,2885,3980,562,7421,1305,259,211,87,1863,2798,368,5028,5,8,0,0,6,3,0,16,7718,2085,1284,498,11582,16195,2509,30279,0,0,0,0,0,0,0,0,0,0,0,0,0,0,0,0,0,0,0,0,0,4,0,4,114,25,12,6,156,207,30,397,114,25,12,6,156,212,30,399,12,17,3,0,37,39,4,79,17559,15707,4388,928,38580,24296,4272,67153
CED221,10280,25895,6506,656,43337,6785,1252,51370,848,1015,470,43,2376,1222,87,3686,245,391,177,18,826,257,45,1130,1091,1406,639,62,3200,1482,133,4824,187,64,56,9,323,260,21,596,0,4,7,0,7,18,0,25,0,0,0,0,0,0,0,0,0,0,0,0,0,0,0,0,5,3,3,0,12,12,0,24,193,72,67,15,337,289,21,646,0,0,0,0,0,0,0,5,0,0,0,0,0,0,0,0,0,0,0,0,0,0,0,0,0,0,0,0,0,3,0,3,0,0,0,0,3,7,0,7,10,15,6,0,31,25,0,56,11576,27385,7225,730,46911,8583,1414,56904
CED222,10651,18345,6198,898,36085,8437,2166,46683,1549,1740,737,152,4180,2190,516,6885,1377,2027,609,161,4180,930,718,5827,2932,3765,1347,315,8358,3121,1229,12714,1183,1182,533,112,3013,2060,328,5410,262,101,69,23,455,379,67,901,389,116,82,29,627,633,113,1370,91,20,22,14,152,147,94,389,7,11,14,0,25,20,6,52,1937,1430,720,185,4270,3240,606,8112,0,0,0,0,9,43,0,45,4,0,3,0,10,63,0,72,0,0,0,0,0,0,0,0,16,5,4,0,18,19,3,43,21,6,8,0,36,128,7,168,13,6,0,0,25,28,10,67,15548,23552,8273,1401,48778,14952,4013,67744
CED223,18661,14952,5840,437,39888,14686,1281,55857,530,180,316,37,1060,2668,128,3855,29,20,26,5,83,81,9,170,561,198,340,45,1142,2748,139,4028,56,17,43,5,124,288,17,428,9,5,4,0,12,4,0,15,5,0,0,0,3,7,0,15,8,0,3,0,13,0,0,10,0,3,0,0,12,7,0,20,76,30,56,5,163,306,23,493,29,9,3,0,52,142,4,192,31,8,6,0,43,105,5,152,4,6,0,0,5,6,0,15,29,19,9,3,60,40,7,104,94,42,19,3,156,289,15,461,48,29,4,0,84,52,6,140,19439,15243,6266,483,41432,18078,1470,60982
CED224,8413,16839,3857,327,29437,5602,748,35786,2095,1554,943,90,4686,3937,257,8874,1888,1972,834,71,4761,1395,200,6351,3979,3526,1777,159,9445,5329,453,15231,1402,797,624,58,2890,3293,197,6381,203,68,79,11,353,442,32,826,313,103,122,15,558,741,43,1336,87,33,30,0,151,186,16,346,6,4,0,0,10,7,0,15,2005,1014,854,84,3954,4668,283,8912,14,0,3,0,18,44,0,61,12,3,0,0,24,137,4,161,0,0,0,0,0,0,0,0,21,18,16,3,55,75,8,138,46,24,27,6,96,256,8,363,9,8,4,0,25,27,3,50,14459,21401,6520,578,42955,15886,1501,60340
CED225,12365,19335,4725,425,36852,8239,1080,46165,915,587,474,51,2024,2231,168,4423,1009,1048,516,48,2617,997,179,3791,1921,1631,988,97,4639,3228,348,8219,587,323,232,22,1167,1156,92,2415,149,40,37,11,231,272,16,516,309,53,51,17,430,488,46,964,55,19,33,3,110,179,14,299,5,8,0,0,17,26,0,37,1101,440,361,47,1946,2131,153,4230,0,0,0,0,0,0,0,0,0,0,0,0,0,0,0,0,0,0,0,0,0,0,0,0,9,6,0,0,24,17,3,41,9,6,0,0,24,18,3,42,20,6,9,0,29,19,0,52,15418,21422,6084,571,43490,13630,1590,58707
CED226,8114,15961,3220,325,27620,4839,829,33286,2027,1917,735,108,4788,2829,360,7974,1304,1691,620,49,3661,1016,187,4862,3325,3608,1351,159,8444,3840,545,12836,1371,648,367,102,2490,2637,480,5607,1285,399,220,87,1984,2406,444,4840,1139,358,248,70,1807,1962,248,4022,151,44,27,7,229,352,40,626,0,7,0,0,8,8,0,14,3948,1455,866,266,6527,7370,1210,15109,0,0,0,0,0,0,0,0,0,0,0,0,0,0,0,0,0,0,0,0,0,0,0,0,50,26,8,0,86,65,35,184,50,26,8,0,86,65,35,184,13,12,4,0,37,31,5,76,15449,21069,5444,749,42712,16146,2623,61481
CED227,11935,23725,5758,458,41873,7563,1010,50437,910,350,272,31,1557,1538,40,3134,361,253,219,17,856,347,52,1255,1273,606,490,42,2412,1882,93,4390,59,27,30,5,119,179,13,308,0,0,0,0,4,15,0,20,0,0,0,0,0,0,0,0,0,0,0,0,3,0,0,3,3,7,0,0,10,7,0,19,64,34,29,3,141,199,10,350,6,0,0,0,6,3,0,11,16,0,0,0,21,99,0,120,0,0,0,0,0,0,0,3,4,5,0,0,9,8,0,20,25,5,3,0,37,116,3,153,13,9,7,0,29,15,0,46,13316,24378,6291,508,44490,9775,1114,55379
CED228,11548,26716,6849,818,45927,8111,1792,55830,846,1318,539,54,2760,1539,156,4452,298,405,203,22,932,356,101,1392,1143,1727,738,82,3698,1898,255,5850,181,170,148,25,531,497,34,1059,0,3,0,0,10,11,7,23,102,34,25,5,163,217,13,391,0,0,0,0,0,0,0,0,7,6,0,0,6,12,0,20,287,208,180,34,706,737,54,1502,13,0,0,0,8,19,0,26,0,0,0,0,0,0,0,3,0,0,0,0,0,0,0,0,3,3,0,0,9,0,0,8,14,3,0,0,22,24,3,44,7,10,6,0,21,16,0,38,13003,28664,7772,923,50370,10786,2106,63257
CED229,2581,4124,716,71,7491,1616,369,9483,2185,2282,667,80,5206,2274,417,7899,2109,2223,716,83,5132,1798,492,7426,4288,4503,1374,164,10337,4073,911,15323,2179,907,511,106,3709,4801,798,9306,3262,993,645,176,5073,7431,1156,13662,2450,641,455,87,3633,4431,544,8610,6601,1772,827,374,9580,9570,1996,21149,7,12,9,0,28,20,0,50,14504,4324,2448,744,22028,26255,4499,52785,0,0,0,0,0,0,0,0,0,0,0,0,0,0,0,3,0,0,0,0,0,0,0,0,178,45,28,6,259,331,70,652,178,49,28,5,261,331,70,664,33,18,8,0,58,73,12,146,21589,13019,4578,991,40180,32352,5863,78399
CED230,18455,15240,6335,641,40668,16659,1687,59020,574,207,272,22,1067,2139,134,3344,35,17,14,3,63,56,6,135,603,217,284,22,1133,2200,142,3479,299,121,158,25,612,1477,81,2161,3,0,4,0,9,14,0,23,0,0,0,0,0,0,0,0,0,0,0,0,0,0,0,0,4,0,0,0,4,12,0,16,312,125,164,25,615,1498,81,2202,81,8,7,0,100,237,15,352,68,11,8,0,86,124,24,236,9,4,0,0,12,11,0,22,56,28,10,0,103,65,0,168,213,56,26,11,297,436,48,784,52,24,12,3,85,76,27,195,19626,15661,6817,698,42810,20874,1988,65670
CED231,8477,13809,3547,417,26255,6327,911,33489,1489,1207,594,85,3369,2500,304,6177,2191,2398,855,131,5573,2055,530,8151,3682,3599,1446,211,8941,4553,829,14327,806,424,292,65,1587,1878,222,3684,572,208,247,50,1073,1785,197,3056,1194,304,213,68,1770,2354,257,4383,181,125,231,40,580,678,58,1313,3,3,0,0,5,15,0,23,2754,1057,975,227,5016,6711,731,12466,0,0,0,0,0,0,0,0,0,0,0,0,0,0,0,0,0,0,0,0,0,0,0,0,21,24,10,4,68,68,20,154,21,24,10,4,68,68,20,154,6,5,6,0,19,23,0,44,14945,18502,5992,857,40298,17682,2494,60475
CED232,12896,22562,5588,355,41394,7361,739,49499,616,328,283,15,1241,1085,43,2362,143,159,146,14,464,190,19,673,757,479,430,29,1706,1272,63,3036,28,22,25,0,77,71,9,157,9,12,18,0,35,35,9,72,0,0,0,0,0,0,0,0,0,0,0,0,0,0,0,0,6,5,0,0,14,10,0,28,50,34,39,5,127,121,14,257,7,0,0,0,5,18,6,29,6,0,0,0,8,9,0,17,0,0,0,0,0,0,0,4,0,0,0,0,0,3,0,4,9,8,0,0,20,33,6,54,13,18,4,0,31,17,0,47,13723,23100,6061,390,43273,8801,814,52897
CED233,1569,1667,441,81,3761,1080,739,5587,3228,2052,616,174,6068,2793,1667,10525,2994,2100,657,174,5921,2367,1820,10112,6220,4150,1271,350,11989,5157,3486,20637,1193,379,195,62,1833,2214,544,4586,1731,533,394,102,2763,3820,754,7340,4131,1010,524,263,5930,7281,1653,14865,9602,2622,1804,1127,15163,17876,5275,38312,9,9,0,0,24,12,8,36,16670,4551,2924,1557,25710,31204,8229,65139,0,0,0,0,0,0,0,0,0,0,0,0,0,0,0,3,0,0,0,0,0,0,0,0,142,52,25,4,222,161,91,475,142,52,25,4,223,162,90,478,40,16,7,5,62,134,30,229,24644,10435,4666,2007,41748,37735,12582,92069
CED234,11764,19245,4376,463,35838,7054,1017,43910,1305,1177,578,65,3129,2166,208,5502,1425,2333,780,82,4619,967,203,5786,2724,3512,1361,152,7745,3127,410,11286,421,379,174,27,1005,756,71,1833,248,109,81,22,457,447,28,939,591,245,189,37,1058,926,89,2071,662,230,207,38,1137,859,137,2129,5,8,6,0,19,10,0,29,1931,966,653,124,3673,2998,329,6998,5,0,0,0,5,0,0,5,0,0,0,0,0,0,0,0,0,0,0,0,0,0,0,0,6,0,4,0,8,3,0,16,6,0,4,0,9,3,0,19,9,10,9,0,32,22,0,56,16433,23742,6397,735,47307,13207,1761,62272
CED235,17243,14124,5610,417,37382,13859,1162,52400,425,92,207,17,747,1890,59,2697,117,67,41,5,219,161,12,391,541,157,244,24,966,2049,68,3092,173,48,85,11,316,807,31,1156,10,0,0,0,10,20,0,27,4,0,0,0,4,6,0,12,0,0,0,0,0,0,0,0,4,0,0,0,3,19,0,21,187,50,87,11,332,851,31,1211,16,5,0,0,22,90,4,111,113,5,16,3,141,289,3,435,0,0,0,0,3,0,0,7,19,10,4,0,32,20,3,57,151,16,27,3,199,394,12,605,23,16,8,0,48,43,0,92,18144,14362,5973,446,38932,17196,1276,57402
CED236,16826,15433,6400,474,39128,13562,1466,54153,768,299,358,49,1475,2962,150,4585,49,19,19,3,86,76,13,174,816,321,373,56,1553,3035,162,4758,15,8,5,0,30,74,0,108,0,0,0,0,0,16,0,13,0,0,0,0,0,0,0,4,0,0,0,0,0,0,0,0,5,0,0,0,11,6,0,19,26,13,5,3,47,92,0,142,70,11,18,5,96,231,7,337,88,8,22,6,114,213,13,345,11,0,0,0,14,5,5,17,72,24,3,4,104,168,7,277,235,46,41,8,329,620,30,977,21,23,5,0,51,47,4,101,17920,15833,6827,542,41116,17352,1668,60137
CED237,10706,21316,6386,627,39036,7775,1234,48044,761,933,414,56,2157,1222,116,3492,754,951,485,83,2278,886,206,3370,1517,1884,904,138,4434,2104,321,6862,200,246,130,24,600,436,64,1097,60,26,34,4,122,229,11,364,122,33,33,6,197,290,34,518,0,0,0,0,0,0,0,0,3,7,0,0,12,11,0,22,387,308,198,44,933,959,107,1999,0,0,0,0,0,0,0,0,0,0,0,0,0,0,0,0,0,0,0,0,0,0,0,0,9,3,0,0,15,4,0,16,9,3,0,0,15,3,0,18,3,4,4,0,16,15,0,35,12619,23522,7496,806,44435,10858,1667,56962
CED238,17927,14703,5558,533,38730,15302,1449,55477,491,182,251,42,965,2236,95,3301,154,69,72,6,295,244,24,559,641,248,319,49,1263,2483,117,3864,115,40,56,6,221,569,34,821,12,0,6,0,22,50,0,67,4,0,0,0,4,6,0,3,0,0,0,0,0,0,0,0,0,0,0,0,10,11,0,18,135,46,64,10,258,624,32,913,25,13,0,0,37,71,3,112,41,8,14,0,54,103,10,168,11,6,0,0,12,14,0,25,29,24,11,4,67,34,4,110,101,51,18,4,174,224,19,416,31,23,3,0,60,49,9,109,18841,15068,5971,593,40472,18676,1627,60779
CED239,8086,12348,3562,539,24527,6960,2332,33821,1667,1159,573,100,3500,2783,610,6898,3069,2561,888,215,6738,2583,1089,10403,4742,3719,1461,315,10236,5366,1696,17298,882,394,246,69,1593,2399,371,4362,425,108,66,21,617,822,167,1606,1182,269,161,59,1672,2272,333,4274,159,28,16,13,220,363,71,654,0,17,3,0,25,14,0,41,2650,813,503,162,4133,5864,944,10942,0,0,0,0,0,0,0,0,0,0,0,0,0,0,0,0,0,0,0,0,0,0,0,0,62,39,20,3,128,84,64,269,62,39,20,3,128,84,64,269,12,14,3,3,37,33,3,71,15553,16930,5551,1024,39060,18302,5040,62402
CED294,0,0,0,0,0,0,0,0,0,0,0,0,0,0,0,0,0,0,0,0,0,0,0,0,0,0,0,0,0,0,0,0,0,0,0,0,0,0,0,0,0,0,0,0,0,0,0,0,0,0,0,0,0,0,0,0,0,0,0,0,0,0,0,0,0,0,0,0,0,0,0,0,0,0,0,0,0,0,0,0,0,0,0,0,0,0,0,0,0,0,0,0,0,0,0,0,0,0,0,0,0,0,0,0,0,0,0,0,0,0,0,0,0,0,0,0,0,0,0,0,0,0,0,0,0,0,0,0,0,0,0,0,0,0,0,0
CED297,0,0,0,0,0,0,0,0,0,0,0,0,0,0,0,0,0,0,0,0,0,0,0,0,0,0,0,0,0,0,0,0,0,0,0,0,0,0,0,0,0,0,0,0,0,0,0,0,0,0,0,0,0,0,0,0,0,0,0,0,0,0,0,0,0,0,0,0,0,0,0,0,0,0,0,0,0,0,0,0,0,0,0,0,0,0,0,0,0,0,0,0,0,0,0,0,0,0,0,0,0,0,0,0,0,0,0,0,0,0,0,0,0,0,0,0,0,0,0,0,0,0,0,0,0,0,0,0,0,0,0,0,0,0,0,0
CED301,15907,20501,9138,717,46261,11746,1844,59841,421,253,455,40,1176,1728,116,3022,312,263,416,30,1024,797,101,1919,735,512,878,73,2198,2527,219,4940,91,61,100,13,257,614,42,914,10,5,10,0,27,75,6,102,25,3,8,0,33,57,0,92,12,0,4,0,14,34,0,45,8,4,8,0,19,21,6,46,144,70,121,11,348,797,47,1193,27,10,9,0,46,77,6,130,28,3,9,0,35,57,0,92,0,0,0,0,5,7,0,11,17,15,5,0,27,11,7,44,66,28,21,0,111,150,11,272,16,22,11,0,45,67,0,114,16868,21127,10172,802,48963,15280,2120,66361
CED302,11940,19725,4838,555,37053,6925,1347,45329,360,165,178,22,722,1030,43,1785,1335,1454,1122,93,4003,1682,332,6014,1698,1612,1302,110,4723,2711,370,7798,184,88,112,8,389,1029,52,1467,335,99,116,27,580,607,153,1334,487,111,107,35,746,633,100,1483,107,18,16,8,152,98,52,308,17,11,5,0,34,30,5,67,1128,334,358,87,1904,2395,359,4659,29,0,10,4,46,106,0,151,84,18,27,0,133,267,13,417,0,0,0,0,3,0,0,6,0,0,3,0,4,4,0,8,114,30,39,4,182,381,15,578,11,10,8,0,26,50,5,85,14892,21709,6540,751,43899,12455,2092,58455
CED303,15545,18506,5481,442,39968,8169,1139,49276,869,198,288,22,1374,2020,58,3452,677,378,769,33,1856,1246,129,3231,1540,576,1054,57,3231,3264,188,6680,248,102,228,16,597,889,38,1522,122,17,38,4,184,152,4,347,243,41,45,0,334,256,31,619,0,0,0,0,0,0,0,0,31,11,7,0,48,28,0,75,646,177,315,17,1163,1329,77,2559,29,5,8,0,44,80,3,125,6,5,0,0,10,17,0,27,0,0,0,0,0,3,0,0,0,0,0,0,3,3,0,9,39,8,14,0,60,105,3,170,22,14,3,0,40,27,0,73,17791,19282,6867,525,44457,12889,1410,58756
CED304,6817,11461,2256,380,20911,4310,1802,27019,60,36,21,9,123,173,20,310,1232,777,454,91,2559,1522,548,4632,1294,817,472,99,2682,1701,566,4942,1483,518,385,131,2518,3853,687,7062,2736,811,657,210,4404,5169,1058,10631,3863,1051,575,196,5683,5366,1479,12526,4794,1106,603,258,6757,7152,1802,15707,137,29,22,8,193,228,92,511,13013,3509,2243,800,19565,21757,5112,46436,0,0,0,0,5,0,0,3,0,0,0,0,0,5,0,3,0,0,0,0,3,4,0,5,13,3,6,5,26,22,15,60,21,7,8,5,30,28,15,71,52,18,10,5,83,183,20,286,21186,15817,4987,1288,43275,27975,7512,78763
CED305,14649,16161,5683,525,37020,10233,1316,48568,526,289,300,33,1149,1457,125,2734,228,112,105,10,444,592,63,1104,752,396,405,48,1599,2052,188,3835,292,114,203,30,633,1123,89,1844,31,13,11,0,56,53,4,116,53,9,3,0,72,53,4,125,44,8,11,0,56,54,3,113,11,3,3,0,16,19,0,30,434,145,225,31,833,1301,104,2232,93,13,7,0,118,123,4,254,16,0,0,0,22,59,8,85,18,0,0,0,20,11,6,36,7,6,3,0,13,12,0,27,133,24,14,3,173,217,21,403,60,33,11,5,104,81,11,191,16023,16762,6330,603,39723,13870,1635,55233
CED306,15087,15748,5312,501,36658,9603,1578,47833,671,285,368,40,1365,2182,149,3702,370,182,268,12,834,967,126,1929,1046,460,640,53,2203,3149,279,5630,378,161,269,31,835,1182,118,2139,141,49,46,5,239,238,60,540,86,19,10,3,120,78,23,220,73,18,12,0,103,70,12,188,9,4,0,0,16,4,0,15,691,252,335,33,1311,1575,213,3104,164,28,11,0,200,243,13,456,107,21,3,4,137,194,10,338,14,3,3,0,24,15,0,40,21,10,5,0,30,15,6,49,302,57,22,11,389,460,33,882,116,34,13,0,167,200,24,394,17237,16557,6328,605,40727,14994,2125,57840
CED307,13881,20515,5193,431,40016,6265,1002,47288,530,182,312,41,1063,1559,77,2697,944,734,997,83,2752,1550,238,4539,1473,917,1303,122,3815,3111,314,7240,81,41,86,9,210,305,34,547,18,7,13,0,35,77,12,121,6,0,0,0,10,4,6,10,0,0,0,0,0,0,0,0,42,29,5,0,79,55,0,133,139,70,100,10,328,436,45,818,16,0,0,0,19,72,3,98,21,0,4,0,27,58,0,85,0,0,0,0,0,0,0,4,3,0,0,0,3,0,0,7,43,0,10,4,49,131,3,190,13,15,5,0,29,18,0,42,15547,21518,6607,568,44244,9962,1371,55577
CED308,12899,17948,5376,424,36650,5882,1465,43996,1791,1059,1216,95,4164,2781,344,7287,2737,1924,1736,129,6525,2374,578,9476,4530,2978,2950,232,10690,5151,921,16758,287,100,163,17,570,742,78,1388,864,258,297,43,1462,1371,203,3032,834,174,191,22,1217,803,82,2103,812,240,184,19,1256,670,124,2055,24,11,6,0,46,19,4,68,2821,783,842,99,4546,3600,486,8641,69,7,4,0,85,173,3,260,61,8,0,0,72,90,7,175,0,0,0,0,0,4,0,3,3,5,4,0,16,17,3,25,131,22,11,0,170,284,17,467,51,37,27,4,122,99,11,234,20444,21769,9208,758,52179,15014,2902,70091
CED309,14970,16601,4910,326,36813,7548,1555,45912,1267,309,416,19,2008,1908,143,4058,1523,693,791,58,3059,1754,334,5146,2786,999,1205,79,5072,3659,475,9204,643,296,446,34,1419,1723,185,3326,417,97,145,9,675,516,85,1278,792,190,210,21,1206,719,128,2058,401,49,46,9,502,318,41,858,70,38,14,0,117,96,0,219,2320,668,860,76,3923,3374,442,7739,106,19,22,0,148,181,10,341,15,5,18,0,46,78,0,128,3,3,0,0,6,4,5,12,7,0,0,0,11,5,0,16,131,31,41,0,204,274,18,499,69,28,16,0,115,79,5,200,20277,18336,7033,487,46130,14937,2490,63553
CED310,15433,16768,5395,395,37992,7744,1594,47325,1463,293,440,44,2242,2402,153,4800,748,402,414,31,1591,867,176,2635,2214,693,851,71,3832,3276,331,7434,435,186,276,18,915,1134,164,2215,473,138,189,24,826,734,136,1696,1234,263,323,43,1857,1389,246,3496,561,56,44,4,666,393,36,1097,40,11,12,0,63,63,5,130,2747,658,835,87,4329,3711,586,8627,79,9,11,0,88,148,9,246,76,19,17,0,112,129,9,251,4,4,5,0,7,14,0,24,11,4,5,0,26,16,3,40,162,40,30,0,234,305,18,558,49,31,7,0,87,65,9,164,20609,18188,7121,561,46475,15097,2528,64100
CED311,15759,15978,5693,477,37900,11292,1492,50686,237,170,154,19,579,715,63,1351,191,118,136,13,453,506,67,1033,428,289,284,32,1036,1221,133,2384,316,151,195,29,690,1181,98,1965,41,6,14,3,61,141,13,219,44,20,14,0,78,122,13,214,15,5,0,0,22,61,7,89,6,5,0,0,13,12,0,23,415,192,225,33,865,1512,134,2516,165,25,25,5,225,288,18,527,42,10,15,0,59,83,3,151,16,0,4,0,24,40,4,60,12,3,8,0,28,15,3,48,234,45,47,6,335,428,25,789,82,45,22,0,149,107,14,272,16917,16545,6276,549,40283,14557,1799,56639
CED312,14169,21101,7778,636,43671,8493,1671,53844,1004,490,579,51,2125,1648,170,3941,835,814,966,63,2677,1443,226,4349,1842,1298,1546,112,4798,3092,393,8288,222,158,238,20,640,860,77,1568,28,8,15,0,53,115,4,174,29,13,5,7,54,40,3,93,0,0,0,0,0,0,0,0,36,20,9,0,62,43,5,105,313,195,270,29,802,1060,90,1953,30,8,9,0,35,83,4,130,33,8,9,0,44,171,0,218,3,0,3,0,9,6,0,14,3,3,0,0,7,3,0,10,62,12,16,0,94,267,7,364,28,24,9,0,63,47,5,114,16411,22635,9623,776,49441,12959,2169,64566
CED313,7434,13247,2867,457,24003,4733,1994,30732,115,64,62,7,250,284,33,562,2033,1338,922,166,4455,2168,763,7379,2145,1406,987,171,4705,2453,789,7941,1261,511,473,114,2359,3358,601,6320,2348,817,597,194,3955,3935,857,8744,2486,846,420,136,3887,2921,901,7710,3219,955,527,141,4839,3817,1104,9760,12,4,4,0,23,17,3,44,9323,3132,2019,590,15063,14046,3466,32575,0,0,0,0,0,0,0,0,12,0,0,0,17,11,0,28,0,0,0,0,0,0,0,0,12,4,6,0,20,11,4,37,21,9,4,0,36,28,9,69,45,17,12,0,73,101,24,199,18970,17802,5883,1220,43874,21359,6287,71519
CED314,15332,15705,5845,512,37393,10217,1385,48994,1239,563,650,82,2531,3779,264,6582,322,173,221,24,740,867,106,1718,1567,729,868,110,3276,4650,376,8297,339,205,239,38,825,1274,110,2214,9,0,9,0,14,47,0,60,8,0,0,0,17,26,0,44,16,0,0,0,16,19,0,31,5,0,0,0,5,14,0,21,378,218,247,41,878,1377,114,2372,19,4,5,0,27,45,3,69,12,3,3,0,25,23,0,46,6,4,7,0,11,9,0,21,14,0,0,0,17,3,4,25,53,12,17,0,75,79,10,160,42,22,9,0,67,39,0,104,17357,16687,6984,666,41689,16355,1884,59929
CED315,13367,15544,6721,597,36228,9138,1955,47317,689,221,514,60,1479,2658,182,4326,502,253,386,67,1203,1641,185,3029,1189,474,902,126,2685,4298,368,7361,272,97,197,27,590,1022,94,1701,255,64,84,27,429,636,126,1191,315,94,61,14,487,453,78,1018,207,40,28,9,278,262,46,587,7,5,0,0,13,6,0,18,1061,302,362,71,1799,2379,344,4520,34,11,4,3,56,82,3,145,52,8,8,0,62,61,5,125,0,0,0,0,4,23,3,32,8,6,3,0,22,8,5,29,95,23,12,7,137,176,11,332,29,15,11,0,59,114,9,183,15744,16352,8018,804,40916,16109,2685,59711
CED316,19094,12580,6551,519,38749,11393,1730,51866,882,166,333,33,1415,2254,130,3807,333,117,208,18,682,923,91,1688,1212,282,543,58,2096,3175,224,5496,475,116,211,20,818,1509,83,2405,51,5,15,3,73,85,10,165,204,22,25,0,248,172,9,435,0,0,0,0,3,0,0,3,4,3,0,0,10,11,0,22,729,148,251,24,1148,1778,104,3034,255,23,19,3,309,460,32,799,56,14,12,3,79,148,6,238,16,9,6,0,23,5,0,31,26,8,9,0,35,21,7,60,350,50,47,6,446,640,41,1132,85,34,12,0,125,114,11,247,21470,13091,7401,606,42570,17101,2108,61775
CED317,16611,15049,6506,609,38781,12165,1610,52556,460,296,305,38,1099,1362,106,2568,106,76,64,8,247,333,26,606,564,371,370,44,1346,1692,134,3172,315,158,270,42,778,1219,92,2088,9,7,9,3,30,28,0,59,10,0,0,0,10,14,0,26,0,0,0,0,0,0,0,0,5,0,0,0,14,16,0,28,337,172,279,41,836,1273,96,2201,265,38,25,0,329,447,38,814,62,11,5,4,78,110,0,191,37,26,15,0,76,214,5,303,26,19,18,3,64,63,10,135,392,87,62,9,552,828,56,1434,156,122,26,0,302,206,19,527,18061,15798,7241,709,41816,16172,1909,59892
CED318,12694,14328,6032,592,33647,8474,1771,43888,660,425,558,59,1697,1994,164,3858,792,365,478,26,1660,1601,208,3476,1455,788,1038,78,3361,3596,369,7334,869,515,774,76,2241,2781,279,5294,814,335,332,41,1515,1470,253,3241,271,97,78,19,461,341,61,866,186,31,20,4,242,154,20,414,5,12,4,0,17,6,0,20,2136,988,1204,143,4471,4753,611,9840,100,19,15,0,131,169,4,312,42,15,22,3,76,149,10,239,22,3,8,0,40,80,3,124,53,28,20,0,101,65,10,169,216,65,62,4,346,466,34,848,144,60,37,7,252,285,24,564,16640,16235,8378,831,42080,17576,2814,62465
CED319,11466,16246,4662,650,33025,8020,1553,42595,403,131,167,16,714,1094,48,1857,1592,1134,883,120,3733,2450,454,6636,1992,1264,1053,136,4441,3547,505,8495,804,399,404,87,1698,2542,304,4539,878,310,335,93,1628,1944,322,3889,655,189,123,42,1005,975,223,2208,481,105,95,31,709,794,128,1632,17,4,10,0,28,18,5,55,2833,1011,970,252,5063,6276,978,12317,0,0,0,0,0,0,0,0,6,0,0,0,11,102,5,113,0,3,0,0,3,3,0,3,10,3,7,0,21,15,5,35,16,4,4,0,28,123,5,156,12,7,8,0,32,41,0,74,16323,18545,6692,1033,42592,18006,3050,63639
CED320,17710,18644,7573,528,44461,9330,1657,55452,1102,388,795,50,2340,2413,203,4953,747,316,725,57,1847,1431,193,3468,1850,703,1519,112,4185,3839,399,8424,166,33,75,4,286,411,33,730,48,8,22,0,78,188,12,276,68,11,14,0,98,87,4,185,0,0,0,0,0,0,0,0,76,29,16,4,123,89,3,214,357,77,136,12,580,771,53,1405,97,9,6,0,113,215,7,334,71,9,20,0,102,266,10,377,6,3,0,0,3,0,0,10,10,5,5,0,21,9,0,36,181,26,32,4,242,493,18,754,30,18,16,0,62,49,0,115,20130,19469,9275,661,49534,14489,2132,66152
CED321,16721,13550,5621,557,36449,13620,1468,51536,419,156,221,24,823,1683,81,2589,56,39,30,4,121,114,27,264,473,195,250,24,948,1797,108,2853,120,45,70,3,253,692,46,993,0,0,0,0,0,0,0,0,0,0,0,0,0,3,0,3,0,0,0,0,0,0,0,0,0,3,0,0,6,0,0,5,124,52,70,3,254,700,46,1003,139,33,19,0,191,214,14,420,21,9,0,0,40,64,5,111,18,11,3,0,37,41,3,74,32,22,6,3,61,42,3,107,215,82,31,8,326,360,25,712,122,68,20,6,212,146,8,371,17659,13946,5994,599,38194,16626,1657,56476
CED322,9170,14227,3730,320,27458,4844,1126,33422,879,575,529,31,2018,1434,177,3630,2687,2549,2064,127,7430,2682,745,10859,3568,3127,2593,160,9448,4121,923,14491,517,194,245,36,988,1310,221,2522,1287,452,448,51,2242,1802,464,4506,902,273,227,33,1432,935,221,2586,964,217,179,20,1379,1023,135,2540,27,16,11,0,54,39,3,89,3687,1147,1118,140,6098,5109,1040,12240,21,5,5,0,26,31,0,56,13,4,4,0,20,22,0,42,0,4,0,0,3,0,0,5,10,6,6,0,13,6,0,26,42,12,6,0,57,63,6,130,26,8,5,0,43,67,8,111,16494,18517,7457,621,43097,14199,3105,60399
CED323,8168,11243,3630,316,23362,4615,1447,29432,925,559,529,45,2067,1836,252,4156,2569,1702,1378,153,5794,2678,808,9278,3490,2264,1906,199,7861,4512,1058,13433,1054,464,568,64,2156,2105,519,4793,1767,578,625,109,3083,3114,835,7025,1684,403,435,105,2633,2104,596,5329,4283,938,707,103,6030,4646,776,11446,10,5,5,0,24,18,4,50,8799,2394,2343,388,13926,11985,2726,28644,43,7,29,4,91,296,15,395,27,0,8,5,34,122,3,158,0,0,0,0,0,0,0,0,17,15,11,0,41,20,4,64,96,20,40,6,166,430,19,623,83,23,32,0,142,165,19,333,20641,15951,7961,907,45456,21715,5281,72459
CED324,10977,17266,4690,696,33626,7146,2443,43216,224,235,88,14,562,567,58,1176,1795,1893,922,188,4793,1937,820,7551,2017,2128,1006,205,5353,2501,872,8735,674,302,269,81,1322,1913,310,3545,565,211,179,49,1000,1138,246,2378,391,90,60,24,566,494,92,1145,111,13,5,4,132,48,4,188,14,18,6,0,36,30,11,78,1748,630,517,154,3056,3624,664,7336,0,0,0,0,4,19,3,26,0,4,0,0,5,40,3,52,0,0,0,0,0,0,0,0,0,9,0,0,10,17,8,32,10,12,3,0,20,85,14,114,19,13,6,0,39,59,13,103,14763,20053,6224,1055,42094,13408,3996,59499
CED325,12202,21992,7515,656,42364,8127,1463,51962,324,218,255,23,822,1094,65,1980,1274,1243,1061,130,3709,1560,356,5626,1602,1457,1314,159,4535,2655,417,7607,44,15,32,7,99,294,15,406,34,16,19,0,76,124,8,205,32,0,0,0,32,21,0,51,0,0,0,0,0,0,0,0,16,18,12,3,59,34,0,93,128,54,67,10,260,470,24,754,6,5,7,0,16,109,6,132,3,3,6,0,11,35,0,51,0,0,0,0,0,0,0,0,3,0,0,0,3,6,0,8,13,4,11,0,34,145,10,192,17,18,12,0,41,34,8,83,13960,23520,8924,832,47242,11432,1923,60592
CED326,14220,19733,6959,552,41456,9343,1424,52226,862,174,375,43,1458,2130,87,3674,1356,1248,1374,110,4084,2017,354,6455,2215,1423,1753,154,5540,4152,439,10129,415,142,310,25,896,1719,92,2700,212,36,94,3,354,512,29,887,551,63,102,8,730,761,41,1532,475,61,56,5,599,275,21,890,17,9,7,3,33,37,0,70,1676,317,567,45,2610,3299,184,6090,33,4,0,0,44,130,0,178,40,19,19,0,81,202,13,300,0,0,0,0,0,0,0,0,7,5,0,0,12,9,0,21,79,21,27,0,134,346,16,498,22,11,13,0,41,46,3,95,18213,21507,9319,750,49788,17181,2071,69039
CED327,11237,20207,7761,636,39850,7115,1561,48521,348,294,336,26,1011,993,90,2100,1354,1887,1552,173,4963,2494,384,7839,1698,2183,1890,198,5973,3484,476,9935,102,104,109,19,334,408,36,775,36,12,12,0,66,156,9,229,13,5,3,0,16,11,0,30,18,5,3,0,25,35,0,68,19,10,10,0,33,18,0,51,179,135,135,24,478,627,49,1154,8,0,5,0,12,54,0,71,5,0,4,0,7,30,0,41,0,0,0,0,0,0,0,0,0,3,0,0,4,0,0,7,16,8,11,0,26,87,3,115,4,15,20,0,38,38,0,82,13144,22543,9814,861,46362,11353,2093,59807
CED328,10761,18591,3864,395,33605,5509,1476,40589,160,35,44,7,245,414,13,678,635,562,344,45,1586,741,196,2527,796,594,383,55,1836,1159,215,3211,655,428,307,86,1474,1609,378,3454,1410,631,379,160,2576,2133,865,5575,879,455,270,105,1719,1114,526,3357,665,227,138,48,1083,798,252,2138,12,8,0,0,27,23,3,53,3628,1747,1095,406,6882,5673,2030,14580,0,0,0,0,0,0,0,0,0,0,0,0,0,0,0,0,0,0,0,0,0,0,0,3,0,3,0,0,4,6,0,9,0,0,0,0,4,6,3,14,29,25,7,0,64,70,20,152,15215,20960,5362,856,42387,12408,3739,58538
CED329,18292,13112,5950,406,37759,11508,1681,50948,454,79,180,10,723,1397,50,2173,634,194,216,14,1052,908,123,2086,1087,273,395,22,1776,2307,176,4259,338,110,197,18,665,1148,78,1890,156,30,39,3,233,177,29,439,105,18,13,0,131,39,0,175,0,0,0,0,0,0,0,0,26,15,6,0,46,19,7,69,626,168,254,27,1074,1385,110,2571,85,9,9,0,103,176,5,290,40,3,4,0,50,102,9,163,48,26,3,0,82,57,3,133,6,3,3,0,17,18,0,34,186,43,25,0,256,347,16,624,78,24,20,0,129,148,11,288,20265,13621,6649,459,40997,15700,1993,58689
CED330,16722,22020,6624,449,45822,8342,1589,55753,318,156,210,28,710,837,62,1607,133,106,138,17,390,225,29,640,447,266,346,38,1093,1062,92,2246,43,49,30,4,121,87,11,220,0,0,0,0,0,10,0,9,0,0,0,0,7,3,0,7,0,0,0,0,3,0,0,3,47,38,12,0,98,70,0,168,93,89,44,4,228,165,18,410,47,4,6,0,61,102,0,163,19,5,9,0,31,46,3,76,10,18,4,0,31,15,0,45,21,15,13,4,55,16,4,71,100,42,28,4,173,174,10,356,38,24,10,0,76,90,5,168,17398,22448,7054,496,47391,9833,1708,58938
CED394,0,0,0,0,0,0,0,0,0,0,0,0,0,0,0,0,0,0,0,0,0,0,0,0,0,0,0,0,0,0,0,0,0,0,0,0,0,0,0,0,0,0,0,0,0,0,0,0,0,0,0,0,0,0,0,0,0,0,0,0,0,0,0,0,0,0,0,0,0,0,0,0,0,0,0,0,0,0,0,0,0,0,0,0,0,0,0,0,0,0,0,0,0,0,0,0,0,0,0,0,0,0,0,0,0,0,0,0,0,0,0,0,0,0,0,0,0,0,0,0,0,0,0,0,0,0,0,0,0,0,0,0,0,0,0,0
CED397,0,0,0,0,0,0,0,0,0,0,0,0,0,0,0,0,0,0,0,0,0,0,0,0,0,0,0,0,0,0,0,0,0,0,0,0,0,0,0,0,0,0,0,0,0,0,0,0,0,0,0,0,0,0,0,0,0,0,0,0,0,0,0,0,0,0,0,0,0,0,0,0,0,0,0,0,0,0,0,0,0,0,0,0,0,0,0,0,0,0,0,0,0,0,0,3,0,0,0,0,0,0,0,0,0,0,0,0,0,0,0,0,0,0,0,0,0,0,0,3,0,0,0,0,0,0,0,0,0,0,0,0,0,0,0,3
CED401,10829,15493,4766,703,31795,9487,2514,43800,2543,1857,1214,204,5816,5358,779,11948,1985,1230,666,154,4037,2324,788,7154,4531,3086,1884,358,9859,7680,1568,19099,1545,943,405,138,3028,3301,501,6830,452,118,72,43,693,1015,173,1880,897,200,144,71,1306,1627,371,3306,857,167,105,63,1194,1493,484,3164,20,16,11,0,46,29,6,77,3773,1448,741,306,6267,7458,1537,15257,3,3,4,0,15,6,4,20,0,0,0,0,0,0,0,0,0,0,0,0,0,0,0,0,40,30,19,8,93,58,18,171,43,36,18,3,106,67,22,191,46,50,19,7,123,164,37,325,19229,20110,7421,1383,48145,24861,5677,78685
CED402,20078,16254,6074,487,42889,15865,1351,60104,815,326,541,40,1717,2816,151,4678,30,15,7,0,54,55,8,109,839,338,547,42,1770,2869,154,4787,167,68,81,18,336,1034,49,1415,0,0,0,0,0,0,0,0,7,0,0,0,7,11,0,18,0,0,0,0,4,0,0,3,0,0,0,0,4,4,0,10,172,71,85,19,353,1046,49,1442,55,12,4,0,67,124,5,195,67,6,15,4,89,116,9,218,5,5,3,0,15,11,0,31,34,31,3,0,76,33,5,116,167,62,30,4,260,286,16,560,71,45,7,0,128,107,3,235,21332,16765,6746,558,45395,20165,1575,67134
CED403,13396,16675,4597,495,35167,9682,1706,46556,2936,1655,1213,162,5966,5934,509,12416,891,715,445,53,2109,1131,238,3481,3829,2378,1654,219,8077,7069,747,15898,1278,532,487,97,2384,3838,324,6548,214,44,54,11,324,431,45,799,239,43,26,8,316,295,23,632,99,16,8,0,127,164,5,292,6,6,4,0,18,11,0,29,1844,643,568,113,3167,4735,397,8302,14,3,0,0,23,8,0,28,4,0,0,0,6,8,0,12,0,0,0,0,0,0,0,3,21,19,7,0,50,49,7,105,38,21,9,4,76,62,9,147,35,19,14,0,70,82,7,166,19137,19738,6851,830,46554,21628,2877,71061
CED404,19274,14630,5717,530,40147,16515,1359,58016,1149,726,1027,84,2978,3593,210,6788,92,36,18,4,154,67,8,224,1240,764,1044,89,3131,3662,216,7009,153,43,84,16,294,1081,43,1418,8,0,0,0,10,29,5,42,0,0,0,0,0,0,0,0,0,0,0,0,0,0,0,0,13,15,0,0,30,17,0,46,182,54,81,16,335,1125,48,1506,102,21,10,0,134,197,39,363,36,13,7,0,54,59,14,130,7,10,5,0,21,15,0,41,26,20,9,0,58,56,4,118,175,67,30,0,270,324,58,647,87,31,23,0,141,157,12,311,20960,15542,6888,633,44022,21781,1692,67491
CED405,13379,15993,5596,610,35579,10765,1432,47774,2028,1333,1105,168,4632,4889,365,9879,1429,1098,597,66,3187,1556,247,4992,3457,2430,1701,226,7817,6443,617,14874,944,481,419,68,1907,3132,256,5293,159,69,53,12,298,429,37,765,213,79,60,13,362,447,48,862,56,6,6,0,69,36,6,106,18,12,3,0,36,19,3,63,1384,652,542,97,2673,4060,350,7083,9,5,0,0,12,13,0,23,0,0,0,0,0,31,0,36,0,0,0,0,0,0,0,0,14,16,7,0,40,28,8,82,27,21,10,0,55,70,8,138,36,29,24,0,86,74,8,166,18281,19122,7872,939,46212,21417,2408,70040
CED406,16526,18843,7918,561,43841,12434,1357,57625,856,230,460,35,1581,2805,113,4499,214,153,161,16,538,367,44,946,1070,378,620,49,2114,3165,162,5444,185,57,102,11,358,614,44,1019,8,0,5,0,12,35,6,48,13,4,0,0,19,26,0,46,0,0,0,0,0,0,0,0,9,6,4,0,23,13,0,37,223,67,115,11,412,690,46,1151,20,0,0,0,22,72,0,93,24,4,6,0,42,109,3,152,0,0,0,0,0,0,0,0,0,0,0,0,5,3,0,5,50,6,7,0,69,181,6,251,9,14,8,0,38,28,4,68,17873,19313,8670,619,46466,16495,1577,64539
CED407,15317,20187,7258,611,43373,11346,1355,56072,1094,379,409,41,1924,2621,106,4646,309,294,260,32,905,492,121,1527,1404,678,671,77,2827,3119,227,6169,297,108,143,14,557,978,43,1582,78,43,24,9,152,162,51,363,77,43,18,6,145,151,24,321,0,0,0,0,0,0,0,0,10,3,4,0,14,10,0,31,465,190,184,26,867,1306,119,2296,3,4,0,0,8,3,0,12,0,0,0,0,0,0,0,0,0,0,0,0,0,0,0,0,0,4,0,0,4,9,0,15,8,3,0,0,17,11,0,26,16,16,9,4,37,51,10,93,17205,21073,8123,714,47120,15826,1707,64660
CED408,21378,19534,6068,411,47387,13607,1224,62212,635,99,173,20,926,1604,35,2563,121,53,44,5,226,144,21,387,756,147,219,23,1150,1753,53,2952,57,23,44,9,134,326,5,462,21,0,4,0,22,58,0,84,3,0,0,0,5,5,0,16,0,0,0,0,0,0,0,0,4,8,0,0,11,6,0,20,87,33,50,9,176,403,3,587,54,11,10,3,79,154,6,236,32,0,7,0,37,84,7,125,0,0,0,0,0,3,0,4,11,10,4,0,26,22,0,53,98,25,18,4,140,264,8,412,62,22,8,0,91,80,7,179,22379,19762,6359,439,48942,16102,1299,66339
CED409,13380,18787,9760,737,42670,12071,1652,56386,1231,946,1653,139,3976,4424,373,8772,122,110,220,15,459,392,56,908,1356,1053,1874,154,4438,4815,429,9677,128,106,130,10,384,758,46,1187,0,0,7,5,8,50,4,61,0,0,0,0,0,0,0,0,0,0,0,0,0,0,0,0,6,0,0,0,9,3,0,7,138,112,134,16,403,812,49,1261,56,0,10,0,69,123,7,199,13,0,0,0,17,58,3,72,0,0,0,0,0,0,0,0,0,0,0,0,4,9,0,6,67,4,10,0,85,189,8,283,33,32,13,0,81,75,4,156,14978,19996,11794,906,47668,17951,2144,67764
CED410,13993,19081,5145,520,38729,10185,1527,50443,2238,1835,947,102,5122,4697,365,10189,1147,1006,465,76,2692,1565,284,4541,3387,2843,1409,179,7818,6265,649,14726,1465,891,481,89,2923,3892,343,7157,90,17,12,3,120,268,25,415,147,29,14,6,202,226,16,441,37,8,6,5,51,62,5,113,0,10,0,0,13,11,5,23,1746,951,508,105,3310,4451,392,8149,9,0,0,0,9,30,0,38,0,0,0,0,9,9,0,18,0,0,0,0,0,0,0,0,12,6,5,0,30,20,5,50,30,10,5,0,42,55,5,103,35,24,11,0,79,87,10,175,19185,22901,7082,802,49975,21046,2580,73606
CED494,0,0,0,0,0,0,0,0,0,0,0,0,0,0,0,0,0,0,0,0,0,0,0,0,0,0,0,0,0,0,0,0,0,0,0,0,0,0,0,0,0,0,0,0,0,0,0,0,0,0,0,0,0,0,0,0,0,0,0,0,0,0,0,0,0,0,0,0,0,0,0,0,0,0,0,0,0,0,0,0,0,0,0,0,0,0,0,0,0,0,0,0,0,0,0,0,0,0,0,0,0,0,0,0,0,0,0,0,0,0,0,0,0,0,0,0,0,0,0,0,0,0,0,0,0,0,0,0,0,0,0,0,0,0,0,0
CED497,0,0,0,0,0,0,0,0,0,0,0,0,0,0,0,0,0,0,0,0,0,0,0,0,0,0,0,0,0,0,0,0,0,0,0,0,0,0,0,0,0,0,0,0,0,0,0,0,0,0,0,0,0,0,0,0,0,0,0,0,0,0,0,0,0,0,0,0,0,0,0,0,0,0,0,0,0,0,0,0,0,0,0,0,0,0,0,0,0,0,0,0,0,0,0,0,0,0,0,0,0,0,0,0,0,0,0,0,0,0,0,0,0,0,0,0,0,0,0,0,0,0,0,0,0,0,0,0,0,0,0,0,0,0,0,0
CED501,14951,21848,8069,568,45433,11364,1539,58338,536,160,255,26,982,1584,67,2625,125,60,73,12,270,373,29,675,662,218,325,37,1252,1956,94,3299,192,56,109,18,370,936,49,1357,65,34,40,3,140,236,13,394,94,16,13,5,122,154,8,288,17,0,3,0,17,11,0,27,8,17,5,0,32,17,5,51,372,125,165,25,686,1351,79,2111,44,0,8,0,51,83,3,140,12,0,4,0,20,62,0,82,0,0,0,0,5,3,0,8,17,0,0,0,22,28,0,49,77,8,12,0,96,179,10,274,15,12,6,0,37,30,0,69,16078,22215,8571,631,47493,14880,1718,64091
CED502,12757,22350,7369,758,43231,10910,1720,55864,1022,757,730,84,2596,2741,195,5533,99,87,58,14,261,227,27,511,1124,845,793,101,2862,2964,219,6048,80,61,65,6,210,286,25,524,65,31,31,11,135,146,28,308,0,0,0,0,0,0,0,0,0,0,0,0,0,0,0,0,13,18,7,0,38,42,0,74,154,108,99,26,390,474,49,912,24,0,9,0,37,125,5,164,0,0,0,0,0,6,0,3,0,0,0,0,0,0,0,9,26,9,4,3,40,25,6,70,48,15,12,3,76,158,11,240,9,7,7,6,30,30,0,59,14086,23331,8275,886,46581,14539,1998,63120
CED503,16738,17166,6147,427,40481,10533,1120,52137,1044,180,277,25,1534,2348,79,3954,324,87,114,8,536,521,37,1088,1365,267,392,36,2061,2865,110,5046,81,26,29,5,138,319,14,469,90,22,18,0,125,62,5,189,82,14,17,0,121,77,3,197,86,16,7,4,114,46,0,155,24,6,4,5,42,32,0,74,361,82,78,15,538,527,32,1092,70,6,14,0,91,193,7,285,119,4,14,0,140,230,3,377,5,12,0,0,20,8,0,29,14,11,6,0,31,21,0,49,211,30,35,4,277,457,9,740,25,10,8,0,40,46,4,86,18695,17562,6660,479,43398,14429,1271,59100
CED504,13573,18791,6899,803,40069,10623,1653,52352,2365,2058,1480,180,6085,5311,561,11952,314,270,209,28,824,650,72,1545,2688,2326,1688,205,6905,5960,635,13496,140,49,58,13,258,397,13,668,0,0,0,0,0,0,0,0,5,0,0,0,0,11,0,17,0,0,0,0,0,0,0,0,16,11,6,0,35,30,0,65,157,55,67,14,294,435,18,745,0,0,0,0,0,0,0,0,0,0,0,0,0,0,0,0,0,0,0,0,0,0,0,0,0,0,0,0,0,0,0,5,0,0,0,0,4,0,0,9,12,9,0,3,21,24,0,48,16430,21184,8658,1023,47297,17043,2312,66651
CED505,10656,16827,3229,327,31043,6500,1206,38745,1923,1394,819,85,4214,3494,467,8183,1887,1425,672,90,4076,2262,494,6830,3811,2817,1489,174,8290,5760,964,15017,920,414,223,56,1613,2183,267,4059,961,346,166,33,1499,2184,221,3911,967,294,186,33,1483,1913,181,3580,268,81,55,15,427,416,60,907,8,9,3,0,19,12,0,32,3123,1143,629,135,5033,6710,739,12482,0,0,0,0,0,0,0,0,0,0,0,0,0,0,0,0,0,0,0,0,0,0,0,0,0,7,0,0,10,8,3,18,0,7,0,0,10,7,3,18,13,3,3,0,20,33,0,56,17606,20801,5352,641,44395,19010,2913,66316
CED506,16320,17684,6126,623,40748,12317,1521,54581,844,567,473,85,1970,2261,161,4394,330,203,91,3,640,445,58,1145,1181,774,564,95,2610,2706,219,5534,222,94,83,10,408,651,56,1112,55,11,4,4,78,101,5,185,32,17,4,0,53,59,4,114,32,10,5,0,44,85,6,132,7,4,0,0,12,9,0,24,345,129,98,16,592,914,78,1581,448,90,47,10,591,623,44,1252,57,10,5,0,73,120,4,194,35,20,4,9,69,81,7,159,63,43,16,3,114,47,18,180,593,160,78,17,842,876,71,1789,182,94,30,9,318,354,24,690,18618,18838,6892,758,45105,17157,1908,64174
CED507,16595,16523,5773,389,39271,10752,1387,51414,893,294,410,27,1617,2597,124,4343,224,114,71,4,415,306,41,757,1116,410,476,30,2034,2901,170,5103,98,41,35,4,184,326,23,527,10,8,13,5,35,65,5,104,18,0,0,0,18,13,0,30,20,4,0,0,17,12,0,32,11,6,0,0,19,15,0,39,161,62,45,5,272,441,25,736,87,20,11,6,119,213,5,341,97,14,4,0,114,187,14,315,8,10,3,0,18,26,0,43,10,9,6,0,28,19,0,48,198,47,24,4,280,448,22,750,35,28,7,0,76,60,7,142,18106,17069,6327,425,41933,14599,1611,58142
CED508,12757,18502,5350,490,37098,8677,1628,47399,1552,950,823,73,3397,3402,309,7111,760,419,313,35,1533,1123,174,2825,2313,1370,1135,108,4930,4525,484,9941,228,75,99,20,420,756,62,1237,324,107,134,20,589,983,91,1661,740,164,110,15,1036,1164,104,2305,119,18,26,0,164,201,16,380,36,23,16,0,72,49,5,124,1450,389,378,59,2276,3155,277,5711,3,0,0,0,3,12,0,14,102,3,13,3,124,200,9,330,0,0,0,0,0,0,0,0,12,4,4,0,21,17,0,41,118,9,18,4,150,223,6,384,16,13,0,0,25,46,7,83,16657,20278,6884,665,44486,16624,2402,63514
CED509,15134,21837,6297,528,43806,9673,1194,54671,729,458,435,46,1676,1981,136,3790,174,85,113,13,383,358,38,780,908,548,552,61,2062,2342,173,4573,65,21,32,10,131,201,12,345,59,24,43,6,124,209,17,357,24,8,9,0,44,56,4,100,14,0,7,0,20,37,3,53,21,18,5,0,47,42,0,87,177,70,97,21,360,539,37,942,27,4,0,0,35,36,0,73,32,3,3,0,38,103,0,145,0,6,0,0,10,3,0,14,10,5,4,3,21,9,5,39,75,21,13,3,107,159,5,268,18,25,12,3,52,30,0,80,16314,22496,6972,613,46386,12733,1413,60539
CED510,15730,22191,4815,383,43120,7309,908,51333,982,492,448,30,1951,1921,102,3975,452,233,163,10,858,547,91,1497,1437,721,609,44,2814,2469,191,5475,111,16,27,6,158,295,13,469,132,27,46,5,209,321,36,568,162,36,51,12,269,273,39,581,0,0,0,0,0,0,0,0,17,14,5,0,42,36,0,82,420,91,138,23,677,934,93,1701,32,3,3,0,43,79,0,129,6,0,0,0,7,5,0,19,6,0,0,0,6,0,0,0,4,8,0,0,11,3,5,22,51,7,3,3,72,93,10,173,5,0,0,0,17,18,0,29,17649,23022,5573,449,46694,10819,1205,58715
CED511,18695,16089,5565,526,40873,15432,1431,57739,670,400,326,34,1430,2461,126,4014,98,64,27,3,189,177,23,386,769,467,349,38,1618,2632,147,4403,68,35,22,3,132,357,15,505,0,5,0,0,5,3,0,4,0,0,0,0,0,0,0,0,0,0,0,0,0,0,0,0,12,3,0,0,15,15,3,36,82,46,27,3,151,382,20,548,104,12,12,3,128,224,5,358,73,13,5,6,97,183,5,286,15,6,0,0,23,14,0,37,28,17,4,0,49,37,7,87,217,46,23,9,295,458,14,764,91,69,27,3,188,165,12,365,19851,16709,5990,576,43120,19075,1622,63824
CED512,13515,24603,7393,541,46045,9088,1082,56214,826,329,382,18,1556,1477,76,3111,116,58,81,3,258,195,22,472,943,387,462,24,1814,1676,94,3583,12,5,13,0,25,26,3,56,33,17,7,3,57,81,5,149,3,0,0,0,3,3,0,3,0,0,0,0,0,0,0,0,15,11,3,0,32,25,0,60,62,28,26,5,120,140,8,268,15,0,4,0,19,92,0,117,4,0,0,0,3,13,0,19,13,4,0,0,16,17,0,29,4,4,0,0,11,0,0,15,36,8,8,0,50,123,6,183,4,10,0,0,12,20,0,33,14553,25033,7878,573,48043,11047,1190,60283
CED513,10412,12732,3530,488,27163,8383,1812,37357,2673,1791,1026,164,5654,5571,580,11798,1853,1121,535,97,3617,2335,546,6493,4532,2910,1565,264,9268,7907,1120,18296,1241,405,336,79,2053,3240,338,5627,1107,272,195,59,1644,2403,384,4429,1731,471,242,78,2522,3146,508,6168,1837,564,205,76,2674,2446,478,5597,5,5,0,0,11,19,3,32,5925,1721,975,279,8898,11247,1711,21856,0,0,0,0,0,4,0,4,0,0,0,0,0,0,0,0,0,0,0,0,0,0,0,0,21,12,8,0,36,27,14,70,21,12,8,0,36,28,14,69,14,13,6,0,33,61,5,96,20908,17387,6077,1030,45402,27617,4658,77678
CED514,12504,15744,4936,868,34052,10491,2602,47149,2367,1813,890,228,5302,4614,837,10756,1966,1087,484,180,3726,2489,657,6864,4337,2901,1376,415,9029,7098,1496,17624,647,328,138,49,1153,1445,195,2794,489,159,79,48,765,1193,154,2115,660,171,88,43,961,1142,149,2262,722,180,88,36,1025,849,128,2002,15,5,5,0,26,18,0,50,2525,851,386,175,3935,4650,629,9217,10,3,0,0,14,31,3,49,29,0,6,0,29,65,0,99,0,0,0,0,0,0,0,3,6,7,0,0,20,5,5,34,46,14,4,0,65,110,9,184,20,16,11,0,50,61,9,116,19429,19532,6720,1457,47131,22417,4741,74290
CED515,14530,23758,5056,588,43938,8495,1306,53735,1407,1236,700,87,3430,3008,209,6640,380,403,143,17,941,396,44,1387,1784,1637,838,103,4367,3408,254,8025,219,216,112,12,557,700,33,1288,84,11,13,5,113,176,11,298,246,50,26,4,327,282,10,615,64,8,11,4,80,94,5,174,18,17,9,3,51,26,4,81,624,298,172,25,1129,1273,65,2456,0,0,0,0,0,0,0,0,0,0,0,0,0,0,0,0,0,0,0,0,0,0,0,0,5,0,3,0,5,0,0,16,3,0,3,0,9,0,0,13,17,12,8,4,37,23,4,64,16967,25715,6074,722,49478,13197,1620,64292
CED594,0,0,0,0,0,0,0,0,0,0,0,0,0,0,0,0,0,0,0,0,0,0,0,0,0,0,0,0,0,0,0,0,0,0,0,0,0,0,0,0,0,0,0,0,0,0,0,0,0,0,0,0,0,0,0,0,0,0,0,0,0,0,0,0,0,0,0,0,0,0,0,0,0,0,0,0,0,0,0,0,0,0,0,0,0,0,0,0,0,0,0,0,0,0,0,0,0,0,0,0,0,0,0,0,0,0,0,0,0,0,0,0,0,0,0,0,0,0,0,0,0,0,0,0,0,0,0,0,0,0,0,0,0,0,0,0
CED597,0,0,0,0,0,0,0,0,0,0,0,0,0,0,0,0,0,0,0,0,0,0,0,0,0,0,0,0,0,0,0,0,0,0,0,0,0,0,0,0,0,0,0,0,0,0,0,0,0,0,0,0,0,0,0,0,0,0,0,0,0,0,0,0,0,0,0,0,0,0,0,0,0,0,0,0,0,0,0,0,0,0,0,0,0,0,0,0,0,0,0,0,0,0,0,0,0,0,0,0,0,0,0,0,0,0,0,0,0,0,0,0,0,0,0,0,0,0,0,0,0,0,0,0,0,0,0,0,0,0,0,0,0,0,0,3
CED601,11464,10009,4599,379,26455,9568,1253,37281,420,183,260,27,890,1520,109,2514,232,154,93,9,493,296,65,861,659,331,358,37,1379,1818,173,3374,412,145,199,15,777,1484,118,2375,17,15,8,0,40,65,6,112,8,0,0,0,8,18,5,31,6,0,0,0,4,3,0,9,25,8,11,0,49,55,7,114,464,169,223,17,872,1633,131,2638,14,3,5,0,17,63,6,86,6,0,0,0,6,4,0,16,3,3,0,0,6,5,0,13,29,9,9,0,52,49,13,117,53,16,13,0,88,118,17,225,17,14,6,0,33,48,4,88,12658,10539,5197,435,28826,13184,1580,43594
CED602,12978,10130,4819,348,28277,11025,956,40262,441,98,292,25,854,2066,62,2988,63,23,40,5,137,228,21,385,502,127,329,32,995,2294,83,3368,40,20,11,0,71,119,8,194,0,0,0,0,4,42,0,43,8,0,3,0,16,30,0,46,0,0,0,0,0,0,0,0,0,3,3,0,7,6,0,14,55,24,18,0,99,192,10,304,41,5,8,0,58,130,6,192,38,9,11,3,60,69,3,130,0,3,0,0,3,7,0,13,17,12,7,0,35,26,5,66,97,28,29,3,156,232,16,404,30,17,5,0,49,42,3,96,13660,10328,5199,382,29570,13782,1067,44424
CED603,9304,9636,4051,401,23392,8056,1727,33181,316,177,152,18,661,949,134,1746,502,231,144,26,908,693,204,1802,813,412,294,46,1565,1637,341,3551,1100,465,378,53,1997,2505,360,4861,240,57,34,15,348,531,92,963,162,35,43,11,254,276,63,593,14,0,0,0,12,16,0,31,30,15,5,4,52,50,8,109,1542,579,457,85,2662,3375,516,6553,0,0,0,0,0,10,0,12,5,3,4,0,17,21,0,41,0,0,0,0,0,0,0,4,39,26,12,0,73,43,22,143,48,28,13,0,92,83,22,196,22,15,13,0,56,59,7,122,11740,10667,4832,535,27775,13207,2614,43596
CED604,12304,12006,4693,393,29395,9389,1087,39869,237,78,119,10,444,850,38,1336,194,77,68,7,349,277,34,662,430,150,192,17,794,1132,70,1993,72,31,41,4,144,251,10,412,18,6,3,0,28,41,3,71,0,0,0,0,0,0,0,0,0,0,0,0,0,0,0,0,14,5,7,0,21,5,3,29,102,42,53,4,196,296,14,513,22,6,0,0,26,43,3,75,30,7,3,0,39,56,3,96,5,0,0,0,4,4,0,9,17,13,3,5,32,22,3,55,61,19,12,5,104,125,10,239,21,16,0,0,35,33,0,71,12915,12237,4954,414,30522,10977,1176,42677
CED605,13369,11001,4895,328,29602,10481,889,40970,168,61,77,5,312,555,25,894,84,33,29,5,152,74,0,226,248,99,108,13,469,629,30,1124,296,106,223,6,635,866,54,1551,0,0,0,0,0,0,0,0,0,0,0,0,0,0,0,0,0,0,0,0,0,0,0,0,0,9,4,0,15,16,0,26,293,115,223,6,643,876,54,1578,48,6,11,0,63,106,4,170,24,9,3,0,36,32,5,78,4,3,0,0,14,7,0,19,20,11,5,0,41,27,0,70,98,33,18,0,148,171,12,336,32,28,0,0,58,50,0,115,14047,11268,5254,355,30919,12212,984,44115
CED694,0,0,0,0,0,0,0,0,0,0,0,0,0,0,0,0,0,0,0,0,0,0,0,0,0,0,0,0,0,0,0,0,0,0,0,0,0,0,0,0,0,0,0,0,0,0,0,0,0,0,0,0,0,0,0,0,0,0,0,0,0,0,0,0,0,0,0,0,0,0,0,0,0,0,0,0,0,0,0,0,0,0,0,0,0,0,0,0,0,0,0,0,0,0,0,0,0,0,0,0,0,0,0,0,0,0,0,0,0,0,0,0,0,0,0,0,0,0,0,0,0,0,0,0,0,0,0,0,0,0,0,0,0,0,0,0
CED697,0,0,0,0,0,0,0,0,0,0,0,0,0,0,0,0,0,0,0,0,0,0,0,0,0,0,0,0,0,0,0,0,0,0,0,0,0,0,0,0,0,0,0,0,0,0,0,0,0,0,0,0,0,0,0,0,0,0,0,0,0,0,0,0,0,0,0,0,0,0,0,0,0,0,0,0,0,0,0,0,0,0,0,0,0,0,0,0,0,0,0,0,0,0,0,0,0,0,0,0,0,0,0,0,0,0,0,0,0,0,0,0,0,0,0,0,0,0,0,0,0,0,0,0,0,0,0,0,0,0,0,0,0,0,0,0
CED701,6141,10030,3527,502,20197,4286,929,25420,696,737,428,64,1925,1385,141,3451,250,205,129,17,589,408,74,1076,939,939,554,81,2513,1795,213,4526,195,95,75,13,378,473,33,880,29,37,25,9,92,77,3,175,44,41,30,0,112,61,19,185,0,0,0,0,0,0,0,0,4,6,3,0,10,11,0,25,270,169,128,22,591,617,55,1262,211,49,29,4,290,292,13,596,29,20,9,0,62,99,5,165,52,18,7,3,80,82,7,172,15,4,0,0,28,20,3,49,309,86,52,8,454,494,30,975,136,70,43,5,250,296,19,566,7802,11290,4301,616,24011,7483,1243,32742
CED702,5426,9211,3047,249,17939,3137,1037,22107,480,377,274,45,1180,1108,102,2393,550,408,282,32,1274,690,182,2146,1031,783,557,81,2454,1799,285,4536,906,689,398,67,2060,1658,270,3983,449,392,121,25,981,678,154,1823,851,549,244,45,1696,1058,331,3085,881,352,106,24,1374,949,271,2592,3,3,0,0,11,10,0,20,3100,1990,875,162,6122,4359,1028,11514,48,10,0,0,63,75,0,146,12,4,0,0,16,19,0,33,0,0,0,0,4,9,0,11,7,7,0,0,16,3,4,19,65,19,0,4,91,105,5,205,19,7,12,0,28,63,3,102,9640,12009,4490,498,26640,9464,2363,38465
CED794,0,0,0,0,0,0,0,0,0,0,0,0,0,0,0,0,0,0,0,0,0,0,0,0,0,0,0,0,0,0,0,0,0,0,0,0,0,0,0,0,0,0,0,0,0,0,0,0,0,0,0,0,0,0,0,0,0,0,0,0,0,0,0,0,0,0,0,0,0,0,0,0,0,0,0,0,0,0,0,0,0,0,0,0,0,0,0,0,0,0,0,0,0,0,0,0,0,0,0,0,0,0,0,0,0,0,0,0,0,0,0,0,0,0,0,0,0,0,0,0,0,0,0,0,0,0,0,0,0,0,0,0,0,0,0,0
CED797,0,0,0,0,0,0,0,0,0,0,0,0,0,0,0,0,0,0,0,0,0,0,0,0,0,0,0,0,0,0,0,0,0,0,0,0,0,0,0,0,0,0,0,0,0,0,0,0,0,0,0,0,0,0,0,0,0,0,0,0,0,0,0,0,0,0,0,0,0,0,0,0,0,0,0,0,0,0,0,0,0,0,0,0,0,0,0,0,0,0,0,0,0,0,0,0,0,0,0,0,0,0,0,0,0,0,0,0,0,0,0,0,0,0,0,0,0,0,0,0,0,0,0,0,0,0,0,0,0,0,0,0,0,4,0,3
CED801,11681,16613,4666,372,33335,7270,823,41425,1177,767,710,59,2703,2502,150,5350,949,830,513,54,2345,1387,225,3963,2125,1596,1218,115,5053,3890,372,9315,257,175,144,10,584,579,44,1203,379,217,74,26,699,571,79,1345,645,283,139,32,1096,1045,118,2258,330,122,77,15,546,588,71,1209,26,29,15,6,75,74,5,156,1645,821,450,90,2998,2855,320,6171,0,0,0,0,0,3,0,9,14,7,6,3,26,40,6,69,0,0,0,0,0,0,0,0,0,0,0,0,0,3,4,5,14,10,6,3,30,43,8,84,19,13,3,0,39,29,0,72,15482,19045,6346,576,41454,14084,1528,57064
CED802,7469,10476,2519,254,20705,4919,1428,27051,759,479,246,26,1512,1458,181,3155,1960,1270,547,106,3878,1887,745,6512,2714,1751,793,138,5393,3352,931,9671,936,409,231,34,1600,1895,325,3828,1224,398,227,63,1919,2102,462,4484,2262,527,277,57,3118,3467,548,7132,1145,252,120,40,1545,1558,363,3467,81,34,12,0,126,127,14,274,5646,1607,864,194,8317,9150,1716,19183,5,0,5,0,15,28,0,35,5,0,3,0,12,22,7,39,0,0,0,0,0,0,0,0,3,0,0,0,3,0,0,6,10,3,9,0,29,52,7,81,21,9,3,0,38,46,9,89,15863,13844,4187,587,34479,17508,4085,56079
CED803,9442,17920,4196,374,31932,5831,1139,38905,1140,1023,666,65,2892,2155,216,5261,1166,1354,615,72,3204,1158,325,4687,2300,2380,1284,139,6096,3312,537,9952,137,86,58,0,289,280,34,605,545,267,120,25,960,802,161,1922,1130,372,154,53,1708,1300,236,3243,569,169,68,36,842,548,136,1526,7,4,0,0,15,5,5,21,2391,905,411,114,3808,2941,572,7321,0,0,0,0,0,0,0,0,0,0,0,0,0,0,0,0,0,0,0,0,0,0,0,0,0,0,0,0,3,0,0,3,4,0,0,0,9,0,0,9,15,14,13,0,41,23,8,70,14152,21208,5898,625,41883,12103,2255,56249
CED894,0,0,0,0,0,0,0,0,0,0,0,0,0,0,0,0,0,0,0,0,0,0,0,0,0,0,0,0,0,0,0,0,0,0,0,0,0,0,0,0,0,0,0,0,0,0,0,0,0,0,0,0,0,0,0,0,0,0,0,0,0,0,0,0,0,0,0,0,0,0,0,0,0,0,0,0,0,0,0,0,0,0,0,0,0,0,0,0,0,0,0,0,0,0,0,0,0,0,0,0,0,0,0,0,0,0,0,0,0,0,0,0,0,0,0,0,0,0,0,0,0,0,0,0,0,0,0,0,0,0,0,0,0,0,0,0
CED897,0,0,0,0,0,0,0,0,0,0,0,0,0,0,0,0,0,0,0,0,0,0,0,0,0,0,0,0,0,0,0,0,0,0,0,0,0,0,0,0,0,0,0,0,0,0,0,0,0,0,0,0,0,0,0,0,0,0,0,0,0,0,0,0,0,0,0,0,0,0,0,0,0,0,0,0,0,0,0,0,0,0,0,0,0,0,0,0,0,0,0,0,0,0,0,0,0,0,0,0,0,0,0,0,0,0,0,0,0,0,0,0,0,0,0,0,0,0,0,0,0,0,0,0,0,0,0,0,0,0,0,0,0,0,0,0
CED994,0,0,0,0,0,0,0,0,0,0,0,0,0,0,0,0,0,0,0,0,0,0,0,0,0,0,0,0,0,0,0,0,0,0,0,0,0,0,0,0,0,0,0,0,0,0,0,0,0,0,0,0,0,0,0,0,0,0,0,0,0,0,0,0,0,0,0,0,0,0,0,0,0,0,0,0,0,0,0,0,0,0,0,0,0,0,0,0,0,0,0,0,0,0,0,0,0,0,0,0,0,0,0,0,0,0,0,0,0,0,0,0,0,0,0,0,0,0,0,0,0,0,0,0,0,0,0,0,0,0,0,0,0,0,0,0
CED997,0,0,0,0,0,0,0,0,0,0,0,0,0,0,0,0,0,0,0,0,0,0,0,0,0,0,0,0,0,0,0,0,0,0,0,0,0,0,0,0,0,0,0,0,0,0,0,0,0,0,0,0,0,0,0,0,0,0,0,0,0,0,0,0,0,0,0,0,0,0,0,0,0,0,0,0,0,0,0,0,0,0,0,0,0,0,0,0,0,0,0,0,0,0,0,0,0,0,0,0,0,0,0,0,0,0,0,0,0,0,0,0,0,0,0,0,0,0,0,0,0,0,0,0,0,0,0,0,0,0,0,0,0,0,0,0
