CED_CODE_2021,P_650_799_15_19_yrs,P_650_799_20_24_yrs,P_650_799_25_34_yrs,P_650_799_35_44_yrs,P_650_799_45_54_yrs,P_650_799_55_64_yrs,P_650_799_65_74_yrs,P_650_799_75_84_yrs,P_650_799_85ov,P_650_799_Tot,P_800_999_15_19_yrs,P_800_999_20_24_yrs,P_800_999_25_34_yrs,P_800_999_35_44_yrs,P_800_999_45_54_yrs,P_800_999_55_64_yrs,P_800_999_65_74_yrs,P_800_999_75_84_yrs,P_800_999_85ov,P_800_999_Tot,P_1000_1249_15_19_yrs,P_1000_1249_20_24_yrs,P_1000_1249_25_34_yrs,P_1000_1249_35_44_yrs,P_1000_1249_45_54_yrs,P_1000_1249_55_64_yrs,P_1000_1249_65_74_yrs,P_1000_1249_75_84_yrs,P_1000_1249_85ov,P_1000_1249_Tot,P_1250_1499_15_19_yrs,P_1250_1499_20_24_yrs,P_1250_1499_25_34_yrs,P_1250_1499_35_44_yrs,P_1250_1499_45_54_yrs,P_1250_1499_55_64_yrs,P_1250_1499_65_74_yrs,P_1250_1499_75_84_yrs,P_1250_1499_85ov,P_1250_1499_Tot,P_1500_1749_15_19_yrs,P_1500_1749_20_24_yrs,P_1500_1749_25_34_yrs,P_1500_1749_35_44_yrs,P_1500_1749_45_54_yrs,P_1500_1749_55_64_yrs,P_1500_1749_65_74_yrs,P_1500_1749_75_84_yrs,P_1500_1749_85ov,P_1500_1749_Tot,P_1750_1999_15_19_yrs,P_1750_1999_20_24_yrs,P_1750_1999_25_34_yrs,P_1750_1999_35_44_yrs,P_1750_1999_45_54_yrs,P_1750_1999_55_64_yrs,P_1750_1999_65_74_yrs,P_1750_1999_75_84_yrs,P_1750_1999_85ov,P_1750_1999_Tot,P_2000_2999_15_19_yrs,P_2000_2999_20_24_yrs,P_2000_2999_25_34_yrs,P_2000_2999_35_44_yrs,P_2000_2999_45_54_yrs,P_2000_2999_55_64_yrs,P_2000_2999_65_74_yrs,P_2000_2999_75_84_yrs,P_2000_2999_85ov,P_2000_2999_Tot,P_3000_3499_15_19_yrs,P_3000_3499_20_24_yrs,P_3000_3499_25_34_yrs,P_3000_3499_35_44_yrs,P_3000_3499_45_54_yrs,P_3000_3499_55_64_yrs,P_3000_3499_65_74_yrs,P_3000_3499_75_84_yrs,P_3000_3499_85ov,P_3000_3499_Tot,P_3500_more_15_19_yrs,P_3500_more_20_24_yrs,P_3500_more_25_34_yrs,P_3500_more_35_44_yrs,P_3500_more_45_54_yrs,P_3500_more_55_64_yrs,P_3500_more_65_74_yrs,P_3500_more_75_84_yrs,P_3500_more_85ov,P_3500_more_Tot,P_PI_NS_15_19_yrs,P_PI_NS_ns_20_24_yrs,P_PI_NS_ns_25_34_yrs,P_PI_NS_ns_35_44_yrs,P_PI_NS_ns_45_54_yrs,P_PI_NS_ns_55_64_yrs,P_PI_NS_ns_65_74_yrs,P_PI_NS_ns_75_84_yrs,P_PI_NS_ns_85_yrs_ovr,P_PI_NS_ns_Tot,P_Tot_15_19_yrs,P_Tot_20_24_yrs,P_Tot_25_34_yrs,P_Tot_35_44_yrs,P_Tot_45_54_yrs,P_Tot_55_64_yrs,P_Tot_65_74_yrs,P_Tot_75_84_yrs,P_Tot_85ov,P_Tot_Tot
CED101,263,1261,1818,1414,1322,1463,1025,541,208,9311,127,1301,2534,1789,1804,1679,880,415,142,10673,68,1165,3099,2415,2132,2006,923,283,67,12163,17,743,2455,2007,1791,1489,588,136,40,9264,12,309,2131,1854,1630,1306,456,111,26,7837,7,129,1434,1606,1442,1042,315,65,13,6054,9,100,2075,3249,2718,1689,413,77,19,10344,0,10,324,826,731,370,84,26,0,2369,0,8,372,1161,1234,725,163,49,24,3743,426,622,1420,1146,943,894,824,827,974,8079,9139,11023,22767,22229,20812,20615,15152,8857,4515,135106
CED102,198,1714,2846,1719,1445,1318,854,457,171,10711,101,1613,4133,2328,1872,1670,775,328,117,12936,60,1369,4838,2901,2303,1822,751,204,66,14312,16,778,3703,2445,1781,1323,461,115,42,10662,5,372,3112,2427,1758,1144,364,94,32,9316,0,161,2098,1832,1442,962,256,43,14,6813,5,121,3247,3957,2757,1499,326,56,21,11986,0,12,528,954,682,326,73,27,8,2599,0,22,508,1414,1185,532,131,42,24,3866,485,989,2572,1633,1253,1003,872,1040,1053,10903,8255,13703,35274,27276,21959,19253,14612,9357,4459,154148
CED103,170,1163,1979,1479,1206,1247,1048,614,243,9143,104,1146,2606,1872,1557,1502,1014,463,186,10454,47,1238,4109,2700,1942,1853,1031,411,149,13482,24,872,3889,2552,1647,1431,706,209,72,11399,8,389,3613,2647,1756,1342,543,138,53,10492,5,165,2546,2299,1519,1140,394,104,40,8210,4,160,4160,6016,3644,2297,649,112,36,17083,0,22,709,1642,1170,655,144,31,11,4389,0,16,704,2533,2449,1271,318,77,29,7398,301,580,1749,1389,925,840,674,617,660,7731,9295,12422,32784,31319,22907,21079,15766,8557,4449,158584
CED104,244,869,748,918,1041,1188,1229,849,241,7320,146,928,1062,1089,1305,1372,1120,666,205,7900,60,934,1516,1519,1801,1698,1249,556,124,9465,16,662,1471,1531,1668,1505,833,308,79,8055,7,324,1407,1701,1759,1468,686,220,61,7641,0,111,992,1502,1625,1288,514,140,36,6204,0,90,1633,4024,4159,2774,795,217,45,13735,0,19,305,1311,1386,839,248,46,20,4187,4,10,325,2416,3205,1912,478,133,39,8519,289,283,463,627,682,570,562,709,906,5101,10623,8767,12432,19980,22631,20148,15702,9461,4070,123813
CED105,253,1660,2779,1988,1794,1512,760,353,125,11225,140,1606,3376,2348,2128,1686,604,203,56,12141,69,1361,3635,2654,2172,1751,573,133,24,12375,22,694,2668,1797,1413,1080,326,65,17,8083,13,298,1939,1421,1099,834,224,37,13,5864,8,107,1133,1029,799,504,125,16,4,3729,3,79,1313,1626,1092,642,159,26,9,4942,0,12,181,314,208,137,34,9,6,894,0,15,185,323,304,141,51,20,9,1045,1082,1571,3369,2660,2009,1632,1175,801,755,15049,11724,15369,31675,24842,21465,20086,13887,7429,3523,150001
CED106,170,900,949,998,949,958,1075,811,349,7157,97,845,1247,1235,1238,1139,1078,816,325,8020,41,913,1880,1718,1553,1442,1132,749,304,9722,10,608,1781,1623,1322,1148,862,499,187,8036,5,288,1664,1776,1460,1249,801,495,168,7912,0,123,1240,1669,1387,1079,586,354,107,6548,6,100,2266,4755,3699,2439,1037,508,182,14994,8,25,457,1702,1593,991,373,150,61,5359,8,31,557,4024,6071,3312,925,374,172,15479,306,332,638,745,683,596,603,698,954,5575,11279,9400,15818,24709,24628,19602,15435,10492,5448,136812
CED107,426,1108,1628,1351,1372,1543,1504,805,226,9958,281,1396,2274,1732,1938,1909,1220,492,135,11374,129,1032,2593,2110,2226,2248,1151,344,70,11902,48,609,2112,1708,1695,1560,690,166,26,8607,24,336,1646,1563,1639,1342,534,207,50,7346,3,169,1214,1303,1446,1082,339,63,32,5661,5,172,1749,2575,2633,1735,409,86,20,9397,0,24,309,488,509,321,99,33,9,1801,3,25,253,658,811,577,257,92,25,2699,860,955,2224,2060,1826,1678,1639,1261,693,13194,10167,9063,20457,19654,21049,21909,19023,10926,4049,136304
CED108,330,1648,2479,2057,1600,1364,805,409,78,10772,239,1802,3551,3075,2587,1972,637,171,43,14068,127,1472,4254,4050,3060,2319,600,86,17,15980,45,789,3420,3197,2276,1506,357,31,5,11621,19,318,2489,2752,1803,1173,280,44,14,8900,6,118,1563,2019,1235,761,164,11,5,5879,0,89,1835,3639,1929,1011,178,14,3,8694,0,11,246,701,304,123,40,11,0,1430,3,21,186,612,275,147,58,20,8,1328,1051,1132,2604,2324,1673,1272,997,738,536,12322,12586,13850,30830,31791,23248,19794,14213,6589,2464,155365
CED109,308,899,939,963,1104,1203,1255,813,302,7796,145,1182,1431,1250,1408,1499,1129,654,265,8964,50,1140,2273,1746,1917,1899,1220,496,155,10891,19,753,2281,1555,1733,1479,829,316,98,9070,13,367,2211,1810,1781,1454,695,226,78,8638,3,161,1655,1520,1632,1197,477,141,50,6827,0,143,2573,3397,3223,2102,647,168,72,12326,3,17,468,1022,1006,606,215,79,28,3448,3,19,562,2061,2269,1311,436,173,49,6884,369,364,1057,948,977,746,711,845,935,6960,8537,8298,18049,19311,20639,18747,15129,10008,5094,123810
CED110,327,1113,1655,1539,1622,1949,2032,1175,347,11765,172,1113,2150,1938,2211,2370,1533,710,228,12425,66,718,2113,2145,2438,2382,1403,563,155,11977,15,339,1452,1536,1685,1513,723,227,72,7561,4,131,1117,1250,1461,1194,512,220,94,5982,0,51,725,978,1194,915,282,90,19,4257,0,37,740,1531,1930,1263,369,105,27,5996,0,10,97,267,335,254,98,34,9,1107,9,16,139,412,575,441,208,101,39,1944,867,701,1666,1550,1457,1588,1643,1631,1253,12348,9679,7729,16670,17863,20566,24368,24373,14808,6018,142073
CED111,306,1608,1624,1203,1202,1270,1231,760,235,9443,150,1467,2152,1505,1547,1519,1149,494,156,10142,65,1211,2756,1954,1856,1819,1113,344,63,11184,32,670,2317,1663,1667,1438,654,184,36,8660,6,310,2164,1706,1718,1367,491,171,47,7981,0,117,1568,1634,1507,1097,298,71,22,6314,3,126,2144,3306,3176,1932,481,93,12,11279,0,15,337,737,810,469,90,26,7,2487,3,13,329,1130,1333,852,245,94,25,4033,552,739,1173,968,924,810,801,882,883,7732,9767,12639,21802,20029,20382,19750,15558,9837,4479,134240
CED112,375,1360,1763,1418,1548,1556,1447,796,243,10506,182,1373,2394,1953,1955,1904,1092,443,163,11468,86,977,2729,2265,2410,2210,970,279,81,12005,32,486,2121,2020,1843,1494,587,135,45,8780,10,189,1584,1754,1684,1143,411,127,46,6955,5,99,1044,1487,1397,875,244,55,14,5212,3,54,1189,2308,2217,1314,317,64,12,7478,5,7,160,432,441,282,84,15,5,1427,3,22,138,540,691,466,139,67,36,2105,636,536,1166,1145,1141,1039,1199,1348,1303,9514,10033,9114,19020,19708,20457,19907,17745,10959,4801,131734
CED113,366,952,1452,1154,1221,1615,1571,809,242,9378,252,1198,2084,1564,1703,1893,1395,581,129,10799,125,986,2482,1984,2128,2440,1399,438,104,12089,32,665,2020,1760,1870,1753,853,199,37,9196,13,311,1973,1877,1887,1633,701,192,65,8655,3,124,1313,1605,1753,1311,437,99,32,6662,7,91,1823,3244,3527,2246,553,125,31,11657,0,13,250,635,789,480,137,42,6,2362,10,20,270,871,1452,937,269,94,21,3943,650,544,1487,1334,1431,1608,1438,1013,605,10118,8718,7493,18847,19388,22010,23536,19654,9855,3452,132953
CED114,460,1380,1775,1545,1595,1799,1644,880,278,11368,298,1499,2971,2255,2240,2390,1416,571,205,13850,140,1165,3157,2549,2651,2737,1283,381,82,14138,40,554,2132,1915,1906,1741,710,189,32,9217,15,230,1630,1598,1632,1460,539,162,61,7317,8,95,928,1149,1264,1097,321,101,12,4971,8,84,1012,1757,2038,1351,355,97,23,6724,0,7,120,293,306,271,103,31,10,1147,7,25,169,411,553,505,287,105,35,2091,990,801,1841,1674,1847,1984,2040,1590,947,13710,10298,8948,20376,19463,20990,23306,20824,12114,4701,141007
CED115,224,1263,1925,1744,1918,1674,801,330,98,9970,176,1331,2670,2187,2321,1963,689,185,57,11574,63,1218,3136,2323,2235,1824,603,100,20,11533,17,636,2366,1648,1409,1156,332,49,9,7631,5,295,1700,1251,1072,867,244,44,11,5483,5,109,1083,944,744,528,145,19,3,3576,0,71,1226,1435,1029,688,174,16,8,4646,0,12,163,233,201,135,36,7,0,785,0,11,119,294,265,160,59,24,5,943,892,964,2221,1881,1613,1516,1147,928,846,12007,11236,12460,24843,22062,22132,22246,16092,7871,3531,142478
CED116,284,1010,1470,1266,1455,1969,2340,1232,368,11392,159,1009,1915,1615,1914,2165,1701,803,220,11505,62,678,2015,1870,2099,2441,1718,596,133,11605,15,391,1454,1391,1587,1590,955,315,71,7772,9,163,1258,1252,1311,1338,651,241,82,6292,0,67,857,1076,1093,1025,397,112,23,4644,0,36,938,1731,1888,1575,478,134,31,6811,0,7,121,326,359,317,142,40,6,1313,10,11,148,518,699,651,308,116,30,2491,751,604,1424,1378,1460,1562,1688,1398,905,11168,8273,6842,15593,16466,18925,24979,26616,14966,5405,138060
CED117,144,1152,1711,893,747,820,847,438,86,6845,78,977,2261,1245,1029,972,821,299,60,7734,28,998,3306,1889,1489,1268,929,253,61,10214,12,685,3463,1809,1453,1105,579,176,13,9293,3,329,3235,2018,1555,1159,542,119,18,8982,4,138,2532,1953,1507,1014,400,103,16,7667,5,120,4717,5312,3847,2237,656,112,12,17012,0,10,904,1780,1469,676,201,49,9,5103,0,25,1227,4393,4354,1886,454,84,14,12438,247,553,1628,1224,963,838,781,724,692,7645,6069,9095,29123,25666,21719,16191,11617,6214,2659,128354
CED118,336,1465,1950,1915,1423,1101,827,355,74,9451,191,1555,2917,2848,2080,1530,726,191,63,12109,89,1496,4071,3959,2763,1952,738,145,27,15240,23,849,3526,3551,2326,1509,460,55,16,12311,16,403,2760,3449,2287,1294,337,50,17,10613,14,163,1980,2944,1933,1009,208,16,9,8267,0,127,2916,6846,3782,1713,293,20,4,15693,0,11,424,1721,878,335,51,7,0,3430,3,20,379,1642,1071,382,77,24,10,3614,580,987,2429,2136,1349,868,693,477,265,9785,11895,12810,29697,37663,24846,18229,13110,6111,1995,156361
CED119,361,1078,968,1061,1051,1126,1240,629,177,7687,182,1178,1450,1445,1467,1398,1053,441,86,8699,98,1192,2127,1878,2066,1857,1101,396,50,10759,21,745,2191,1916,1865,1520,749,183,39,9236,18,316,2074,1998,2000,1486,503,119,23,8550,8,150,1550,1895,1854,1199,324,63,14,7040,4,127,2335,4302,3914,2305,519,78,13,13601,0,9,353,1053,1053,532,125,18,8,3142,0,7,351,1568,1670,950,190,33,18,4789,322,324,655,730,656,568,623,758,1034,5682,9699,8704,16829,21063,21011,17935,13793,7886,3181,120095
CED120,549,1342,1584,1388,1364,1402,1340,643,146,9761,314,1562,2268,1906,1923,1832,1096,409,99,11417,131,1306,3076,2460,2448,2296,1132,269,60,13179,37,743,2677,2165,2129,1635,676,160,28,10255,16,360,2274,2171,2063,1468,516,123,35,9022,13,157,1535,1779,1793,1082,324,60,3,6747,0,143,1900,3242,3229,1963,446,94,16,11037,0,19,279,600,639,413,100,19,3,2073,0,13,262,697,953,677,253,75,23,2953,683,579,1366,1328,1242,1167,1157,921,663,9115,10914,9573,21582,21855,22428,20748,17034,8874,3108,136113
CED121,480,1300,1880,1488,1530,1471,1527,835,214,10727,311,1588,2532,1892,1987,1736,1166,490,140,11843,133,1141,2897,2343,2450,2086,1081,350,71,12552,45,615,2102,1804,1823,1395,572,155,28,8529,17,311,1807,1650,1530,1262,448,167,53,7231,0,155,1300,1407,1354,956,271,76,13,5528,3,161,2078,2826,2613,1780,332,71,12,9883,0,17,354,606,567,406,80,31,3,2069,7,23,250,591,719,618,188,68,24,2494,693,805,1773,1618,1452,1234,1315,1230,1007,11118,10422,9941,22251,21046,21516,21629,19128,10968,4383,141295
CED122,217,1307,2180,1168,1083,1090,942,570,171,8730,115,1405,3089,1688,1432,1346,925,452,154,10611,64,1417,4542,2321,1875,1714,966,369,123,13395,23,980,4241,2116,1669,1369,602,184,64,11240,11,510,3963,2293,1779,1282,481,172,53,10550,10,244,3012,2088,1518,1041,373,106,37,8426,9,185,4892,5108,3484,1968,534,165,39,16390,7,31,918,1592,1151,582,169,52,26,4521,4,51,1022,3276,3136,1307,339,93,35,9256,512,1094,2787,1894,1410,1136,996,888,756,11475,8753,14389,36721,27612,22576,18246,13670,8778,3791,154528
CED123,464,1668,2093,1671,1354,1226,1028,510,98,10110,301,1980,3083,2503,2155,1643,895,288,62,12909,128,1686,4117,3407,2778,2215,843,183,25,15379,48,964,3458,2893,2253,1653,544,91,26,11927,27,488,2861,2680,2159,1410,409,75,29,10131,6,173,1865,2125,1703,1023,237,31,11,7176,3,155,2276,3641,2854,1616,309,37,13,10897,3,20,274,674,526,271,64,17,6,1855,0,18,242,650,618,396,103,33,10,2071,775,1042,2463,2131,1624,1115,1003,865,606,11623,11509,12890,28860,27817,23115,19113,14685,7278,2446,147710
CED124,355,926,1371,1317,1540,2011,2121,1238,331,11209,142,886,1602,1663,1964,2265,1527,732,183,10958,76,609,1665,1721,2131,2254,1414,504,113,10491,22,272,1094,1204,1454,1544,766,259,57,6662,7,125,809,1022,1252,1178,539,214,82,5232,0,34,531,827,983,875,290,92,16,3652,4,38,639,1391,1684,1281,381,94,27,5538,0,12,88,233,321,239,96,36,6,1036,8,18,103,353,552,472,260,116,33,1914,695,446,978,1064,1220,1546,1800,1645,1122,10527,8337,5989,12603,14663,18632,24506,26639,15676,5529,132575
CED125,417,1575,2375,2116,1606,1500,1056,409,87,11154,276,1798,3508,3045,2407,1996,846,243,41,14162,109,1515,4598,3870,2973,2318,816,164,31,16399,26,782,3689,3389,2321,1624,560,83,15,12477,13,379,3015,2882,2029,1341,373,66,10,10103,16,176,2011,2168,1454,989,233,26,4,7070,9,128,2507,3673,2420,1377,266,32,4,10416,3,12,262,655,468,226,65,10,3,1702,6,11,298,707,546,304,95,24,13,1988,834,881,1984,1892,1325,1063,855,682,340,9846,12600,12938,32135,31773,23413,20815,15452,6723,1764,157621
CED126,323,1099,1005,980,1095,1266,1382,1004,318,8483,142,1131,1399,1211,1458,1504,1270,779,261,9160,66,1036,2112,1687,1914,1941,1358,727,173,11010,23,554,1760,1561,1787,1635,916,396,119,8749,6,219,1611,1714,1978,1529,790,331,110,8290,7,82,1147,1503,1703,1292,559,241,62,6588,6,93,1746,3407,3682,2349,858,295,89,12526,5,15,352,1164,1353,744,254,102,25,4011,9,18,397,2548,3859,2128,677,263,73,9966,360,351,712,774,859,802,756,874,985,6473,9840,8252,14602,19477,23204,19874,15853,11157,4854,127120
CED127,402,1001,1223,1137,1216,1336,1453,800,231,8799,211,1171,1660,1409,1607,1576,1254,496,121,9502,106,906,2219,1812,2108,2039,1302,396,70,10953,28,572,1829,1647,1725,1552,802,198,36,8395,10,252,1549,1661,1878,1482,597,144,30,7600,11,117,1100,1492,1719,1281,383,78,16,6187,0,95,1427,2809,3108,2264,533,114,15,10372,0,4,197,496,666,463,133,32,10,1999,3,13,195,676,1057,724,217,78,15,2979,441,365,842,812,901,828,811,800,698,6495,9058,7669,15957,17502,20142,19851,16878,8817,2981,118852
CED128,316,1266,1818,1714,1501,1410,907,417,111,9463,171,1375,2545,2036,1991,1797,742,222,58,10934,85,1127,3090,2470,2251,1928,685,136,31,11803,29,670,2438,1943,1742,1329,404,60,10,8626,8,308,1819,1724,1448,1092,284,53,23,6759,3,131,1156,1317,1095,724,182,21,6,4633,5,80,1410,2094,1632,1055,207,23,3,6507,6,10,201,404,295,197,41,5,3,1170,0,9,130,436,387,215,80,31,8,1294,821,914,2139,1928,1488,1260,1069,782,540,10931,11462,11602,24808,23745,21659,20657,15028,7987,3016,139961
CED129,313,1122,1036,1376,1279,1058,1169,704,148,8206,174,1151,1549,1748,1592,1279,1064,477,86,9115,86,1286,2358,2517,2238,1720,1096,418,55,11776,26,889,2284,2515,2084,1488,747,235,26,10300,10,432,2328,2746,2211,1532,600,147,12,10021,8,163,1754,2567,2052,1329,418,93,13,8410,4,130,2929,6751,5123,2635,671,125,19,18398,0,17,471,2145,1597,705,190,19,0,5143,0,16,529,3033,2847,1383,295,65,16,8181,337,369,811,963,767,589,560,554,615,5570,12409,10772,19730,31629,26366,19508,15586,8628,2888,147523
CED130,381,1066,1729,1392,1416,1525,1426,863,277,10065,268,1282,2553,1895,1952,2056,1181,506,136,11819,117,930,2749,2292,2235,2174,1183,404,72,12154,34,484,1642,1542,1494,1356,610,174,42,7378,13,208,1214,1277,1267,1047,463,228,49,5756,7,81,849,972,1022,814,268,94,25,4127,4,106,971,1782,1944,1207,351,107,20,6496,0,10,151,268,355,251,98,24,8,1169,8,28,159,347,509,497,195,82,32,1859,1195,966,1744,1582,1697,1736,1682,1438,846,12896,10205,8576,18332,17346,18887,20989,19028,11547,4170,129088
CED131,320,1799,1901,1280,1088,1237,1226,561,201,9608,172,1811,2803,1626,1555,1569,1104,462,168,11263,72,1428,3508,2287,2097,1936,1102,336,62,12824,22,824,3184,2018,1703,1431,605,182,46,10015,14,371,2787,2025,1725,1301,454,138,47,8860,4,148,1966,1793,1520,1057,330,75,22,6907,0,141,2636,3623,3156,1871,448,108,28,12009,3,19,387,816,786,421,131,40,10,2611,9,21,424,1265,1439,897,289,65,19,4426,588,910,1385,1048,1009,906,874,934,1073,8723,9686,14233,26362,21715,20481,19021,14886,8421,4195,139005
CED132,153,770,1012,795,683,833,1036,632,251,6159,59,822,1499,1200,917,993,1070,608,190,7361,38,989,2628,1694,1262,1201,1214,615,171,9806,10,770,2927,1711,1270,1113,848,438,129,9213,10,387,3120,2032,1352,1097,840,352,108,9299,6,186,2502,1959,1316,1041,608,277,98,7995,3,188,5449,5966,3648,2371,1145,462,118,19347,7,40,1202,2292,1609,870,395,147,44,6601,8,45,1774,5905,6369,3502,1257,432,114,19404,282,343,1323,1245,902,692,721,689,840,7035,8001,8384,26637,28485,22770,18016,14675,8564,3978,139516
CED133,328,1173,1799,1630,1735,2036,1922,937,277,11846,208,1204,2294,2161,2343,2570,1523,547,159,13006,87,718,2281,2161,2592,2641,1375,394,83,12338,15,315,1379,1571,1696,1530,666,153,44,7356,8,137,1015,1292,1415,1302,492,173,49,5888,3,51,602,908,1073,831,274,71,20,3829,4,41,608,1453,1760,1225,310,76,13,5493,0,3,72,217,270,238,67,27,0,900,12,23,114,299,481,380,196,87,18,1603,901,828,1900,1875,1807,1879,1689,1220,856,12943,9286,7703,16948,18220,21285,25491,23867,12398,4765,139966
CED134,398,952,1548,1186,1178,1299,1102,648,181,8487,238,1124,2326,1645,1664,1818,977,413,127,10330,158,971,2682,1931,1929,2043,928,296,57,10988,57,595,1932,1428,1449,1371,564,149,31,7580,30,301,1659,1358,1216,1160,379,142,46,6310,16,179,1151,1020,1080,836,300,68,16,4658,4,170,1588,1875,1821,1380,340,46,17,7254,0,11,231,345,352,298,79,28,4,1350,16,25,257,463,533,423,206,94,25,2036,1319,1141,2623,2370,2383,2599,2212,1757,960,17357,8622,8098,20378,17408,18177,20522,16652,9984,3784,123625
CED135,185,1772,3087,2030,1399,1191,780,407,124,10962,115,1765,4474,2700,1858,1522,696,257,67,13451,73,1388,5149,3627,2133,1772,623,188,37,14995,14,846,4124,2886,1800,1204,409,92,22,11407,6,375,3563,2702,1671,1124,336,78,17,9869,0,155,2247,2530,1329,774,223,34,4,7298,0,120,3865,5887,2486,1367,312,54,16,14106,0,14,496,1251,544,284,57,19,5,2672,0,24,452,1309,768,397,123,30,4,3103,671,1290,3430,2681,1505,1263,878,638,475,12830,9165,14787,41351,35876,21774,18912,13183,7022,2750,164828
CED136,390,1384,2035,1548,1523,1555,1665,914,223,11246,214,1561,2741,2045,2074,1971,1235,498,119,12462,101,1161,3372,2620,2508,2226,1109,361,58,13524,22,632,2443,2064,1807,1534,580,149,30,9267,10,269,1928,1834,1693,1248,413,154,51,7609,3,123,1283,1478,1400,990,230,61,21,5583,4,103,1661,2540,2465,1496,325,80,20,8703,0,11,239,442,442,313,78,15,6,1550,3,19,186,471,630,432,168,80,26,2015,574,549,1195,1061,1026,1031,1225,1083,618,8376,10202,9935,22578,20994,21056,21520,20148,11427,3585,141438
CED137,181,2021,3095,1527,1245,1226,1017,560,204,11077,94,2015,4474,2121,1552,1440,951,422,133,13201,67,1647,5728,2787,1925,1828,1050,338,86,15459,17,1091,4626,2464,1663,1330,705,226,53,12186,24,549,4156,2540,1732,1260,592,182,38,11080,11,228,2951,2312,1417,1061,423,124,27,8546,3,181,5067,5303,3375,2179,684,177,50,17012,0,26,857,1608,1108,704,217,70,17,4599,0,33,1068,2763,2890,1589,528,123,38,9036,387,1299,3319,2102,1176,957,757,670,753,11414,8326,17054,44942,31446,22985,20547,14966,8357,4033,172643
CED138,276,1093,1809,1606,1660,2019,1971,1063,355,11848,165,1023,2195,2033,2129,2355,1539,634,215,12295,39,609,2308,2365,2486,2479,1500,506,128,12422,11,258,1542,1824,1910,1546,794,233,57,8178,7,101,1138,1591,1639,1325,576,198,72,6651,7,46,682,1234,1272,945,345,101,34,4667,6,40,808,1939,2120,1389,484,124,29,6934,0,3,146,425,430,296,113,38,13,1457,13,13,184,762,904,670,336,106,40,3024,737,653,1632,1815,1732,1794,1713,1445,1436,12946,8502,6937,16911,20279,21616,23944,23116,12984,5793,140075
CED139,515,1261,1720,1376,1299,1543,1483,818,212,10221,346,1554,2424,1948,1878,1947,1241,506,178,12028,188,1191,2749,2292,2240,2234,1134,384,77,12483,86,592,1964,1617,1552,1476,636,183,31,8139,22,304,1628,1437,1426,1249,479,203,71,6813,14,141,1069,1213,1159,908,264,91,27,4888,7,90,1264,1860,1966,1308,384,86,32,7001,0,8,162,310,402,248,96,27,11,1271,15,19,186,460,586,466,243,91,27,2091,948,900,1625,1567,1547,1591,1544,1328,772,11823,10076,9694,19302,17955,18668,20494,18454,10999,4472,130124
CED140,292,1183,1265,1277,1314,1518,1602,916,297,9673,144,1091,1719,1456,1589,1824,1359,609,185,9984,68,795,2120,1839,2075,2064,1224,467,145,10795,26,447,1714,1664,1708,1507,767,229,63,8130,9,186,1407,1558,1623,1282,527,180,67,6830,0,63,1006,1417,1384,1132,359,102,21,5477,10,55,1305,2700,2766,1840,455,130,25,9281,0,4,212,650,677,394,126,43,19,2126,0,9,211,1018,1237,839,275,127,36,3755,415,418,975,957,989,1008,1121,1193,1143,8224,8514,7741,15546,18415,19900,20601,18589,11769,4904,125967
CED141,350,1144,1368,1225,1287,1445,1569,892,248,9523,165,1280,1840,1581,1791,1782,1157,544,140,10279,81,885,2399,2060,2233,2127,1223,398,80,11485,17,461,1933,1822,1730,1480,622,182,38,8291,11,198,1549,1643,1625,1279,437,159,45,6951,3,78,1063,1317,1417,1013,243,75,16,5229,5,68,1367,2694,2667,1642,380,66,21,8913,0,9,198,542,546,343,68,23,9,1728,3,5,194,699,876,558,179,77,34,2638,407,386,858,815,829,819,970,1043,743,6869,8720,8066,16592,18037,19352,19836,18216,11649,4300,124765
CED142,189,1941,4134,1512,848,753,641,288,76,10389,122,1933,5196,2045,1055,934,698,301,62,12345,57,2079,7075,2737,1394,1123,793,276,49,15585,23,1386,6807,2561,1323,965,522,164,24,13773,15,844,6257,2817,1479,1034,468,156,23,13090,3,451,5036,2709,1340,897,418,115,32,11008,10,488,10120,7614,3608,2050,653,198,34,24772,9,110,2223,2541,1314,674,219,56,12,7166,10,124,3033,5526,3812,2164,729,179,31,15619,397,1780,5046,2748,1674,1341,1013,673,335,15008,5221,21303,66085,38113,21905,17105,11536,5460,1726,188461
CED143,230,906,973,677,797,890,913,663,230,6288,101,873,1403,987,1066,1093,975,616,225,7334,40,919,2296,1416,1419,1375,1126,636,182,9411,12,588,2324,1421,1355,1183,876,382,106,8254,16,314,2256,1642,1457,1274,737,379,93,8158,9,106,1860,1396,1284,1129,596,289,76,6753,8,109,3585,4057,3409,2265,1015,435,118,15001,4,18,850,1679,1442,861,306,137,38,5340,5,21,1244,5134,6580,3459,1112,446,123,18124,283,307,916,897,832,680,603,613,705,5837,8534,7500,19905,22047,22937,17994,12869,8447,3588,123828
CED144,213,1447,2517,1994,1808,1582,752,408,132,10852,110,1376,3202,2370,2195,1680,679,276,127,12009,59,1222,3642,2605,2368,1765,606,153,49,12456,15,673,2624,2013,1509,1162,375,80,22,8475,13,305,2034,1750,1304,941,257,66,18,6675,3,107,1352,1268,1053,693,165,28,16,4680,4,88,1719,2304,1795,1044,234,38,12,7237,0,10,256,513,429,223,61,7,3,1505,4,8,260,774,692,355,84,19,16,2218,807,1161,2769,2175,1690,1419,1020,911,762,12719,10532,12922,29658,25802,22568,20243,14172,8469,4030,148398
CED145,146,751,1271,705,634,662,759,502,163,5595,68,737,1896,921,804,833,832,505,179,6763,46,921,2862,1348,1097,1030,958,488,131,8888,8,676,3019,1259,1023,920,709,381,90,8089,11,365,3201,1506,1207,944,725,327,98,8388,6,185,2698,1537,1123,872,640,333,82,7477,14,208,5851,4093,2670,1791,1057,488,145,16305,6,59,1413,1710,1199,777,404,206,69,5840,7,71,2568,5936,5692,3292,1601,689,218,20071,380,471,2076,1396,1046,793,760,993,1348,9257,6356,7399,29509,22889,19184,14854,12206,7953,3903,124257
CED146,387,1482,2013,2034,1910,1590,777,309,72,10577,235,1629,2764,2689,2576,1982,643,200,53,12763,118,1527,3581,3237,2852,2199,591,94,10,14212,37,868,2868,2484,2152,1555,360,41,13,10384,11,381,2316,2254,1825,1181,306,38,8,8316,9,145,1422,1670,1404,838,166,18,5,5674,3,109,1739,2819,2050,1147,188,24,4,8088,0,12,217,618,374,197,41,9,0,1470,7,15,188,577,478,254,72,24,7,1626,1001,880,1941,1915,1491,1343,991,842,623,11024,14596,13950,27054,28678,25218,22144,13772,6466,2331,154210
CED147,411,1299,1746,1557,1482,1474,1532,962,219,10683,187,1462,2371,1839,2000,1833,1170,530,134,11528,93,1108,2743,2373,2426,2177,1193,399,88,12592,31,529,2177,1904,1831,1518,664,207,40,8900,7,241,1766,1721,1709,1302,509,191,37,7492,5,104,1156,1411,1366,1016,278,98,22,5457,9,72,1565,2589,2584,1659,403,132,25,9030,4,5,198,529,494,347,112,42,10,1742,8,18,195,659,853,603,292,140,29,2787,557,501,1008,1010,1031,973,1071,1136,1019,8295,10265,9290,19618,19998,21099,21244,19079,12146,4497,137237
CED194,26,78,140,69,64,102,57,22,0,559,10,72,171,79,71,80,29,9,0,528,0,45,169,73,76,67,43,6,3,482,0,15,101,68,50,33,24,0,0,291,0,8,80,63,43,36,14,0,0,235,0,4,54,41,22,24,19,0,0,165,0,9,84,70,53,39,5,3,0,262,0,0,12,21,12,6,0,0,0,57,0,0,16,39,36,22,5,8,0,131,179,269,720,748,604,451,188,56,16,3230,532,829,2187,1859,1678,1648,1055,277,49,10112
CED197,0,0,0,0,0,0,0,0,0,0,0,0,0,0,0,0,0,0,0,0,0,0,0,0,0,0,0,0,0,0,0,0,0,0,0,0,0,0,0,0,0,0,0,0,0,0,0,0,0,0,0,0,0,0,0,0,0,0,0,0,0,0,0,0,0,0,0,0,0,0,0,0,0,0,0,0,0,0,0,0,0,0,0,0,0,0,0,0,0,0,0,0,0,0,0,0,0,0,0,0,0,0,0,0,0,0,0,0,0,0
CED201,181,1061,1413,1379,1526,1475,1312,706,213,9272,111,1245,2284,1918,1940,1851,1100,441,109,11003,53,1060,3101,2531,2502,2257,1061,258,67,12892,10,537,2544,2110,2032,1699,594,109,27,9663,4,229,2139,2157,1968,1566,408,101,27,8589,3,86,1319,1764,1495,1080,267,33,8,6055,3,51,1701,3260,2696,1791,363,42,14,9922,0,3,202,726,656,423,91,12,5,2119,0,14,191,746,820,561,119,33,21,2503,338,419,893,829,792,704,711,801,702,6195,9314,9661,20219,22280,21548,20530,15998,8898,3540,131987
CED202,265,1180,1628,1343,1311,1491,1541,766,208,9743,165,1236,2411,1782,1825,1777,1167,433,183,10972,70,903,2702,2276,2265,2077,961,297,50,11594,19,440,1996,1699,1746,1462,543,153,48,8108,13,175,1664,1614,1564,1224,385,139,49,6814,0,71,971,1292,1274,848,252,60,16,4784,8,68,1179,2031,2156,1400,352,52,16,7260,0,9,157,413,455,302,85,21,12,1458,9,27,175,615,841,544,230,81,25,2539,629,586,1172,1025,1203,1133,1221,971,771,8712,9108,8630,18890,18557,19622,19499,17372,8981,3545,124204
CED203,269,1079,1587,1362,1393,1590,1531,815,235,9867,132,1237,2426,1895,1830,1929,1242,524,137,11359,69,859,2490,2143,2234,2145,1077,344,85,11441,9,447,1939,1676,1672,1414,632,164,36,7990,9,209,1648,1681,1605,1254,485,136,57,7074,0,86,966,1225,1301,889,268,68,19,4833,4,68,1120,1938,2077,1398,351,85,25,7060,0,15,134,406,454,286,85,19,7,1397,5,11,140,478,636,443,178,72,34,2002,608,599,1419,1292,1342,1362,1325,1119,899,9967,8508,8279,18378,18254,19119,20117,18353,10043,4060,125110
CED204,205,1295,2110,1809,1758,1516,1040,440,139,10323,146,1473,3234,2760,2462,2061,862,250,58,13295,69,1176,3903,3060,2766,2261,757,151,30,14179,14,607,2766,2392,2080,1604,452,71,16,9994,9,250,2069,1950,1726,1285,326,70,15,7705,3,101,1191,1434,1191,809,182,28,5,4950,4,63,1382,2196,1830,1276,257,32,5,7042,0,7,186,444,365,255,53,6,0,1322,0,16,159,461,461,351,99,34,20,1603,739,883,2161,1656,1438,1207,979,825,554,10451,11078,12226,26482,25001,22936,21311,15323,8050,3212,145620
CED205,187,1345,2587,2264,1543,1156,622,281,68,10049,131,1564,3813,2963,2015,1454,500,135,44,12605,71,1149,4225,3283,2338,1670,377,60,16,13187,22,596,3004,2516,1564,1080,226,23,6,9038,4,248,2317,2114,1327,928,167,24,9,7133,9,84,1322,1503,918,585,91,8,0,4523,5,82,1512,2380,1271,724,136,22,3,6131,0,18,180,452,273,144,36,0,0,1115,3,20,174,422,295,205,41,10,0,1180,904,1040,2489,2134,1473,1131,711,451,171,10506,12026,13349,32238,29729,21444,17912,10657,4948,1482,143794
CED206,243,1162,1433,1447,1408,1441,1434,750,184,9503,155,1292,2126,1749,1977,1997,1199,428,90,11008,69,955,2743,2268,2471,2265,1060,311,59,12201,14,462,2338,1974,2117,1651,633,144,31,9363,10,208,2122,2028,1980,1505,467,117,34,8478,0,97,1308,1524,1479,1112,305,53,12,5889,0,56,1688,2855,2702,1747,419,84,8,9554,0,17,236,575,621,401,95,17,5,1958,4,15,173,652,910,568,181,71,21,2604,475,451,964,919,1120,1023,887,744,450,7045,9563,8754,19271,20562,21712,20483,16491,8622,2699,128156
CED207,138,1245,1794,1324,1324,1189,1254,1006,402,9670,67,1263,2672,1721,1711,1469,1155,768,350,11180,39,1235,3406,2220,2084,1782,1002,566,199,12538,22,637,2887,1900,1617,1340,648,311,117,9480,11,301,2248,1949,1737,1303,553,254,94,8447,6,111,1416,1706,1488,1040,379,142,61,6349,0,106,2046,3992,3487,2132,529,179,68,12550,0,26,346,1195,1055,624,142,50,21,3469,4,30,342,1605,1982,1038,254,104,54,5414,414,962,1685,1037,906,779,748,919,951,8398,11321,15469,26052,24258,23436,19846,16313,12503,6401,155599
CED208,94,1043,2196,1350,1231,1091,816,423,168,8413,41,1034,2945,1799,1615,1248,714,260,80,9745,26,846,3797,2344,1914,1458,593,167,55,11192,11,449,3528,2226,1640,1177,416,73,33,9547,4,194,3123,2361,1772,1077,357,75,32,8996,0,75,2112,2031,1533,897,206,43,10,6911,0,65,3003,4330,3043,1518,291,45,14,12299,0,8,501,1112,919,383,66,10,5,3001,5,22,416,1885,1826,656,135,23,10,4976,354,610,1622,1182,1015,818,761,751,750,7863,7078,9849,29817,25311,21520,16198,11117,7645,4071,132603
CED209,194,1086,1445,1257,1152,1339,1698,921,216,9315,133,1128,1975,1700,1568,1561,1371,578,132,10130,51,874,2660,2210,2025,1908,1224,383,90,11419,15,429,2182,1974,1714,1360,642,213,57,8584,0,180,1979,2056,1783,1256,529,158,43,7989,0,59,1301,1602,1472,913,332,79,23,5788,3,44,1635,3009,2575,1542,434,125,30,9404,0,7,212,623,604,372,95,33,6,1969,0,21,239,899,1049,698,276,96,38,3320,471,505,864,859,901,884,1174,1117,1030,7807,8476,8523,18315,19922,18524,18027,18371,9805,3841,123811
CED210,209,1275,1845,1358,1310,1348,1331,728,218,9628,123,1346,2649,1767,1805,1670,1096,394,131,10986,52,1024,3266,2133,2053,1926,945,259,78,11735,13,543,2637,1721,1690,1461,576,143,25,8797,4,235,2164,1761,1630,1184,419,144,52,7587,4,90,1370,1373,1334,891,249,61,16,5378,3,65,1876,2735,2380,1536,317,88,19,9027,7,13,282,566,567,353,84,25,8,1914,3,26,319,940,1090,580,211,67,14,3248,559,744,1856,1519,1292,1058,1126,905,628,9682,9064,10402,23778,20514,20133,18988,15914,9111,3776,131674
CED211,155,1041,1424,1368,1307,1323,1368,916,297,9192,109,1162,2237,1857,1861,1626,1263,640,221,10969,42,998,2870,2300,2324,2021,1101,438,147,12238,14,553,2476,2129,1894,1497,671,222,64,9533,6,213,2235,2124,2000,1457,516,164,65,8795,4,77,1458,1887,1647,1070,296,68,24,6523,3,51,2033,4173,3360,2034,447,104,35,12237,0,4,324,1004,901,470,94,28,13,2839,3,4,260,1263,1350,699,183,64,22,3856,298,389,879,867,814,748,755,948,1134,6831,9568,9432,20697,24068,22458,19537,16157,10489,4847,137248
CED212,208,1070,1480,1447,1375,1383,1267,687,214,9131,128,1163,2386,2008,2057,1871,990,447,142,11200,55,929,2817,2456,2596,2211,955,298,66,12378,12,419,2469,2091,1999,1515,588,155,46,9299,5,195,1967,2049,1831,1343,450,126,37,8006,3,62,1234,1631,1539,1007,262,56,19,5812,0,56,1651,2803,2644,1596,411,97,21,9285,0,3,208,602,591,322,84,26,7,1846,6,9,200,879,1092,601,209,80,29,3102,579,535,1293,1312,1347,1047,908,875,717,8618,9215,8568,19993,21835,21967,19405,15113,8681,3550,128332
CED213,271,948,1097,1060,1286,1587,1919,1197,346,9718,218,1050,1543,1322,1836,1838,1573,730,218,10319,126,725,1855,1670,2157,2065,1438,623,126,10782,30,348,1625,1396,1731,1595,886,335,86,8036,10,145,1441,1443,1693,1378,668,271,91,7140,0,73,811,1071,1208,978,450,156,32,4779,7,54,1007,2010,2304,1741,697,205,51,8073,0,11,170,439,556,412,201,81,16,1887,7,12,190,732,1095,1015,554,232,78,3911,570,433,882,1030,1324,1290,1557,1516,1224,9823,8232,6826,13646,15714,19647,20756,21953,14401,5492,126669
CED214,113,1299,2791,1720,1534,1279,828,326,114,9998,99,1340,4033,2468,2116,1622,574,171,69,12490,34,1110,4560,2711,2192,1544,507,104,17,12779,13,578,3541,2336,1551,1055,277,38,8,9395,0,223,2878,2177,1451,869,237,47,13,7889,0,95,1949,1773,1128,617,116,13,3,5709,0,68,2744,3521,2028,985,158,17,3,9527,0,6,470,873,485,209,38,3,0,2086,4,21,406,1201,838,288,69,15,4,2848,641,1030,2926,1933,1447,1215,1033,861,670,11760,8354,12347,35377,27544,21769,18224,13633,7554,3419,148218
CED215,171,1044,1851,1734,1257,1028,846,428,127,8487,96,1146,3015,2686,1802,1329,694,241,82,11084,48,951,3631,3449,2250,1581,662,160,48,12775,16,492,3052,3100,1970,1246,377,86,22,10352,12,227,2661,3179,2044,1222,286,86,23,9734,0,94,1742,2698,1768,958,207,33,14,7514,0,70,2729,6246,3716,1687,279,38,11,14771,0,12,491,1770,1010,482,73,10,4,3854,9,26,456,2342,1931,790,149,19,9,5725,567,822,2346,2183,1292,871,685,544,451,9770,9572,9810,28701,36362,24236,17137,11831,6068,2518,146246
CED216,264,986,1516,1322,1407,1742,1712,887,205,10050,164,1089,1948,1664,1748,1896,1303,500,146,10466,84,747,2256,1840,1936,2016,1152,361,81,10467,24,409,1664,1401,1427,1357,625,158,45,7105,10,241,1440,1264,1342,1226,421,135,26,6111,4,83,829,922,944,860,275,62,16,4006,6,65,958,1453,1613,1372,310,59,20,5857,4,9,156,302,370,298,100,25,5,1274,3,11,168,431,612,529,181,66,30,2044,813,703,1773,1773,1628,1774,1967,1475,993,12900,8251,7366,17215,16748,18427,22658,22098,11705,3939,128407
CED217,110,724,796,694,935,1048,1289,847,347,6792,74,744,1216,985,1216,1356,1265,674,255,7791,41,733,1742,1286,1477,1639,1422,641,184,9166,12,398,1817,1350,1459,1371,1008,406,118,7943,6,181,1709,1424,1690,1446,774,312,94,7636,6,91,1233,1385,1452,1215,593,234,75,6275,9,66,2058,3597,3816,2619,913,349,135,13562,3,13,448,1271,1558,982,330,117,37,4765,15,30,518,3574,5510,2839,869,311,106,13764,359,323,745,821,941,721,770,820,919,6414,10235,8344,14967,19531,24118,20184,15854,9578,4822,127627
CED218,194,1181,1821,1936,1741,1340,828,370,76,9496,146,1334,2887,2688,2470,1732,631,168,59,12110,74,1069,3542,3123,2810,1928,549,73,21,13194,23,610,2846,2684,2119,1356,370,48,5,10064,5,252,2357,2376,1963,1173,250,41,5,8431,7,110,1443,1817,1396,816,159,23,6,5777,0,77,1691,3034,2246,1025,190,18,5,8282,5,10,251,656,479,223,45,11,3,1671,0,25,186,675,626,281,63,25,4,1892,722,1020,2626,2228,1515,1014,773,437,191,10538,11541,11527,26143,28195,23619,18609,13241,5950,1848,140670
CED219,254,1148,1923,1655,1382,1182,1033,416,92,9089,169,1351,2881,2461,1980,1577,739,271,93,11511,71,1087,3522,3001,2460,1800,716,139,31,12821,20,561,2765,2468,1977,1369,414,84,14,9668,10,244,2326,2199,1708,1147,289,48,15,7983,0,102,1281,1640,1311,857,188,24,12,5421,7,71,1622,2595,2206,1230,220,28,9,7992,0,12,217,484,416,238,45,8,4,1434,4,24,189,465,551,329,102,26,13,1701,684,677,1701,1568,1273,965,893,603,321,8689,9964,9861,24951,24424,20627,17203,13532,5974,1909,128449
CED220,102,1081,1577,797,743,712,915,565,205,6694,70,1141,2440,1084,1019,903,954,554,187,8356,31,1278,3782,1586,1219,1277,1024,494,168,10867,10,754,4137,1577,1165,1033,786,361,99,9916,16,392,3950,1850,1223,1091,707,350,102,9666,5,141,2750,1694,1220,1004,539,275,60,7680,8,125,4796,4359,2885,2109,930,408,125,15742,5,32,963,1489,1193,771,367,145,68,5031,6,43,1129,3879,4579,2770,1153,453,163,14181,293,577,1663,1038,924,750,781,749,775,7553,7314,11701,31632,22358,19519,16521,13192,8606,3870,134712
CED221,257,1463,2539,2462,1762,1304,684,314,57,10828,213,1822,4152,3685,2716,1783,592,142,33,15124,84,1335,4725,4516,3269,1994,476,82,21,16500,26,602,3427,3394,2251,1366,300,25,14,11406,12,265,2506,2753,1804,1018,185,20,14,8577,3,93,1355,1814,1213,632,133,18,0,5256,3,69,1474,2645,1638,798,111,20,0,6768,0,10,180,477,241,134,19,3,0,1075,4,18,147,374,288,114,34,19,0,995,675,798,1978,1655,1219,942,675,450,266,8654,11548,12543,30666,31300,22019,16563,10430,4887,1644,141598
CED222,157,1519,2927,2060,1818,1579,1039,626,234,11959,116,1782,4618,2888,2602,2090,972,314,121,15513,41,1324,4768,3047,2601,1998,709,158,46,14690,9,638,3537,2300,1832,1323,430,82,22,10171,7,267,2684,2174,1655,1063,365,82,24,8315,6,105,1588,1677,1272,732,206,33,10,5612,3,68,2113,3329,2433,1138,214,45,12,9358,0,14,317,829,578,252,49,8,0,2048,0,13,298,1135,992,376,68,35,11,2930,514,1025,2311,1417,1121,1012,915,907,773,9994,10219,15407,34431,27900,23858,20465,16254,10506,4915,163955
CED223,329,1020,1500,1310,1546,1879,1871,908,213,10584,264,1212,2195,1928,2040,2336,1531,580,137,12233,158,943,2532,2283,2561,2595,1339,339,96,12835,35,409,1770,1834,1857,1720,726,219,39,8603,13,174,1351,1536,1625,1420,589,159,46,6911,10,81,845,1094,1262,1007,288,91,22,4693,0,47,863,1657,1925,1417,404,94,21,6431,0,15,116,282,327,262,110,31,3,1139,7,12,148,384,530,508,210,95,26,1939,811,645,1259,1305,1526,1687,1701,1401,921,11260,8916,7052,16281,17472,19886,23021,21401,11529,4247,129805
CED224,165,908,1203,1233,1328,1370,1188,677,259,8323,105,1001,1964,1796,1923,1694,1061,419,173,10144,46,788,2703,2339,2384,2036,928,311,86,11626,19,466,2567,2186,2055,1530,636,167,61,9689,8,207,2205,2265,2083,1363,441,134,47,8762,0,77,1618,1975,1706,1094,318,55,31,6874,3,58,2151,4028,3679,1861,421,78,25,12313,0,10,321,1151,944,463,99,22,8,3008,0,20,304,1584,1686,721,154,43,13,4526,326,389,981,983,826,739,766,814,739,6562,9111,8485,19743,23851,23399,19002,14574,8841,4126,131118
CED225,150,869,1086,1085,1125,1258,1509,871,270,8214,85,954,1628,1360,1499,1475,1266,603,167,9033,54,893,2467,1946,1873,1784,1356,476,104,10951,22,482,2442,1831,1740,1569,843,264,49,9226,9,210,2232,2131,2002,1528,651,225,46,9038,0,98,1495,1862,1670,1217,418,126,30,6915,0,49,2281,4194,3689,2311,680,138,36,13372,0,11,397,1162,1103,619,160,44,8,3489,3,14,348,1818,2127,1219,348,82,21,5987,297,407,813,842,814,728,782,649,577,5922,9163,8816,18952,22268,21990,19590,16381,9268,3870,130296
CED226,108,1007,1176,738,845,966,1297,839,344,7310,55,1027,1622,995,1048,1181,1284,753,297,8274,37,1118,2671,1383,1388,1429,1416,716,236,10397,7,670,2591,1308,1317,1271,973,487,163,8789,13,311,2504,1521,1505,1418,914,412,148,8745,10,119,1715,1439,1301,1171,650,277,122,6794,6,101,2731,3456,3275,2668,1178,443,165,14024,9,31,499,1348,1469,994,368,136,60,4903,3,31,595,3395,5542,3299,1136,377,155,14539,373,461,891,723,865,791,654,672,740,6179,11534,12067,20867,19873,22915,20099,15755,9605,4987,137707
CED227,250,1236,2061,1863,1429,1073,872,488,138,9413,149,1485,3257,2720,1969,1420,735,279,65,12085,52,1239,4053,3361,2518,1838,681,176,37,13957,11,587,3132,2783,2112,1344,395,108,24,10490,15,236,2498,2549,1976,1104,279,66,35,8756,3,91,1477,1923,1479,795,175,35,6,5995,0,62,1714,3088,2478,1210,215,65,11,8833,0,12,229,659,533,262,41,19,4,1759,5,10,180,658,760,408,124,50,15,2216,608,623,1491,1337,1141,833,743,687,484,7940,10598,10078,26068,26702,20885,15597,11444,6381,2079,129832
CED228,200,1445,2915,2439,1514,1118,723,291,86,10735,129,1707,4348,3674,2317,1501,565,182,49,14473,65,1314,4962,4552,2715,1807,530,111,14,16078,22,576,3646,3492,1989,1245,338,62,12,11382,3,253,2680,3120,1781,1068,248,37,17,9205,0,107,1598,2310,1251,757,126,19,5,6169,0,83,2225,4393,1959,1024,209,19,8,9904,3,18,301,891,404,185,41,5,0,1847,4,12,252,792,436,247,63,20,6,1829,824,1072,2792,2276,1296,912,767,501,348,10796,11294,13134,35954,36421,21287,16791,11050,4825,1603,152359
CED229,87,1125,2305,963,712,752,922,459,140,7464,64,1170,3582,1487,1057,989,946,444,111,9844,35,1260,5177,2146,1402,1280,1025,442,99,12865,16,725,5018,2161,1299,1103,742,302,62,11422,11,353,4677,2518,1610,1184,666,267,89,11377,7,162,3164,2234,1402,1038,536,211,59,8807,7,119,5470,5583,3486,2216,955,302,84,18222,0,32,988,1734,1319,779,347,97,24,5320,5,58,1133,3811,4111,2505,1048,319,87,13078,319,766,2779,1955,1456,1176,1082,873,726,11135,5881,11363,40606,28521,21470,17343,13427,6958,2862,148433
CED230,292,1136,1964,1585,1749,1975,1681,883,273,11527,186,1369,2688,2065,2339,2458,1285,500,182,13072,98,942,2918,2282,2392,2600,1113,317,94,12745,21,437,1781,1516,1707,1662,635,175,40,7977,13,219,1414,1290,1397,1370,424,185,74,6388,0,71,719,856,968,858,273,80,28,3856,8,51,794,1256,1375,1169,389,106,28,5178,0,7,96,178,267,208,93,34,9,883,6,26,158,300,432,405,209,97,32,1665,1008,733,1684,1666,1879,2119,2197,1706,1173,14165,8984,8235,19562,17807,20319,24230,21612,12696,5466,138916
CED231,128,976,1482,1036,1037,1027,1124,610,181,7608,77,1069,2114,1431,1403,1290,950,391,112,8848,31,1045,3027,1873,1777,1599,901,259,82,10602,6,594,2884,1827,1651,1307,618,144,37,9076,9,292,2793,2074,1770,1287,477,119,43,8868,4,94,1926,1875,1511,1000,339,61,14,6836,3,87,2929,4165,3195,1971,444,81,12,12896,0,11,491,1168,993,562,125,23,12,3375,3,25,530,2164,2219,1033,230,60,16,6276,343,503,1305,1048,976,813,745,738,450,6929,7886,9572,23961,22522,20803,17371,13963,8855,3856,128786
CED232,251,1055,1485,1431,1381,1146,1141,510,97,8505,146,1144,2242,2081,1837,1410,883,325,62,10129,74,946,2866,2752,2353,1854,891,219,42,11998,21,492,2403,2384,1989,1501,512,152,18,9470,10,240,2155,2338,2016,1294,396,95,11,8550,0,83,1302,1848,1513,949,240,54,8,6001,10,76,1811,3483,3071,1758,369,64,22,10650,0,13,246,694,747,423,98,13,3,2243,4,8,222,962,1199,679,220,61,16,3377,635,476,1112,1129,1100,976,824,589,359,7197,10275,8507,20536,24045,21585,17607,13314,6201,1750,123834
CED233,204,2325,4209,1294,678,666,642,341,77,10431,109,2354,5488,1649,904,752,747,335,98,12437,70,2372,7828,2371,1221,996,761,272,53,15940,15,1343,7530,2242,1021,799,539,205,36,13725,9,644,7060,2582,1191,909,477,150,30,13037,7,288,4997,2556,1156,749,365,117,15,10252,18,296,8241,5998,2854,1782,631,172,29,20014,11,56,1422,1709,968,610,194,62,14,5045,10,98,1651,3407,2702,1667,632,191,31,10393,567,2083,4882,2361,1398,1101,805,522,381,14093,7776,27976,67326,31175,17975,14302,10215,5089,2004,183844
CED234,130,942,1348,1183,1407,1363,1309,1062,384,9134,80,1006,2083,1596,1675,1619,1245,740,224,10270,34,985,2714,2138,2005,1895,1124,573,145,11619,13,575,2431,1809,1662,1403,715,324,106,9029,0,261,2042,1919,1795,1358,566,285,82,8319,4,80,1225,1606,1529,1149,452,180,40,6274,0,59,1812,3771,3385,2114,637,228,60,12063,0,17,350,1077,1044,635,171,71,16,3395,7,17,377,1728,2227,1309,358,111,44,6174,340,441,995,884,913,758,699,778,711,6519,10157,10771,20607,23247,23420,21181,16789,12559,5775,144504
CED235,197,888,1392,1295,1456,1626,1836,907,255,9853,108,1008,2005,1576,1756,1883,1394,493,143,10367,49,665,2143,1798,2013,2075,1168,359,72,10347,19,332,1575,1456,1446,1338,652,173,38,7034,3,146,1297,1298,1216,1131,453,155,52,5755,6,72,730,975,987,842,291,53,23,3979,3,70,879,1419,1666,1270,362,75,12,5755,0,5,147,284,358,301,88,30,8,1223,3,21,171,410,566,533,237,98,28,2060,660,470,1127,1240,1346,1606,1713,1312,763,10230,7650,6375,15497,15754,17726,21510,21404,11374,3987,121284
CED236,331,1150,1686,1484,1598,1775,1722,841,232,10827,196,1277,2449,1928,2147,2112,1227,517,165,12016,99,991,2723,2196,2418,2296,1058,342,57,12184,30,488,1832,1601,1753,1603,615,130,32,8075,11,233,1506,1402,1461,1284,409,134,55,6498,6,85,745,1009,1066,816,267,57,20,4078,0,66,824,1330,1705,1217,301,69,25,5540,4,9,116,248,318,229,84,26,6,1040,9,17,103,338,480,386,175,89,36,1625,897,705,1638,1526,1646,1746,1781,1459,873,12265,9207,8291,18361,17517,19953,21840,19778,11593,4479,131014
CED237,158,1276,2112,1954,1628,1409,907,425,182,10060,116,1419,3270,2686,2241,1776,631,187,42,12366,53,1093,3934,3210,2546,1906,547,110,20,13414,14,496,2952,2553,1916,1261,324,43,13,9578,12,248,2228,2352,1660,1026,238,41,14,7806,0,91,1263,1642,1161,677,126,19,3,4971,5,65,1454,2628,1574,889,171,15,3,6794,0,8,157,479,331,162,23,4,0,1163,3,14,126,439,322,213,52,15,3,1181,539,742,1582,1349,1066,872,803,729,537,8226,9602,11325,26442,26426,20910,18236,13637,7448,2925,136944
CED238,318,1023,1468,1361,1525,1818,1871,918,290,10592,198,1202,2202,1749,2074,2212,1488,620,149,11902,103,891,2692,1986,2400,2475,1286,417,105,12360,22,407,1787,1614,1711,1716,722,229,42,8254,15,172,1337,1339,1523,1404,581,184,65,6614,7,75,730,966,1097,937,335,84,18,4248,3,47,751,1429,1718,1339,450,131,36,5912,0,8,110,254,315,283,129,45,16,1156,6,25,171,436,608,596,306,144,38,2329,813,558,1413,1522,1664,1710,1817,1292,830,11624,8601,7078,16759,16776,19697,22905,21143,11334,4556,128845
CED239,116,1346,2491,1331,1007,905,703,401,156,8450,62,1307,3538,1766,1396,1174,673,234,128,10281,26,1058,4436,2446,1789,1356,513,135,60,11820,10,586,3971,2229,1487,1067,360,53,32,9782,0,256,3604,2512,1634,1048,255,67,23,9400,0,111,2438,2147,1359,840,185,29,9,7118,0,91,3639,4783,2852,1438,238,39,8,13097,0,17,496,1155,744,318,50,4,4,2785,5,16,517,1685,1298,519,95,20,16,4171,344,661,1925,1274,934,748,619,653,692,7858,6556,11671,34271,26247,19003,14656,9855,7085,4486,133834
CED294,9,31,110,51,56,36,29,5,0,332,13,37,129,52,48,48,16,8,0,344,9,34,116,59,48,36,13,0,0,323,0,18,61,34,27,31,17,0,0,189,5,3,69,37,31,22,6,6,0,180,0,7,39,21,16,19,3,0,0,107,0,0,48,42,26,13,5,0,0,141,0,0,3,17,6,8,3,0,0,41,0,0,15,35,21,12,0,0,0,85,174,214,655,823,616,405,194,37,14,3132,459,671,1819,1736,1393,1074,613,152,29,7946
CED297,0,0,0,0,0,0,0,0,0,0,0,0,0,0,0,0,0,0,0,0,0,0,0,0,0,0,0,0,0,0,0,0,0,0,0,0,0,0,0,0,0,0,0,0,0,0,0,0,0,0,0,0,0,4,0,0,0,0,0,5,0,0,0,0,0,3,0,0,0,6,0,0,0,0,0,0,0,0,0,5,0,0,0,0,0,0,0,0,0,0,0,0,0,9,3,9,0,0,0,27,0,0,6,16,3,14,4,0,0,38
CED301,428,1478,2381,1890,1637,1468,1155,614,138,11195,307,1860,3722,2752,2296,1908,892,311,91,14131,169,1424,4002,3188,2848,2224,692,209,41,14797,67,800,3066,2637,2199,1580,459,74,11,10900,8,332,2361,2376,1947,1305,334,77,16,8751,4,144,1434,1854,1584,980,169,20,0,6202,4,113,1421,2540,2336,1420,241,25,0,8097,0,17,164,375,354,224,34,15,0,1188,10,27,159,400,494,318,98,42,16,1559,967,1098,2323,1874,1595,1272,997,854,507,11493,12294,12202,27817,25687,23248,20761,15418,8034,2551,148016
CED302,293,1152,1382,1323,1179,1183,1135,633,199,8473,160,1223,2217,1844,1695,1506,1053,435,156,10288,94,1038,2718,2460,2389,1873,915,310,91,11897,20,614,2390,2206,2045,1451,584,150,36,9488,9,311,2141,2345,2056,1310,402,103,37,8722,5,103,1407,2105,1830,1138,274,73,17,6942,3,88,2119,4316,3863,2028,396,89,34,12933,0,17,332,1025,912,473,118,27,8,2909,8,20,285,1564,1788,881,224,82,16,4864,362,455,975,950,856,702,624,647,608,6176,10283,9801,20196,24475,22957,18209,13766,8122,3392,131198
CED303,369,1140,1320,1221,1334,1525,1535,844,222,9517,210,1315,1973,1762,1927,1850,1205,495,142,10874,94,983,2344,2335,2466,2336,1106,365,73,12097,15,494,1889,2009,2112,1837,722,181,39,9304,20,240,1620,1975,2053,1667,480,137,42,8230,6,94,1017,1660,1645,1180,320,67,17,6009,3,57,1219,2707,3005,1949,402,84,28,9452,0,8,161,568,679,454,95,30,16,2010,6,6,171,695,1123,759,236,71,26,3089,406,399,749,838,938,873,997,909,980,7087,10104,8185,16086,19550,21779,21854,19053,10448,3799,130844
CED304,282,2217,2982,1185,837,787,887,469,156,9802,171,2386,4262,1720,1221,1072,853,355,100,12140,88,2313,5581,2292,1554,1397,906,328,81,14535,40,1502,4997,2201,1547,1177,624,201,55,12337,18,783,4706,2313,1682,1233,511,168,49,11460,4,241,3139,2171,1683,1117,422,144,26,8943,7,262,5108,5249,4268,2447,647,198,52,18233,3,41,935,1589,1429,750,203,66,9,5031,9,56,1036,3811,4374,2447,700,240,55,12733,350,1137,2850,1701,1213,969,691,545,408,9853,9264,18888,42976,28528,23591,17525,11329,5728,2260,160098
CED305,472,1056,1410,1225,1237,1240,1115,558,131,8458,304,1298,2017,1670,1631,1607,903,326,89,9844,167,986,2223,1961,1895,1861,797,210,37,10138,68,663,1806,1714,1517,1347,487,94,27,7724,48,418,1727,1619,1547,1279,345,102,26,7113,18,261,1285,1413,1421,995,221,41,15,5663,17,387,2344,2801,2761,1924,323,62,16,10636,0,35,595,864,806,548,114,25,4,2988,11,27,452,859,936,664,180,57,21,3197,969,1381,3313,2839,2739,2299,1397,999,594,16533,9791,9265,21592,21016,20684,20535,14710,7785,2798,128183
CED306,452,1251,1714,1343,1465,1424,1205,536,116,9505,322,1564,2456,1848,1960,1801,962,297,72,11296,122,1205,2636,2173,2313,2130,890,228,50,11743,54,793,2003,1788,1812,1545,511,148,15,8675,16,423,1738,1755,1800,1412,435,95,26,7708,8,221,1261,1362,1460,1149,306,53,10,5826,5,284,1947,2709,2695,1856,399,74,16,9981,0,30,363,708,706,472,101,20,5,2413,8,33,286,785,981,612,200,63,14,2984,846,1243,2941,2536,2481,2154,1475,1157,673,15512,9628,9791,21502,20995,21882,21489,15744,8200,2901,132129
CED307,340,1269,1465,1306,1268,1241,1221,582,112,8797,212,1387,2225,1898,1916,1612,1050,338,64,10704,108,1105,2724,2474,2583,2148,1018,257,44,12463,26,619,2381,2307,2222,1613,564,128,25,9885,13,244,2066,2222,2143,1396,411,104,18,8616,0,88,1183,1843,1887,1166,223,31,11,6438,3,66,1518,3545,3734,2034,335,45,5,11282,0,12,234,779,879,449,82,13,6,2446,7,9,189,960,1467,723,148,52,15,3574,404,430,922,873,912,640,606,514,433,5720,10879,9291,18992,22267,23443,18884,14324,7037,2050,127184
CED308,374,1618,2415,1991,1764,1647,1489,798,194,12291,235,1745,3455,2691,2599,2160,1253,479,104,14721,92,1236,3876,3203,3117,2439,1178,400,75,15622,34,584,2598,2466,2369,1772,652,222,36,10727,14,273,2053,2244,2103,1521,517,183,55,8969,6,111,1245,1668,1636,1024,327,107,12,6145,0,87,1439,2686,2876,1661,527,153,30,9458,4,14,214,567,622,423,161,44,7,2045,4,22,198,809,1123,792,336,137,31,3457,787,953,2080,1744,1696,1248,1189,1031,654,11379,11476,12115,25931,25579,25890,22742,19698,11420,3572,158410
CED309,323,1300,1767,1616,1602,1788,1761,942,271,11379,189,1269,2413,2055,2273,2151,1538,627,184,12699,71,898,2619,2611,2790,2514,1355,470,123,13444,24,365,1929,2025,2167,1665,733,224,58,9188,13,144,1455,1895,1939,1484,585,198,66,7775,3,65,898,1402,1609,1130,379,89,36,5604,0,59,1129,2344,2639,1626,432,146,28,8403,0,11,205,522,606,403,105,26,11,1889,0,16,235,902,1123,734,271,83,29,3395,537,578,1253,1443,1393,1203,1143,961,818,9327,9563,8079,18233,21515,23223,22687,20379,11563,4424,139665
CED310,430,1425,1718,1472,1644,1705,1841,1045,357,11630,221,1469,2488,2088,2308,2029,1376,682,184,12843,89,981,2751,2625,2638,2367,1236,502,111,13303,24,414,1971,1971,2083,1610,735,248,53,9114,10,219,1687,1922,1933,1400,560,219,51,7997,8,84,1059,1498,1560,1014,322,93,28,5666,9,73,1359,2313,2524,1606,401,115,24,8432,3,13,237,509,564,404,130,57,13,1930,8,16,255,736,1016,722,282,124,30,3179,645,635,1422,1250,1343,1285,1291,1028,791,9692,10432,9190,19509,20791,22567,22349,20618,12565,4625,142641
CED311,434,912,1383,1370,1275,1341,1023,492,94,8325,273,1090,1897,1591,1597,1538,811,289,53,9141,170,885,2026,1859,1927,1833,681,187,31,9598,76,657,1578,1380,1444,1292,404,88,12,6932,48,397,1469,1478,1480,1130,312,95,28,6435,13,228,1109,1271,1250,974,212,31,10,5095,10,342,1879,2588,2668,1780,329,58,11,9674,0,31,403,696,718,507,105,24,4,2491,6,25,329,738,846,597,183,55,6,2773,1015,933,2157,2215,2318,2279,1733,1086,422,14156,9586,8235,19206,20150,21260,21947,15891,7513,2038,125829
CED312,450,1777,2468,1982,1678,1387,1152,539,134,11573,291,2177,4087,2887,2641,1953,877,294,70,15283,115,1431,4346,3601,3081,2285,769,186,41,15852,30,685,3024,2793,2363,1622,431,80,12,11036,22,307,2197,2383,1961,1373,293,71,19,8626,8,135,1341,1697,1467,870,174,22,6,5719,0,103,1361,2556,2292,1251,254,28,8,7857,6,16,174,388,438,228,54,10,4,1309,0,16,158,483,586,294,102,32,11,1681,932,1095,2381,1938,1634,1192,1049,1008,745,11973,12431,12994,28548,26542,23981,19813,15722,8339,2600,150978
CED313,239,1881,2345,1182,917,872,875,442,127,8880,155,1955,3480,1702,1331,1075,824,362,89,10979,87,1907,4701,2383,1760,1418,834,238,65,13388,26,1206,4365,2261,1601,1195,545,115,35,11365,15,652,4121,2486,1899,1237,457,117,29,11001,12,223,2759,2431,1794,1095,328,78,22,8745,12,212,4541,5523,4347,2366,481,126,41,17640,5,31,809,1541,1409,629,162,46,14,4642,7,51,815,3176,3459,1727,355,109,38,9736,522,1013,2324,1485,1149,891,678,526,453,9045,9789,16943,36909,28360,23415,16877,10749,5468,2557,151062
CED314,438,1419,1817,1470,1330,1347,1357,761,241,10180,309,1654,2693,1995,1850,1701,1089,483,134,11905,125,1207,3000,2428,2269,2119,994,318,71,12532,46,713,2307,1886,1842,1422,579,136,49,8973,17,352,1836,1705,1659,1260,425,156,52,7465,7,169,1163,1278,1352,1047,286,74,16,5391,7,114,1347,2088,2290,1487,304,62,34,7728,0,13,173,376,418,318,75,25,12,1415,20,17,175,550,640,448,196,72,31,2139,620,670,1292,1096,1101,1051,1055,925,618,8414,10764,10048,20788,19201,19286,18567,16237,10039,4011,128942
CED315,445,1418,1881,1380,1287,1221,1084,520,137,9366,318,1703,2714,2000,1846,1740,907,336,80,11635,140,1470,3240,2580,2281,2011,912,206,31,12872,75,1179,2794,2083,1920,1568,491,127,20,10255,29,508,2488,2118,1911,1336,401,98,17,8912,14,192,1517,1580,1653,1030,240,39,9,6272,6,175,1710,2649,2623,1582,314,37,11,9100,0,22,196,463,440,335,67,15,0,1535,4,20,206,578,697,470,123,49,10,2163,954,1556,2383,1946,1751,1360,965,707,426,12049,11045,13050,24159,21406,20722,18699,13640,6854,2255,131831
CED316,333,1020,1550,1324,1497,1668,1818,1082,289,10595,180,1071,2044,1808,1983,1938,1197,591,148,10961,82,649,2005,1880,2148,2062,1047,418,57,10340,22,326,1197,1377,1423,1263,510,161,47,6325,8,177,938,1128,1248,1066,390,173,64,5193,6,58,592,864,1003,786,199,52,13,3572,8,62,711,1257,1495,990,246,67,9,4840,4,8,109,224,234,176,41,27,8,827,3,18,125,302,408,332,153,77,27,1451,595,524,1175,1067,1365,1576,1730,1655,868,10548,8366,6872,14845,15424,18440,22747,24875,15176,4750,131489
CED317,434,1019,1679,1470,1641,1666,1336,716,192,10154,318,1282,2433,1899,2104,2023,1161,380,102,11703,157,963,2417,2063,2316,2265,977,235,40,11436,52,589,1864,1608,1720,1558,541,112,24,8070,26,359,1540,1480,1642,1351,429,113,36,6970,14,211,1094,1149,1256,1005,252,69,18,5067,4,244,1676,2053,2069,1552,361,83,10,8047,0,19,231,409,440,327,66,30,3,1530,6,24,185,414,424,409,188,80,12,1755,1443,1290,3065,2683,2678,2475,2077,1385,671,17755,10406,8964,21265,20046,21913,23300,18923,9939,3202,137954
CED318,336,1184,2058,1783,1739,1613,1221,549,113,10596,200,1288,2755,2363,2411,2050,1030,335,90,12522,106,895,2797,2665,2699,2295,1016,270,53,12800,28,472,1993,2080,2165,1681,547,117,24,9104,15,274,1788,1948,1960,1473,437,105,20,8024,3,129,1097,1498,1595,1096,307,65,21,5806,8,126,1549,2266,2711,1735,398,65,13,8875,4,9,230,446,509,358,93,28,8,1683,9,19,211,597,746,621,202,70,22,2495,1219,1319,3243,2514,2474,2282,1689,1045,450,16239,10551,9760,23487,23692,24948,22768,16808,7678,2404,142107
CED319,246,1367,1860,1320,1079,1154,1089,683,251,9052,136,1549,2831,1933,1686,1426,934,478,163,11143,61,1269,3536,2510,2149,1785,880,298,102,12597,20,772,3115,2253,1964,1454,549,146,59,10333,3,340,2743,2399,1989,1290,361,109,33,9275,0,128,1849,2070,1741,1109,261,72,21,7248,5,108,2811,4487,3618,1757,353,73,25,13245,0,9,487,1018,838,391,82,11,4,2845,3,10,421,1454,1374,586,139,46,26,4053,364,567,1392,1070,857,670,650,674,787,7037,8595,10404,25909,24560,21268,17038,12996,8286,4206,133264
CED320,431,1601,2383,1745,1677,1702,1636,858,199,12241,261,1717,3185,2428,2384,2040,1158,483,108,13765,110,1264,3461,2843,2909,2345,1046,315,63,14364,27,565,2295,2222,2169,1598,530,125,33,9569,25,263,1722,1926,1897,1328,358,140,32,7695,4,110,988,1361,1403,927,216,47,9,5063,3,83,1066,2089,2210,1378,275,48,9,7164,6,16,144,347,407,248,57,15,9,1244,5,22,148,319,439,328,123,66,14,1462,823,969,2224,1850,1574,1232,1302,1123,737,11847,11459,10965,23749,22386,23135,22253,21392,11724,3434,150508
CED321,454,942,1518,1304,1514,1534,1296,677,142,9390,316,1188,2107,1718,1842,1952,1004,404,85,10619,150,973,2164,1830,2053,2110,876,289,59,10513,51,602,1465,1336,1424,1329,499,123,22,6860,21,311,1242,1214,1290,1083,378,141,45,5727,10,131,783,858,941,754,238,64,13,3803,9,155,1023,1330,1492,1069,304,64,15,5456,3,13,163,276,295,211,68,16,6,1050,5,30,218,359,451,394,199,86,16,1758,991,877,1971,1695,2055,2222,2054,1563,740,14168,8459,7609,16902,16212,18996,21498,19090,10596,3494,122859
CED322,267,1354,1818,1624,1590,1516,1375,748,240,10537,125,1292,2569,2022,2184,1860,1127,483,112,11775,73,916,2988,2629,2580,2165,1040,380,112,12884,19,432,2280,2176,1994,1487,621,194,48,9259,7,214,1921,2092,1898,1196,464,125,49,7954,0,83,1192,1674,1556,979,329,68,20,5889,0,78,1533,2946,2680,1410,394,114,17,9176,0,15,278,657,597,317,117,30,8,2027,3,23,341,993,1131,650,232,63,23,3461,486,644,1563,1344,1289,995,1024,1146,1217,9714,9551,9416,20926,22677,22205,19163,16819,9752,4200,134713
CED323,293,1804,2873,1778,1633,1682,1506,830,236,12641,179,1827,3875,2491,2408,2059,1198,540,190,14760,66,1214,3938,2937,2689,2284,1175,423,116,14840,13,572,2679,2036,1907,1614,691,265,62,9832,13,268,1996,1845,1779,1356,641,234,58,8187,12,113,1300,1396,1359,980,396,161,28,5743,3,101,1638,2295,2323,1546,575,199,39,8716,3,21,294,545,605,405,196,61,20,2149,9,44,399,1071,1303,938,458,218,40,4481,675,1175,2952,2019,1871,1847,1686,1387,885,14497,9368,12878,29150,23681,23688,22277,19614,12122,4339,157117
CED324,225,1394,2377,1685,1223,1037,972,540,153,9605,130,1483,3395,2175,1664,1374,912,429,153,11715,54,1248,3782,2759,1935,1595,818,310,77,12570,19,679,2793,2207,1603,1235,539,153,41,9269,7,319,2514,2243,1587,1106,416,134,53,8390,0,136,1588,1799,1438,908,281,100,25,6286,7,104,2254,3779,3106,1642,389,123,26,11429,4,19,347,949,736,377,99,33,13,2579,0,18,364,1398,1628,856,273,89,32,4666,392,746,1699,1159,883,791,624,573,548,7416,9342,13202,28605,25750,20700,17061,13096,7405,3157,138311
CED325,334,1406,2287,1928,1508,1306,970,478,115,10335,224,1737,3316,2761,2267,1698,753,279,67,13099,84,1190,3739,3298,2682,1949,743,142,29,13855,22,619,2847,2657,2073,1308,458,71,11,10068,12,292,2352,2505,1938,1294,335,86,22,8832,6,100,1435,1936,1573,894,226,34,17,6221,3,95,1624,3314,2831,1498,271,35,12,9698,4,8,227,633,539,308,68,18,0,1812,8,19,211,741,833,475,128,29,14,2451,750,1117,2889,2437,1595,1044,734,472,273,11306,12307,12131,27936,28322,23804,18939,13004,6448,2191,145088
CED326,330,1391,2095,1867,1489,1405,1474,886,294,11239,234,1587,2902,2537,2302,1887,1165,458,121,13194,90,1105,3279,3307,2936,2341,1033,320,97,14513,30,595,2571,2776,2340,1631,597,164,40,10750,9,299,2077,2386,2183,1399,440,149,54,8986,9,98,1347,1885,1653,1031,278,54,20,6369,4,79,1513,3375,3001,1555,326,81,20,9947,0,11,230,689,623,325,71,20,7,1984,15,18,210,778,938,495,173,50,20,2697,495,571,1348,1309,1173,921,947,962,781,8497,10949,10150,22994,26363,24082,20450,18267,10971,4380,148597
CED327,352,1426,2447,2174,1748,1329,1015,422,87,11003,279,1708,3597,3195,2521,1792,842,277,52,14268,135,1087,3631,3669,2868,2192,722,148,33,14483,38,553,2414,2704,2123,1563,388,66,5,9857,19,216,1796,2225,1685,1098,308,66,12,7416,10,94,1101,1605,1304,834,179,20,5,5147,3,62,1113,2358,1846,1064,214,17,4,6685,0,11,133,331,288,179,32,11,0,984,9,33,131,419,381,265,87,22,15,1348,1013,990,2225,1973,1452,1027,862,609,452,10600,12869,12056,26595,27962,22607,19038,14458,6551,2062,144189
CED328,288,1428,1282,973,826,830,1045,728,198,7601,186,1314,1803,1306,1134,1030,1055,584,160,8573,75,1304,2357,1752,1630,1298,1063,476,142,10099,50,917,2280,1834,1546,1130,748,312,90,8906,18,386,2265,2025,1780,1116,675,244,82,8581,6,141,1542,2017,1859,1109,463,168,28,7331,6,107,2328,4701,4348,2422,750,238,63,14960,9,21,360,1285,1364,678,226,76,23,4030,0,20,377,2474,3656,1934,612,181,65,9320,381,684,969,721,682,529,483,520,599,5575,12718,14515,20394,23113,22608,16107,13032,7811,3151,133453
CED329,291,921,1331,1371,1631,1894,1822,926,202,10401,158,902,1754,1647,2003,2066,1364,563,132,10585,84,545,1663,1764,2120,2149,1211,426,64,10026,18,242,963,1273,1543,1397,650,220,30,6337,8,112,683,1066,1414,1185,505,205,54,5226,3,63,421,758,1042,850,309,130,23,3599,4,58,510,1162,1619,1171,456,124,29,5138,3,5,90,226,366,242,103,39,10,1087,9,9,100,438,688,540,322,129,32,2259,748,600,1398,1504,1709,1696,1644,1229,695,11227,8516,6125,12946,15624,20360,24313,24024,12582,3906,128391
CED330,443,1254,1895,1639,1726,1652,1303,563,110,10588,292,1502,2840,2313,2470,2018,966,265,83,12744,135,1099,3017,2920,3030,2481,967,244,30,13918,30,480,2135,2401,2388,1781,499,107,13,9828,10,243,1617,2167,2263,1482,397,91,21,8292,9,98,987,1641,1772,1024,272,44,7,5841,3,74,1183,2562,2650,1558,306,64,15,8422,0,10,161,467,484,281,89,24,11,1531,7,11,147,579,711,475,178,51,14,2166,910,801,1737,1817,1830,1479,1197,895,501,11177,12153,9673,20890,23802,25465,22927,17649,8416,2372,143356
CED394,12,79,182,98,85,130,143,27,5,765,12,103,303,112,106,131,103,12,0,886,9,47,230,115,95,119,70,12,0,690,0,17,126,90,66,93,28,0,0,421,0,16,105,75,46,70,26,6,0,351,0,3,52,48,42,46,17,0,0,217,0,12,75,94,58,63,13,0,0,310,0,3,14,19,16,12,0,0,0,64,0,0,21,36,29,29,3,6,0,121,113,243,661,545,470,410,298,70,13,2817,566,934,2649,2077,1929,2468,2124,444,44,13234
CED397,0,5,3,0,0,0,0,0,0,6,0,0,0,5,0,0,0,0,0,4,0,0,0,4,5,0,0,0,0,5,0,0,4,0,0,0,0,0,0,5,0,0,0,0,0,0,0,0,0,3,0,0,0,0,0,0,0,0,0,4,0,0,0,3,0,0,0,0,0,3,0,0,0,0,0,0,0,0,0,0,0,0,0,0,0,0,0,0,0,0,0,14,34,52,36,8,0,0,0,136,0,16,49,64,45,5,3,0,0,183
CED401,158,1728,2892,1818,1345,1299,1308,676,265,11495,110,1733,4204,2520,1850,1577,1181,474,202,13849,75,1484,5337,3208,2389,2020,1097,391,114,16100,18,798,4046,2713,1894,1464,760,244,57,11995,20,393,3226,2598,1767,1276,604,202,64,10152,10,166,2067,2049,1548,1117,437,160,42,7601,13,113,2678,3620,3039,1934,627,209,54,12287,4,28,437,780,741,467,173,61,16,2706,0,35,478,1437,1605,1254,613,185,62,5671,479,905,1907,1390,1123,944,841,712,765,9067,10053,17512,37156,28378,23185,21154,16862,9215,4903,168422
CED402,400,1166,1800,1699,1867,2027,1818,946,268,11989,261,1416,2696,2296,2472,2491,1406,544,123,13701,130,1009,2685,2496,2876,2761,1264,341,74,13644,43,471,1736,1789,2039,1748,672,169,23,8686,20,214,1297,1492,1620,1373,509,185,44,6755,3,75,749,1012,1129,947,323,79,19,4336,4,81,779,1342,1661,1284,395,99,23,5663,4,10,97,230,288,236,97,27,6,1002,5,28,151,298,478,467,246,105,32,1815,854,647,1631,1695,1829,1800,1796,1361,784,12395,9726,8277,18566,19153,22241,24820,22579,12374,4669,142401
CED403,177,1328,1692,1365,1191,1406,1832,1098,527,10625,93,1167,2521,1838,1637,1694,1589,837,358,11727,46,1053,3354,2525,2289,2188,1507,640,203,13794,14,570,2766,2248,1959,1771,991,343,88,10761,12,254,2423,2215,2030,1652,728,247,103,9657,4,92,1500,1992,1760,1246,461,153,42,7241,4,67,1819,3499,3464,2339,605,167,47,12001,0,18,275,765,782,477,180,54,22,2580,5,20,251,1224,1598,1136,376,124,52,4790,288,453,897,748,733,759,842,781,772,6274,9555,11214,23054,22857,21919,21689,19999,12010,6231,148524
CED404,323,1009,1652,1471,1591,1787,1827,969,240,10860,201,1077,2077,1780,2002,2102,1257,512,166,11181,114,852,2270,1953,2335,2440,1088,342,65,11458,31,541,1648,1512,1761,1695,757,148,46,8134,25,249,1455,1375,1598,1470,519,171,45,6910,10,156,949,1036,1232,1040,264,68,9,4758,12,147,1337,1681,1869,1494,354,88,14,6996,7,26,214,354,388,284,94,27,8,1405,15,36,202,414,465,471,171,78,24,1862,950,806,1944,1780,2032,2097,1862,1460,694,13631,9035,8187,19299,18412,21755,25800,22406,12455,4309,141658
CED405,196,1244,1921,1514,1443,1622,1495,858,374,10668,101,1314,2943,2091,2182,2035,1225,566,224,12677,58,1144,3574,2842,2665,2559,1179,416,126,14555,15,676,2974,2327,2177,1844,675,179,66,10929,14,269,2368,2087,1987,1620,525,161,61,9098,4,102,1453,1744,1524,1165,285,79,38,6386,0,61,1721,2826,2725,1834,463,97,31,9760,0,9,224,578,548,374,112,37,5,1891,6,33,224,711,882,617,222,91,28,2806,350,465,1102,898,891,925,751,704,458,6552,8656,10527,23994,22327,22440,23109,18386,11151,5499,146090
CED406,262,1234,1930,1718,1597,1579,1645,781,243,10993,147,1299,2721,2406,2251,2191,1199,437,160,12813,52,958,3450,3014,2970,2627,1113,295,53,14542,20,414,2424,2466,2260,1761,601,101,29,10081,6,175,1798,2085,1921,1427,350,81,35,7873,0,80,1008,1518,1472,981,230,38,9,5334,0,57,1070,2092,2038,1305,228,36,6,6834,3,9,111,282,302,209,37,12,7,963,4,13,92,266,372,258,83,48,21,1168,402,434,912,951,859,843,789,659,467,6306,9580,9535,21061,21906,21365,21206,18961,9544,3616,136777
CED407,215,1242,2023,1793,1586,1504,1399,819,239,10806,150,1414,2934,2630,2259,1957,1108,491,151,13098,66,1214,3614,3356,2977,2390,1023,300,48,14972,12,596,2699,2582,2341,1760,508,114,16,10633,7,246,2068,2154,1911,1395,372,84,28,8267,3,104,1098,1588,1416,980,209,23,7,5433,4,57,1151,2350,2216,1391,263,35,13,7481,0,6,135,316,342,244,58,17,4,1119,3,28,117,286,380,273,77,48,15,1230,427,460,1196,1137,897,703,749,848,663,7080,10115,11144,23349,23868,21846,20409,17514,10581,3825,142664
CED408,254,1013,1340,1406,1647,1813,2255,1240,371,11339,130,1126,1904,1874,2117,2177,1701,798,217,12041,74,820,2262,2247,2616,2571,1595,551,123,12862,21,385,1707,1830,2164,1934,944,275,58,9319,6,170,1380,1830,1955,1556,710,236,61,7911,5,71,894,1395,1580,1243,403,109,23,5726,4,60,1032,2450,2962,1949,617,177,27,9275,0,5,166,493,615,428,164,47,7,1929,6,19,198,771,1165,835,321,112,35,3451,535,403,842,928,1114,1286,1245,984,623,7958,9947,8035,15864,19611,23224,24833,24745,13357,4304,143917
CED409,306,1459,2728,2173,1805,1567,1102,573,201,11906,198,1793,3980,3073,2612,2144,750,311,104,14957,87,1326,4033,3405,2854,2406,662,160,56,14995,36,663,2585,2258,1946,1481,343,67,27,9406,13,242,1741,1682,1392,1105,233,79,27,6521,9,98,868,1167,942,706,136,17,0,3942,3,63,850,1367,1343,877,164,15,6,4689,4,10,72,161,194,120,23,6,4,599,13,35,109,179,227,183,80,29,12,867,766,809,1816,1515,1363,1193,1018,849,617,9938,11667,12826,27916,24452,22320,21765,15230,8425,3428,148036
CED410,149,1157,1868,1481,1332,1353,1632,1090,434,10494,73,1310,2739,2179,1905,1680,1448,869,319,12521,47,1102,3724,2903,2390,2144,1458,709,232,14710,11,599,2790,2441,2037,1672,976,425,126,11077,5,271,2292,2340,2017,1525,768,313,110,9636,4,86,1399,1918,1818,1287,509,205,57,7280,0,75,1837,3550,3322,2299,827,321,89,12324,0,18,268,823,860,598,216,84,36,2899,3,21,298,1465,2113,1529,552,212,73,6263,334,454,1010,835,815,704,745,918,960,6770,10635,11698,24400,25164,23853,21851,19301,13477,6518,156898
CED494,5,13,37,35,12,30,26,4,0,169,3,6,46,28,25,27,13,6,0,162,0,13,44,23,25,25,7,5,0,141,0,3,20,10,8,14,9,0,0,66,0,0,23,13,14,11,0,0,0,66,0,0,14,13,9,11,0,0,0,51,0,0,25,35,15,5,3,0,0,79,0,0,0,7,8,0,0,0,0,19,0,0,4,13,7,7,0,0,0,29,33,35,127,126,107,98,61,8,3,599,186,206,627,534,478,513,359,64,11,2975
CED497,0,0,0,0,0,0,0,0,0,0,0,0,0,0,0,0,0,0,0,0,0,0,0,0,0,0,0,0,0,0,0,0,0,0,0,0,0,0,0,0,0,0,0,0,3,0,0,0,0,3,0,0,0,0,0,0,0,0,0,3,0,0,0,0,0,0,0,0,0,0,0,0,0,0,0,0,0,0,0,0,0,0,0,0,0,0,0,0,0,0,0,0,0,0,7,0,0,0,0,5,0,0,0,3,5,0,0,0,0,12
CED501,356,1191,1807,1562,1408,1159,990,519,148,9134,225,1322,2388,2027,1758,1403,722,288,75,10202,159,1170,2950,2648,2438,1880,678,174,38,12139,79,787,2591,2243,1943,1464,419,77,12,9620,30,458,2229,2226,2040,1440,312,70,45,8842,19,219,1556,1806,1632,1090,163,18,7,6519,15,301,2474,3559,3337,2013,309,25,7,12033,0,44,505,839,824,451,64,7,4,2738,6,35,345,837,854,569,99,25,14,2783,693,1029,2445,2116,1656,1174,828,708,445,11091,11407,11132,26178,26097,23560,19691,13616,7519,2499,141699
CED502,293,1254,2067,1855,1451,1077,919,469,132,9520,219,1452,2980,2688,2080,1526,719,235,77,11982,98,1167,3691,3627,2635,1917,666,129,27,13965,38,571,2795,2869,2056,1450,405,59,15,10258,22,312,2127,2638,1817,1231,291,61,22,8518,3,151,1241,1876,1306,896,184,20,8,5675,11,162,1732,3187,2191,1313,229,22,0,8845,0,23,288,672,481,236,55,3,0,1752,8,23,199,609,451,259,75,21,10,1652,675,762,1821,1740,1436,1049,807,668,484,9435,10650,11357,27081,29443,21774,17836,13916,6976,2379,141417
CED503,310,885,1204,1270,1137,1259,1552,904,245,8765,208,970,1564,1413,1464,1330,1138,506,137,8732,110,791,1915,1715,1895,1825,962,341,69,9631,48,464,1519,1427,1541,1374,567,174,31,7149,23,299,1377,1442,1463,1337,425,144,42,6557,13,184,994,1255,1362,1020,293,72,11,5202,27,275,1858,2642,2959,2223,443,72,18,10516,0,40,401,723,729,559,114,24,9,2593,10,30,348,787,1075,756,222,87,31,3345,558,591,1296,1502,1539,1321,1218,1031,717,9770,9221,8011,17675,19084,20147,20723,19607,11411,3679,129549
CED504,213,1228,1960,1703,1497,1508,1225,650,150,10131,158,1348,3028,2304,2198,1779,1031,372,91,12320,82,1170,3701,2911,2591,2285,897,221,47,13914,39,654,2879,2390,1996,1648,582,97,26,10314,16,317,2285,2117,1662,1397,393,88,22,8297,0,133,1545,1599,1319,989,255,42,13,5897,0,160,2024,2766,2253,1581,397,57,11,9255,0,17,342,647,453,307,91,14,0,1875,3,18,275,702,678,382,131,46,10,2239,552,757,1746,1572,1233,1063,848,732,499,8990,9985,11595,26823,25369,22277,21335,17297,9489,3231,147408
CED505,169,879,1269,921,784,850,1175,929,405,7366,101,859,1715,1230,1091,1051,1266,790,295,8389,45,915,2320,1609,1420,1367,1240,727,248,9885,24,643,2487,1552,1301,1247,940,436,156,8787,29,414,2621,1747,1540,1373,795,395,116,9026,8,185,2039,1620,1416,1139,570,256,72,7312,9,169,3609,4104,3663,2625,1128,434,127,15868,11,38,808,1409,1428,1002,394,138,43,5280,16,28,977,4246,5513,3400,1328,448,110,16069,386,487,1522,1150,929,815,905,864,880,7949,11116,10697,23487,23589,22932,19378,16374,10662,5030,143257
CED506,453,917,1483,1275,1282,1228,1093,491,131,8347,344,1125,2034,1698,1663,1667,901,296,81,9800,227,1091,2655,2169,2226,2134,917,233,41,11689,110,784,2243,2002,1951,1735,584,125,17,9553,63,551,2316,2068,2032,1684,496,120,36,9356,35,325,1809,1890,1739,1434,442,47,11,7729,38,485,3434,4190,3983,2802,621,67,13,15640,4,89,997,1247,1134,813,166,28,5,4483,12,65,929,1754,1441,928,282,75,15,5498,1644,1871,5291,4837,4334,3641,2140,1173,524,25462,10871,10620,29474,29047,27532,25648,17253,7701,2233,160379
CED507,400,899,1373,1455,1522,1495,1546,770,210,9664,253,1084,1845,1792,1821,1683,1156,459,130,10224,103,814,2089,2192,2267,1961,1114,350,70,10951,34,444,1576,1684,1751,1516,598,163,40,7806,23,269,1241,1667,1709,1320,450,139,55,6870,15,134,966,1303,1520,1131,266,68,15,5407,6,197,1563,2589,2759,2005,460,84,21,9694,0,28,305,634,737,490,130,24,10,2355,7,21,237,738,951,648,254,72,28,2958,602,492,1480,1604,1590,1396,1230,856,563,9808,9255,6720,17173,20693,21483,20938,18530,9389,3312,127496
CED508,252,1098,1488,1354,1126,1169,1109,560,157,8312,201,1183,2210,1771,1550,1398,988,351,102,9745,82,1013,3139,2339,2131,1873,892,262,48,11779,27,677,2739,2212,1939,1539,593,138,23,9882,14,336,2654,2249,2031,1496,475,98,31,9384,10,140,1905,2025,1654,1145,346,69,18,7301,8,193,2925,4247,3661,2229,529,76,15,13897,0,40,614,1098,896,584,141,29,14,3417,3,21,495,1593,1614,1023,294,93,17,5156,391,573,1518,1388,1206,929,834,770,742,8353,8904,10100,24662,25311,22514,19380,14658,7668,3136,136332
CED509,369,1110,1540,1499,1221,1063,1114,604,178,8691,223,1268,2338,1999,1814,1483,964,410,128,10626,120,1156,3153,2626,2373,2045,874,272,59,12680,46,647,2566,2442,2055,1642,555,151,28,10128,22,327,2094,2222,2024,1590,509,134,31,8951,18,181,1483,1799,1740,1162,295,53,9,6734,11,191,2109,3426,3381,2158,437,80,21,11814,0,26,474,850,840,526,143,25,7,2898,3,33,371,1008,1293,777,205,63,14,3770,550,764,2162,2025,1667,1183,808,742,603,10518,10784,9971,23971,25366,23326,19710,14690,7991,2780,138584
CED510,273,947,1020,1048,1159,1336,1657,713,188,8351,168,1093,1280,1292,1416,1578,1408,496,139,8865,79,957,1945,1894,2031,2109,1339,333,87,10781,33,575,1781,1811,1897,1814,887,188,39,9018,15,308,1802,1982,2058,1768,732,153,33,8853,10,133,1258,1704,1876,1441,436,67,5,6931,8,121,1941,4008,4182,3109,647,92,21,14134,0,32,398,1175,1259,789,190,38,3,3887,0,17,404,1898,2559,1453,317,66,14,6721,301,361,817,882,986,852,711,556,450,5916,10523,9197,16143,21760,23435,22482,18638,8175,2995,133353
CED511,448,909,1331,1344,1415,1587,1484,779,215,9510,327,1087,1706,1677,1884,1936,1223,491,165,10502,221,985,2147,2007,2256,2515,1219,345,79,11771,92,659,1616,1632,1748,1643,691,172,38,8294,64,452,1644,1546,1805,1674,545,166,53,7950,25,294,1261,1304,1502,1252,391,109,21,6161,23,339,1998,2617,2866,2336,573,122,32,10910,4,55,491,694,684,532,141,27,12,2642,9,34,379,713,917,716,301,101,27,3200,1140,1128,2701,2640,2796,2640,2118,1392,711,17255,9645,8470,20478,21238,23437,25441,20659,10637,3606,143602
CED512,360,1294,1733,1704,1403,1093,897,533,202,9229,249,1488,2601,2148,2081,1400,639,237,75,10921,115,1215,3285,2775,2695,1916,653,168,36,12859,31,659,2722,2659,2319,1542,402,83,20,10437,15,365,2304,2492,2269,1354,316,56,31,9202,7,169,1514,1997,1875,1042,180,18,8,6806,10,213,2199,3752,3508,1855,260,29,8,11836,3,20,429,868,868,437,72,13,0,2715,3,16,361,975,1141,545,91,19,8,3161,565,640,1425,1391,1369,990,587,530,443,7930,11906,11204,24855,26669,24649,17907,11817,6323,2110,137448
CED513,172,1251,2289,1389,1019,1029,1100,593,270,9111,144,1345,3347,1894,1449,1309,949,418,190,11037,65,1245,4488,2748,1868,1769,963,297,103,13538,32,813,4018,2414,1744,1383,599,155,42,11196,12,433,3753,2485,1837,1476,493,127,41,10657,4,205,2801,2248,1634,1131,355,62,19,8462,7,272,4747,5291,3721,2381,613,116,34,17178,0,30,1024,1521,1132,659,154,40,18,4577,0,39,1056,2775,2371,1416,364,81,35,8140,361,946,2760,1889,1388,1132,894,757,584,10715,7085,12315,37315,29992,22700,19622,14772,8269,4281,156347
CED514,283,1590,2440,1504,1081,1040,1120,598,245,9891,185,1802,3593,2053,1607,1396,995,376,139,12129,119,1550,4691,3016,2117,1896,970,254,81,14685,35,871,3907,2504,1874,1603,633,154,38,11618,18,501,3246,2526,1806,1464,508,89,43,10206,8,206,2186,1988,1462,1063,395,68,18,7397,9,282,3490,4210,3245,2060,588,101,22,14009,0,31,717,1154,929,551,160,27,6,3585,6,35,687,1770,1725,1091,335,112,37,5798,513,1137,2694,1894,1442,1262,1014,1013,1145,12107,9301,15224,35864,28623,22176,19835,15675,8396,4062,159166
CED515,235,1068,1161,1239,1170,1187,1575,885,323,8845,168,1018,1686,1707,1649,1558,1375,652,244,10053,82,1022,2321,2259,2122,1930,1370,462,147,11707,36,710,2022,2034,1941,1597,888,267,61,9554,17,392,1972,2119,2024,1684,714,184,81,9177,5,140,1332,1816,1815,1317,469,95,46,7038,15,160,2109,4101,4047,2867,817,145,70,14320,0,31,465,1228,1197,757,215,63,18,3979,4,30,480,2152,2675,1716,464,142,32,7688,420,597,1385,1329,1054,884,707,707,724,7798,12326,11609,19553,25499,24890,22323,19096,10372,4734,150405
CED594,4,50,91,42,25,42,28,7,0,289,4,36,102,48,37,47,29,11,5,316,4,30,121,61,45,55,23,0,0,341,0,11,62,52,36,32,18,0,0,205,0,15,48,51,36,31,8,0,0,196,0,5,46,35,21,23,9,0,0,124,0,3,69,72,54,25,4,0,0,234,0,0,17,23,13,11,0,0,0,56,0,6,16,39,18,12,4,0,0,98,52,137,389,422,407,323,201,42,18,1991,261,562,1512,1543,1313,1144,758,155,30,7285
CED597,0,0,0,3,0,0,0,0,0,3,0,0,0,0,0,0,0,0,0,6,6,4,3,5,7,5,0,0,0,27,0,6,8,4,9,0,0,0,0,20,0,0,10,5,7,0,0,0,0,22,0,3,3,9,4,3,0,0,0,25,0,3,17,32,15,12,0,0,0,80,0,3,3,14,0,0,0,0,0,26,0,0,9,17,16,4,0,0,0,49,5,16,46,74,48,21,8,0,0,217,6,31,116,170,109,62,18,0,0,516
CED601,183,816,1490,1054,1057,1118,1075,573,167,7540,104,911,1973,1329,1334,1350,750,336,102,8193,35,624,2252,1585,1598,1602,699,213,53,8663,16,299,1390,1211,1171,991,360,113,17,5563,8,150,1045,972,1070,867,296,114,26,4537,3,46,599,811,829,710,178,38,9,3230,0,35,595,1075,1278,888,242,57,19,4179,0,4,79,190,217,164,58,17,5,738,9,9,103,315,434,338,139,67,21,1428,389,502,903,663,684,747,819,701,511,5921,6207,6556,14964,12708,13653,14468,12847,7370,2770,91537
CED602,197,784,1301,964,1075,1170,1048,597,193,7328,118,883,1669,1224,1351,1415,775,339,82,7851,52,625,1683,1413,1621,1575,734,178,44,7920,14,354,1163,1110,1146,1068,359,89,18,5316,6,158,924,1004,1043,932,273,80,33,4463,4,83,630,687,801,695,176,31,0,3110,0,69,658,966,1168,903,191,33,11,3992,0,11,68,150,190,145,46,13,0,623,6,14,98,207,312,283,111,51,5,1089,424,348,789,726,888,923,988,795,425,6306,5992,5572,12722,11759,13960,15839,14331,8134,2782,91094
CED603,110,793,2048,1061,788,837,1027,556,250,7476,73,801,2688,1392,1045,1077,870,396,160,8501,29,638,2948,1748,1393,1424,860,324,97,9463,11,384,1979,1359,1158,1030,550,174,39,6681,6,150,1315,1273,1218,995,405,140,52,5567,3,48,857,979,1038,730,251,78,16,3990,0,32,966,1640,1807,1215,361,93,27,6152,0,11,123,279,393,250,89,44,6,1197,4,20,164,522,794,568,228,86,32,2417,286,369,1135,653,594,583,590,545,405,5158,5932,7520,21049,14278,13199,12972,11082,6307,2691,95028
CED604,139,658,1248,988,857,1026,1303,676,200,7094,101,735,1780,1392,1108,1254,993,503,151,8022,59,670,2219,1771,1629,1580,1001,383,83,9394,16,314,1537,1441,1400,1193,512,146,45,6604,7,122,1239,1371,1376,1117,375,121,26,5751,6,42,770,1085,1091,755,241,37,15,4036,0,17,846,1714,1822,1218,260,69,18,5964,0,4,103,263,312,246,70,18,6,1008,4,8,121,398,446,344,126,46,13,1509,305,331,830,762,608,669,739,634,500,5373,5949,5570,14651,14301,13797,14636,13331,7388,2652,92283
CED605,214,751,1345,1183,1198,1308,1154,595,107,7842,122,869,1734,1438,1490,1523,862,263,93,8392,44,693,2089,1695,1823,1811,736,205,35,9148,11,309,1351,1238,1301,1152,377,95,15,5846,8,142,917,1018,1046,974,295,86,35,4520,9,57,487,686,803,654,155,30,6,2885,0,27,483,950,990,809,194,42,13,3502,0,3,74,121,144,128,64,11,6,551,12,11,64,171,233,204,136,45,9,884,529,379,868,825,899,1103,1118,718,306,6749,5886,5683,13043,12707,14386,17274,15236,7415,2097,93730
CED694,0,10,17,15,15,10,3,0,0,65,3,5,22,13,15,6,4,0,0,65,0,3,11,15,9,6,8,0,0,56,0,4,7,0,9,7,4,0,0,35,0,0,8,0,5,3,0,0,0,16,0,0,0,3,7,0,0,0,0,15,0,0,6,3,9,10,0,0,0,25,0,0,0,0,0,0,0,0,0,5,0,0,0,0,0,0,0,0,0,4,16,18,34,24,32,52,64,4,0,247,95,119,228,198,203,199,163,31,3,1248
CED697,0,0,0,0,0,0,0,0,0,0,0,0,0,0,0,0,0,0,0,0,0,0,0,0,0,0,0,0,0,0,0,0,0,0,0,0,0,0,0,0,0,0,0,0,0,0,0,0,0,4,0,0,0,0,0,0,0,0,0,4,0,0,0,0,0,0,0,0,0,0,0,0,0,0,3,0,0,0,0,3,0,0,0,3,0,0,0,0,0,3,0,0,0,0,0,0,0,0,0,3,0,0,4,4,7,0,0,0,0,19
CED701,258,480,840,724,551,524,401,137,38,3958,253,737,1385,897,775,663,388,122,30,5242,170,801,2057,1325,1190,1084,371,70,10,7083,75,656,1834,1315,1087,811,277,35,7,6091,22,342,1674,1413,1167,915,234,34,5,5796,13,127,1163,1046,991,701,191,23,0,4259,6,105,1416,2048,1935,1352,306,23,0,7186,0,12,230,388,366,269,68,12,0,1353,4,13,179,422,487,355,107,13,0,1582,1268,1239,3153,2570,2091,1616,924,321,65,13242,8269,8667,21315,18101,15487,12661,7067,2251,475,94284
CED702,185,677,1319,805,540,491,461,208,45,4729,176,836,2157,1264,929,748,573,196,31,6903,128,1004,3033,1915,1383,1066,568,147,22,9259,42,813,2521,1743,1264,884,371,83,6,7735,16,372,2328,1824,1403,990,322,80,14,7344,3,173,1555,1484,1205,808,240,43,5,5519,7,116,1955,2872,2632,1691,378,61,6,9720,0,16,237,536,539,403,116,13,0,1850,4,9,211,713,836,587,182,35,8,2594,547,763,2139,1602,1267,934,616,284,117,8266,5886,7041,21288,17478,14186,11290,7353,2927,696,88143
CED794,0,9,38,25,16,25,16,3,0,136,0,19,46,23,28,15,5,0,0,130,0,9,47,24,20,21,14,0,0,127,0,7,27,20,8,14,5,0,0,84,0,5,27,8,10,11,0,0,0,62,0,0,18,17,13,7,6,0,0,54,0,0,22,29,19,10,0,0,0,88,0,0,3,9,3,0,0,0,0,12,0,0,4,11,0,7,0,0,0,26,24,50,147,89,108,130,70,9,0,625,95,183,661,573,591,579,318,49,7,3052
CED797,0,0,0,0,0,0,0,0,0,0,0,0,3,0,0,0,0,0,0,10,0,0,5,4,0,0,0,0,0,10,0,5,0,0,0,0,0,0,0,6,0,0,3,0,0,0,0,0,0,3,0,0,0,5,0,0,0,0,0,4,0,0,0,7,3,3,0,0,0,17,0,0,0,0,0,0,0,0,0,5,0,0,0,0,0,0,0,0,0,3,6,0,6,4,7,3,0,0,0,25,4,6,23,22,19,17,0,0,0,94
CED801,251,910,1218,781,663,891,1153,708,228,6796,206,1177,2031,1176,1058,1240,1344,721,215,9159,108,1218,2773,1872,1584,1755,1421,607,162,11501,48,949,2973,1926,1504,1524,1038,407,124,10494,11,519,3084,2383,1973,1732,873,324,75,10972,0,144,2090,2236,1895,1489,629,160,31,8685,6,117,3008,5347,4935,3084,748,166,46,17455,0,15,345,938,974,629,165,26,3,3099,4,13,405,1569,1743,1128,286,66,18,5229,330,431,1114,924,726,591,591,560,412,5685,8395,8820,22319,21933,19674,18075,14171,7647,2617,123643
CED802,371,1298,1334,565,393,558,807,618,265,6209,327,1447,1802,914,614,713,948,603,292,7658,130,1641,2814,1359,871,1001,1146,636,221,9828,49,1517,3249,1328,864,1003,999,473,167,9666,29,791,3711,1693,1237,1071,921,436,133,10018,6,252,2675,1814,1327,1075,672,262,92,8173,17,179,4476,5364,4407,2721,1033,381,112,18684,3,24,535,1287,1293,799,296,94,30,4368,10,31,608,2461,3165,2092,609,171,74,9223,692,1228,1632,1010,760,708,666,513,507,7707,9325,14923,27091,20191,17042,14515,11733,6954,3198,124971
CED803,217,1073,1830,1043,756,655,882,468,130,7056,210,1321,2815,1725,1114,912,883,448,109,9541,117,1344,3929,2455,1641,1189,880,366,89,12000,41,1060,3509,2625,1627,1100,695,216,49,10916,17,531,3432,2970,1982,1220,557,155,33,10900,6,166,2230,2887,1983,1058,331,83,17,8760,7,133,3145,6163,4806,2101,471,85,15,16938,0,9,384,1142,929,455,87,18,5,3032,0,15,359,1554,1417,663,126,36,6,4177,319,514,1332,998,683,443,378,242,125,5036,8696,10540,28413,27449,19759,13189,10079,4928,1420,124469
CED894,0,4,4,3,8,4,0,0,0,29,0,7,5,3,6,6,4,4,0,33,0,7,16,3,0,4,0,0,0,41,0,4,8,0,4,3,0,0,0,19,0,8,7,0,0,4,0,0,0,15,0,0,3,3,5,4,0,0,0,13,0,0,6,6,10,0,0,0,0,24,0,0,0,4,0,4,0,0,0,7,0,0,4,0,0,3,0,0,0,11,7,7,17,27,26,20,10,5,0,121,58,82,108,104,77,78,34,10,4,560
CED897,0,0,0,0,0,0,0,0,0,0,0,0,0,0,0,0,0,0,0,0,0,0,0,0,0,0,0,0,0,0,0,0,0,0,0,0,0,0,0,0,0,0,0,0,0,0,0,0,0,0,0,0,0,0,0,0,0,0,0,0,0,0,0,0,0,0,0,0,0,0,0,0,0,0,0,0,0,0,0,0,0,0,0,0,0,0,0,0,0,0,0,0,0,0,0,0,0,0,0,0,0,0,0,0,0,0,0,0,0,0
CED994,0,0,0,0,0,4,0,0,0,3,0,0,0,0,0,0,0,0,0,0,0,0,0,0,0,0,0,0,0,0,0,0,0,0,0,0,0,0,0,0,0,0,0,0,0,0,0,0,0,0,0,0,0,0,0,0,0,0,0,0,0,0,0,0,0,0,0,0,0,0,0,0,0,0,0,0,0,0,0,0,0,0,0,0,0,0,0,0,0,0,0,0,0,0,0,0,0,0,0,3,0,0,4,0,0,3,0,0,0,11
CED997,0,0,0,0,0,0,0,0,0,0,0,0,0,0,0,0,0,0,0,0,0,0,0,0,0,0,0,0,0,0,0,0,0,0,0,0,0,0,0,0,0,0,0,0,0,0,0,0,0,0,0,0,0,0,0,0,0,0,0,0,0,0,0,0,0,0,0,0,0,0,0,0,0,0,0,0,0,0,0,0,0,0,0,0,0,0,0,0,0,0,0,0,0,0,0,0,0,0,0,0,0,0,0,0,0,0,0,0,0,0
