CED_CODE_2021,F_Malta_0_4,F_Malta_5_14,F_Malta_15_24,F_Malta_25_44,F_Malta_45_54,F_Malta_55_64,F_Malta_65_74,F_Malta_75_84,F_Malta_85ov,F_Malta_Tot,F_Mauritius_0_4,F_Mauritius_5_14,F_Mauritius_15_24,F_Mauritius_25_44,F_Mauritius_45_54,F_Mauritius_55_64,F_Mauritius_65_74,F_Mauritius_75_84,F_Mauritius_85ov,F_Mauritius_Tot,F_Myanmar_0_4,F_Myanmar_5_14,F_Myanmar_15_24,F_Myanmar_25_44,F_Myanmar_45_54,F_Myanmar_55_64,F_Myanmar_65_74,F_Myanmar_75_84,F_Myanmar_85ov,F_Myanmar_Tot,F_Nepal_0_4,F_Nepal_5_14,F_Nepal_15_24,F_Nepal_25_44,F_Nepal_45_54,F_Nepal_55_64,F_Nepal_65_74,F_Nepal_75_84,F_Nepal_85ov,F_Nepal_Tot,F_Netherlands_0_4,F_Netherlands_5_14,F_Netherlands_15_24,F_Netherlands_25_44,F_Netherlands_45_54,F_Netherlands_55_64,F_Netherlands_65_74,F_Netherlands_75_84,F_Netherlands_85ov,F_Netherlands_Tot,F_New_Zealand_0_4,F_New_Zealand_5_14,F_New_Zealand_15_24,F_New_Zealand_25_44,F_New_Zealand_45_54,F_New_Zealand_55_64,F_New_Zealand_65_74,F_New_Zealand_75_84,F_New_Zealand_85ov,F_New_Zealand_Tot,F_North_Macedonia_0_4,F_North_Macedonia_5_14,F_North_Macedonia_15_24,F_North_Macedonia_25_44,F_North_Macedonia_45_54,F_North_Macedonia_55_64,F_North_Macedonia_65_74,F_North_Macedonia_75_84,F_North_Macedonia_85ov,F_North_Macedonia_Tot,F_Pakistan_0_4,F_Pakistan_5_14,F_Pakistan_15_24,F_Pakistan_25_44,F_Pakistan_45_54,F_Pakistan_55_64,F_Pakistan_65_74,F_Pakistan_75_84,F_Pakistan_85ov,F_Pakistan_Tot,F_PNG_0_4,F_PNG_5_14,F_PNG_15_24,F_PNG_25_44,F_PNG_45_54,F_PNG_55_64,F_PNG_65_74,F_PNG_75_84,F_PNG_85ov,F_PNG_Tot,F_Philippines_0_4,F_Philippines_5_14,F_Philippines_15_24,F_Philippines_25_44,F_Philippines_45_54,F_Philippines_55_64,F_Philippines_65_74,F_Philippines_75_84,F_Philippines_85ov,F_Philippines_Tot,F_Poland_0_4,F_Poland_5_14,F_Poland_15_24,F_Poland_25_44,F_Poland_45_54,F_Poland_55_64,F_Poland_65_74,F_Poland_75_84,F_Poland_85ov,F_Poland_Tot,F_Samoa_0_4,F_Samoa_5_14,F_Samoa_15_24,F_Samoa_25_44,F_Samoa_45_54,F_Samoa_55_64,F_Samoa_65_74,F_Samoa_75_84,F_Samoa_85ov,F_Samoa_Tot,F_Scotland_0_4,F_Scotland_5_14,F_Scotland_15_24,F_Scotland_25_44,F_Scotland_45_54,F_Scotland_55_64,F_Scotland_65_74,F_Scotland_75_84,F_Scotland_85ov,F_Scotland_Tot,F_Singapore_0_4,F_Singapore_5_14,F_Singapore_15_24,F_Singapore_25_44,F_Singapore_45_54,F_Singapore_55_64,F_Singapore_65_74,F_Singapore_75_84,F_Singapore_85ov,F_Singapore_Tot,F_South_Africa_0_4,F_South_Africa_5_14,F_South_Africa_15_24,F_South_Africa_25_44,F_South_Africa_45_54,F_South_Africa_55_64,F_South_Africa_65_74,F_South_Africa_75_84,F_South_Africa_85ov,F_South_Africa_Tot,F_Sri_Lanka_0_4,F_Sri_Lanka_5_14,F_Sri_Lanka_15_24,F_Sri_Lanka_25_44,F_Sri_Lanka_45_54,F_Sri_Lanka_55_64,F_Sri_Lanka_65_74,F_Sri_Lanka_75_84,F_Sri_Lanka_85ov,F_Sri_Lanka_Tot,F_Taiwan_0_4,F_Taiwan_5_14,F_Taiwan_15_24,F_Taiwan_25_44,F_Taiwan_45_54,F_Taiwan_55_64,F_Taiwan_65_74,F_Taiwan_75_84,F_Taiwan_85ov,F_Taiwan_Tot,F_Thailand_0_4,F_Thailand_5_14,F_Thailand_15_24,F_Thailand_25_44,F_Thailand_45_54,F_Thailand_55_64,F_Thailand_65_74,F_Thailand_75_84,F_Thailand_85ov,F_Thailand_Tot,F_Turkey_0_4,F_Turkey_5_14,F_Turkey_15_24,F_Turkey_25_44,F_Turkey_45_54,F_Turkey_55_64,F_Turkey_65_74,F_Turkey_75_84,F_Turkey_85ov,F_Turkey_Tot,F_USA_0_4,F_USA_5_14,F_USA_15_24,F_USA_25_44,F_USA_45_54,F_USA_55_64,F_USA_65_74,F_USA_75_84,F_USA_85ov,F_USA_Tot
CED101,0,0,0,0,7,15,48,45,16,133,0,0,5,23,18,39,29,16,8,130,0,0,0,15,18,14,7,7,0,66,0,17,682,1574,51,36,7,0,0,2364,0,0,3,6,7,7,7,10,6,52,5,39,133,381,216,205,102,43,15,1143,0,0,14,131,123,202,194,87,39,794,0,15,18,102,28,16,3,4,0,186,0,0,5,11,8,11,8,5,0,49,4,67,140,729,285,251,172,50,12,1708,0,0,4,52,26,16,25,14,8,144,0,0,4,16,19,8,15,7,0,73,0,0,0,20,14,21,24,13,10,113,0,10,22,36,25,29,32,9,3,163,0,3,16,78,45,48,30,19,5,246,0,4,15,46,26,27,20,14,10,146,5,5,18,102,31,20,27,9,0,206,3,15,33,298,106,57,33,0,0,549,0,4,4,18,13,17,12,13,4,85,7,22,27,74,16,27,19,5,3,206
CED102,0,0,0,0,8,14,61,53,34,165,0,0,0,26,8,7,9,10,3,69,0,0,8,25,8,12,8,4,0,76,6,37,1116,2374,66,31,12,3,0,3648,0,0,0,17,10,7,5,6,3,52,3,32,110,381,236,199,112,35,8,1120,0,12,16,204,163,374,490,285,121,1672,0,4,7,87,16,14,3,0,0,134,0,0,0,12,9,8,12,3,0,45,3,58,109,1072,325,315,189,50,27,2143,4,0,0,105,28,17,29,6,8,202,0,0,3,7,11,12,8,0,0,43,0,0,0,42,19,30,33,10,6,142,0,5,32,114,30,34,37,10,0,268,0,6,9,75,30,38,24,13,0,200,0,6,11,60,17,14,9,7,7,125,0,10,12,223,44,37,31,0,0,361,3,16,56,679,144,87,42,8,0,1037,0,6,4,62,57,44,31,19,3,216,16,32,31,150,27,22,15,6,3,307
CED103,0,0,0,0,8,15,27,26,9,78,0,0,5,23,7,12,7,13,3,78,0,0,12,57,27,33,23,14,0,169,0,0,139,315,5,3,0,0,0,472,3,5,4,8,14,9,18,24,11,99,4,53,108,267,169,191,97,45,9,941,0,0,0,11,9,17,25,5,8,69,16,82,38,319,26,11,15,4,0,503,0,0,0,14,23,11,14,7,4,70,13,110,122,1105,260,236,172,43,15,2082,0,0,0,70,32,41,34,14,11,206,0,0,0,0,5,0,8,0,0,15,0,3,0,31,23,33,42,37,15,186,9,55,55,145,85,58,53,18,9,481,4,26,35,168,88,59,52,34,11,475,3,33,42,263,123,174,121,63,27,851,10,32,43,418,119,74,83,20,0,799,5,15,33,402,117,55,28,16,3,666,0,4,0,60,22,26,17,7,8,142,17,75,61,163,38,32,28,11,5,431
CED104,0,0,0,0,0,20,39,16,9,94,0,0,3,8,16,14,9,0,0,56,0,0,0,21,19,20,9,5,5,81,0,5,33,178,19,8,0,0,0,239,0,3,14,17,17,23,45,45,15,178,6,56,87,201,217,223,157,71,29,1041,0,0,0,0,7,3,3,5,0,17,0,23,14,124,40,35,19,4,3,269,0,0,5,12,27,11,9,3,0,74,4,42,55,346,182,164,128,34,25,981,0,3,0,41,49,47,66,6,0,218,0,0,0,0,0,0,0,0,0,7,0,11,9,23,47,61,53,47,18,279,7,50,55,76,74,51,62,18,6,407,5,97,127,281,265,168,122,46,15,1129,0,27,40,219,202,241,131,67,29,956,0,13,15,108,56,58,68,5,0,326,0,10,19,127,58,33,17,4,0,265,0,5,0,12,13,16,3,0,0,54,6,49,78,116,68,58,29,15,11,427
CED105,0,0,0,0,3,11,26,44,16,94,0,0,4,15,13,19,21,13,10,96,0,3,15,103,58,37,29,16,4,258,0,17,1023,1497,21,20,6,5,0,2580,0,0,0,5,0,0,0,9,11,26,9,72,163,298,110,92,60,12,0,821,0,0,5,65,83,140,171,98,41,604,27,185,173,848,140,79,32,4,0,1489,0,0,0,8,0,4,4,3,0,23,0,26,80,495,209,241,176,54,13,1300,0,0,0,13,7,24,31,38,43,156,0,8,14,43,40,49,24,3,0,187,0,0,0,0,5,13,23,16,4,57,4,12,10,25,14,18,8,9,4,94,0,8,3,25,11,17,17,5,0,81,0,6,35,133,76,94,59,34,16,452,0,0,3,159,18,22,15,0,0,219,0,10,18,182,60,28,20,6,0,321,3,19,32,230,297,283,222,103,18,1206,5,12,22,24,11,10,9,3,0,94
CED106,0,0,0,0,6,7,9,5,0,24,0,0,0,13,4,14,15,5,4,54,0,0,9,14,15,15,10,4,9,74,0,13,185,447,25,13,9,0,0,683,0,12,18,14,24,22,31,39,23,191,7,62,134,212,280,262,183,120,59,1321,0,0,0,5,11,3,3,0,0,21,0,21,0,98,17,13,9,9,0,181,0,0,0,13,57,42,34,31,11,187,4,43,72,524,174,142,109,25,12,1110,0,3,0,55,27,42,42,13,12,195,0,0,0,5,0,0,0,0,0,5,0,15,27,27,56,74,50,37,30,312,14,111,79,140,92,63,68,26,6,599,13,140,198,481,506,368,244,148,47,2146,3,8,26,162,110,87,67,39,17,517,9,33,33,356,152,87,128,22,0,818,0,17,38,253,77,45,14,3,3,445,3,7,4,24,16,18,0,0,3,83,21,133,115,143,88,79,54,25,6,672
CED107,0,0,0,0,8,3,15,5,0,33,0,0,0,6,0,5,0,0,0,6,0,0,0,9,0,0,4,0,4,17,0,8,38,191,4,3,0,0,0,250,0,0,3,11,5,25,58,66,17,182,5,17,48,182,161,193,125,62,13,797,0,0,0,3,0,5,0,0,0,7,4,12,5,43,7,0,5,0,0,71,0,0,6,6,13,12,4,0,0,46,3,31,31,211,87,96,60,8,0,541,0,0,0,5,4,8,12,10,17,52,0,0,0,0,7,0,0,0,0,8,0,0,7,26,33,51,60,50,12,240,0,11,3,11,13,7,3,4,0,54,0,21,23,92,52,25,30,11,0,247,0,10,4,40,10,11,11,4,0,90,0,3,0,14,5,5,3,0,0,31,5,12,18,108,35,29,7,0,0,210,0,0,0,4,4,0,0,0,0,12,0,18,15,67,29,29,29,5,0,191
CED108,0,0,4,16,16,91,211,141,73,554,0,4,7,33,22,47,32,18,9,176,4,3,8,91,61,32,29,6,0,235,0,25,87,629,28,32,13,3,0,821,0,0,0,5,9,11,35,35,16,106,22,270,412,1109,346,213,112,31,7,2518,0,0,0,13,6,19,19,10,6,81,22,246,197,978,229,133,52,14,0,1878,0,3,8,8,13,3,7,0,0,40,20,307,773,3380,1767,1824,1183,328,110,9689,0,0,0,29,29,48,65,43,80,290,0,57,89,262,216,187,124,43,6,980,0,0,3,9,22,47,63,36,20,192,0,37,9,23,9,25,17,7,0,128,3,14,19,101,50,56,36,14,3,294,0,33,50,404,150,131,81,41,9,908,0,0,0,60,12,5,4,0,0,91,0,13,19,143,60,28,13,0,0,280,0,11,13,98,84,79,68,25,0,368,0,46,25,61,17,10,6,7,0,169
CED109,0,0,0,5,6,7,59,50,16,142,0,0,4,9,3,11,4,8,0,45,0,0,0,6,7,4,0,3,0,28,0,0,8,49,4,0,0,0,0,63,0,3,0,25,14,14,29,25,25,134,8,33,72,325,258,186,112,69,23,1075,0,5,8,88,68,117,88,38,12,418,0,3,0,19,0,7,3,0,0,42,0,0,0,13,12,12,0,4,0,54,0,19,39,275,131,139,86,19,12,715,0,3,4,87,37,26,32,13,14,212,0,0,0,0,6,3,3,0,0,16,0,4,4,38,38,57,63,62,9,279,0,8,18,27,22,22,21,6,0,124,0,17,26,152,96,70,42,27,3,435,0,3,0,15,11,8,4,3,0,50,0,4,7,40,16,16,17,0,0,96,0,17,18,207,78,21,22,0,0,363,0,3,0,30,25,18,22,11,7,112,11,23,23,115,35,35,24,8,4,282
CED110,0,0,0,0,6,11,30,13,0,53,0,0,3,5,4,5,0,0,0,15,0,14,42,137,28,18,7,0,0,246,0,4,18,104,0,0,0,0,0,128,0,0,6,25,15,34,99,85,44,303,0,27,34,204,194,311,255,129,45,1197,0,0,0,0,0,4,0,0,0,7,0,9,8,10,0,0,0,0,0,28,0,6,5,21,26,24,13,0,0,95,3,25,30,273,110,134,85,19,3,683,0,0,0,10,7,11,20,4,7,61,0,0,4,0,4,0,0,0,0,20,0,3,4,21,37,68,83,79,25,323,0,6,0,13,8,10,6,3,0,47,0,8,28,91,74,57,72,31,9,370,0,3,4,23,11,4,5,3,0,50,0,0,4,22,7,3,0,0,0,47,0,26,28,91,57,30,14,5,0,249,3,3,0,3,4,4,3,0,0,24,3,26,27,76,40,45,48,19,5,280
CED111,0,0,0,3,9,20,35,33,13,106,0,0,0,7,0,3,5,0,0,18,0,6,4,66,18,10,9,4,3,122,0,0,29,109,7,0,0,0,0,142,3,7,9,33,17,26,81,78,38,285,0,25,67,252,178,172,119,58,21,908,0,3,7,96,134,219,324,245,76,1106,4,9,11,81,15,0,4,0,0,126,0,0,3,11,16,13,4,0,0,39,8,21,40,234,82,125,89,26,5,634,0,0,4,36,20,18,49,15,21,166,0,0,0,4,4,0,0,0,0,12,0,0,15,31,57,117,119,88,46,472,0,16,5,17,14,11,0,6,0,71,0,10,26,128,52,58,43,15,3,339,0,3,24,42,16,15,13,8,7,119,0,6,3,27,10,6,3,0,0,51,0,28,60,212,84,42,9,9,0,443,0,3,0,28,69,56,39,39,8,241,9,32,50,152,63,47,45,21,0,407
CED112,0,0,0,3,5,14,61,53,11,154,0,0,0,7,3,8,18,3,12,54,0,0,0,3,0,0,4,0,0,12,0,0,13,72,0,0,0,0,0,88,0,5,0,14,12,29,56,53,32,205,5,31,67,303,290,284,204,98,30,1313,0,0,0,0,0,6,4,0,0,11,0,5,5,19,8,6,0,0,0,44,0,0,0,9,15,20,11,4,0,55,5,33,53,316,152,158,97,20,5,845,0,0,0,31,16,6,27,5,6,99,0,0,0,5,6,4,0,0,0,18,0,3,10,35,40,73,107,86,31,385,0,0,0,12,7,12,8,0,0,39,0,15,31,112,82,63,49,32,4,386,0,0,0,21,10,6,7,4,3,57,0,7,0,9,4,0,3,0,0,29,0,18,25,132,50,38,12,0,0,273,0,0,0,0,8,8,0,0,0,19,3,24,22,82,42,37,26,7,3,240
CED113,0,0,0,0,0,17,26,21,4,61,0,0,4,5,3,0,5,0,0,16,0,0,0,10,0,4,0,0,0,17,0,3,31,244,0,0,0,0,0,285,0,0,3,25,18,37,106,55,21,268,0,21,52,221,221,238,161,62,9,979,0,4,6,60,40,60,63,28,11,278,4,14,3,58,3,5,7,0,0,90,0,0,0,16,47,24,7,0,0,98,3,35,51,234,105,107,71,14,3,629,0,0,0,18,13,17,21,13,8,95,0,0,4,11,8,7,0,0,0,28,0,4,0,18,33,67,69,60,18,278,4,8,4,13,15,12,8,0,0,64,6,27,29,117,85,52,36,17,3,363,0,6,3,41,18,15,6,0,0,91,0,0,0,70,3,4,0,0,0,79,0,13,15,118,73,40,14,3,0,277,0,0,0,8,5,3,0,0,0,23,12,37,30,114,53,65,77,19,7,418
CED114,0,0,0,4,3,0,12,8,0,32,0,0,0,8,0,5,0,0,0,16,0,0,0,10,3,0,0,0,0,12,0,29,56,102,5,0,0,0,0,202,0,0,0,15,24,18,81,58,20,213,4,68,70,269,125,168,121,50,9,878,0,0,0,0,0,0,0,0,0,3,4,15,16,54,5,10,0,0,0,105,0,0,0,3,14,14,0,0,0,34,10,59,56,352,130,116,59,23,0,803,0,0,0,3,0,3,5,4,4,24,0,15,25,30,28,10,4,0,0,114,0,0,0,19,15,42,58,51,19,210,0,0,3,8,8,6,6,0,0,36,5,28,31,78,49,30,17,18,3,272,0,15,6,47,22,7,10,0,0,98,5,0,8,110,0,0,0,0,0,122,0,9,9,95,48,28,7,3,0,198,0,0,5,13,11,5,7,0,0,40,0,12,12,60,10,25,21,9,0,144
CED115,0,0,0,3,4,40,92,51,21,220,0,0,6,33,5,19,22,10,3,99,0,0,12,57,24,23,15,3,0,128,4,4,55,185,7,9,6,0,0,272,0,0,0,0,0,4,13,5,5,29,9,84,223,434,117,78,39,13,0,1002,0,0,13,78,51,109,116,55,17,440,10,30,41,230,19,9,15,4,0,363,0,0,4,0,4,0,0,0,0,8,0,43,93,503,205,220,239,60,21,1380,0,0,0,30,23,52,74,35,33,245,0,18,51,130,98,84,40,5,5,434,0,0,0,6,6,16,22,15,11,67,0,4,3,20,8,7,16,3,0,58,0,0,6,15,7,9,12,7,0,61,0,0,5,27,15,16,21,12,9,93,0,0,5,44,11,12,10,0,0,91,0,23,54,420,112,92,54,11,0,774,0,25,10,50,51,47,48,25,0,250,0,20,17,28,6,7,6,0,0,85
CED116,0,0,0,3,5,18,48,31,13,129,0,0,0,3,3,10,12,4,0,35,0,0,0,0,0,0,0,0,0,9,0,0,11,73,0,3,0,0,0,85,0,0,5,10,14,30,116,80,35,287,3,19,42,178,199,239,240,115,25,1060,0,0,0,5,10,11,18,9,0,46,0,3,3,15,0,0,0,0,0,23,0,3,3,9,18,18,9,0,0,51,4,21,30,201,90,104,80,20,3,551,0,0,0,19,7,18,26,16,11,95,0,0,0,3,0,0,0,0,0,8,0,3,7,24,30,102,150,106,39,460,0,4,6,8,13,10,11,5,5,66,0,6,16,71,48,50,61,36,6,293,0,4,4,26,10,4,3,0,0,58,0,0,0,13,4,0,0,0,0,21,3,5,19,97,63,26,10,0,0,223,0,0,0,4,0,0,3,0,0,11,3,19,16,95,48,50,73,25,4,354
CED117,0,0,0,6,3,14,38,31,19,109,0,0,3,19,4,12,6,10,0,51,0,0,6,18,20,10,9,5,0,61,0,11,219,409,10,14,4,3,0,660,0,6,12,52,28,13,20,10,0,143,4,20,81,596,374,298,185,50,14,1626,0,0,4,20,9,16,17,16,4,98,0,0,4,29,7,4,0,0,0,46,0,0,0,19,32,5,5,0,0,72,0,22,36,486,126,121,117,31,9,946,0,0,3,87,36,14,28,23,12,212,0,0,0,0,3,3,3,0,0,15,0,0,14,92,85,68,59,27,11,356,3,31,24,108,43,24,16,5,0,261,0,3,31,223,77,47,39,15,0,443,0,0,0,88,16,14,19,9,6,157,0,0,6,108,21,10,8,3,0,167,0,22,31,430,108,58,33,4,0,687,0,3,0,53,27,26,26,17,5,165,33,63,56,382,116,62,44,15,0,780
CED118,0,0,0,3,12,80,222,157,42,518,0,0,6,39,26,36,40,20,12,191,0,0,12,97,59,40,33,13,3,262,4,20,131,823,58,46,19,6,0,1102,0,3,0,16,8,10,20,27,17,104,20,165,312,552,271,193,100,28,4,1651,0,0,0,3,8,5,18,0,0,38,8,112,76,597,99,62,47,14,4,1023,0,0,0,3,22,7,0,0,0,41,11,139,299,1520,819,771,475,122,61,4212,0,0,3,49,40,44,55,21,12,220,0,0,11,43,36,38,16,4,0,156,0,4,11,17,31,48,40,26,17,192,10,63,37,60,32,32,18,6,5,257,7,69,96,262,164,89,60,18,9,782,9,111,158,1045,452,398,233,90,41,2533,0,11,6,81,14,19,21,0,0,149,0,10,30,185,71,35,15,3,0,360,0,3,9,106,94,82,45,27,4,368,11,55,54,102,35,25,16,0,0,304
CED119,0,0,0,0,7,15,34,39,13,109,0,0,0,8,15,43,22,11,15,121,0,0,0,12,0,4,7,0,0,30,0,9,14,117,12,6,5,0,0,155,0,0,3,16,17,14,25,22,17,128,4,39,71,284,225,186,79,43,8,951,0,0,5,40,43,77,76,25,8,261,0,4,10,35,17,12,3,0,0,85,0,0,0,7,19,13,8,0,0,44,9,17,35,315,124,167,107,26,13,810,0,6,0,70,27,41,33,16,9,200,0,5,0,14,17,16,3,0,0,64,0,4,5,51,45,53,63,45,14,285,5,7,11,20,14,23,23,3,0,111,6,22,34,136,91,76,72,31,10,480,0,3,0,35,13,25,12,13,5,107,0,0,4,31,13,10,11,0,0,72,0,8,9,153,58,27,8,5,0,265,0,0,3,13,10,12,5,7,0,50,10,30,30,117,43,38,34,10,5,307
CED120,0,0,6,15,12,47,103,46,11,235,0,0,3,15,10,16,15,3,0,62,0,0,0,5,3,6,0,0,0,17,0,3,8,89,5,0,0,0,0,113,0,0,0,15,10,31,81,34,17,186,9,26,61,231,208,189,151,45,12,925,0,0,0,11,8,10,3,5,0,38,0,10,8,38,11,8,5,0,0,73,0,0,0,6,19,11,7,0,0,43,6,19,26,237,96,93,73,5,3,565,0,0,3,34,15,18,25,7,9,115,0,0,7,13,12,3,3,0,0,42,0,9,3,47,47,92,98,71,21,382,0,0,5,11,13,10,7,0,0,46,0,8,27,95,60,43,37,18,3,287,0,5,9,24,17,7,7,4,0,73,0,0,0,25,3,5,3,0,0,34,0,3,19,99,58,20,13,0,0,214,0,0,0,14,7,4,3,0,0,38,3,9,20,60,30,46,32,7,5,206
CED121,0,0,0,3,0,4,26,6,0,38,0,0,0,3,0,12,8,3,0,22,0,0,0,6,3,0,0,0,0,16,0,0,9,63,0,0,0,0,0,71,0,3,0,9,10,23,81,54,20,202,8,49,61,280,227,223,176,97,31,1147,0,0,0,6,4,0,3,0,4,18,4,10,0,29,4,4,5,0,0,61,0,0,5,11,28,16,15,8,0,78,4,20,41,272,112,110,78,21,4,657,0,0,0,16,4,5,20,10,8,64,0,0,4,13,9,10,10,0,3,43,0,5,11,19,27,56,87,53,32,289,0,0,3,5,7,9,12,0,0,41,0,25,35,114,92,52,37,27,3,390,0,4,4,21,12,5,11,0,0,71,0,0,0,20,3,0,0,0,0,29,6,5,21,138,57,30,13,0,0,266,0,0,0,4,5,4,0,0,0,11,0,12,17,74,28,34,33,16,0,216
CED122,0,0,0,4,0,26,76,77,34,211,0,0,5,29,9,25,19,5,0,97,0,0,13,26,6,7,12,4,0,62,0,0,40,86,4,0,0,0,0,132,0,4,6,59,24,12,16,17,6,145,11,32,130,573,304,263,155,71,20,1558,0,0,0,25,4,9,11,6,0,58,5,3,15,63,8,9,11,0,0,113,0,0,5,17,30,19,11,9,5,88,7,51,97,671,277,226,179,49,11,1565,0,3,11,152,50,57,89,24,14,393,0,0,0,0,8,12,3,0,0,26,0,5,15,181,85,66,60,23,14,447,6,25,64,138,50,46,52,18,0,395,4,18,86,289,281,131,80,69,11,963,0,0,17,75,25,31,26,9,0,177,6,10,22,169,41,30,40,3,3,315,3,20,49,483,138,76,53,0,0,818,0,0,0,73,69,75,60,31,7,319,24,62,59,364,81,43,19,9,3,668
CED123,0,0,0,20,22,88,166,126,29,454,0,0,4,20,13,18,28,11,9,94,0,6,0,41,12,10,8,0,0,67,0,12,59,286,16,26,9,3,0,414,0,0,0,9,10,40,74,47,19,193,17,118,238,662,315,230,135,25,14,1752,0,0,0,9,7,10,9,8,0,46,3,40,33,208,52,25,19,6,0,390,0,0,3,8,11,8,4,0,0,40,8,79,179,1006,440,379,245,56,19,2411,0,0,0,31,18,33,36,21,14,152,0,15,54,98,68,49,24,12,4,326,0,0,6,37,52,116,111,72,13,412,0,9,4,36,17,22,10,4,0,110,0,8,21,116,67,55,32,31,6,329,4,22,27,192,63,66,40,13,0,438,0,0,0,43,4,5,12,0,0,69,3,13,24,200,78,62,14,4,0,398,0,0,3,26,25,20,18,6,0,102,0,10,22,66,17,27,23,3,3,165
CED124,0,0,0,0,4,10,23,15,8,65,0,0,0,4,0,6,4,0,0,17,0,0,0,0,0,0,3,0,0,8,0,0,8,54,0,0,0,0,0,66,0,5,0,12,13,23,91,61,24,229,3,16,23,122,133,222,225,95,28,863,0,0,0,0,0,3,0,0,0,4,0,0,0,12,6,0,0,0,0,16,0,0,0,4,19,20,10,3,0,64,0,15,14,146,79,91,66,14,0,433,0,3,0,9,9,11,21,5,4,60,0,0,0,0,0,0,0,0,0,0,0,4,3,11,18,73,96,74,10,294,0,0,0,3,4,7,13,0,0,35,0,6,12,48,42,49,58,16,6,227,0,0,0,8,3,6,3,4,0,25,0,0,0,11,0,3,0,0,0,16,0,5,16,66,50,18,15,0,0,173,0,3,0,0,5,0,0,0,0,7,0,14,11,61,27,37,60,23,0,228
CED125,0,0,0,15,10,38,77,49,12,202,0,0,8,55,32,74,47,22,12,245,0,0,6,22,12,8,4,6,0,59,8,29,116,1161,54,64,21,3,0,1462,0,0,3,11,9,16,42,16,10,100,28,189,372,970,345,240,130,48,4,2332,0,0,0,47,40,37,36,14,0,173,4,109,93,492,115,48,23,3,0,890,0,0,9,16,17,21,7,0,0,71,12,88,224,1143,545,548,326,94,27,3006,0,0,7,54,42,39,59,16,5,232,3,42,96,218,197,192,94,37,5,889,0,10,4,49,33,112,110,67,8,396,0,17,4,25,16,11,17,4,0,94,8,17,33,172,122,90,90,32,5,567,5,25,42,151,63,56,36,20,0,392,0,4,9,51,19,8,7,0,0,94,5,16,22,313,110,71,38,10,0,587,0,7,3,31,26,8,5,5,0,86,0,16,26,73,22,23,20,4,5,193
CED126,0,0,0,3,6,9,11,13,0,39,0,0,0,9,4,17,10,4,0,35,0,0,0,4,3,4,3,0,0,23,3,5,102,211,7,0,0,0,0,322,0,16,15,42,53,52,64,83,54,379,3,34,76,377,341,351,219,99,37,1533,0,0,0,5,7,4,10,3,0,30,0,0,0,9,9,0,5,0,0,18,0,0,0,6,28,28,8,7,0,81,0,21,50,302,148,153,78,21,7,789,0,0,0,79,28,29,41,10,5,193,0,0,0,3,7,8,3,0,0,22,0,12,13,69,95,110,84,73,36,495,0,23,15,30,32,26,18,3,0,152,8,57,95,354,264,174,94,63,21,1138,0,0,0,15,7,13,10,6,0,47,0,4,0,20,12,3,7,0,0,54,0,10,16,158,95,50,18,6,0,361,0,5,3,16,16,17,16,9,4,80,22,56,61,216,143,92,78,31,0,708
CED127,0,3,0,11,16,54,108,60,11,260,0,0,0,4,0,14,3,6,0,27,0,0,0,0,5,3,0,0,0,14,0,0,15,59,0,0,0,0,0,81,0,0,4,15,37,26,98,58,26,269,0,15,47,220,222,268,166,78,18,1030,0,0,0,8,5,10,11,6,0,33,0,0,0,12,9,6,4,0,0,27,0,0,0,7,20,25,5,0,0,65,0,15,23,195,97,81,66,10,4,499,0,0,0,30,21,28,36,8,8,148,0,0,0,3,5,0,3,0,0,10,0,11,14,27,48,87,106,59,20,370,0,10,4,14,17,11,8,0,0,66,0,8,34,95,91,46,45,15,13,339,0,5,0,30,10,13,12,5,5,71,0,0,0,13,4,5,6,0,0,34,0,13,6,108,33,35,12,0,0,203,0,0,0,8,4,6,3,0,0,18,4,24,20,105,50,73,67,32,7,382
CED128,0,0,0,17,10,90,303,271,92,790,0,0,3,19,9,22,33,19,9,111,0,5,3,52,40,33,17,10,5,170,0,4,66,279,15,7,11,0,0,377,0,0,5,3,3,3,21,13,6,56,14,99,200,465,224,134,73,25,4,1233,0,5,0,19,18,28,49,20,4,142,4,93,90,363,58,30,27,7,6,682,0,0,0,0,4,3,3,0,0,23,8,50,114,671,398,377,318,67,27,2034,0,0,3,23,11,37,37,20,23,156,0,15,39,81,68,60,36,12,3,305,0,0,0,9,14,43,39,29,6,148,0,0,8,13,11,10,11,3,0,56,0,3,9,36,42,30,33,11,0,164,0,8,15,115,71,88,57,25,16,391,0,0,4,42,12,18,11,3,0,90,0,8,30,216,53,60,21,6,0,398,5,27,17,140,162,131,73,37,12,602,7,18,21,39,7,13,3,0,0,109
CED129,0,0,0,8,10,28,79,62,23,209,0,0,0,23,10,26,30,12,4,107,0,0,3,47,35,19,22,9,0,133,0,7,28,257,26,16,5,0,0,339,0,0,13,17,14,11,27,34,14,134,10,91,162,315,178,188,99,49,12,1109,0,0,5,9,4,6,10,0,0,29,7,127,53,464,111,59,29,14,0,868,0,0,5,9,16,13,9,3,0,53,8,54,104,737,384,395,309,62,27,2074,0,12,3,65,37,69,68,19,4,277,0,4,0,8,7,7,4,0,0,21,0,11,12,34,42,53,51,54,16,271,4,67,65,76,63,56,47,16,10,403,16,152,176,468,302,172,88,42,14,1430,4,45,107,495,343,311,166,85,22,1577,0,18,5,127,47,39,53,14,0,305,0,17,26,181,67,28,19,0,0,339,0,0,4,45,74,36,19,11,4,193,15,87,121,146,45,33,19,9,0,473
CED130,0,0,0,0,0,0,10,10,0,19,0,0,0,0,0,0,4,0,0,9,0,0,4,17,6,6,0,0,0,39,0,9,30,247,3,0,0,0,0,296,0,0,4,12,8,15,46,36,8,134,8,24,43,164,141,127,133,46,19,703,0,0,0,0,0,0,0,0,0,0,0,0,4,29,0,0,0,0,0,42,0,6,0,8,18,14,5,0,0,46,4,43,61,263,99,78,51,6,0,610,0,0,0,3,0,4,8,3,0,19,0,0,0,6,0,0,0,0,0,6,0,4,5,23,19,29,42,32,13,172,0,5,6,3,3,4,8,0,0,34,0,13,22,64,42,24,25,5,0,196,3,11,7,34,13,9,3,0,0,82,0,5,3,97,0,0,0,0,0,116,0,12,10,60,26,11,0,0,0,119,0,0,0,4,0,0,0,0,0,7,3,12,23,94,31,42,40,18,6,266
CED131,0,0,0,0,0,9,7,0,0,17,0,0,0,4,3,7,4,3,0,23,0,0,6,16,0,0,4,0,0,32,0,8,41,158,5,3,0,0,0,211,0,0,8,18,18,16,25,22,9,110,10,45,77,246,179,160,101,46,5,875,0,0,5,26,30,76,89,63,35,324,3,20,14,79,4,3,6,0,0,128,0,0,3,14,26,13,4,0,0,68,0,26,64,263,115,126,90,28,5,721,0,0,0,25,18,16,31,32,19,144,0,0,0,4,3,6,3,0,0,18,0,11,17,53,38,48,68,43,18,292,0,6,25,33,15,15,3,4,0,95,3,14,23,135,54,40,28,11,6,327,0,3,12,55,24,11,5,5,0,117,0,0,4,33,8,0,4,0,0,53,0,9,27,129,54,20,9,3,0,256,0,0,5,4,0,10,0,3,0,14,20,36,46,167,46,49,23,13,0,390
CED132,0,0,0,8,0,6,14,8,3,38,0,0,4,24,10,3,3,4,0,43,0,0,3,24,10,4,6,11,0,55,0,8,103,232,10,3,0,0,0,349,0,9,6,43,21,15,24,25,16,161,5,49,96,473,361,302,225,93,25,1639,0,0,3,17,8,14,7,14,9,71,0,9,8,75,17,12,11,0,4,134,0,0,3,14,47,45,22,25,12,167,9,35,82,680,181,128,116,30,10,1269,0,9,10,170,38,45,53,22,15,361,0,0,0,0,0,0,0,0,0,3,0,7,6,96,57,62,50,32,18,334,15,79,55,167,80,61,54,33,11,558,18,39,53,425,202,138,144,60,37,1112,0,7,8,135,45,40,33,17,8,292,8,25,19,329,117,58,80,11,5,636,0,24,51,480,110,53,33,8,0,762,4,11,0,62,16,15,8,6,10,132,31,121,102,336,144,104,71,32,12,957
CED133,0,0,0,0,0,7,11,9,0,30,0,0,0,0,0,0,0,0,0,11,0,0,0,5,0,0,0,0,0,9,0,4,7,35,0,0,0,0,0,46,0,4,7,25,31,41,70,47,9,236,6,25,38,197,203,269,230,94,18,1093,0,0,0,0,0,0,0,0,0,0,0,5,5,12,0,0,4,0,0,27,0,0,10,13,22,32,25,0,3,111,4,36,30,222,97,123,72,12,0,585,0,0,0,15,4,5,8,7,4,46,0,0,0,3,0,3,0,0,0,13,0,4,11,17,24,52,71,43,7,231,0,0,6,5,14,7,3,0,0,34,0,17,23,77,77,31,46,27,7,304,0,0,0,19,5,4,7,0,0,37,0,4,0,72,4,4,0,0,0,88,0,14,6,76,56,33,10,0,0,201,0,0,0,0,0,0,0,0,0,3,4,15,19,82,36,46,67,22,4,291
CED134,0,0,0,0,0,4,6,9,0,21,0,0,0,4,3,0,0,0,0,3,0,0,0,5,0,0,0,0,0,12,0,12,24,351,4,0,0,0,0,398,0,0,0,10,8,15,41,25,3,99,6,13,22,141,90,95,85,25,9,480,0,0,0,0,0,0,4,0,0,5,0,7,6,63,6,0,0,0,0,80,0,0,3,11,17,6,3,0,0,47,11,40,49,276,107,68,53,22,4,616,0,0,0,11,0,6,0,0,0,23,0,0,0,3,0,0,0,0,0,4,0,0,5,16,9,22,26,17,0,96,0,9,0,0,0,4,0,0,0,14,0,22,22,80,31,20,12,6,3,196,0,18,11,58,16,11,3,7,0,124,0,6,0,40,0,0,0,0,0,41,0,11,4,56,25,12,4,0,0,106,0,0,0,0,0,0,0,0,0,0,0,6,8,38,18,24,22,12,3,136
CED135,0,0,0,0,5,20,54,70,26,177,0,3,10,39,15,9,19,11,8,105,0,0,11,75,46,30,33,8,6,196,5,20,1038,1725,74,34,13,0,0,2913,0,0,0,3,0,10,8,17,4,50,20,80,161,402,192,152,79,30,7,1124,0,0,0,15,9,5,11,3,3,45,17,180,121,715,60,41,17,3,0,1153,0,3,6,11,14,9,0,0,0,45,7,88,187,1194,405,376,256,84,14,2615,0,4,9,45,23,44,56,17,14,203,0,3,0,23,20,22,12,5,0,96,0,0,4,14,12,24,20,28,11,109,6,28,33,74,35,50,34,7,4,268,4,6,29,94,41,32,25,14,6,253,10,40,116,607,304,294,182,103,37,1692,4,9,13,210,58,43,37,4,0,377,3,14,26,309,76,55,31,6,0,515,7,0,10,136,146,138,99,43,7,594,10,66,32,82,13,12,12,3,0,221
CED136,0,0,0,0,0,12,32,20,4,72,0,0,4,7,0,9,4,3,0,32,0,0,0,0,0,5,0,0,0,6,0,3,13,71,0,0,0,0,0,83,0,0,4,8,10,22,63,67,16,180,4,37,49,223,207,191,160,68,16,954,0,0,0,0,5,13,4,0,0,20,0,8,3,27,7,12,4,0,0,54,0,0,4,3,12,10,8,0,0,43,0,34,49,273,117,138,81,23,5,725,0,0,0,15,7,12,20,8,13,68,0,0,0,11,9,8,3,0,0,36,0,5,3,35,22,71,83,69,21,309,0,7,0,9,6,8,4,0,0,43,4,23,24,99,83,34,36,17,7,329,0,5,3,35,6,0,5,0,0,56,0,0,0,53,9,0,0,0,0,65,3,16,18,122,66,23,9,0,0,266,0,0,0,5,0,5,3,0,0,12,4,17,22,85,27,34,28,8,0,224
CED137,0,0,0,0,5,10,40,28,18,101,0,0,3,34,14,18,14,10,3,95,0,0,21,57,42,44,23,18,3,198,0,14,1620,1662,26,12,0,0,0,3333,0,3,9,18,8,11,15,5,0,74,7,41,122,340,199,168,110,57,14,1054,0,0,0,13,10,12,5,8,0,53,3,32,29,242,48,19,17,5,0,389,0,0,5,7,20,9,17,5,0,65,3,40,125,999,244,181,171,33,17,1802,0,3,0,81,26,24,43,15,19,211,0,0,8,11,8,8,7,0,0,38,3,0,7,36,32,37,30,26,7,183,6,38,47,145,38,43,41,22,5,383,5,16,32,165,89,66,41,16,7,426,3,26,52,291,145,228,163,86,57,1039,3,11,43,547,59,53,40,8,4,762,4,13,56,615,125,33,19,3,0,870,0,9,8,98,90,94,47,35,9,385,16,59,50,144,40,34,33,12,3,385
CED138,0,0,0,3,0,6,30,14,6,65,0,0,0,8,0,3,8,0,0,17,0,0,0,0,0,0,0,0,0,5,0,0,0,38,0,0,0,0,0,40,4,3,8,69,33,39,80,56,22,318,9,66,87,525,372,446,410,178,61,2155,0,0,0,0,0,0,0,0,0,0,0,3,0,0,0,0,3,0,0,10,0,3,0,26,42,37,20,4,0,126,6,38,28,236,100,104,71,24,3,605,0,0,0,33,14,9,9,3,3,82,0,0,4,7,4,6,0,0,0,15,0,4,8,49,32,68,84,80,49,383,0,8,3,10,16,16,13,5,0,67,0,14,16,141,84,70,66,33,11,442,0,0,0,18,5,12,8,5,0,46,0,0,3,17,0,5,3,0,0,30,0,14,23,135,88,42,17,0,0,329,0,0,0,0,3,0,0,0,0,12,15,34,45,215,78,88,89,22,14,592
CED139,0,0,0,0,0,3,13,0,0,24,0,0,0,0,0,0,0,0,0,0,0,3,5,72,23,0,4,0,0,110,0,6,18,93,7,0,3,0,0,130,0,0,0,12,3,22,48,32,8,131,4,33,27,129,94,128,93,28,10,550,0,0,0,0,0,0,0,0,0,6,0,9,4,38,3,0,0,0,0,61,0,3,7,15,3,11,6,0,0,48,0,49,49,230,76,73,56,3,0,546,0,0,0,6,0,0,7,3,0,20,0,0,3,0,0,0,0,0,0,6,0,4,6,8,14,33,35,29,4,134,0,4,4,10,6,5,5,0,0,38,0,9,30,57,42,20,19,6,0,190,0,4,0,56,13,8,3,3,0,89,0,0,0,41,0,0,0,0,0,44,0,5,8,61,31,21,0,0,0,126,7,4,0,0,3,0,3,0,0,16,0,6,19,52,27,21,29,10,3,157
CED140,0,0,0,0,0,16,47,33,10,104,0,0,3,7,4,11,11,8,0,49,0,0,0,4,3,4,7,4,5,24,0,6,24,130,0,0,0,0,0,159,0,3,3,25,28,26,67,65,33,247,3,44,68,304,259,291,243,106,45,1367,0,0,0,0,0,5,0,0,0,8,0,8,0,25,0,6,0,0,0,40,0,0,4,25,31,24,16,0,0,98,3,26,38,302,140,163,91,21,6,797,0,0,0,43,21,16,25,11,5,133,0,0,0,0,3,6,0,4,0,11,3,7,19,54,61,77,91,83,43,438,0,10,4,26,14,14,13,0,0,80,3,31,43,186,148,103,86,46,14,658,0,4,3,23,18,13,14,3,0,76,0,3,0,23,10,5,0,0,0,47,0,16,16,171,91,39,10,3,0,344,0,0,0,9,6,7,9,4,0,38,0,22,41,124,59,52,46,15,0,369
CED141,0,0,0,3,3,9,40,23,8,83,0,0,0,3,3,0,3,0,0,13,0,0,0,7,0,0,0,0,0,14,0,0,3,45,0,0,0,0,0,50,0,0,3,16,11,17,56,58,10,174,0,18,34,199,184,157,141,68,16,819,0,0,0,6,12,20,45,15,11,112,0,3,0,12,0,0,3,4,0,19,0,0,0,9,17,12,8,3,0,47,0,23,18,175,74,96,64,14,3,467,0,0,0,17,9,16,21,14,12,94,0,0,0,3,3,7,8,0,0,27,0,5,13,30,42,63,91,73,22,330,0,0,0,12,12,13,3,3,0,45,0,22,24,110,43,57,38,16,6,316,0,0,0,19,3,7,5,0,4,43,0,4,0,18,0,0,0,0,0,23,0,13,8,102,45,14,6,0,0,188,0,0,0,3,3,3,0,0,0,13,3,26,24,88,28,37,23,7,5,239
CED142,0,0,0,9,0,6,16,20,4,54,0,0,5,38,7,8,6,4,4,70,0,0,46,54,14,8,8,0,0,135,0,0,68,77,3,0,4,0,0,150,0,7,14,117,18,13,15,11,4,190,10,17,259,1029,383,349,173,76,13,2301,0,0,4,33,8,15,15,10,4,85,3,0,8,61,7,4,0,0,0,95,0,0,5,22,25,17,10,0,0,81,0,17,95,800,161,104,88,23,7,1289,0,3,10,233,30,28,51,24,8,388,0,0,0,7,3,0,0,0,0,15,0,5,28,219,54,55,44,22,3,431,9,13,100,297,59,40,38,8,4,566,0,4,85,325,79,54,50,14,0,611,0,3,24,140,29,13,15,5,0,221,0,14,63,466,58,36,29,11,0,667,10,35,244,3096,299,89,29,6,0,3808,0,9,8,133,34,34,15,5,0,240,36,50,151,746,137,97,54,26,6,1295
CED143,0,0,0,7,5,3,14,5,0,29,0,0,0,11,7,7,9,0,0,25,0,0,0,3,0,8,0,0,0,12,0,3,54,108,6,0,0,0,0,170,3,32,15,122,58,36,33,40,13,342,8,58,99,538,437,367,228,110,39,1868,0,0,3,11,12,3,15,8,0,48,0,0,0,18,3,0,3,0,0,25,0,0,0,13,58,21,19,0,3,109,0,14,28,284,110,82,83,13,7,629,0,3,3,161,32,34,31,11,15,296,0,0,0,3,3,8,0,3,0,17,3,17,30,145,124,120,64,60,22,585,10,79,50,70,39,32,23,3,3,309,6,62,60,474,307,167,123,54,13,1275,0,0,0,26,27,22,15,12,0,106,0,8,11,61,23,22,18,3,0,148,4,12,33,182,91,48,17,6,0,388,0,7,0,32,27,18,9,8,3,106,44,164,116,524,200,150,70,28,0,1301
CED144,0,0,0,0,8,15,28,37,13,95,0,0,0,23,23,28,30,29,13,146,0,15,51,169,61,41,20,7,3,369,3,24,489,993,46,29,3,4,0,1594,0,0,0,4,0,0,8,9,0,33,9,44,125,291,148,126,73,25,6,846,0,0,0,19,22,29,33,23,4,139,17,137,119,628,161,50,16,0,0,1123,0,0,3,6,12,9,8,11,4,48,0,35,102,720,298,325,211,50,13,1758,0,0,0,25,20,19,32,27,9,124,0,0,9,17,28,23,18,6,0,100,0,0,0,5,7,12,15,17,8,70,0,5,20,43,19,31,24,12,4,156,0,10,13,57,33,29,14,16,0,171,0,8,3,76,35,68,69,25,16,300,0,0,3,89,28,30,11,10,3,171,0,15,19,349,109,78,38,4,0,612,0,8,3,44,57,37,37,19,11,208,0,18,26,59,24,10,3,8,0,153
CED145,0,0,0,3,4,6,13,16,4,54,0,0,0,9,3,12,4,5,0,34,0,0,0,6,0,0,4,6,3,22,0,0,9,21,3,0,0,0,0,34,0,9,8,105,20,9,20,19,14,214,10,20,115,719,329,295,232,126,39,1874,0,0,0,9,8,8,7,0,0,31,0,0,5,14,0,6,0,0,0,26,0,0,0,8,22,20,6,0,0,67,4,3,31,320,101,92,43,16,4,620,0,0,3,118,49,27,75,45,50,369,0,0,0,0,0,0,3,0,0,9,0,0,17,155,50,48,40,31,21,358,7,68,38,81,33,37,41,21,3,340,3,42,135,813,577,531,430,259,134,2916,0,0,0,30,17,11,6,6,3,75,0,8,0,66,17,12,17,0,0,114,0,13,23,195,56,35,13,6,0,345,0,6,3,48,21,4,4,9,3,93,57,175,124,644,149,100,68,31,12,1364
CED146,0,0,0,4,6,43,99,84,19,264,0,0,3,36,27,34,51,31,15,191,0,0,0,19,14,15,13,0,0,60,0,29,106,1012,59,33,16,0,0,1256,0,3,0,3,3,3,17,16,4,47,16,239,385,688,227,151,59,21,6,1797,0,4,4,99,92,112,118,39,9,482,5,97,98,440,153,60,19,0,0,879,0,0,0,5,3,3,3,0,0,19,5,40,119,780,418,562,361,75,23,2378,0,0,3,46,45,78,79,33,15,300,0,46,75,183,179,174,78,27,6,769,0,0,0,11,13,35,38,28,17,142,0,13,11,27,13,16,14,0,0,89,0,4,10,59,51,42,28,20,8,222,0,4,8,69,48,48,37,16,7,245,0,0,0,31,13,5,4,0,0,63,0,6,21,272,85,70,38,4,3,513,0,15,20,117,104,64,39,20,5,374,3,28,32,53,8,7,9,0,0,146
CED147,0,0,0,0,8,26,93,53,13,195,0,0,0,4,4,9,4,0,0,22,0,0,7,18,4,6,0,0,0,33,6,7,14,185,0,9,4,0,0,214,0,0,4,20,9,21,107,83,31,272,8,24,53,228,170,189,170,87,17,941,0,5,7,84,128,227,274,118,29,875,0,0,4,38,3,8,7,0,0,63,0,4,0,8,10,16,9,0,0,47,3,33,36,286,125,133,101,22,3,744,0,0,3,23,17,17,50,26,13,153,0,0,0,3,0,6,0,0,0,12,0,6,9,24,50,151,171,131,52,595,0,7,8,18,11,9,9,3,0,60,3,17,21,97,63,39,45,30,8,320,0,3,4,25,17,8,8,4,5,75,0,4,3,25,7,7,3,0,0,49,0,22,24,142,61,42,16,3,0,311,0,0,0,35,53,30,19,23,0,158,0,15,19,81,38,37,28,19,6,250
CED194,0,0,0,0,0,0,0,0,0,6,0,0,0,0,0,0,0,0,0,0,0,0,0,0,0,0,0,0,0,0,0,0,0,9,0,0,0,0,0,9,0,0,0,7,0,3,5,0,0,17,0,0,3,29,16,29,15,0,0,92,0,0,0,0,0,0,0,0,0,0,0,0,0,0,0,0,0,0,0,3,0,0,0,3,0,3,0,0,0,11,0,0,3,19,0,5,3,0,0,32,0,0,0,4,0,0,4,0,0,3,0,0,0,0,0,0,3,0,0,4,0,0,0,0,0,7,5,0,0,17,0,0,0,0,0,0,0,0,0,6,0,0,3,10,4,5,3,0,0,28,0,0,0,8,0,0,0,0,0,7,0,0,0,30,0,0,0,0,0,34,0,0,0,6,6,3,0,0,0,14,0,0,0,0,0,0,0,0,0,0,5,0,0,16,5,0,0,0,0,30
CED197,0,0,0,0,0,0,0,0,0,0,0,0,0,0,0,0,0,0,0,0,0,0,0,0,0,0,0,0,0,0,0,0,0,0,0,0,0,0,0,0,0,0,0,0,0,0,0,0,0,0,0,0,0,0,0,0,0,0,0,0,0,0,0,0,0,0,0,0,0,0,0,0,0,0,0,0,0,0,0,0,0,0,0,0,0,0,0,0,0,0,0,0,0,0,0,0,0,0,0,0,0,0,0,0,0,0,0,0,0,0,0,0,0,0,0,0,0,0,0,0,0,0,0,0,0,0,0,0,0,0,0,0,0,0,0,0,0,0,0,0,0,0,0,0,0,0,0,0,0,0,0,0,0,0,0,0,0,0,0,0,0,0,0,0,0,0,0,0,0,0,0,0,0,0,0,0,0,0,0,0,0,0,0,0,0,0,0,0,0,0,0,0,0,0,0,0,0,0,0,0
CED201,0,0,0,0,0,22,31,18,7,89,0,0,10,30,20,56,52,23,3,197,0,0,19,40,17,13,7,0,0,94,0,3,12,69,19,6,6,0,0,112,0,0,4,11,18,33,120,108,58,354,3,61,112,285,194,157,102,44,7,979,0,0,0,4,8,3,7,5,0,32,0,11,10,82,17,12,8,3,0,154,0,0,0,17,24,12,3,0,0,51,8,30,72,365,183,150,115,38,9,959,0,4,3,42,42,57,79,16,33,284,0,0,0,10,5,3,6,0,0,35,0,0,7,33,29,82,94,62,27,338,0,35,79,157,91,87,70,16,7,546,3,15,41,148,103,90,93,40,13,547,0,67,128,637,335,355,247,94,36,1894,0,9,6,113,26,29,19,8,0,211,7,12,25,160,76,34,9,4,0,328,0,0,0,7,12,18,17,7,0,63,3,27,27,96,21,27,14,9,3,228
CED202,0,0,0,0,0,19,32,13,5,69,0,0,0,11,0,6,6,0,0,19,0,0,0,8,3,0,4,0,0,8,0,0,41,76,0,0,0,0,0,114,0,0,0,18,16,33,146,123,43,380,3,37,41,215,129,153,128,34,13,744,0,0,0,0,0,10,7,0,0,12,0,0,10,50,4,0,0,0,0,75,0,0,0,8,20,0,0,0,0,31,5,21,33,218,62,64,39,10,0,458,0,0,0,20,3,10,6,8,0,54,0,0,0,4,0,3,3,4,0,12,0,7,9,32,30,49,80,66,16,292,0,3,11,11,17,3,6,0,0,51,3,13,15,56,41,27,19,6,0,179,0,7,15,68,15,12,3,5,4,135,0,0,0,32,7,0,0,0,0,39,0,8,13,70,31,17,0,0,0,144,0,0,0,3,4,0,0,0,0,10,0,15,24,71,38,39,41,10,0,234
CED203,0,0,0,0,0,5,17,9,8,37,0,0,0,12,3,3,5,3,0,21,0,9,29,227,64,41,28,12,3,411,0,0,7,51,0,0,0,0,0,62,0,3,0,13,16,21,72,53,15,188,3,26,38,169,130,164,91,48,4,667,0,0,0,4,0,5,9,0,0,13,0,3,3,35,5,0,0,0,0,51,0,0,3,16,30,16,3,0,0,63,4,19,39,229,89,59,43,8,0,487,0,0,0,6,7,3,10,4,0,29,0,0,0,0,0,0,0,0,0,0,0,5,6,13,31,53,60,49,17,226,0,0,4,11,0,5,7,0,0,31,0,10,30,68,41,26,15,12,0,203,0,12,13,67,18,16,16,5,8,143,0,0,0,58,0,0,0,3,0,63,3,97,157,148,18,17,3,0,0,445,0,0,0,0,0,0,0,3,0,13,4,14,24,54,33,26,26,12,0,189
CED204,0,0,0,4,4,15,46,34,18,117,0,0,19,121,81,165,160,105,61,717,0,3,9,53,23,9,16,0,0,115,0,0,12,55,3,5,0,0,0,75,0,0,3,8,15,28,96,110,68,323,15,152,258,461,210,174,92,23,7,1395,0,0,7,40,30,60,53,30,3,226,24,199,265,586,98,50,31,4,0,1254,0,0,0,9,3,0,0,0,0,17,4,70,109,561,242,277,158,48,16,1491,0,0,5,75,75,174,166,74,43,618,0,12,33,61,68,57,22,10,0,267,0,0,9,14,39,82,92,77,43,354,0,29,30,81,38,43,34,6,3,270,0,12,23,118,114,96,88,43,16,509,16,139,288,1602,616,594,420,182,78,3928,0,6,5,94,8,7,6,3,0,129,3,16,33,183,62,24,10,0,0,328,3,7,5,36,87,76,59,27,11,306,4,20,34,51,13,14,10,3,3,141
CED205,0,0,0,14,16,67,174,116,30,412,0,0,7,40,11,19,14,4,4,97,0,3,7,12,9,3,4,4,0,44,4,48,176,837,29,16,11,0,0,1121,0,0,4,7,0,10,20,4,4,49,44,255,322,534,144,92,34,14,0,1433,0,0,6,46,30,49,32,13,6,185,33,223,135,929,132,33,22,3,0,1509,0,4,4,10,8,0,5,0,0,25,10,53,138,699,313,293,152,33,8,1708,0,0,0,24,19,34,30,12,3,133,0,35,67,145,135,108,43,7,0,554,0,0,0,10,14,34,40,19,12,126,0,22,27,63,35,31,13,0,0,204,0,7,11,41,20,16,11,6,0,109,5,77,146,714,353,240,88,48,17,1706,0,0,0,36,6,5,0,0,0,56,0,14,26,182,51,35,4,3,0,317,12,73,110,849,1005,835,485,210,44,3625,5,25,27,46,11,8,5,0,0,130
CED206,0,0,0,0,0,9,17,13,5,46,0,3,0,13,7,18,8,4,0,51,4,31,142,303,75,33,20,3,0,622,0,5,0,25,3,0,0,0,0,41,0,3,7,41,45,66,260,191,89,704,0,36,51,285,191,208,117,31,10,927,0,0,0,4,0,11,6,4,0,27,0,4,0,14,0,4,0,0,0,21,0,4,0,12,17,10,3,0,0,47,6,17,20,152,80,66,45,15,6,394,0,0,4,39,19,29,50,20,7,167,0,0,0,4,0,3,3,0,0,7,0,8,12,51,42,95,113,85,29,436,0,8,6,27,20,15,10,0,0,89,0,10,38,137,118,68,60,25,7,471,0,8,3,87,23,38,34,8,10,216,0,0,0,25,9,12,0,0,0,36,0,9,40,132,38,15,5,0,0,241,0,0,0,3,9,3,0,0,0,18,0,16,21,97,61,38,43,16,0,297
CED207,0,0,0,0,0,4,24,28,5,61,0,5,10,57,22,47,28,15,9,200,0,5,7,21,12,10,8,3,6,66,0,3,50,90,11,5,3,0,0,158,0,3,16,10,12,13,30,48,36,161,12,104,148,210,143,118,99,40,25,898,0,0,0,5,0,12,11,4,10,45,0,28,36,139,15,14,3,0,0,237,0,0,7,0,12,10,0,0,0,34,3,33,83,408,103,118,69,20,3,838,0,4,0,41,27,79,67,41,38,302,0,0,0,5,3,4,4,0,0,8,0,0,6,11,25,30,54,80,32,251,10,96,189,211,144,113,93,35,5,895,0,37,57,143,107,68,64,31,13,517,7,141,403,1079,505,438,340,170,69,3148,0,12,30,281,95,60,68,5,3,560,3,12,44,199,87,32,21,14,3,424,0,0,0,18,29,32,29,19,15,150,13,71,54,82,34,33,23,13,0,318
CED208,0,0,0,12,3,12,51,46,32,164,0,0,6,41,15,13,13,6,8,102,0,0,0,8,0,0,0,0,0,15,0,5,160,312,5,0,0,0,0,488,0,0,7,32,15,5,12,10,9,94,7,25,57,796,210,138,64,23,8,1327,0,4,5,83,88,121,178,110,46,635,0,18,12,96,4,12,0,0,0,145,0,0,4,13,21,5,0,0,0,43,0,24,53,318,109,102,76,12,3,702,0,0,0,49,23,12,22,21,12,133,0,0,5,0,9,11,7,0,0,31,0,4,12,82,43,33,30,22,4,229,0,12,22,130,26,14,13,3,0,223,0,8,14,142,44,17,15,4,0,246,4,8,44,190,33,66,39,18,3,400,0,3,9,100,10,10,6,0,0,137,0,18,22,182,53,25,12,3,0,306,0,0,8,44,41,27,27,19,8,176,17,27,42,299,63,33,21,7,0,510
CED209,0,0,0,0,8,28,67,49,5,156,0,3,6,14,9,8,3,0,0,48,0,0,0,3,0,0,0,0,0,5,0,4,5,51,0,0,0,0,0,68,0,13,3,22,18,36,140,92,39,357,3,51,57,277,157,144,132,44,9,872,0,0,0,8,0,3,9,8,0,35,0,3,6,31,5,0,0,0,0,48,0,0,0,4,13,5,9,0,0,35,0,17,37,242,72,60,44,11,0,489,0,0,0,31,13,5,22,7,11,91,0,0,0,4,0,0,0,0,0,10,0,5,10,62,43,81,105,75,27,398,3,6,4,20,11,8,3,0,0,62,4,14,29,114,71,57,40,18,6,350,0,5,19,62,7,14,7,4,0,126,0,0,4,21,4,3,0,0,0,33,0,7,13,72,35,8,0,0,0,137,0,0,0,3,7,4,0,0,0,14,9,21,29,127,42,35,32,8,0,306
CED210,0,0,0,3,0,11,31,10,4,58,0,0,4,23,8,7,0,0,0,43,0,11,36,131,55,29,20,3,0,287,0,0,21,88,0,0,0,0,0,104,0,3,4,18,13,34,152,131,67,421,10,36,60,276,148,127,73,31,16,780,0,0,0,35,45,73,108,62,31,344,6,39,55,104,9,3,4,3,0,225,0,0,0,11,22,7,0,3,0,47,6,36,76,333,160,125,77,21,4,835,0,0,0,32,19,29,47,24,33,189,0,0,0,0,0,0,0,0,0,14,0,15,7,50,40,101,110,102,25,450,0,8,18,39,16,17,18,6,0,124,3,12,33,85,37,30,24,8,6,242,4,9,23,142,29,17,23,3,0,253,0,0,4,32,4,0,0,0,0,38,0,87,104,147,55,31,12,0,0,430,0,0,0,14,16,11,15,10,0,70,4,18,24,100,25,27,25,10,0,233
CED211,0,0,0,0,6,7,21,30,6,80,0,4,11,45,13,23,21,5,0,113,0,62,189,526,104,59,30,5,0,979,0,0,22,85,4,0,0,0,0,106,0,5,0,18,13,29,87,121,65,329,7,47,72,268,174,175,95,44,21,901,0,0,0,4,3,4,4,5,3,28,0,7,15,106,13,11,13,4,0,166,0,0,0,4,25,19,10,5,0,59,4,27,26,292,115,131,54,16,3,686,0,0,0,27,27,43,54,25,22,200,0,0,0,6,0,0,0,0,0,7,0,0,4,31,43,93,90,97,50,411,0,42,39,105,72,61,47,10,10,392,4,22,50,177,126,89,62,35,17,589,0,21,41,336,108,95,98,55,20,777,0,10,13,165,55,20,18,4,0,292,0,33,37,202,70,41,18,3,0,409,0,3,0,12,8,13,8,0,0,48,5,19,39,89,44,43,33,6,0,286
CED212,0,0,0,4,3,20,24,8,3,53,0,0,5,65,28,48,31,10,5,197,0,0,0,15,4,10,4,0,4,23,0,0,3,27,4,4,0,0,0,39,0,3,5,16,24,36,89,80,86,343,4,55,132,535,307,298,188,66,18,1611,0,0,0,3,8,12,4,0,0,32,0,3,0,15,7,6,0,3,0,40,0,0,0,17,23,11,7,4,0,64,4,38,65,360,184,151,92,19,5,920,0,0,4,50,36,39,54,28,14,220,0,0,0,8,9,12,14,4,0,53,3,11,25,87,76,173,169,121,73,741,4,8,10,28,18,21,11,5,0,101,0,40,60,166,138,87,61,27,14,599,0,0,15,89,46,66,52,35,11,320,0,0,3,35,7,7,4,0,0,57,0,20,24,182,69,23,4,0,0,331,0,0,0,16,12,16,9,3,0,65,0,23,27,101,48,50,39,9,4,312
CED213,0,0,0,0,3,10,48,32,7,101,0,0,0,8,12,22,20,8,3,82,0,0,0,0,0,5,0,4,0,9,0,0,3,6,0,0,0,0,0,9,0,0,0,19,23,35,145,122,45,389,5,38,25,220,199,228,210,99,22,1051,0,0,0,6,10,12,4,4,0,41,0,0,0,4,0,0,4,0,0,10,0,0,0,13,18,11,4,0,0,58,5,22,20,171,65,48,43,7,0,383,0,0,0,32,9,15,33,18,8,113,0,0,0,3,0,0,0,0,0,6,0,6,23,65,90,139,180,148,66,719,0,4,5,8,11,11,13,7,0,57,3,16,17,74,65,69,71,27,10,348,0,0,0,18,10,19,21,15,4,88,0,0,0,12,5,5,0,0,0,16,0,16,16,92,56,20,3,0,0,205,0,0,0,10,9,16,4,5,0,38,11,12,29,70,51,41,56,11,5,278
CED214,0,0,0,16,29,130,506,434,155,1274,0,3,10,36,4,19,14,0,5,93,0,31,101,324,50,25,7,0,0,553,5,4,202,390,12,9,7,6,0,620,0,7,5,18,3,13,17,18,6,89,16,107,161,687,193,116,62,9,6,1368,0,0,12,80,101,168,269,143,51,827,8,46,28,226,18,8,11,0,0,355,0,0,3,22,10,9,0,0,0,50,4,57,146,1029,343,358,247,86,26,2310,0,0,7,58,40,59,101,66,63,389,0,19,36,73,48,33,15,4,3,231,0,0,0,55,19,20,21,27,11,163,3,3,11,138,27,12,13,5,0,209,0,0,16,67,24,4,5,3,0,117,7,14,34,226,46,38,33,14,13,423,3,8,4,101,12,6,9,5,0,144,0,6,31,256,78,37,9,6,0,436,0,0,4,65,63,65,43,21,6,265,9,8,21,135,28,13,4,0,0,215
CED215,0,0,0,15,28,87,237,211,72,648,0,4,18,124,22,22,31,8,0,236,0,0,14,70,40,18,14,9,5,165,0,5,45,217,7,9,11,0,0,287,5,6,5,30,18,16,22,22,3,124,55,385,368,1036,431,239,98,23,9,2641,0,0,5,79,100,130,141,72,25,551,10,118,51,508,44,21,13,0,0,769,0,0,4,20,16,3,3,0,0,49,9,87,148,925,367,294,172,37,12,2051,0,0,0,80,43,29,65,29,40,294,0,10,32,87,45,23,10,4,3,210,0,11,14,77,57,93,93,52,35,437,6,87,71,161,77,32,15,3,0,451,10,64,70,269,143,71,32,19,3,673,0,16,42,281,94,47,30,14,4,530,0,0,9,85,17,15,6,0,0,137,6,38,51,236,72,34,18,0,0,452,0,3,0,39,19,12,5,0,0,84,10,73,45,144,60,24,23,5,0,376
CED216,0,0,0,6,6,18,47,33,11,120,0,0,0,7,5,12,13,3,0,43,0,0,4,27,6,0,0,0,0,45,0,0,15,24,0,0,0,0,0,40,0,0,5,22,21,52,199,142,49,483,0,51,45,194,156,173,154,53,12,834,0,0,0,0,0,4,0,0,0,4,0,10,7,27,6,6,0,0,0,48,0,0,0,7,11,7,7,3,0,41,6,39,36,288,127,141,77,20,3,744,0,0,0,5,8,14,26,4,9,67,0,0,0,0,0,0,0,0,0,0,0,0,7,27,25,89,128,105,33,424,0,0,5,6,10,6,4,0,0,36,3,11,24,57,48,34,29,7,0,214,0,8,8,61,19,9,13,6,0,113,0,0,0,32,5,5,0,0,0,43,6,12,23,90,41,16,7,0,0,202,0,0,0,3,7,3,0,0,0,14,0,12,6,46,24,30,53,14,0,178
CED217,0,0,0,0,5,13,23,14,10,66,0,0,0,41,19,26,15,9,4,111,0,0,0,6,6,8,3,0,3,31,0,3,32,53,5,0,0,0,0,90,3,16,10,24,38,23,47,32,14,197,0,51,113,379,316,282,145,63,19,1366,0,0,0,18,15,10,4,3,0,52,0,6,5,21,3,3,5,0,0,44,0,0,0,3,19,9,0,0,0,35,0,11,20,156,77,45,47,9,0,367,0,3,4,85,56,101,159,79,64,548,0,0,0,4,0,0,4,0,0,10,0,14,19,107,73,94,87,68,34,506,9,54,45,67,45,31,28,17,0,302,3,70,103,377,381,226,169,80,41,1446,0,3,10,108,48,66,70,37,25,357,0,0,5,58,11,7,10,0,0,100,0,27,21,137,41,15,9,4,0,253,0,3,5,28,29,18,26,11,0,127,25,94,79,174,114,90,50,22,7,660
CED218,0,0,11,59,77,293,574,309,96,1417,0,3,4,50,20,21,22,3,5,120,0,28,82,280,55,15,8,0,0,461,0,6,20,107,9,6,0,0,0,140,0,0,0,3,4,10,14,17,9,57,26,265,331,491,138,122,39,10,7,1431,0,3,24,227,243,330,438,143,34,1453,10,90,47,407,50,27,26,6,0,670,0,0,4,6,4,4,0,0,0,14,6,124,361,1276,776,613,374,107,29,3675,0,0,3,56,61,88,98,35,18,363,0,21,38,92,64,36,29,10,0,282,0,4,3,13,19,34,45,22,14,152,0,29,28,60,24,26,20,5,0,193,0,10,20,69,36,25,16,5,5,183,3,38,81,358,226,145,82,36,9,972,0,8,0,34,10,7,7,0,0,72,5,11,21,165,65,29,8,5,0,309,0,3,6,49,76,62,31,22,0,256,7,33,22,38,20,9,3,0,0,132
CED219,0,8,9,53,47,125,277,103,25,639,0,6,9,38,15,9,9,0,0,85,5,13,42,171,27,12,11,4,4,280,0,7,5,65,3,0,0,0,0,80,0,0,7,15,23,20,80,47,20,201,31,258,237,598,258,197,112,35,5,1730,0,0,6,48,49,63,58,7,3,244,7,59,35,244,26,17,7,0,0,397,0,0,0,7,10,9,8,0,0,35,7,81,170,648,289,191,117,28,7,1536,0,0,4,36,21,29,39,14,10,145,0,42,64,111,71,33,18,10,0,355,0,3,12,42,34,93,111,76,23,391,0,14,14,34,26,16,13,6,3,120,0,13,30,87,40,39,19,7,3,240,5,18,39,182,78,35,32,12,5,406,3,3,0,32,4,6,3,0,0,56,3,21,40,136,55,17,7,0,0,283,0,0,3,30,26,18,12,3,0,96,6,24,24,64,23,21,21,4,0,189
CED220,0,0,0,0,6,9,10,10,4,36,0,0,13,63,21,26,21,10,8,152,0,0,9,13,3,9,7,0,3,41,0,4,66,129,0,0,0,0,0,200,0,6,7,39,10,14,29,18,9,131,7,36,118,760,213,205,135,57,28,1561,0,0,0,15,6,9,6,3,0,46,0,0,0,34,3,6,0,0,0,53,0,0,0,8,12,8,4,0,0,33,0,15,28,361,71,52,44,12,0,575,0,0,4,55,32,42,93,60,65,351,0,0,0,7,0,3,8,0,0,14,4,0,17,106,31,48,40,46,15,306,8,39,81,197,45,39,49,13,0,466,4,14,40,229,115,95,95,48,21,655,0,6,32,254,68,68,73,46,15,567,6,11,11,161,23,13,9,0,0,238,3,5,37,254,55,23,16,6,0,396,0,7,4,32,13,18,12,8,4,93,32,58,97,271,81,74,65,19,4,693
CED221,0,0,0,0,0,11,36,17,6,65,0,18,67,295,132,201,141,46,18,918,0,4,3,33,22,10,11,3,0,83,4,5,26,180,17,6,7,0,0,251,0,3,6,17,14,30,78,70,30,236,44,318,473,941,317,205,94,34,4,2446,0,0,4,39,23,32,15,3,0,109,14,219,247,550,78,32,22,0,0,1169,0,0,0,4,5,5,0,0,0,15,8,157,305,1032,520,335,146,37,12,2556,0,0,15,49,36,39,46,21,3,208,4,31,94,180,135,133,40,10,4,622,0,5,15,37,45,93,64,65,22,332,0,22,29,68,44,37,9,7,0,223,0,13,45,137,101,59,42,31,15,433,14,135,312,1529,576,378,220,76,31,3274,0,0,5,54,14,9,0,0,0,85,5,13,29,217,81,32,7,4,0,387,0,8,9,53,65,38,23,6,0,205,6,28,36,46,18,19,14,0,0,167
CED222,0,0,0,9,3,11,47,49,19,133,0,6,31,140,63,115,111,86,47,592,0,12,39,262,93,58,29,18,4,510,0,10,109,214,3,8,0,0,0,348,0,0,3,12,9,16,20,26,17,102,13,92,169,365,152,126,46,24,13,999,0,0,0,15,16,17,21,14,9,90,12,55,47,240,27,20,12,0,0,416,0,0,6,7,11,4,8,0,0,35,7,65,141,774,229,252,166,38,20,1688,0,0,0,71,28,80,135,59,35,410,0,5,10,25,12,14,13,0,0,75,0,3,4,26,20,29,43,41,23,192,3,24,74,144,56,33,36,5,5,368,3,16,49,172,136,84,71,29,16,569,14,56,177,906,259,301,342,168,78,2299,0,8,10,213,25,18,10,0,0,288,6,71,153,458,127,67,34,5,0,911,0,0,7,38,66,56,56,27,10,267,11,39,36,77,20,13,13,8,3,213
CED223,0,0,0,3,0,7,15,7,3,29,0,0,0,6,3,0,0,0,0,19,0,5,0,9,3,0,0,0,0,21,0,12,29,75,5,0,0,0,0,116,0,0,0,19,20,41,122,72,20,306,4,32,40,163,175,196,135,50,10,804,0,0,0,0,0,5,6,0,0,13,0,10,3,23,0,0,0,0,0,28,0,0,0,7,15,9,0,0,0,37,4,31,35,233,69,76,61,11,3,516,0,0,0,4,5,3,10,9,10,39,0,0,0,4,0,3,0,0,0,10,0,0,0,30,29,69,75,57,14,271,0,5,0,3,17,4,3,0,0,33,0,7,14,56,42,33,17,9,0,185,0,4,0,41,14,8,9,0,0,85,0,0,0,43,5,0,0,0,0,54,0,13,7,54,47,12,0,0,0,138,0,0,0,5,0,0,0,0,0,6,3,10,8,65,24,50,45,12,0,219
CED224,0,0,0,3,0,8,29,33,12,94,0,0,5,96,52,52,71,40,22,340,0,6,3,19,13,9,12,7,0,70,0,0,22,38,5,4,0,0,0,75,0,7,5,21,15,14,49,42,25,190,7,55,102,414,248,214,143,44,16,1249,0,4,3,111,98,99,61,35,9,423,0,59,42,124,18,10,5,0,0,252,0,0,0,6,14,12,4,0,0,37,4,30,59,331,158,164,84,29,4,869,0,0,0,94,45,65,91,32,17,345,0,0,4,11,6,5,5,4,3,46,0,12,35,95,90,99,94,81,47,552,0,17,19,60,31,26,15,9,0,176,8,71,65,227,174,95,71,43,15,764,0,15,51,286,162,180,179,93,43,1010,0,5,0,60,11,9,4,0,0,89,0,12,18,227,69,31,14,5,0,370,0,9,6,85,94,90,61,41,12,399,5,45,40,124,51,38,27,13,0,344
CED225,0,0,0,5,3,21,62,35,12,141,0,0,3,27,7,23,14,13,10,96,0,0,3,9,3,4,4,0,0,25,0,6,18,57,4,0,3,0,0,81,0,10,9,29,18,12,46,29,22,168,4,55,53,330,177,164,88,39,16,925,0,0,0,38,33,70,73,40,16,266,0,7,0,40,14,11,4,0,0,75,0,0,0,12,19,13,10,0,0,52,6,10,22,223,77,75,58,13,6,492,0,5,3,52,27,30,34,18,15,183,0,0,0,4,6,3,4,0,0,16,0,8,18,61,41,73,83,47,21,357,3,26,22,72,45,30,24,15,3,232,0,19,34,144,96,66,27,26,4,403,3,7,34,183,86,88,65,47,14,530,0,4,0,83,17,11,4,0,0,122,0,5,29,118,69,33,11,3,0,273,0,4,0,26,15,20,11,7,0,75,11,42,39,125,57,38,45,17,0,379
CED226,0,0,0,0,4,6,30,9,4,53,0,0,4,42,9,15,13,0,0,86,0,0,0,18,5,13,6,3,0,53,0,0,30,47,5,0,0,0,0,81,0,10,11,22,25,10,38,23,9,145,7,71,106,358,203,191,139,61,37,1177,0,0,0,8,7,16,12,9,0,59,0,11,11,65,15,8,7,0,0,115,0,0,0,10,16,13,0,0,0,46,0,15,34,180,71,30,42,8,0,380,0,0,0,43,15,25,42,32,36,186,0,0,0,3,0,3,0,0,0,7,0,3,11,48,36,51,57,49,25,287,9,85,75,191,92,91,79,25,6,653,4,26,48,144,117,76,51,35,7,497,0,21,63,232,118,119,82,43,26,708,5,22,21,228,83,52,65,13,4,494,0,9,30,171,57,33,12,5,0,324,0,3,0,28,23,13,3,5,4,86,20,95,93,167,80,64,43,16,8,581
CED227,0,0,0,3,5,11,27,16,0,59,3,5,35,185,72,88,62,18,7,476,0,7,18,119,15,3,6,4,0,177,0,5,12,73,4,3,0,0,0,95,0,3,6,21,28,44,119,118,49,387,17,157,207,503,244,178,72,40,13,1431,0,0,0,5,0,7,0,0,0,22,5,71,56,324,38,27,9,6,0,534,0,0,0,9,18,8,0,0,0,34,9,61,139,538,217,121,45,17,3,1153,0,0,0,47,27,30,37,7,3,153,0,15,17,32,36,17,6,9,0,128,0,10,13,57,64,104,113,64,31,460,0,35,34,44,33,25,12,3,0,175,3,33,62,171,137,88,38,26,3,565,3,194,219,1499,440,215,148,48,8,2777,0,5,5,75,10,4,6,0,0,106,6,4,9,146,43,11,7,4,0,233,0,0,0,14,21,15,8,3,0,58,0,29,22,56,38,23,11,8,0,182
CED228,0,5,0,12,17,92,169,81,18,394,0,0,14,103,25,22,12,11,0,181,0,11,131,631,239,129,52,38,14,1257,0,10,57,375,36,9,9,0,0,496,0,0,0,5,4,14,47,17,12,103,69,522,531,1194,375,288,113,31,3,3126,0,0,4,55,37,62,52,21,4,241,23,178,114,826,87,34,36,8,0,1303,0,0,3,11,11,4,0,0,0,36,9,144,333,1262,607,426,196,44,27,3053,0,0,0,41,36,52,54,19,10,214,0,15,42,114,72,62,21,8,3,330,0,5,14,39,39,95,84,47,25,347,3,49,65,110,73,37,20,6,0,369,0,27,34,111,58,36,23,5,3,304,10,58,90,497,156,93,44,25,4,980,0,4,5,74,6,9,9,0,0,110,14,178,316,392,84,33,18,0,0,1040,0,0,0,14,14,7,6,9,0,56,18,48,42,68,18,21,15,6,0,223
CED229,0,0,0,3,4,0,27,15,6,56,0,0,16,70,5,17,10,4,6,134,0,0,8,7,3,6,0,0,3,37,0,0,48,121,5,0,0,0,0,182,0,12,10,69,25,9,28,19,10,182,5,34,143,1007,371,267,166,46,17,2051,0,4,3,22,11,8,11,4,0,60,0,0,3,36,0,3,0,0,0,55,0,0,5,22,28,5,5,0,0,66,3,15,75,571,71,61,43,16,0,845,0,3,6,125,46,66,156,53,147,606,0,0,0,5,4,3,0,0,0,7,0,0,15,176,62,57,56,34,14,417,4,22,51,227,60,34,25,12,0,426,5,14,60,443,205,150,122,57,38,1088,0,0,27,158,32,32,23,5,4,283,0,8,14,211,18,18,16,0,0,282,6,14,38,352,50,23,11,0,0,489,0,0,6,83,22,26,10,3,3,157,20,88,87,486,150,120,82,24,3,1069
CED230,0,0,0,0,0,10,16,6,0,24,0,0,0,10,3,4,4,0,0,28,0,3,3,64,14,15,5,3,0,105,0,0,10,87,4,0,0,0,0,107,0,0,0,12,12,17,85,60,24,200,10,27,36,169,118,134,88,36,7,625,0,0,0,3,0,0,0,0,0,6,0,13,4,20,3,0,0,0,0,45,0,0,0,0,8,13,4,3,0,32,10,59,55,364,125,94,75,12,0,796,0,0,0,4,0,0,12,6,5,25,0,0,4,23,7,6,0,0,0,42,0,0,6,12,16,43,46,52,10,189,0,0,0,14,9,6,0,0,0,29,5,17,29,72,31,26,17,3,5,205,4,10,0,41,14,9,4,0,7,79,4,0,10,162,8,0,0,0,0,183,0,21,36,173,48,36,12,0,0,324,0,4,4,25,39,40,18,13,0,142,0,5,0,31,24,24,22,8,0,113
CED231,0,0,5,13,21,48,159,160,71,477,0,0,0,35,10,17,15,3,8,89,0,0,0,12,7,3,0,0,0,28,0,0,103,165,0,6,0,0,0,276,0,3,0,20,5,5,29,19,5,89,10,49,89,477,161,138,84,19,0,1031,0,0,0,37,38,41,51,29,6,195,4,10,6,67,10,7,3,4,0,114,0,0,0,14,8,9,0,0,0,31,0,21,51,348,115,87,87,17,4,734,0,0,0,71,20,31,50,30,21,224,0,3,11,20,11,3,10,3,0,61,0,5,4,49,32,42,40,35,18,233,4,18,25,84,33,17,11,0,0,196,0,9,9,99,29,20,16,5,0,180,0,14,14,185,82,79,65,27,17,492,0,3,0,75,12,9,3,0,0,107,5,13,22,222,56,22,10,0,0,347,0,4,6,102,102,81,49,26,6,369,19,34,20,144,35,17,22,3,6,298
CED232,0,0,0,18,11,38,91,29,9,197,0,0,3,39,11,14,8,0,0,79,0,0,0,5,0,0,0,0,0,7,0,11,14,171,10,4,0,0,0,206,4,4,4,16,26,16,60,34,10,166,12,100,92,348,222,146,96,32,6,1062,0,0,3,65,37,51,48,11,0,227,3,13,13,138,13,3,6,0,0,195,0,0,0,6,15,4,0,0,0,30,0,38,44,310,120,53,51,10,0,633,0,0,0,22,8,17,12,5,4,75,0,6,7,23,4,16,3,0,0,64,3,5,11,31,48,68,65,46,7,292,0,28,11,53,30,24,5,0,0,141,0,21,39,114,86,38,18,11,3,326,4,24,33,309,65,38,36,13,3,518,0,3,3,28,4,0,0,0,0,38,4,10,10,137,46,12,9,0,0,233,0,0,6,35,28,13,9,4,0,93,0,25,22,79,33,36,29,0,3,232
CED233,0,0,0,7,0,5,18,10,10,54,0,0,40,70,7,15,5,3,0,138,0,0,77,111,18,8,0,0,0,223,0,5,186,137,0,0,0,0,0,324,0,3,17,72,13,11,16,20,0,158,10,25,332,1404,268,173,98,29,11,2338,0,0,5,28,16,14,8,3,5,82,0,3,21,83,8,5,4,0,0,125,0,0,10,24,16,3,0,0,0,53,10,17,170,879,108,67,40,6,3,1308,0,0,5,88,28,22,19,15,12,191,0,0,0,3,5,0,0,0,0,14,0,0,27,159,40,37,48,25,5,350,3,15,167,444,65,33,24,0,3,766,3,3,73,247,54,29,18,3,5,438,0,3,92,282,35,26,19,9,3,470,5,3,107,580,48,21,16,0,0,778,0,13,155,1142,85,26,11,3,0,1450,0,4,14,87,42,36,27,14,5,219,23,70,152,676,85,62,44,21,0,1119
CED234,0,0,0,4,3,12,47,50,14,120,0,0,3,29,7,13,12,5,5,81,0,6,4,26,3,7,11,3,0,58,0,5,32,63,4,0,0,0,0,101,0,3,5,14,19,20,39,52,31,175,14,52,99,216,144,126,73,47,12,786,0,0,0,15,19,37,37,39,19,158,8,41,25,164,31,19,14,0,0,300,0,0,0,11,15,7,3,0,0,37,0,31,39,285,112,73,75,16,4,638,0,0,0,27,25,29,45,32,18,174,0,0,0,3,0,3,0,0,0,8,0,0,4,22,29,35,41,45,30,212,8,51,71,223,94,103,83,38,13,676,10,35,80,165,148,107,85,36,9,669,3,18,42,208,103,100,95,51,27,645,0,19,26,320,105,85,96,9,0,662,0,12,27,178,53,22,9,4,3,305,3,6,8,24,31,42,11,8,8,135,16,65,50,82,36,41,19,11,0,317
CED235,0,0,0,0,0,13,52,40,8,125,0,0,3,19,12,17,16,0,0,72,0,0,3,7,6,0,5,0,0,19,0,0,0,20,0,0,0,0,0,21,0,0,4,29,27,60,237,142,65,566,0,36,48,197,165,199,173,72,9,901,0,0,0,0,3,0,0,3,0,10,0,4,0,9,6,0,0,0,0,23,0,5,6,7,15,8,3,0,0,43,4,13,21,196,85,102,53,19,3,496,0,0,0,12,17,14,20,10,11,82,0,0,0,5,3,0,0,0,0,5,0,0,6,24,30,87,130,105,30,417,0,0,0,11,10,8,0,0,0,36,6,12,13,49,44,50,33,13,4,222,0,7,5,52,21,25,18,5,4,140,0,0,10,65,3,3,0,0,0,77,5,9,13,80,41,23,6,0,0,169,0,0,0,0,4,3,0,0,0,12,0,22,12,59,37,36,46,9,0,209
CED236,0,0,0,0,0,9,15,20,0,50,0,0,0,5,5,0,0,0,0,14,0,0,0,9,0,4,0,0,0,11,0,0,13,56,3,5,0,0,0,77,0,0,0,16,16,26,91,57,24,232,4,52,81,213,164,182,116,41,17,854,0,0,0,5,0,6,13,15,7,48,3,31,26,68,4,5,0,0,0,133,0,0,4,9,11,4,0,0,0,35,3,51,62,365,130,135,75,12,0,838,0,0,0,10,3,9,11,0,7,38,3,4,10,19,17,7,3,0,0,60,0,3,4,26,11,42,63,44,14,212,0,0,0,10,11,7,0,0,0,26,0,7,14,52,20,16,3,10,0,128,5,14,7,78,16,13,7,5,0,151,0,0,10,146,0,4,4,0,0,161,0,14,14,122,59,29,6,0,0,245,0,0,0,22,42,32,21,3,6,123,5,8,14,33,18,21,25,6,5,120
CED237,0,0,0,5,17,70,171,111,38,417,0,4,17,71,26,32,19,4,5,179,0,0,3,17,6,4,6,0,0,30,0,12,131,545,11,23,3,0,0,732,0,0,3,10,0,3,13,13,9,47,14,135,156,339,105,88,31,12,4,881,0,19,49,449,387,647,760,333,123,2776,7,62,42,341,38,25,15,6,0,534,0,0,0,3,8,3,4,0,0,15,5,53,93,588,235,233,173,33,8,1425,0,0,0,26,20,19,42,12,3,126,0,14,31,53,44,34,21,8,0,199,0,0,9,16,18,35,23,24,7,134,3,27,27,78,34,25,13,6,0,207,0,6,25,49,26,13,10,9,0,144,4,51,102,586,240,207,127,49,22,1384,0,5,3,50,15,9,4,0,0,86,0,12,22,163,48,22,8,3,0,279,0,7,8,72,105,108,71,23,9,397,4,13,30,48,5,12,8,0,0,127
CED238,0,0,0,5,4,10,22,3,3,50,0,0,0,3,0,3,7,0,0,15,0,0,0,11,0,0,0,0,0,11,0,0,9,48,0,0,0,0,0,63,0,0,0,26,21,20,81,92,28,268,10,36,90,262,192,224,128,50,8,1003,0,0,0,0,0,5,3,0,0,8,0,3,0,14,3,0,0,3,0,26,0,0,0,3,9,8,4,0,0,28,9,27,40,241,100,66,41,13,0,536,0,0,0,11,9,5,3,5,7,28,0,0,9,13,0,0,0,0,0,23,0,3,4,28,33,62,66,56,20,274,0,0,0,4,7,12,3,0,0,31,0,17,14,75,37,29,12,6,0,187,0,0,4,56,12,6,7,3,0,91,0,0,5,128,4,0,0,0,0,140,3,9,10,79,27,26,5,0,0,160,0,0,0,3,0,3,0,0,0,10,0,11,8,43,23,28,42,7,0,162
CED239,0,0,0,5,10,30,82,141,88,365,0,0,3,44,9,14,10,0,0,81,0,0,0,12,3,7,3,3,0,34,3,14,512,945,28,16,5,3,0,1532,0,0,5,40,5,10,19,12,3,100,8,40,135,844,210,109,53,18,10,1423,0,0,0,24,11,18,11,16,11,90,30,124,87,605,66,20,13,3,0,944,0,7,0,13,14,6,0,0,0,35,9,28,54,413,104,108,74,30,5,818,0,0,3,59,18,19,35,31,40,208,0,0,3,4,7,4,7,0,0,21,0,0,10,105,28,35,19,13,11,225,0,12,22,125,26,19,13,0,0,214,0,0,20,113,30,16,11,3,0,211,0,19,30,216,62,76,29,23,6,457,0,0,6,88,6,7,3,0,0,108,0,13,19,169,55,18,8,3,0,291,0,10,8,207,258,215,117,82,9,899,10,24,58,348,53,32,16,13,3,556
CED294,0,0,0,0,0,0,0,0,0,0,0,0,0,0,0,0,0,0,0,0,0,0,0,0,0,0,0,0,0,0,0,0,0,5,0,0,0,0,0,8,0,0,0,0,0,0,6,4,0,13,0,0,11,28,9,13,5,0,0,65,0,0,0,0,0,0,0,0,0,0,0,0,6,4,0,0,0,0,0,7,0,0,0,0,0,0,0,0,0,5,0,0,0,9,0,0,0,0,0,25,0,0,0,0,0,0,0,0,0,0,0,0,0,0,0,0,0,0,0,0,0,0,0,3,3,0,0,0,0,9,0,0,0,10,0,0,0,0,0,10,0,0,0,4,0,5,0,0,0,11,0,0,0,6,3,3,0,0,0,17,0,0,0,8,0,0,0,0,0,8,0,0,3,3,0,0,0,0,0,12,0,0,0,7,0,0,0,0,0,5,0,0,0,9,3,0,0,0,0,11
CED297,0,0,0,0,0,0,0,0,0,0,0,0,0,0,0,0,0,0,0,0,0,0,0,0,0,0,0,0,0,0,0,0,0,0,0,0,0,0,0,0,0,0,0,0,0,0,0,0,0,0,0,0,0,0,0,0,0,0,0,0,0,0,0,0,0,0,0,0,0,0,0,0,0,0,0,0,0,0,0,0,0,0,0,0,0,0,0,0,0,0,0,0,0,0,0,0,0,0,0,0,0,0,0,0,0,0,0,0,0,0,0,0,0,0,0,0,0,0,0,0,0,0,0,0,0,0,0,0,0,0,0,0,0,0,0,0,0,0,0,0,0,0,0,0,0,0,0,0,0,0,0,0,0,0,0,0,0,0,0,0,0,0,0,0,0,0,0,0,0,0,0,0,0,0,0,0,0,0,0,0,0,0,0,0,0,0,0,0,0,0,0,0,0,0,0,0,0,0,0,0
CED301,0,0,0,3,0,5,14,10,0,35,0,0,3,10,0,0,4,3,0,24,0,0,0,4,0,0,0,0,0,13,0,4,10,74,5,3,3,0,0,91,0,0,0,22,22,45,79,52,15,233,37,408,567,1465,711,468,284,110,17,4072,0,0,0,0,0,0,0,0,0,4,0,10,7,40,4,5,3,0,0,67,0,7,24,65,81,32,13,7,3,231,9,96,148,585,263,128,83,31,9,1348,0,0,4,15,12,6,17,12,3,62,0,31,58,152,116,92,53,21,6,533,0,10,7,47,44,90,80,53,12,338,4,8,0,28,19,18,3,0,0,79,0,18,55,208,111,71,39,19,3,526,0,5,12,68,22,6,10,3,0,120,4,0,4,62,4,6,3,0,0,94,0,10,15,99,58,29,17,6,0,226,0,0,6,6,6,4,0,0,0,16,4,16,20,83,28,30,31,4,4,225
CED302,0,4,0,0,0,3,9,0,0,17,0,0,0,11,3,8,3,0,0,22,0,7,0,13,10,9,6,3,0,49,0,0,13,51,5,8,0,0,0,78,0,6,7,21,17,22,38,36,4,153,22,201,310,1061,732,504,316,108,33,3290,0,0,0,5,0,6,4,0,0,19,0,19,21,87,16,8,6,4,0,158,0,14,37,84,111,72,41,27,11,380,0,36,95,385,210,204,121,26,11,1099,0,5,0,54,23,19,24,18,4,150,0,0,0,6,8,9,10,10,0,50,0,21,18,68,72,66,65,50,28,386,0,20,38,68,52,40,24,9,3,246,7,88,159,388,276,144,62,33,13,1172,3,30,68,174,113,66,55,20,4,536,6,36,57,372,89,68,35,6,0,664,0,12,28,147,69,31,13,0,0,307,0,0,4,14,4,5,0,6,0,34,14,26,53,106,49,30,23,13,0,308
CED303,0,0,0,0,6,11,16,9,0,49,0,0,0,0,8,13,8,4,0,34,0,0,0,9,9,0,3,0,3,19,0,0,5,31,0,3,0,0,0,44,0,5,4,19,29,39,120,90,55,357,13,179,337,1047,821,830,510,226,57,4014,0,0,0,0,4,3,0,0,6,9,0,0,0,8,8,0,4,0,0,19,0,6,19,47,75,58,40,13,8,270,0,26,64,279,156,130,99,14,9,770,0,0,4,31,28,23,37,23,10,151,0,0,0,11,7,11,11,5,0,45,0,16,32,78,104,158,136,100,49,673,0,5,5,14,27,15,18,0,0,78,8,91,192,423,361,215,102,61,18,1472,0,0,8,34,19,22,11,7,4,104,3,6,4,48,23,12,12,0,0,114,0,14,12,125,54,27,16,0,0,259,0,0,0,10,5,6,0,0,0,22,5,24,32,87,33,50,49,16,3,305
CED304,0,0,0,4,0,0,7,4,6,25,0,0,0,15,0,5,5,0,0,29,0,3,9,26,5,5,5,0,0,58,0,6,230,403,5,3,0,0,0,655,0,3,21,50,18,30,31,14,9,177,15,80,306,1073,498,351,236,103,17,2681,0,0,0,8,6,7,5,0,0,27,0,3,9,59,0,8,5,0,0,85,0,5,76,132,110,72,24,0,3,427,4,43,132,640,124,103,60,18,0,1113,0,0,3,81,34,21,25,16,10,198,0,0,0,15,3,4,5,0,0,29,0,8,35,114,73,72,55,31,11,402,7,37,95,146,37,23,23,6,0,367,6,18,92,397,132,65,48,15,7,777,0,15,31,131,28,24,27,10,5,272,6,16,65,340,64,36,27,5,0,555,6,17,89,505,71,21,13,4,0,734,0,0,0,41,3,4,4,4,0,62,26,72,103,350,77,58,42,21,4,748
CED305,0,0,0,0,0,6,24,19,3,55,0,0,0,0,0,0,0,0,0,3,0,0,0,9,0,4,3,0,0,20,0,4,24,87,7,0,0,0,0,124,0,0,0,13,9,18,30,23,7,96,7,68,96,433,331,305,191,53,18,1502,0,0,0,3,0,0,0,0,0,5,3,4,3,22,3,4,0,0,0,42,0,6,23,37,43,32,11,0,0,145,7,82,103,468,219,148,88,26,0,1144,0,0,0,8,7,0,3,3,4,20,0,0,3,0,0,0,0,0,0,10,0,0,3,22,18,43,32,28,3,154,0,4,5,4,10,11,4,0,0,36,8,30,53,167,94,55,26,16,0,451,4,8,20,51,17,3,0,0,0,105,0,3,0,25,0,0,0,0,0,36,5,11,12,83,45,23,3,0,0,196,0,0,0,0,0,0,0,0,0,0,0,10,14,45,17,25,18,8,0,137
CED306,0,0,0,4,0,10,39,44,19,107,0,0,0,5,0,4,5,0,0,14,0,0,0,17,0,9,0,0,0,25,0,6,9,44,0,0,0,0,0,65,0,0,11,21,25,21,41,25,11,153,8,86,150,561,371,389,255,85,18,1924,0,0,0,0,0,0,0,0,0,0,0,3,0,16,5,3,0,0,0,28,0,7,22,50,65,30,14,0,0,199,11,102,145,536,240,185,106,16,0,1347,0,0,4,26,5,3,9,10,0,55,0,0,0,8,5,3,3,0,0,23,0,9,10,28,34,63,51,19,7,224,3,0,0,19,5,4,0,0,0,39,15,67,107,294,181,106,33,8,6,808,0,16,8,44,16,16,7,6,3,121,0,0,8,87,0,0,0,0,0,96,5,14,25,116,92,42,6,0,0,297,0,0,0,5,5,0,0,0,0,9,0,10,12,109,28,23,23,7,0,226
CED307,0,0,0,0,0,3,3,8,0,15,0,0,0,0,0,6,11,3,0,26,0,0,7,42,12,17,5,0,0,88,0,9,15,72,7,5,0,0,0,109,0,5,8,19,33,38,46,39,14,210,12,186,307,1029,678,519,276,113,24,3143,0,0,0,0,0,7,0,0,0,13,0,5,0,11,0,4,0,0,0,22,0,8,12,69,104,65,27,8,5,310,4,46,87,389,212,156,90,16,5,1003,0,0,7,38,12,23,18,6,3,110,0,0,6,39,33,30,29,3,0,138,0,11,19,77,55,84,80,43,14,383,0,0,9,24,26,18,15,4,0,94,7,87,144,409,317,153,91,38,9,1266,0,9,15,42,22,32,24,3,6,149,0,7,4,46,9,6,9,0,0,69,0,24,37,118,58,25,5,0,0,273,0,0,0,0,0,3,0,0,0,5,3,24,29,87,45,38,32,14,3,265
CED308,0,0,0,4,0,15,32,28,8,96,0,0,0,23,10,17,19,4,4,78,0,0,7,20,7,4,3,0,0,36,0,0,12,102,4,3,0,0,0,122,0,0,7,19,13,33,90,70,19,252,43,516,900,2609,1551,1371,995,504,125,8607,0,0,0,10,8,5,7,0,0,32,0,11,12,78,24,6,4,0,0,145,0,5,16,45,38,40,27,3,0,166,11,44,108,555,241,232,135,33,10,1368,0,0,5,46,25,33,52,20,11,190,0,7,3,15,25,25,19,7,0,96,0,14,27,74,93,136,144,105,33,625,5,5,15,48,32,35,23,3,0,171,6,77,185,447,343,238,128,76,10,1514,0,12,9,49,20,19,19,9,0,142,3,11,8,151,32,19,23,4,0,248,7,19,38,235,118,54,23,3,0,493,0,4,5,15,16,15,19,9,0,88,8,39,40,120,44,42,45,14,4,354
CED309,0,0,0,3,0,6,18,15,7,53,0,0,3,7,0,5,3,4,0,27,0,0,0,5,4,0,0,3,0,14,0,0,49,142,4,0,0,0,0,206,0,11,11,41,39,33,100,70,41,342,7,138,238,875,724,745,595,288,94,3708,0,0,0,0,4,0,0,0,0,8,0,0,3,16,0,4,0,0,0,23,0,7,3,38,74,44,40,5,4,225,3,39,36,243,105,100,58,18,5,598,0,6,0,45,16,18,24,12,0,122,0,0,3,6,3,0,0,0,0,25,0,21,28,74,76,111,115,73,32,530,5,13,6,15,19,13,9,3,0,84,0,78,123,342,260,174,112,57,17,1166,0,4,0,23,16,10,4,3,3,62,0,6,3,65,3,0,0,0,0,78,4,21,20,130,106,34,18,0,0,331,0,0,0,0,0,0,5,0,0,5,15,39,50,178,68,69,59,26,5,521
CED310,0,0,0,0,0,12,17,9,3,46,0,0,4,12,0,7,8,0,4,32,0,0,0,7,4,5,0,4,0,24,0,3,44,154,3,3,0,0,0,205,0,6,11,31,37,37,107,72,39,333,29,195,295,930,719,735,624,291,96,3913,0,0,0,0,4,4,0,0,0,10,0,3,0,8,0,0,0,0,0,18,0,7,18,40,55,48,37,3,3,203,4,37,39,259,91,84,44,7,4,568,0,5,0,42,22,8,22,14,5,107,0,0,3,0,4,0,0,6,0,23,0,9,16,85,67,93,124,87,30,506,0,15,4,25,15,13,12,0,0,82,7,64,109,302,207,146,115,34,16,1000,0,8,3,36,5,8,3,5,0,68,0,3,7,75,4,5,0,0,0,91,0,15,20,123,71,29,8,6,0,259,0,0,0,7,0,0,0,0,0,22,7,37,43,159,61,62,77,33,4,487
CED311,0,0,0,0,0,0,7,4,0,10,0,0,0,0,0,0,0,0,0,7,0,0,0,14,0,0,0,0,0,10,0,0,30,61,0,0,0,0,0,97,0,0,4,8,15,44,53,21,6,154,4,73,169,508,402,421,268,72,13,1927,0,0,0,0,0,0,0,0,0,0,0,9,0,25,0,0,0,0,0,31,0,6,7,48,47,40,14,0,0,159,4,103,113,416,200,157,109,20,3,1125,0,0,0,15,3,3,8,0,0,38,0,0,0,3,3,0,0,0,0,6,0,3,5,35,24,47,44,28,7,193,6,5,0,5,12,8,3,0,0,36,6,60,87,223,142,66,30,13,0,629,0,11,11,26,10,5,6,0,0,66,0,4,5,29,4,0,0,0,0,44,0,13,15,131,66,16,5,0,0,247,0,0,0,3,0,0,0,0,0,3,0,19,3,45,26,41,34,8,0,179
CED312,0,0,0,0,3,8,18,11,3,51,0,0,3,9,6,12,10,8,3,50,0,3,12,43,10,12,4,3,5,91,0,3,9,36,3,0,0,0,0,51,0,0,0,22,22,34,93,75,27,271,53,583,1003,2770,1444,1085,664,257,53,7912,0,0,0,8,9,7,8,4,0,29,0,37,40,85,13,6,4,4,0,203,0,11,15,69,85,46,40,14,5,292,3,56,104,564,274,242,113,39,11,1407,0,0,0,40,21,22,33,15,3,136,0,4,28,105,81,66,48,18,5,355,0,4,26,69,73,114,104,58,23,471,0,3,9,31,24,19,18,8,6,121,0,49,105,351,210,155,94,49,13,1015,0,12,8,80,26,23,22,8,3,184,3,9,8,152,29,36,33,3,3,279,0,23,27,194,44,34,13,0,0,341,0,5,6,37,24,10,9,0,0,91,3,21,24,99,27,31,29,10,0,239
CED313,0,0,0,0,0,0,9,5,3,17,0,0,3,14,3,7,3,0,0,34,0,0,6,23,7,12,5,6,0,56,0,3,116,230,3,4,0,0,0,363,4,10,15,50,25,23,28,21,4,177,17,82,314,1087,548,418,205,59,15,2747,0,0,4,9,6,5,0,0,7,29,0,6,8,54,4,5,6,0,0,89,0,9,42,94,94,56,25,8,4,325,4,26,130,487,138,101,74,20,6,990,0,0,5,86,24,21,19,10,8,173,0,0,0,5,11,9,5,0,0,29,0,17,26,146,75,79,60,24,21,442,4,23,63,156,25,20,18,5,0,317,0,24,100,421,143,85,44,14,4,837,6,25,43,150,62,33,11,8,4,342,0,14,68,382,59,36,26,3,4,599,5,15,54,286,67,25,7,6,0,466,0,3,3,51,8,8,0,0,0,75,15,65,79,309,69,44,20,12,0,618
CED314,0,0,0,0,0,3,5,0,0,10,0,0,0,4,0,0,3,0,0,11,0,0,0,8,0,0,0,0,0,16,0,4,112,243,7,3,3,0,0,383,0,0,3,23,14,19,60,39,21,183,8,49,78,310,252,209,170,80,19,1167,0,0,0,0,0,0,0,0,0,3,0,11,11,33,6,5,0,0,0,61,0,7,25,44,59,37,16,7,5,184,3,74,105,393,159,106,72,16,0,937,0,0,0,8,0,11,6,0,6,33,0,0,4,10,0,3,0,0,0,21,0,4,3,24,17,40,47,49,19,205,3,15,14,35,13,20,7,3,0,107,4,26,70,150,106,77,45,20,8,513,3,19,19,110,41,16,12,12,0,223,3,6,8,94,14,15,9,0,0,150,0,4,6,70,29,12,8,0,0,137,9,8,0,5,3,3,0,0,0,23,3,23,28,62,31,31,39,14,5,240
CED315,0,0,0,4,0,4,10,3,0,24,0,5,0,10,3,0,0,0,0,15,0,0,6,26,8,7,4,0,0,44,0,5,14,62,4,0,0,0,0,83,0,0,7,29,12,17,44,34,13,148,14,76,165,514,346,388,221,80,25,1826,0,0,0,0,0,4,0,0,0,4,0,5,4,20,4,4,4,0,0,40,0,11,81,129,117,53,37,12,3,439,3,57,150,441,245,208,115,19,0,1245,0,0,0,14,15,3,8,3,0,43,0,3,0,8,3,4,7,3,0,32,0,10,11,56,44,66,57,34,16,293,0,0,6,16,15,3,4,0,0,53,3,17,62,142,87,51,34,11,3,411,0,5,27,39,17,11,12,0,6,118,0,7,4,21,3,0,0,0,0,30,0,20,27,97,67,34,11,0,0,257,0,0,0,4,0,0,0,0,0,10,3,16,48,129,40,37,34,7,0,316
CED316,0,0,0,0,0,10,22,19,8,50,0,0,0,5,5,0,0,0,0,15,0,0,0,24,0,0,4,0,0,36,0,0,23,75,3,4,0,0,0,108,0,0,4,8,20,46,111,80,28,300,13,50,104,355,381,554,500,257,58,2275,0,0,0,0,0,5,0,0,0,0,0,6,7,14,5,4,0,0,0,31,0,0,8,24,45,38,25,4,0,143,10,39,50,314,174,240,171,29,6,1027,0,0,0,5,7,9,13,8,4,50,0,0,0,23,3,4,0,0,0,28,0,4,9,24,33,66,135,105,21,397,0,0,5,10,17,5,13,5,0,49,4,40,33,108,108,73,63,30,17,471,3,6,7,39,12,9,10,4,0,97,0,3,13,123,3,4,0,0,0,146,0,18,15,117,72,39,6,5,0,269,0,5,0,7,7,0,3,3,0,31,3,13,7,53,20,40,42,17,5,196
CED317,0,0,0,0,0,5,14,11,5,34,0,0,0,4,0,0,0,0,0,16,0,0,0,10,0,6,0,0,0,18,0,0,8,33,0,0,0,0,0,40,0,0,4,29,14,23,53,33,9,163,14,66,123,452,321,360,254,73,10,1673,0,0,0,0,0,0,0,0,0,0,0,0,0,8,0,4,0,5,0,21,3,29,57,153,146,99,62,11,0,562,4,58,80,428,223,231,144,28,0,1205,0,0,0,7,7,10,10,0,4,37,0,0,0,10,8,10,6,0,0,46,0,0,4,28,28,38,56,32,6,190,0,0,0,9,8,3,12,0,0,32,4,28,27,137,54,47,24,20,0,338,5,9,3,33,10,9,10,0,0,70,4,0,8,97,0,0,0,0,0,115,0,14,36,143,84,38,12,0,0,327,0,0,0,0,0,0,0,0,0,6,0,16,11,83,34,35,48,11,6,247
CED318,0,0,0,0,4,14,10,6,0,32,0,0,0,12,5,5,9,11,5,47,0,0,10,44,11,5,0,0,0,67,0,54,108,112,4,0,5,0,0,281,6,3,7,52,38,41,79,44,14,277,18,94,155,576,514,540,364,108,36,2397,0,0,0,0,0,4,0,0,0,4,0,7,6,19,0,0,0,0,0,29,17,93,146,420,316,213,140,27,4,1369,5,68,99,529,260,281,149,40,0,1430,0,6,0,53,19,12,30,8,3,124,0,0,3,18,10,10,11,5,4,61,0,3,18,66,59,103,73,50,14,394,0,10,8,26,29,17,15,7,3,110,5,15,59,166,102,65,43,14,7,467,0,0,8,48,16,21,9,5,3,114,0,0,4,135,16,9,3,0,0,173,0,22,39,251,140,62,23,7,0,561,6,0,0,17,11,4,0,0,0,33,8,21,28,165,49,56,67,28,0,414
CED319,0,0,0,3,0,7,8,8,5,26,0,0,0,11,7,0,7,0,3,30,0,4,16,75,24,9,10,3,0,145,4,10,218,396,6,10,0,0,0,646,0,0,4,28,10,22,40,27,8,147,18,127,255,1071,620,468,261,111,29,2947,0,0,0,4,3,10,3,5,0,22,4,3,7,43,5,0,0,0,0,75,0,32,47,144,138,75,47,21,3,503,3,69,121,615,270,292,156,57,7,1594,0,3,0,49,14,14,33,11,21,146,0,10,8,27,33,38,19,7,0,143,0,3,12,88,59,47,51,34,21,323,3,13,16,48,31,18,12,3,0,154,0,29,52,241,93,60,29,18,6,533,0,9,27,98,40,40,38,20,8,270,0,3,6,134,19,10,16,0,3,189,0,30,63,196,73,41,9,3,0,411,0,0,0,7,0,0,0,0,0,11,4,17,41,151,32,31,25,8,0,309
CED320,0,0,0,0,5,4,22,13,4,54,0,0,0,3,7,12,14,12,0,46,0,0,0,15,3,3,3,0,0,28,0,11,5,24,0,0,0,0,0,34,0,3,3,16,22,50,98,66,22,299,25,247,429,1204,789,735,597,251,66,4340,0,0,0,0,4,0,0,0,0,12,0,0,0,10,5,3,3,0,0,18,0,12,29,84,73,81,54,16,7,354,10,59,94,463,207,212,138,49,10,1236,0,0,0,24,8,16,21,9,6,78,0,15,25,53,54,33,26,15,0,214,0,0,11,45,49,79,112,74,26,394,0,0,3,19,19,14,11,4,0,76,0,37,77,221,148,100,90,40,8,723,0,3,4,34,8,15,8,5,4,74,7,4,26,316,7,0,7,0,0,365,0,10,34,147,71,27,9,3,0,303,0,0,0,3,3,0,0,0,0,16,5,16,28,65,38,55,56,8,0,268
CED321,0,0,0,0,0,0,0,0,0,7,0,0,0,4,0,0,0,0,0,12,0,0,0,7,0,0,0,0,0,13,0,0,3,31,6,0,0,0,0,42,0,0,5,16,18,15,58,41,5,162,4,30,50,265,238,301,213,80,15,1194,0,0,0,0,0,0,0,0,0,5,0,5,0,9,0,0,0,0,0,19,0,4,8,26,45,33,3,4,0,119,3,78,92,348,182,141,84,15,0,954,0,0,0,4,3,0,9,0,0,23,0,0,0,0,0,0,0,0,0,5,0,0,0,17,14,40,43,24,7,138,0,4,4,8,9,4,0,0,0,26,10,20,33,109,69,44,26,6,0,316,0,0,3,10,4,3,3,0,0,23,0,3,6,96,0,3,0,0,0,102,0,0,13,40,25,15,8,0,0,99,0,0,0,0,0,0,0,0,0,5,0,6,12,36,23,22,31,7,9,143
CED322,0,0,0,0,6,11,25,33,10,77,0,0,0,5,11,12,6,9,5,44,0,0,0,10,7,6,0,0,0,29,0,0,11,24,0,0,0,0,0,33,0,7,9,43,20,38,71,57,31,272,20,157,363,1254,851,805,658,301,117,4514,0,0,0,12,9,9,13,5,0,42,0,0,0,14,3,0,0,0,0,25,0,8,18,30,57,34,19,6,0,166,4,27,43,295,141,153,73,28,6,764,0,4,5,56,28,24,44,25,16,201,0,0,3,3,3,0,3,4,0,24,0,13,13,67,53,88,97,68,32,443,0,17,7,33,28,23,21,3,0,130,0,55,100,350,227,183,115,39,16,1086,0,3,18,26,15,17,22,10,0,99,5,7,9,110,44,17,19,3,6,215,4,26,37,157,70,38,15,0,0,341,0,0,0,4,11,3,4,0,0,32,0,54,64,205,53,72,52,20,4,525
CED323,0,0,0,0,0,10,34,21,8,76,0,0,10,22,4,11,6,0,4,66,0,0,0,11,7,4,5,6,0,23,0,6,66,213,3,4,0,0,0,291,0,0,9,39,25,34,70,66,31,266,33,166,494,1524,1094,1086,896,432,123,5839,0,0,0,26,9,23,10,3,3,76,0,0,8,25,8,5,0,0,0,54,0,4,22,45,58,49,29,9,0,217,3,41,118,635,266,231,151,34,8,1491,0,3,5,71,27,37,62,24,17,236,0,0,5,5,5,5,6,0,4,34,0,6,18,79,59,90,105,85,20,462,0,20,30,58,22,48,30,0,3,210,0,32,101,324,144,153,101,56,19,928,0,6,20,59,17,18,14,8,0,138,4,19,41,266,80,53,36,10,3,513,4,31,48,333,109,52,24,4,0,607,0,0,0,25,13,15,12,7,0,70,8,45,54,202,55,72,44,16,7,494
CED324,0,0,0,0,0,5,5,5,4,15,0,0,0,15,0,4,3,0,3,26,0,0,4,25,4,3,10,3,0,50,0,3,40,111,3,6,0,0,0,167,0,8,3,28,7,16,28,33,8,130,14,157,320,759,420,305,188,80,29,2263,0,0,0,10,8,17,11,8,0,47,11,60,52,255,32,17,15,3,0,445,0,11,41,110,99,78,54,23,19,434,5,33,130,650,188,175,132,27,9,1339,0,3,0,42,13,19,23,17,17,146,0,0,10,31,24,22,16,12,0,127,0,4,13,46,43,47,50,35,26,268,4,31,35,128,48,30,31,9,0,313,3,32,73,242,112,98,68,28,6,658,6,16,45,177,57,68,39,18,10,437,24,76,134,1239,293,317,275,57,9,2433,3,22,37,176,68,30,22,3,0,362,0,0,3,14,7,9,0,0,0,41,15,58,48,150,60,33,34,13,0,414
CED325,0,0,0,3,0,8,13,13,6,46,0,0,0,9,4,7,0,6,0,31,0,0,5,40,14,19,10,3,3,93,0,8,32,239,15,12,0,0,0,304,0,0,0,24,20,19,70,63,18,218,35,511,836,1909,811,579,297,111,25,5108,0,0,3,8,10,12,11,5,0,40,0,26,16,122,14,10,10,0,0,207,0,13,28,86,68,39,25,10,0,271,7,77,172,673,328,264,130,40,6,1709,0,0,0,38,23,32,37,12,14,160,0,55,102,292,252,243,107,39,7,1105,0,17,14,75,63,79,70,48,23,384,4,13,28,69,37,37,42,0,0,234,0,48,102,302,186,133,67,34,6,886,0,33,65,295,165,141,79,29,10,820,4,7,12,196,45,49,36,6,0,355,3,14,17,176,64,27,14,7,0,320,0,0,0,12,5,4,3,5,0,33,12,31,43,110,43,35,31,4,3,313
CED326,0,0,0,0,4,8,15,15,0,41,0,0,0,8,13,11,10,6,0,54,0,5,3,23,11,7,3,0,7,56,5,15,44,277,18,13,0,0,0,373,0,4,7,19,27,25,88,52,41,263,43,421,619,1660,996,772,567,235,79,5395,0,3,0,4,0,5,4,0,0,22,0,0,4,52,11,3,0,3,0,70,3,11,41,101,95,65,44,11,3,384,0,111,173,708,449,330,163,48,4,1996,0,0,0,39,11,17,27,13,6,116,0,16,45,80,82,73,42,14,0,349,0,15,33,68,79,94,131,117,38,578,5,11,16,42,21,30,16,9,0,146,10,105,161,420,268,148,100,30,10,1250,0,13,12,113,35,43,32,19,9,281,0,3,7,97,14,6,4,0,0,133,4,26,25,166,51,35,16,0,0,328,0,0,0,11,4,0,0,0,0,19,6,39,35,95,42,44,47,12,4,320
CED327,0,0,0,0,7,3,6,11,5,33,0,0,7,10,5,5,6,0,6,38,4,35,126,461,128,69,44,18,5,889,0,0,3,28,0,0,0,0,0,32,0,0,4,9,6,13,61,40,20,157,57,539,971,2214,1016,794,420,153,26,6190,0,0,4,21,17,15,22,4,0,80,10,93,96,358,57,26,22,4,0,664,6,22,39,128,126,97,61,26,5,499,3,70,151,579,310,322,222,41,13,1711,0,0,0,21,16,27,28,15,8,105,0,36,74,226,194,194,107,37,5,877,0,3,5,31,25,85,69,50,17,280,0,5,25,63,40,37,32,0,0,201,0,20,85,208,154,125,77,19,11,701,0,16,33,97,60,51,36,20,3,320,7,44,52,594,148,136,105,24,3,1118,0,96,126,229,79,28,25,0,0,582,0,3,4,33,21,7,0,0,0,69,4,21,27,83,25,22,17,6,0,199
CED328,0,0,0,0,5,0,0,6,0,13,0,0,5,8,4,7,7,3,0,34,0,0,8,25,11,10,3,6,8,72,0,5,84,155,6,7,3,0,0,254,4,5,11,42,34,30,56,39,8,221,12,95,216,543,401,322,189,103,29,1914,0,0,0,10,5,4,8,4,0,32,0,16,4,46,9,5,0,0,0,83,0,5,36,82,99,61,25,18,8,334,3,11,69,268,92,88,64,14,3,610,0,0,0,61,22,30,32,3,8,158,0,0,0,8,10,0,0,3,0,20,0,30,42,81,85,100,87,39,27,495,0,38,73,136,57,34,27,17,3,393,13,134,259,540,412,220,172,60,18,1838,5,23,46,158,61,67,55,27,6,446,3,26,38,201,74,40,47,3,0,434,3,21,60,124,69,20,16,3,0,320,0,8,0,24,13,11,3,0,0,59,21,96,145,234,109,89,61,19,5,777
CED329,0,0,0,6,0,5,14,10,3,34,0,0,0,3,0,6,3,3,0,14,0,0,0,0,0,0,0,0,0,5,0,0,5,18,0,0,0,0,0,24,0,4,11,29,27,50,97,64,23,294,4,47,88,363,433,570,513,221,41,2281,0,0,0,0,0,0,0,0,0,0,0,0,0,5,0,0,0,0,0,12,0,0,13,18,56,53,20,3,0,156,0,19,24,204,140,140,99,25,3,668,0,0,0,13,14,12,18,6,0,70,0,0,0,0,5,0,3,0,0,10,0,7,10,31,51,80,111,65,31,389,0,6,3,12,7,24,15,0,0,61,0,15,33,113,118,101,65,44,10,505,0,0,0,8,5,0,4,3,0,30,0,0,0,33,3,3,0,0,0,40,5,23,15,100,57,23,8,5,0,235,0,0,0,0,0,0,0,0,0,5,3,20,24,101,56,67,52,28,5,355
CED330,0,0,0,6,0,10,11,3,0,27,0,0,0,10,0,5,6,6,0,29,0,0,5,14,4,6,5,0,0,26,0,0,6,13,0,4,0,0,0,15,3,4,3,26,36,42,101,48,15,277,33,182,333,1167,938,781,446,159,41,4067,0,0,0,11,5,8,0,0,0,17,0,6,8,27,5,8,5,0,0,58,0,9,19,56,88,43,24,5,0,247,4,23,47,255,114,115,67,15,3,641,0,0,0,24,14,16,17,9,0,83,0,3,8,32,13,17,13,4,0,88,0,10,15,65,72,97,86,39,17,410,0,0,25,19,24,13,12,0,0,98,0,33,92,241,171,135,53,24,14,764,0,3,3,15,13,10,5,0,0,52,0,3,19,242,20,14,3,4,0,300,0,16,19,138,43,23,4,0,0,239,0,0,0,3,5,4,0,0,0,14,5,26,29,99,43,50,52,14,4,313
CED394,0,0,0,0,0,0,0,0,0,0,0,0,0,0,0,0,0,0,0,0,0,0,0,0,0,0,0,0,0,0,0,0,0,6,0,0,0,0,0,6,0,3,6,4,5,8,11,3,0,32,3,0,21,68,46,56,63,13,0,265,0,0,0,0,0,0,0,0,0,0,0,4,0,0,0,0,0,0,0,12,0,3,0,8,3,4,3,0,0,22,0,4,10,18,4,4,4,0,0,40,0,0,0,4,0,0,0,0,0,10,0,0,0,0,0,0,0,0,0,3,0,0,0,7,3,14,0,3,0,29,0,0,0,0,0,0,0,0,0,0,0,0,0,10,8,8,3,7,0,39,0,0,0,0,0,0,0,0,0,4,0,0,0,26,0,0,0,0,0,34,0,0,0,10,3,0,0,0,0,12,0,0,0,0,0,0,0,0,0,0,0,0,5,15,4,4,0,0,0,22
CED397,0,0,0,0,0,0,0,0,0,0,0,0,0,0,0,0,0,0,0,0,0,0,0,0,0,0,0,0,0,0,0,0,0,0,0,0,0,0,0,0,0,0,0,0,0,0,0,0,0,0,0,0,0,0,0,0,0,0,0,0,0,0,0,0,0,0,0,0,0,0,0,0,0,0,0,0,0,0,0,0,0,0,0,0,0,0,0,0,0,0,0,0,0,0,0,0,0,0,0,0,0,0,0,0,0,0,0,0,0,0,0,0,0,0,0,0,0,0,0,0,0,0,0,0,0,0,0,0,0,0,0,0,0,0,0,0,0,0,0,0,0,0,0,0,0,0,0,0,0,0,0,0,0,0,0,0,0,0,0,0,0,0,0,0,0,0,0,0,0,0,0,0,0,0,0,0,0,0,0,0,0,0,0,0,0,0,0,0,0,0,0,0,0,0,0,0,0,0,0,0
CED401,0,0,0,5,0,5,35,30,16,94,0,0,4,14,4,0,0,0,0,28,0,0,17,51,4,14,5,0,0,91,0,14,196,590,13,4,0,0,0,822,0,0,10,19,13,23,64,29,20,177,12,39,63,204,107,107,104,32,12,677,0,0,0,7,3,3,4,3,0,24,18,110,110,277,24,12,4,0,0,559,0,0,4,16,18,12,8,0,0,67,9,55,154,686,205,151,101,26,11,1405,0,0,4,110,37,61,77,56,57,382,0,0,0,0,0,0,0,0,0,3,0,18,14,61,38,83,102,66,29,396,4,26,104,139,46,39,24,6,0,372,9,13,58,136,78,38,29,12,3,378,3,36,59,244,39,21,17,5,5,430,3,7,30,237,19,11,7,0,0,317,0,12,42,249,67,33,17,0,0,430,4,6,3,27,10,3,7,3,4,62,9,35,44,160,40,40,35,16,0,373
CED402,0,0,0,0,0,4,6,0,0,12,0,0,0,0,0,5,3,0,0,6,0,3,16,58,22,12,6,4,0,118,0,0,5,32,0,0,0,0,0,38,0,0,0,11,19,35,153,92,27,337,7,30,60,176,124,171,72,34,9,680,0,0,0,0,4,0,4,0,0,11,3,10,9,22,0,0,0,0,0,50,0,0,0,9,12,4,4,0,4,37,4,62,88,323,155,136,62,22,0,857,0,0,0,5,6,11,15,9,7,57,0,0,0,0,0,0,0,0,0,0,0,0,3,28,27,83,105,71,22,345,0,0,4,5,9,8,3,0,0,28,5,31,31,98,51,36,25,12,0,291,0,4,3,35,11,3,3,0,0,59,0,0,4,72,0,0,0,0,0,84,3,28,38,92,41,11,3,0,0,228,0,0,0,3,5,3,12,0,0,32,0,9,4,51,21,34,36,6,3,170
CED403,0,0,0,0,0,4,23,22,8,59,0,0,7,14,4,5,0,0,0,20,0,0,0,23,4,0,4,4,0,36,3,26,190,755,15,15,0,0,0,1006,6,3,9,40,14,33,114,84,59,369,6,29,46,180,137,151,112,44,24,729,0,0,0,0,0,4,0,0,0,6,3,26,26,103,24,7,9,3,0,208,0,0,3,22,27,18,11,0,3,83,0,33,60,357,136,107,78,26,11,811,0,0,3,77,39,62,69,32,27,310,0,0,0,0,4,0,5,0,0,10,0,7,27,79,76,128,126,90,67,610,0,13,50,89,39,32,30,9,0,278,3,55,80,191,117,63,51,26,10,594,6,25,33,132,46,21,17,11,10,307,0,3,7,80,15,4,0,0,0,117,0,9,22,128,47,22,12,0,0,244,0,7,0,5,3,6,6,3,0,27,10,37,42,114,43,52,39,24,0,374
CED404,0,0,0,0,0,7,10,3,9,28,0,0,0,0,3,0,0,0,0,3,0,0,0,0,0,0,4,0,0,4,0,0,8,35,0,0,0,0,0,45,0,8,5,15,17,35,123,69,15,290,4,25,30,147,101,136,98,43,3,579,0,0,0,0,0,0,3,0,6,8,0,7,0,23,5,0,0,0,0,36,0,0,7,9,7,10,7,0,0,40,3,52,55,296,126,121,98,27,0,785,0,0,0,13,7,6,10,7,0,46,0,0,0,0,0,0,0,0,0,0,4,10,7,30,48,148,136,118,40,532,0,0,3,7,12,3,0,0,0,31,4,23,21,83,63,25,31,10,0,255,0,3,7,54,9,5,4,0,0,84,0,6,4,20,0,0,0,0,0,29,0,12,7,60,50,21,10,0,0,158,0,0,0,0,0,0,0,0,0,3,0,7,9,24,20,28,26,9,0,119
CED405,0,0,0,3,0,7,57,31,15,114,0,0,0,4,0,3,0,0,0,9,0,0,0,0,4,0,0,3,0,15,0,0,65,260,0,4,0,0,0,331,0,3,0,21,16,21,67,49,9,196,0,28,56,193,124,118,72,26,0,628,0,0,0,13,10,8,15,26,9,84,7,31,30,132,15,9,10,0,0,236,0,0,4,15,11,3,3,0,0,37,5,66,124,487,209,159,115,30,9,1213,0,3,4,77,41,54,87,58,68,392,0,0,0,0,0,0,0,0,0,8,0,11,27,78,63,120,127,95,31,555,0,9,10,37,15,14,19,3,0,108,9,41,50,183,89,53,22,17,0,453,0,11,10,56,26,6,9,5,0,115,0,3,4,54,4,8,3,0,0,75,0,25,20,134,68,20,12,0,0,277,4,0,4,11,9,0,0,0,0,35,9,20,23,90,28,40,20,9,0,235
CED406,0,0,0,0,6,7,24,15,5,51,0,0,0,4,5,7,3,0,3,19,0,0,0,0,0,0,3,0,0,7,0,3,5,51,0,4,0,0,0,62,0,4,3,31,21,57,166,98,43,429,5,31,57,216,150,153,117,40,3,777,0,0,0,0,0,0,6,0,0,12,0,10,22,84,26,20,12,0,0,174,0,0,3,16,29,7,8,0,0,59,3,32,62,325,189,164,93,40,5,912,0,0,4,74,54,110,111,34,22,416,0,0,0,0,0,0,0,0,0,7,0,19,48,130,146,238,211,157,58,1003,0,0,13,27,29,16,17,0,0,105,0,70,80,217,174,76,46,25,8,696,0,5,11,55,19,17,6,6,6,121,0,0,0,26,3,0,0,0,0,38,0,16,9,100,50,12,4,0,0,198,0,0,0,3,4,3,0,0,0,13,0,21,23,85,25,23,29,13,3,230
CED407,0,0,0,0,5,14,32,42,12,106,0,0,0,4,5,0,3,5,0,15,0,12,41,79,27,3,7,3,0,170,0,12,38,172,3,5,0,0,0,238,0,0,5,12,8,38,108,83,38,293,3,31,44,152,108,88,60,34,13,524,0,0,0,3,0,9,5,9,0,33,8,88,91,185,22,3,5,0,0,403,0,0,5,5,26,13,0,4,3,49,3,62,130,544,248,216,132,26,4,1372,0,0,0,62,53,94,110,46,24,390,0,0,0,4,0,0,0,0,0,4,0,6,11,48,43,154,196,159,59,685,0,8,14,26,20,19,18,5,0,103,0,19,48,105,74,56,26,23,3,352,0,24,46,166,54,31,19,10,0,345,0,6,8,60,10,4,3,0,0,91,0,11,17,123,45,30,7,3,0,234,0,0,0,17,10,4,5,0,0,32,0,20,27,60,24,24,19,13,3,194
CED408,0,0,0,3,4,7,20,9,0,42,0,0,0,3,0,3,0,0,0,8,0,0,4,0,3,0,0,0,0,7,0,0,0,14,0,0,0,0,0,12,0,3,8,30,36,59,240,109,32,510,8,22,40,187,161,195,147,67,13,835,0,0,0,0,0,0,0,0,0,3,0,4,6,4,4,0,0,0,0,17,0,0,0,13,40,15,5,0,0,74,0,24,37,157,83,74,34,3,0,421,0,0,0,43,23,26,29,12,12,133,0,0,0,0,0,0,0,0,0,3,4,18,27,55,93,142,193,106,46,683,0,11,8,21,24,14,19,6,0,101,7,45,62,169,104,70,45,23,8,540,0,3,4,32,17,6,8,0,0,72,0,0,7,26,5,9,0,0,0,44,0,8,14,73,45,6,5,0,0,145,0,0,0,5,0,0,0,0,0,7,7,25,32,116,66,71,65,21,7,408
CED409,0,0,0,0,5,9,34,22,3,80,0,0,0,5,3,3,0,0,0,13,0,42,124,348,88,34,13,0,0,650,4,132,213,233,14,6,0,0,0,609,0,0,0,13,20,42,109,74,41,300,3,42,50,164,131,104,54,23,3,572,0,0,0,0,0,7,6,0,5,15,11,110,123,170,15,3,0,5,0,432,0,0,0,12,22,0,0,0,0,38,3,66,145,537,245,224,112,37,12,1379,0,0,6,30,27,46,67,15,12,201,0,7,0,5,4,0,5,0,0,10,0,0,3,30,50,189,178,169,70,690,0,9,0,16,10,16,3,3,0,50,0,16,16,62,38,31,12,8,0,186,0,0,3,41,15,4,3,0,0,69,0,4,0,42,4,5,0,0,0,56,0,16,19,181,61,28,10,0,0,318,0,3,4,22,8,4,3,5,0,48,0,9,21,62,18,22,16,6,3,154
CED410,0,0,0,3,5,8,31,24,9,81,0,0,0,7,0,3,0,4,0,15,0,0,4,12,0,3,3,0,0,27,3,10,60,291,3,10,3,0,0,380,0,3,8,12,18,23,85,74,26,244,4,34,50,124,103,118,99,54,22,604,0,0,0,3,0,0,0,0,0,9,15,65,37,186,24,11,4,0,0,341,0,8,5,13,23,14,8,3,0,66,5,35,70,350,122,107,77,36,9,807,0,0,5,69,52,79,83,53,41,382,0,0,4,3,0,0,0,0,0,8,0,19,13,48,54,72,118,83,48,461,3,37,36,113,58,36,51,22,3,364,10,38,51,154,91,67,59,26,6,504,12,131,83,463,147,54,48,26,5,971,3,17,15,115,27,23,18,3,0,226,0,12,25,120,60,14,18,0,0,250,0,5,0,18,6,13,14,15,4,75,10,55,60,131,37,39,38,30,9,403
CED494,0,0,0,0,0,0,0,0,0,0,0,0,0,0,0,0,0,0,0,0,0,0,0,0,0,0,0,0,0,0,0,0,0,0,0,0,0,0,0,0,0,0,0,3,0,0,0,0,0,7,0,0,0,7,6,0,3,0,0,28,0,0,0,0,0,0,0,0,0,0,0,0,0,0,0,0,0,0,0,0,0,0,0,0,0,0,0,0,0,0,0,0,0,0,0,0,0,0,0,3,0,0,0,0,0,0,0,0,0,0,0,0,0,0,0,0,0,0,0,0,0,0,0,0,0,0,3,0,0,4,0,0,0,0,0,0,0,0,0,0,0,0,0,0,0,0,0,0,0,3,0,0,0,0,0,0,0,0,0,0,0,0,0,0,0,0,0,0,0,0,0,0,0,0,0,0,0,0,0,0,0,0,0,0,0,0,0,0,0,0,0,0,0,0,0,0,0,0,0,8
CED497,0,0,0,0,0,0,0,0,0,0,0,0,0,0,0,0,0,0,0,0,0,0,0,0,0,0,0,0,0,0,0,0,0,0,0,0,0,0,0,0,0,0,0,0,0,0,0,0,0,0,0,0,0,0,0,0,0,0,0,0,0,0,0,0,0,0,0,0,0,0,0,0,0,0,0,0,0,0,0,0,0,0,0,0,0,0,0,0,0,0,0,0,0,0,0,0,0,0,0,0,0,0,0,0,0,0,0,0,0,0,0,0,0,0,0,0,0,0,0,0,0,0,0,0,0,0,0,0,0,0,0,0,0,0,0,0,0,0,0,0,0,0,0,0,0,0,0,0,0,0,0,0,0,0,0,0,0,0,0,0,0,0,0,0,0,0,0,0,0,0,0,0,0,0,0,0,0,0,0,0,0,0,0,0,0,0,0,0,0,0,0,0,0,0,0,0,0,0,0,0
CED501,0,0,0,5,0,3,13,7,0,29,0,0,12,51,12,8,14,6,0,102,0,0,3,25,11,16,14,7,3,78,0,6,12,43,9,0,0,0,0,67,0,3,9,30,36,33,90,63,28,294,33,345,483,1596,750,615,313,95,12,4238,0,0,0,8,3,9,0,0,0,24,0,5,3,48,7,5,3,0,0,80,0,0,0,14,18,10,4,0,0,52,10,225,408,916,449,204,113,18,0,2337,0,0,4,33,22,19,21,3,0,112,0,5,4,11,6,4,0,4,0,39,0,52,76,233,228,289,198,148,53,1281,0,12,16,84,47,44,30,13,0,254,4,104,199,583,372,195,104,40,10,1617,0,9,13,50,15,6,10,5,0,101,6,0,0,53,0,0,0,0,0,64,7,32,41,241,135,56,22,6,0,534,0,0,0,4,3,0,0,0,0,7,0,29,30,101,32,37,38,9,0,274
CED502,0,0,0,3,5,9,14,5,0,34,0,24,39,186,34,35,16,12,0,348,0,13,82,441,175,169,129,47,31,1079,0,0,23,135,7,8,0,0,0,174,0,3,5,25,40,34,129,105,65,408,21,234,300,892,453,423,213,57,13,2604,0,0,0,0,5,0,0,0,0,12,7,145,85,416,50,24,20,3,0,753,0,15,30,46,32,7,6,0,0,132,14,284,553,1159,573,280,145,28,3,3043,0,6,3,32,5,23,32,11,8,128,0,0,0,13,9,5,4,5,0,30,0,6,13,100,78,140,141,105,26,610,4,47,92,305,128,170,120,30,12,913,3,53,179,388,271,169,84,28,9,1194,3,69,107,436,121,55,55,19,5,872,0,3,3,183,15,13,0,0,0,218,5,70,170,312,143,62,23,3,0,796,0,6,5,43,30,9,8,4,0,92,4,30,24,57,32,34,21,5,0,218
CED503,0,0,0,0,0,4,6,7,0,24,0,5,7,48,11,11,10,3,0,89,0,0,0,10,9,11,13,11,7,57,0,3,4,21,0,0,0,0,0,29,0,5,7,44,34,40,165,97,35,423,15,162,227,783,522,521,355,105,17,2717,0,0,0,0,0,0,0,0,0,5,0,9,3,38,4,3,0,0,0,57,0,7,14,19,23,4,4,0,0,72,6,84,136,420,194,134,61,15,0,1047,0,0,0,24,12,16,20,3,4,77,0,0,0,7,0,0,4,0,0,14,3,27,43,134,134,216,200,132,34,920,0,6,11,38,39,36,23,7,4,166,0,77,183,404,337,180,109,41,16,1340,0,7,8,28,11,7,10,9,0,76,0,0,0,24,3,6,0,0,0,36,7,25,28,162,86,55,24,3,0,387,0,0,0,6,0,0,0,0,0,0,0,8,22,61,31,46,45,15,4,237
CED504,0,0,0,3,3,6,17,7,4,39,0,6,25,110,34,63,59,39,15,349,6,44,119,550,245,233,216,78,42,1531,0,4,16,89,8,4,3,0,0,127,4,0,6,21,9,15,45,64,27,195,9,97,205,591,297,312,189,61,15,1777,0,8,18,176,137,216,217,122,47,938,0,38,31,179,27,21,12,4,0,311,0,0,9,11,8,12,4,0,0,47,3,90,208,546,291,189,146,39,5,1517,0,4,9,85,47,82,105,40,27,394,0,0,0,4,4,0,0,0,0,15,0,4,14,81,74,99,134,86,35,534,0,19,24,132,80,113,106,41,8,524,0,16,107,312,187,170,124,51,10,988,0,8,27,105,42,51,53,36,7,324,4,7,8,195,18,7,12,0,0,251,3,82,145,285,152,65,41,0,3,781,0,10,7,49,19,3,5,0,5,98,0,15,20,103,24,21,14,11,0,221
CED505,0,0,0,0,3,0,4,5,0,14,0,3,13,31,11,18,8,10,3,100,0,0,3,10,26,24,20,16,4,101,0,0,24,88,3,4,0,0,0,123,6,17,21,51,49,35,68,56,33,332,11,45,84,471,271,279,216,94,17,1485,0,0,0,18,10,3,6,4,3,52,0,13,10,52,10,8,3,0,0,93,0,0,0,10,28,19,6,0,0,67,0,22,46,203,73,50,35,6,5,437,0,8,0,97,52,47,61,20,22,314,0,0,0,0,3,3,3,0,0,16,4,25,74,180,151,165,128,87,54,870,8,77,123,237,129,123,115,57,8,874,10,88,228,602,351,253,177,82,38,1833,0,16,17,97,42,45,36,37,19,312,0,7,4,87,30,17,22,3,0,172,4,20,37,109,62,32,19,3,0,290,0,0,0,24,8,3,3,0,0,45,25,131,99,276,127,84,67,37,11,862
CED506,0,0,0,0,0,0,9,4,0,13,0,3,3,22,7,10,6,0,0,49,0,3,0,15,9,11,3,0,0,46,0,7,7,29,4,0,0,0,0,42,0,0,13,54,30,28,78,40,12,255,21,106,204,896,503,565,278,66,11,2646,0,0,0,8,4,4,6,3,0,24,3,3,0,44,3,7,5,0,0,58,0,0,3,21,17,7,8,0,0,55,6,115,151,633,265,171,77,20,0,1449,0,0,0,24,15,4,15,3,5,73,0,0,0,11,5,0,6,0,0,20,0,9,9,100,62,144,102,49,11,487,0,3,10,40,35,26,12,8,0,141,10,53,87,312,223,110,61,19,5,878,0,10,9,54,11,8,7,9,0,99,4,3,0,148,3,0,0,0,0,162,6,41,28,281,163,70,14,4,3,603,0,0,0,4,0,0,0,0,0,9,4,13,10,124,42,38,27,6,4,271
CED507,0,0,0,0,0,3,3,7,0,17,0,0,3,12,3,11,10,0,0,42,0,0,0,24,0,0,6,4,0,47,0,3,3,31,0,0,0,0,0,41,0,10,4,37,37,44,92,57,27,305,15,119,151,636,385,416,248,70,19,2052,0,0,0,0,0,0,0,0,0,5,0,10,7,26,0,4,0,0,0,53,0,3,5,8,15,13,3,0,0,43,8,103,119,458,166,83,58,7,0,1013,0,0,5,24,13,19,18,3,12,87,0,0,0,3,0,0,0,0,0,0,0,8,20,66,75,121,131,68,21,509,0,4,11,44,25,20,17,3,0,124,0,71,121,366,306,169,113,53,20,1206,0,8,7,32,13,3,6,0,0,62,6,0,5,180,0,0,0,0,0,196,3,26,11,107,73,37,15,5,3,261,0,0,0,6,0,6,0,0,0,5,0,18,13,78,38,47,58,17,3,268
CED508,0,0,0,0,3,4,11,3,3,26,0,4,4,55,17,12,19,0,0,117,0,4,0,20,10,16,14,7,5,84,0,5,8,74,3,0,0,0,0,92,0,8,9,58,23,46,55,49,33,272,20,92,188,741,361,349,173,46,6,1978,0,0,0,0,0,6,3,6,0,21,4,15,6,73,13,11,4,0,0,113,0,0,3,10,22,11,0,0,0,46,11,156,277,673,285,165,77,18,6,1662,0,0,7,74,39,37,64,18,6,239,0,0,0,7,0,4,0,0,0,10,5,25,39,213,143,201,167,98,30,927,10,13,73,225,97,112,73,24,3,627,3,55,139,487,279,182,95,48,18,1316,0,12,11,71,39,28,18,8,4,190,4,3,0,116,3,12,0,0,0,141,4,26,48,174,85,39,20,0,0,394,0,0,0,11,10,0,0,5,0,28,4,42,45,197,42,51,42,15,4,438
CED509,0,0,0,0,4,9,14,4,0,32,0,11,27,144,31,34,19,7,6,288,0,0,21,108,48,37,37,15,9,272,0,4,8,68,4,4,3,0,0,89,0,0,13,32,33,42,91,73,27,319,13,169,278,1012,549,549,254,83,18,2930,0,0,7,33,6,14,5,0,0,64,0,5,20,76,13,7,5,9,0,138,0,0,8,25,18,11,5,0,0,67,9,165,334,875,402,189,82,25,3,2087,0,0,3,57,22,33,28,11,21,180,0,0,0,4,0,4,3,0,0,15,0,12,31,121,129,191,168,86,47,780,0,15,20,106,57,52,43,19,0,316,6,72,147,432,294,169,87,61,13,1282,0,15,20,95,42,20,22,4,0,221,0,0,3,50,4,5,0,0,0,71,6,25,66,208,95,44,14,0,0,458,0,0,0,9,3,3,0,0,0,19,7,29,32,104,43,46,40,13,5,315
CED510,0,0,0,6,9,11,6,4,0,37,0,8,11,26,9,31,20,5,6,109,0,0,0,8,24,34,57,15,8,141,0,0,8,18,0,0,0,0,0,28,0,7,11,41,37,32,90,71,29,319,8,80,128,593,378,442,236,73,18,1952,0,0,0,15,7,21,18,3,3,76,0,6,4,34,0,7,8,0,0,57,0,0,0,14,29,10,3,4,0,56,4,15,22,149,87,89,74,17,0,461,0,8,7,89,57,77,111,17,20,384,0,0,0,0,0,0,0,0,0,7,3,78,126,303,300,380,308,143,50,1691,0,21,27,75,58,98,92,21,13,413,14,213,399,880,739,493,207,107,42,3090,0,3,16,34,10,16,17,6,5,108,0,3,3,48,9,4,7,0,0,77,0,9,22,119,80,41,19,6,0,302,0,0,0,11,8,0,0,0,0,17,13,38,47,122,55,42,45,8,5,379
CED511,0,0,0,0,0,5,3,0,0,17,0,0,0,4,3,4,0,0,0,19,0,0,6,57,40,22,17,3,3,148,0,0,0,15,0,0,0,0,0,19,0,4,3,37,31,26,107,79,23,307,24,124,227,831,493,600,316,73,17,2710,0,0,0,0,0,5,3,3,0,19,0,14,4,16,6,3,6,0,0,54,0,17,17,24,32,12,5,0,0,117,7,126,140,548,237,180,81,16,0,1340,0,0,0,12,15,3,18,11,11,63,0,0,0,5,0,9,0,0,0,15,0,4,9,77,54,116,82,80,25,466,0,0,4,29,16,27,13,0,3,99,11,82,117,330,208,148,68,38,7,998,0,0,0,24,5,8,10,4,0,60,0,0,0,50,3,3,0,0,0,54,0,56,40,149,94,55,14,0,0,411,0,0,0,3,0,0,0,0,0,3,0,5,10,70,36,45,53,16,3,241
CED512,0,0,0,0,3,13,10,6,4,38,0,11,18,120,27,45,29,12,3,269,0,0,12,41,38,43,31,13,7,191,0,0,5,34,4,0,0,0,0,45,0,3,9,34,15,15,66,54,31,235,28,237,371,1166,617,493,238,87,19,3257,0,3,15,113,54,37,24,6,0,253,0,18,18,68,19,6,0,4,0,132,0,3,8,13,20,5,4,0,0,53,4,91,202,519,265,136,73,12,0,1291,0,3,5,79,47,69,60,13,5,275,0,0,0,0,3,8,3,0,0,20,6,90,173,465,347,271,203,101,43,1697,4,11,25,127,68,69,41,7,5,357,21,269,548,1123,826,356,189,73,10,3409,0,5,9,45,8,20,7,6,0,99,0,3,0,86,6,8,0,0,0,103,3,29,41,221,82,36,8,3,0,424,0,0,0,17,8,5,0,0,0,30,5,22,36,93,38,34,18,6,4,257
CED513,0,0,0,4,0,4,13,17,6,46,0,0,35,119,29,31,39,22,19,299,3,0,25,74,48,81,88,33,26,373,0,13,90,288,7,6,3,0,0,404,3,7,4,63,16,35,47,41,43,258,8,39,114,685,290,344,168,71,19,1736,0,0,7,39,39,25,47,37,26,214,4,22,20,135,7,8,4,3,3,212,0,0,6,19,19,4,8,0,0,60,0,52,125,570,170,116,70,17,5,1125,5,3,3,127,47,78,90,38,61,441,0,0,3,0,0,0,0,0,0,3,0,9,26,247,120,130,137,76,46,791,6,28,66,340,107,100,85,33,12,772,5,12,103,497,231,173,129,63,43,1255,4,20,32,179,33,21,35,28,10,351,4,6,10,307,27,5,3,0,0,364,3,27,58,323,119,62,28,4,0,630,0,0,4,34,9,14,3,0,3,61,24,38,70,264,56,43,31,13,3,536
CED514,0,0,0,0,0,3,13,11,3,28,0,13,46,154,32,35,30,9,9,320,0,0,14,129,86,122,98,46,30,525,3,13,163,543,24,14,0,0,0,756,5,3,3,48,26,24,68,75,27,274,11,130,233,757,394,419,248,65,21,2274,0,0,0,13,3,0,4,0,0,24,12,71,33,279,30,13,19,3,0,463,0,7,16,26,19,14,0,4,0,89,9,141,365,883,355,216,113,33,5,2124,0,0,3,64,32,39,59,25,33,264,0,0,3,10,5,3,0,0,0,26,4,6,31,125,100,156,128,97,45,686,6,27,104,407,123,147,156,52,11,1031,6,34,121,349,172,153,88,32,14,972,3,13,53,277,60,43,54,18,6,522,4,9,9,339,14,11,8,0,0,398,0,33,67,320,147,73,40,6,3,689,4,0,7,62,46,35,14,6,0,168,8,43,35,157,34,53,30,14,6,367
CED515,0,4,0,0,3,9,16,4,4,37,0,0,15,58,23,18,23,4,0,155,0,8,12,63,49,54,64,27,18,298,0,9,19,77,5,4,0,0,0,115,0,0,9,16,24,19,70,72,40,264,8,124,185,371,279,304,189,74,14,1558,0,0,0,3,3,0,8,0,0,15,4,50,38,192,36,16,13,5,0,364,0,4,3,8,24,17,3,0,0,58,0,54,118,296,136,102,58,16,9,786,0,0,7,50,20,30,49,12,20,195,0,0,0,3,0,5,4,0,0,11,0,13,41,127,126,219,191,126,60,894,8,146,304,533,340,362,318,108,37,2162,0,85,210,394,351,259,164,98,36,1604,7,71,111,290,221,161,92,37,12,1004,5,13,15,205,39,30,28,6,5,343,4,34,26,171,108,62,50,9,0,462,0,6,4,27,15,6,7,3,0,69,5,57,46,113,62,48,37,13,5,391
CED594,0,0,0,0,0,0,0,0,0,0,0,0,0,3,0,0,0,0,0,4,0,0,3,0,0,0,0,0,0,7,0,0,0,0,0,0,0,0,0,0,0,0,0,3,4,0,0,0,0,10,0,7,10,42,19,22,12,3,0,114,0,0,0,0,0,0,0,0,0,0,0,0,0,0,0,0,0,0,0,0,0,0,0,0,0,0,0,0,0,0,0,0,0,7,4,0,0,0,0,21,0,0,0,0,0,5,0,0,0,5,0,0,0,0,0,0,0,0,0,0,0,0,0,8,0,9,0,0,0,15,3,0,0,4,0,0,0,0,0,7,0,0,5,7,0,0,3,0,0,23,0,0,0,0,0,0,0,0,0,0,0,0,0,7,0,0,0,0,0,7,0,0,3,0,0,0,0,0,0,5,0,0,0,0,0,0,0,0,0,0,0,0,3,15,0,0,5,0,0,21
CED597,0,0,0,0,0,0,0,0,0,0,0,0,0,0,0,0,0,0,0,0,0,0,0,0,0,0,0,0,0,0,0,0,0,0,0,0,0,0,0,0,0,0,0,0,0,0,0,0,0,0,0,0,0,0,0,0,0,0,0,0,0,0,0,0,0,0,0,0,0,0,0,0,0,0,0,0,0,0,0,0,0,0,0,0,0,0,0,0,0,0,0,0,0,0,0,0,0,0,0,3,0,0,0,0,0,0,0,0,0,0,0,0,0,0,0,0,0,0,0,0,0,0,0,0,0,0,0,0,0,0,0,0,0,0,0,0,0,0,0,0,0,0,0,0,0,0,0,0,0,0,0,0,0,0,0,0,0,0,0,0,0,0,0,0,0,0,0,0,0,0,0,0,0,0,0,0,0,0,0,0,0,0,0,0,0,0,0,0,0,0,0,0,0,0,0,0,0,0,0,0
CED601,0,0,0,0,0,0,4,0,0,4,0,0,0,0,0,0,0,5,0,15,0,10,28,48,20,0,0,0,0,105,4,48,130,501,9,3,0,0,0,702,0,3,6,11,13,18,86,96,23,254,0,16,25,100,114,138,67,36,7,503,0,0,0,5,0,0,0,0,0,4,13,11,16,62,4,3,0,0,0,104,0,0,0,7,24,4,10,0,0,43,0,15,24,177,77,55,42,13,0,390,0,0,0,11,8,13,14,6,11,64,0,0,0,0,0,0,0,0,0,5,0,5,4,11,29,54,71,51,16,240,0,3,9,15,12,11,9,0,3,61,0,8,25,54,47,23,25,9,3,188,3,7,11,70,10,5,6,0,0,111,0,3,0,50,0,0,0,0,0,61,6,5,13,50,28,10,3,0,0,111,0,0,0,4,6,0,0,0,0,4,3,10,12,49,38,20,33,13,0,178
CED602,0,0,0,0,5,3,3,0,3,11,0,0,0,0,0,0,0,0,0,3,0,0,0,7,0,0,0,0,0,16,0,0,24,150,0,0,0,0,0,169,0,0,6,11,10,26,85,75,21,238,0,21,31,128,119,137,116,46,11,610,0,0,0,0,0,0,0,0,0,5,0,0,0,28,6,0,0,0,0,38,0,0,0,5,9,8,3,0,0,26,0,17,24,134,49,64,62,14,4,367,0,0,0,6,3,8,6,4,0,34,0,0,0,3,0,0,0,0,0,5,0,0,6,16,12,49,66,51,6,211,0,3,3,3,3,8,9,0,0,31,0,10,11,43,39,32,20,13,4,169,4,10,8,59,15,0,0,0,0,109,0,0,6,97,0,0,0,0,0,103,0,12,4,46,23,19,10,0,0,116,0,0,0,0,0,0,0,0,0,3,0,3,9,40,11,26,29,14,0,132
CED603,0,0,0,0,0,0,0,0,0,7,0,0,0,9,0,0,0,0,0,13,0,0,8,28,8,8,0,0,0,61,4,50,196,1184,4,9,4,0,0,1455,0,0,5,19,15,10,43,38,16,152,7,18,30,138,89,97,77,30,12,494,0,0,0,0,0,0,0,0,0,4,12,15,15,133,4,3,0,0,0,182,0,0,3,6,21,8,3,0,0,53,0,19,44,219,66,55,40,4,3,447,0,0,0,29,21,16,36,39,23,157,0,0,0,0,3,0,0,0,0,3,0,13,14,36,22,37,43,40,18,221,0,6,21,62,17,11,8,6,0,131,0,11,18,73,48,41,39,14,9,248,3,15,20,180,15,13,14,0,0,264,0,6,0,144,4,0,0,0,0,152,0,17,24,102,39,17,8,0,0,196,0,0,0,6,0,3,0,0,0,10,8,19,28,113,32,46,35,16,0,297
CED604,0,0,0,0,0,0,3,4,0,10,0,0,3,6,0,0,0,0,0,13,0,0,0,0,0,0,0,0,0,5,0,13,51,347,3,0,3,0,0,415,0,3,0,20,22,30,76,57,32,237,4,27,28,128,103,115,95,49,7,559,0,0,0,0,0,0,0,0,0,0,3,7,5,47,5,0,0,0,0,65,0,0,0,6,20,3,4,0,0,38,0,18,15,112,49,30,28,6,0,259,0,0,0,16,4,12,13,3,0,47,0,0,0,0,0,0,0,0,0,0,0,9,3,17,27,56,61,59,19,259,0,4,9,24,12,7,13,3,0,79,9,23,22,112,58,48,54,15,8,333,0,0,5,82,0,6,4,5,0,103,0,0,0,52,0,0,0,0,0,62,7,4,7,57,35,14,9,0,0,134,0,0,0,4,0,0,0,0,0,13,5,18,29,77,41,47,55,14,0,292
CED605,0,0,0,0,0,0,4,5,0,10,0,0,0,0,0,0,5,0,0,11,0,0,0,0,0,0,0,0,0,4,0,0,18,104,0,0,0,0,0,125,0,0,3,17,22,25,69,53,5,189,4,12,21,121,110,142,128,37,6,580,0,0,0,0,0,0,0,0,0,0,0,0,0,23,0,0,0,0,0,28,0,0,0,3,18,12,3,0,0,40,0,16,15,123,63,53,31,13,0,315,0,0,0,6,5,9,11,6,5,43,0,0,0,0,0,0,0,0,0,4,0,0,0,15,12,45,54,39,8,179,0,0,4,7,8,6,5,0,0,35,3,10,11,38,22,26,24,9,0,139,0,0,0,35,0,0,0,0,0,44,0,0,0,30,0,3,0,0,0,31,0,4,0,32,30,18,8,0,0,85,0,0,0,0,4,6,0,0,0,3,4,6,8,49,25,41,50,10,0,188
CED694,0,0,0,0,0,0,0,0,0,0,0,0,0,0,0,0,0,0,0,0,0,0,0,0,0,0,0,0,0,0,0,0,0,0,0,0,0,0,0,3,0,0,0,0,0,0,3,0,0,4,0,0,0,0,5,5,0,0,0,10,0,0,0,0,0,0,0,0,0,0,0,0,0,0,0,0,0,0,0,0,0,0,0,0,0,0,0,0,0,0,0,0,0,0,0,0,0,0,0,0,0,0,0,0,0,0,0,0,0,0,0,0,0,0,0,0,0,0,0,0,0,0,0,0,0,0,0,0,0,3,0,0,0,0,0,0,0,0,0,0,0,0,0,0,0,0,0,0,0,0,0,0,0,0,0,0,0,0,0,0,0,0,0,0,0,0,0,0,0,0,0,0,0,0,0,0,0,0,0,0,0,0,0,0,0,0,0,0,0,0,0,0,0,0,0,0,0,0,0,0
CED697,0,0,0,0,0,0,0,0,0,0,0,0,0,0,0,0,0,0,0,0,0,0,0,0,0,0,0,0,0,0,0,0,0,0,0,0,0,0,0,0,0,0,0,0,0,0,0,0,0,0,0,0,0,0,0,0,0,0,0,0,0,0,0,0,0,0,0,0,0,0,0,0,0,0,0,0,0,0,0,0,0,0,0,0,0,0,0,0,0,0,0,0,0,0,0,0,0,0,0,0,0,0,0,0,0,0,0,0,0,0,0,0,0,0,0,0,0,0,0,0,0,0,0,0,0,0,0,0,0,0,0,0,0,0,0,0,0,0,0,0,0,0,0,0,0,0,0,0,0,0,0,0,0,0,0,0,0,0,0,0,0,0,0,0,0,0,0,0,0,0,0,0,0,0,0,0,0,0,0,0,0,0,0,0,0,0,0,0,0,0,0,0,0,0,0,0,0,0,0,0
CED701,0,0,0,0,0,0,0,0,0,5,0,0,0,17,0,3,4,0,0,21,0,0,0,7,4,6,0,0,0,16,0,9,25,192,5,3,0,0,0,234,0,0,0,19,8,8,17,14,3,75,12,65,72,339,187,209,88,23,3,996,0,0,0,0,0,0,0,0,0,0,0,5,0,35,0,0,0,0,0,43,0,0,9,37,53,26,10,0,0,132,9,79,97,519,215,143,73,17,3,1145,0,0,0,13,5,0,5,0,0,25,0,0,0,6,0,0,7,0,0,17,0,0,3,21,21,25,17,11,4,109,0,0,0,10,10,16,11,6,0,47,0,13,21,75,52,35,9,3,0,208,0,10,4,65,10,5,0,5,0,105,0,3,0,56,3,7,0,0,0,79,0,22,19,98,62,36,17,5,0,263,0,0,0,0,4,0,0,0,0,3,15,54,32,153,47,51,26,3,4,389
CED702,0,0,0,0,4,0,0,0,0,8,0,0,3,15,0,0,0,0,0,27,0,0,8,39,17,10,4,4,0,80,0,35,172,888,16,14,5,0,0,1130,0,3,0,34,10,14,26,12,3,102,4,32,50,306,195,193,107,31,6,925,0,0,0,0,0,0,0,0,0,3,15,21,18,114,20,7,0,0,0,194,0,12,20,55,65,40,20,0,0,209,13,179,313,1162,444,288,199,57,14,2666,0,0,3,24,9,6,6,3,0,46,0,0,4,5,4,0,4,0,0,18,0,3,6,43,28,40,22,24,9,180,0,5,10,42,27,28,21,16,0,153,4,28,34,105,47,25,9,6,0,255,6,42,42,285,46,25,21,10,7,491,4,12,4,226,12,3,0,0,0,265,5,27,56,239,117,78,40,13,0,569,0,0,0,10,0,0,0,0,0,17,3,16,11,84,23,21,18,4,0,185
CED794,0,0,0,0,0,0,0,0,0,0,0,0,0,0,0,0,0,0,0,0,0,0,0,0,0,0,0,0,0,0,0,0,0,0,0,0,0,0,0,0,0,0,0,5,0,0,6,0,0,8,0,0,0,12,9,12,4,0,0,39,0,0,0,0,0,0,0,0,0,0,0,0,0,0,0,0,0,0,0,0,0,0,0,0,0,0,0,0,0,5,0,0,0,4,0,0,0,0,0,4,0,0,0,0,0,0,0,0,0,0,0,0,0,0,0,0,0,0,0,0,0,0,0,0,0,0,0,0,0,7,0,0,0,0,0,0,0,0,0,0,0,0,0,0,0,0,0,0,0,4,0,0,0,0,0,0,0,0,0,0,0,0,0,0,0,0,0,0,0,0,0,0,0,0,0,0,0,0,0,5,0,0,0,0,0,0,0,0,0,0,0,0,0,0,3,0,0,0,0,6
CED797,0,0,0,0,0,0,0,0,0,0,0,0,0,0,0,0,0,0,0,0,0,0,0,0,0,0,0,0,0,0,0,0,0,0,0,0,0,0,0,0,0,0,0,0,0,0,0,0,0,0,0,0,0,0,0,0,0,0,0,0,0,0,0,0,0,0,0,0,0,0,0,0,0,0,0,0,0,0,0,0,0,0,0,0,0,0,0,0,0,0,0,0,0,0,0,0,0,0,0,0,0,0,0,0,0,0,0,0,0,0,0,0,0,0,0,0,0,0,0,0,0,0,0,0,0,0,0,0,0,0,0,0,0,0,0,0,0,0,0,0,0,0,0,0,0,0,0,0,0,0,0,0,0,0,0,0,0,0,0,0,0,0,0,0,0,0,0,0,0,0,0,0,0,0,0,0,0,0,0,0,0,0,0,0,0,0,0,0,0,0,0,0,0,0,0,0,0,0,0,0
CED801,0,0,0,3,0,10,14,20,3,52,0,3,4,23,11,11,7,0,0,61,0,0,5,22,18,5,13,4,0,71,0,14,146,606,7,14,0,0,0,795,0,0,3,19,13,18,57,52,27,180,9,48,48,228,176,220,139,62,10,940,0,0,3,29,8,14,16,3,0,76,0,31,23,142,32,9,4,0,0,248,0,0,3,15,44,30,13,5,0,112,4,69,96,537,198,149,111,22,10,1178,0,0,0,50,24,45,57,18,19,216,0,0,11,14,14,14,3,0,0,57,0,8,12,29,44,93,80,87,24,374,0,8,14,59,32,28,22,7,0,173,3,17,30,104,84,44,36,15,9,344,0,24,20,179,71,100,73,37,8,509,0,0,0,42,8,8,6,5,0,71,0,15,20,174,73,56,25,8,0,390,0,3,0,10,8,6,8,0,0,27,16,59,47,164,69,42,54,21,0,472
CED802,0,0,0,5,4,0,23,3,8,41,0,0,4,17,10,4,4,0,0,40,0,0,15,22,22,8,9,7,0,82,5,9,146,496,10,0,4,0,0,667,0,11,20,25,24,15,39,41,21,207,4,31,119,269,154,150,107,58,19,912,0,0,0,20,9,8,24,6,0,68,6,30,18,159,13,9,9,0,0,242,0,0,8,46,45,39,10,3,4,152,0,34,69,325,90,67,51,19,0,651,0,0,5,53,29,26,45,27,20,198,0,0,8,9,10,3,0,4,0,37,5,4,12,54,38,49,56,43,30,288,3,27,51,91,40,30,17,5,0,271,7,14,67,145,64,47,32,15,6,389,0,15,39,204,68,53,31,12,8,429,0,5,21,112,23,9,4,0,0,173,3,10,47,152,54,26,20,4,0,315,6,3,0,17,13,8,7,0,0,48,24,83,143,287,126,85,82,37,4,873
CED803,0,0,0,6,0,0,16,5,5,35,0,4,12,54,15,4,10,3,0,97,0,0,13,76,43,19,10,9,7,185,3,11,232,866,21,12,6,5,0,1165,0,0,3,21,9,11,49,38,7,145,7,73,81,281,131,97,67,23,4,769,0,0,6,26,14,25,23,6,0,104,8,71,82,486,60,28,10,3,0,749,0,0,9,20,41,23,14,8,0,118,9,54,110,588,216,174,72,21,5,1252,0,4,0,41,34,25,31,16,10,162,0,0,11,18,7,15,0,4,0,49,0,4,11,34,33,32,48,45,16,225,3,16,26,58,36,25,16,4,0,185,4,39,76,162,129,40,32,8,3,485,0,39,72,307,122,103,67,23,12,750,3,5,3,104,18,8,5,0,0,148,5,37,35,214,63,32,26,3,0,413,0,0,5,19,12,4,5,0,0,49,13,54,57,162,61,32,32,14,4,441
CED894,0,0,0,0,0,0,0,0,0,0,0,0,0,0,0,0,0,0,0,0,0,0,0,0,0,0,0,0,0,0,0,0,0,0,0,0,0,0,0,0,0,0,0,0,0,0,0,0,0,0,0,0,0,4,0,0,0,0,0,13,0,0,0,0,0,0,0,0,0,0,0,0,0,0,0,0,0,0,0,0,0,0,0,0,0,0,0,0,0,0,0,0,0,0,0,0,0,0,0,5,0,0,0,0,0,0,0,0,0,0,0,0,0,0,0,0,0,0,0,0,0,0,0,0,0,0,0,0,0,0,0,0,0,0,0,0,0,0,0,0,0,0,0,0,0,0,0,0,0,0,0,0,0,0,0,0,0,0,0,0,0,0,0,0,0,0,0,0,0,0,0,0,0,0,0,0,0,0,0,0,0,0,0,0,0,0,0,0,0,0,0,0,0,6,0,0,0,0,0,6
CED897,0,0,0,0,0,0,0,0,0,0,0,0,0,0,0,0,0,0,0,0,0,0,0,0,0,0,0,0,0,0,0,0,0,0,0,0,0,0,0,0,0,0,0,0,0,0,0,0,0,0,0,0,0,0,0,0,0,0,0,0,0,0,0,0,0,0,0,0,0,0,0,0,0,0,0,0,0,0,0,0,0,0,0,0,0,0,0,0,0,0,0,0,0,0,0,0,0,0,0,0,0,0,0,0,0,0,0,0,0,0,0,0,0,0,0,0,0,0,0,0,0,0,0,0,0,0,0,0,0,0,0,0,0,0,0,0,0,0,0,0,0,0,0,0,0,0,0,0,0,0,0,0,0,0,0,0,0,0,0,0,0,0,0,0,0,0,0,0,0,0,0,0,0,0,0,0,0,0,0,0,0,0,0,0,0,0,0,0,0,0,0,0,0,0,0,0,0,0,0,0
CED994,0,0,0,0,0,0,0,0,0,0,0,0,0,0,0,0,0,0,0,0,0,0,0,0,0,0,0,0,0,0,0,0,0,0,0,0,0,0,0,0,0,0,0,0,0,0,0,0,0,0,0,0,0,0,0,0,0,0,0,0,0,0,0,0,0,0,0,0,0,0,0,0,0,0,0,0,0,0,0,0,0,0,0,0,0,0,0,0,0,0,0,0,0,0,0,0,0,0,0,0,0,0,0,0,0,0,0,0,0,0,0,0,0,0,0,0,0,0,0,0,0,0,0,0,0,0,0,0,0,0,0,0,0,0,0,0,0,0,0,0,0,0,0,0,0,0,0,0,0,0,0,0,0,0,0,0,0,0,0,0,0,0,0,0,0,0,0,0,0,0,0,0,0,0,0,0,0,0,0,0,0,0,0,0,0,0,0,0,0,0,0,0,0,0,0,0,0,0,0,0
CED997,0,0,0,0,0,0,0,0,0,0,0,0,0,0,0,0,0,0,0,0,0,0,0,0,0,0,0,0,0,0,0,0,0,0,0,0,0,0,0,0,0,0,0,0,0,0,0,0,0,0,0,0,0,0,0,0,0,0,0,0,0,0,0,0,0,0,0,0,0,0,0,0,0,0,0,0,0,0,0,0,0,0,0,0,0,0,0,0,0,0,0,0,0,0,0,0,0,0,0,0,0,0,0,0,0,0,0,0,0,0,0,0,0,0,0,0,0,0,0,0,0,0,0,0,0,0,0,0,0,0,0,0,0,0,0,0,0,0,0,0,0,0,0,0,0,0,0,0,0,0,0,0,0,0,0,0,0,0,0,0,0,0,0,0,0,0,0,0,0,0,0,0,0,0,0,0,0,0,0,0,0,0,0,0,0,0,0,0,0,0,0,0,0,0,0,0,0,0,0,0
