region_id,Pre_school_M,Pre_school_F,Pre_school_P,Infants_Primary_Government_M,Infants_Primary_Government_F,Infants_Primary_Government_P,Infants_Primary_Catholic_M,Infants_Primary_Catholic_F,Infants_Primary_Catholic_P,Infnts_Primry_Othr_Non_Govt_M,Infnts_Primry_Othr_Non_Govt_F,Infnts_Primry_Othr_Non_Govt_P,Infants_Primary_Tot_M,Infants_Primary_Tot_F,Infants_Primary_Tot_P,Secondary_Government_M,Secondary_Government_F,Secondary_Government_P,Secondary_Catholic_M,Secondary_Catholic_F,Secondary_Catholic_P,Secondary_Other_Non_Govt_M,Secondary_Other_Non_Govt_F,Secondary_Other_Non_Govt_P,Secondary_Tot_M,Secondary_Tot_F,Secondary_Tot_P,Tec_Furt_Educ_inst_Ft_15_24_M,Tec_Furt_Educ_inst_Ft_15_24_F,Tec_Furt_Educ_inst_Ft_15_24_P,Tec_Furt_Educ_inst_Ft_25_ov_M,Tec_Furt_Educ_inst_Ft_25_ov_F,Tec_Furt_Educ_inst_Ft_25_ov_P,Tec_Furt_Educ_inst_Pt_15_24_M,Tec_Furt_Educ_inst_Pt_15_24_F,Tec_Furt_Educ_inst_Pt_15_24_P,Tec_Furt_Educ_inst_Pt_25_ov_M,Tec_Furt_Educ_inst_Pt_25_ov_F,Tec_Furt_Educ_inst_Pt_25_ov_P,Tec_Furt_Educ_inst_F_Pt_ns_M,Tec_Furt_Educ_inst_F_Pt_ns_F,Tec_Furt_Educ_inst_F_Pt_ns_P,Tec_Furt_Educ_inst_Tot_M,Tec_Furt_Educ_inst_Tot_F,Tec_Furt_Educ_inst_Tot_P,Uni_othr_Tert_Inst_Ft_15_24_M,Uni_othr_Tert_Inst_Ft_15_24_F,Uni_othr_Tert_Inst_Ft_15_24_P,Uni_othr_Tert_Inst_Ft_25_ov_M,Uni_othr_Tert_Inst_Ft_25_ov_F,Uni_othr_Tert_Inst_Ft_25_ov_P,Uni_othr_Tert_Inst_Pt_15_24_M,Uni_othr_Tert_Inst_Pt_15_24_F,Uni_othr_Tert_Inst_Pt_15_24_P,Uni_othr_Tert_Inst_Pt_25_ov_M,Uni_othr_Tert_Inst_Pt_25_ov_F,Uni_othr_Tert_Inst_Pt_25_ov_P,Uni_othr_Tert_Inst_F_Pt_ns_M,Uni_othr_Tert_Inst_F_Pt_ns_F,Uni_othr_Tert_Inst_F_Pt_ns_P,Uni_other_Tert_Instit_Tot_M,Uni_other_Tert_Instit_Tot_F,Uni_other_Tert_Instit_Tot_P,Othr_typ_educ_inst_Ft_stud_M,Othr_typ_educ_inst_Ft_stud_F,Othr_typ_educ_inst_Ft_stud_P,Othr_typ_educ_inst_Pt_stud_M,Othr_typ_educ_inst_Pt_stud_F,Othr_typ_educ_inst_Pt_stud_P,Oth_typ_ed_instit_F_Pt_ns_M,Oth_typ_ed_instit_F_Pt_ns_F,Oth_typ_ed_instit_F_Pt_ns_P,Other_type_educ_instit_Tot_M,Other_type_educ_instit_Tot_F,Other_type_educ_instit_Tot_P,Type_educanl_institution_ns_M,Type_educanl_institution_ns_F,Type_educanl_institution_ns_P,Tot_M,Tot_F,Tot_P
CED101,1185,1072,2257,4015,3523,7538,1121,1138,2259,462,513,975,5598,5174,10772,2996,3025,6021,1288,1031,2319,644,702,1346,4928,4758,9686,418,377,795,226,424,650,554,229,783,485,758,1243,33,15,48,1716,1803,3519,2352,2747,5099,670,705,1375,249,256,505,620,765,1385,33,48,81,3924,4521,8445,223,233,456,269,521,790,7,13,20,499,767,1266,4557,4620,9177,22407,22715,45122
CED102,1123,1046,2169,3268,2960,6228,1260,1244,2504,539,506,1045,5067,4710,9777,2211,2248,4459,1227,1171,2398,543,487,1030,3981,3906,7887,361,320,681,294,390,684,474,216,690,568,707,1275,30,19,49,1727,1652,3379,1843,1958,3801,753,619,1372,199,210,409,695,770,1465,42,39,81,3532,3596,7128,307,278,585,318,421,739,9,18,27,634,717,1351,5290,5083,10373,21354,20710,42064
CED103,1341,1143,2484,3716,3494,7210,1310,1308,2618,454,384,838,5480,5186,10666,2868,2595,5463,1335,1110,2445,615,657,1272,4818,4362,9180,318,278,596,248,447,695,418,212,630,574,842,1416,15,19,34,1573,1798,3371,3716,4294,8010,1077,1041,2118,314,347,661,966,1154,2120,42,49,91,6115,6885,13000,166,203,369,287,489,776,11,11,22,464,703,1167,3781,3738,7519,23572,23815,47387
CED104,1451,1328,2779,4285,4173,8458,958,920,1878,884,756,1640,6127,5849,11976,3319,3177,6496,1136,1098,2234,1392,1210,2602,5847,5485,11332,238,222,460,97,159,256,649,262,911,352,648,1000,19,14,33,1355,1305,2660,2178,2506,4684,329,409,738,267,278,545,717,1004,1721,19,15,34,3510,4212,7722,66,80,146,240,387,627,7,12,19,313,479,792,2210,2173,4383,20813,20831,41644
CED105,1378,1267,2645,4295,3822,8117,1729,1597,3326,962,941,1903,6986,6360,13346,3512,3440,6952,1495,1330,2825,630,599,1229,5637,5369,11006,600,548,1148,311,638,949,601,278,879,604,840,1444,62,38,100,2178,2342,4520,1757,2127,3884,438,497,935,207,264,471,408,491,899,29,34,63,2839,3413,6252,229,321,550,269,490,759,17,28,45,515,839,1354,7674,7045,14719,27207,26635,53842
CED106,1523,1363,2886,4369,4158,8527,917,887,1804,1617,1551,3168,6903,6596,13499,2306,2001,4307,937,1242,2179,2931,3112,6043,6174,6355,12529,199,191,390,141,254,395,300,205,505,368,727,1095,8,14,22,1016,1391,2407,2695,3021,5716,485,535,1020,295,300,595,892,1141,2033,22,27,49,4389,5024,9413,116,119,235,242,519,761,10,7,17,368,645,1013,3213,3384,6597,23586,24758,48344
CED107,1513,1369,2882,4258,3902,8160,1707,1624,3331,493,476,969,6458,6002,12460,3145,2904,6049,1402,1493,2895,726,780,1506,5273,5177,10450,202,263,465,96,229,325,774,435,1209,621,1034,1655,26,26,52,1719,1987,3706,801,1297,2098,162,272,434,118,227,345,461,915,1376,6,16,22,1548,2727,4275,42,64,106,147,307,454,4,12,16,193,383,576,6161,5020,11181,22865,22665,45530
CED108,1265,1160,2425,4155,3847,8002,793,740,1533,756,716,1472,5704,5303,11007,3085,2911,5996,558,611,1169,764,793,1557,4407,4315,8722,228,222,450,89,192,281,717,364,1081,516,685,1201,19,15,34,1569,1478,3047,899,1165,2064,302,439,741,161,213,374,480,800,1280,7,12,19,1849,2629,4478,66,91,157,179,337,516,4,6,10,249,434,683,3297,3371,6668,18340,18690,37030
CED109,1559,1381,2940,5557,4995,10552,1967,1831,3798,764,755,1519,8288,7581,15869,3976,3865,7841,2066,2006,4072,643,632,1275,6685,6503,13188,554,524,1078,307,562,869,724,405,1129,696,1049,1745,39,31,70,2320,2571,4891,1295,1657,2952,342,462,804,215,240,455,465,632,1097,18,30,48,2335,3021,5356,200,236,436,282,448,730,19,17,36,501,701,1202,6336,6161,12497,28024,27919,55943
CED110,1459,1352,2811,3951,3787,7738,1228,1179,2407,281,274,555,5460,5240,10700,2725,2678,5403,976,1009,1985,413,431,844,4114,4118,8232,203,230,433,94,191,285,730,327,1057,494,738,1232,14,21,35,1535,1507,3042,1232,1632,2864,241,385,626,215,278,493,623,891,1514,18,15,33,2329,3201,5530,68,86,154,247,430,677,3,9,12,318,525,843,3670,3743,7413,18885,19686,38571
CED111,1279,1217,2496,3830,3688,7518,1077,991,2068,707,622,1329,5614,5301,10915,3285,3258,6543,704,729,1433,755,733,1488,4744,4720,9464,210,282,492,170,360,530,574,389,963,593,1190,1783,21,21,42,1568,2242,3810,321,586,907,173,348,521,56,115,171,280,635,915,3,7,10,833,1691,2524,56,118,174,151,363,514,3,12,15,210,493,703,4798,4548,9346,19046,20212,39258
CED112,1501,1493,2994,4225,3856,8081,1130,1160,2290,516,463,979,5871,5479,11350,2856,2751,5607,1305,1340,2645,530,473,1003,4691,4564,9255,297,314,611,195,300,495,774,360,1134,558,806,1364,20,18,38,1844,1798,3642,3064,3166,6230,1188,912,2100,271,280,551,721,1054,1775,22,27,49,5266,5439,10705,106,106,212,214,409,623,3,10,13,323,525,848,4215,4014,8229,23711,23312,47023
CED113,1662,1518,3180,4475,4370,8845,1018,1007,2025,602,550,1152,6095,5927,12022,3562,3375,6937,871,939,1810,536,603,1139,4969,4917,9886,211,247,458,89,235,324,672,345,1017,463,801,1264,16,27,43,1451,1655,3106,710,978,1688,222,433,655,151,193,344,360,787,1147,10,12,22,1453,2403,3856,52,93,145,187,435,622,5,8,13,244,536,780,4438,4683,9121,20312,21639,41951
CED114,1129,1045,2174,3861,3760,7621,1018,932,1950,491,491,982,5370,5183,10553,2983,2909,5892,1107,1129,2236,492,491,983,4582,4529,9111,162,176,338,70,134,204,632,364,996,608,1074,1682,27,12,39,1499,1760,3259,315,476,791,185,286,471,77,121,198,496,988,1484,5,9,14,1078,1880,2958,73,70,143,176,421,597,7,7,14,256,498,754,5054,4527,9581,18968,19422,38390
CED115,1224,1164,2388,3798,3718,7516,1170,1042,2212,543,569,1112,5511,5329,10840,3299,3206,6505,564,636,1200,604,615,1219,4467,4457,8924,231,272,503,131,241,372,638,444,1082,603,1119,1722,23,25,48,1626,2101,3727,341,921,1262,122,275,397,82,132,214,285,640,925,5,8,13,835,1976,2811,76,75,151,140,304,444,4,12,16,220,391,611,5051,4822,9873,18934,20240,39174
CED116,1144,1088,2232,4770,4333,9103,1265,1246,2511,536,535,1071,6571,6114,12685,4557,4281,8838,1142,1197,2339,455,458,913,6154,5936,12090,602,557,1159,232,567,799,568,275,843,530,771,1301,33,40,73,1965,2210,4175,1702,2182,3884,266,387,653,189,246,435,262,406,668,22,26,48,2441,3247,5688,198,329,527,208,462,670,22,21,43,428,812,1240,6288,6213,12501,24991,25620,50611
CED117,1396,1237,2633,4206,4007,8213,663,586,1249,523,486,1009,5392,5079,10471,3236,3224,6460,684,734,1418,581,595,1176,4501,4553,9054,216,195,411,77,194,271,657,378,1035,513,851,1364,24,29,53,1487,1647,3134,470,665,1135,134,333,467,87,117,204,311,708,1019,9,9,18,1011,1832,2843,58,82,140,155,361,516,7,4,11,220,447,667,4969,4518,9487,18976,19313,38289
CED118,1109,982,2091,3071,2882,5953,963,873,1836,343,329,672,4377,4084,8461,1606,1612,3218,809,844,1653,610,438,1048,3025,2894,5919,323,336,659,324,459,783,316,237,553,672,918,1590,24,18,42,1659,1968,3627,2018,2376,4394,1154,1266,2420,236,314,550,1336,2062,3398,31,24,55,4775,6042,10817,297,264,561,358,603,961,17,11,28,672,878,1550,5828,5241,11069,21445,22089,43534
CED119,1815,1598,3413,5275,4860,10135,1706,1696,3402,573,502,1075,7554,7058,14612,3380,3146,6526,1435,1545,2980,565,501,1066,5380,5192,10572,387,370,757,227,401,628,616,300,916,696,1034,1730,31,18,49,1957,2123,4080,1487,1806,3293,329,501,830,232,280,512,748,1021,1769,32,25,57,2828,3633,6461,230,289,519,316,520,836,9,17,26,555,826,1381,4726,3996,8722,24815,24426,49241
CED120,1508,1401,2909,4362,4105,8467,1582,1603,3185,499,476,975,6443,6184,12627,3233,3173,6406,1448,1387,2835,670,619,1289,5351,5179,10530,293,296,589,141,233,374,895,336,1231,562,712,1274,25,23,48,1916,1600,3516,1580,1996,3576,243,351,594,262,255,517,580,787,1367,18,18,36,2683,3407,6090,108,119,227,220,404,624,6,8,14,334,531,865,3775,3827,7602,22010,22129,44139
CED121,1492,1370,2862,4479,4150,8629,1446,1432,2878,484,464,948,6409,6046,12455,3282,3240,6522,1194,1164,2358,497,470,967,4973,4874,9847,172,236,408,81,185,266,778,459,1237,499,979,1478,25,22,47,1555,1881,3436,390,622,1012,130,238,368,72,130,202,340,745,1085,6,9,15,938,1744,2682,89,93,182,156,326,482,6,0,6,251,419,670,5078,4475,9553,20696,20809,41505
CED122,1524,1384,2908,4561,4241,8802,1224,1249,2473,608,519,1127,6393,6009,12402,3105,3185,6290,1014,1183,2197,489,501,990,4608,4869,9477,176,205,381,77,151,228,901,497,1398,553,831,1384,23,21,44,1730,1705,3435,344,605,949,71,269,340,98,184,282,336,590,926,9,3,12,858,1651,2509,58,74,132,154,347,501,8,9,17,220,430,650,5315,4454,9769,20648,20502,41150
CED123,1237,1099,2336,2597,2441,5038,1620,1496,3116,788,696,1484,5005,4633,9638,1381,1372,2753,1490,1462,2952,747,798,1545,3618,3632,7250,330,285,615,263,346,609,416,215,631,560,817,1377,25,23,48,1594,1686,3280,4870,4911,9781,1572,1320,2892,261,290,551,1022,1258,2280,39,42,81,7764,7821,15585,262,283,545,318,568,886,9,8,17,589,859,1448,7860,6340,14200,27667,26070,53737
CED124,1633,1488,3121,4619,4304,8923,1452,1491,2943,778,669,1447,6849,6464,13313,2798,2813,5611,1653,1687,3340,691,653,1344,5142,5153,10295,306,388,694,152,330,482,836,485,1321,593,884,1477,27,27,54,1914,2114,4028,857,1282,2139,278,406,684,151,251,402,431,751,1182,13,8,21,1730,2698,4428,81,140,221,210,449,659,6,11,17,297,600,897,5113,4982,10095,22678,23499,46177
CED125,1189,1098,2287,3418,3303,6721,1158,1101,2259,489,454,943,5065,4858,9923,2726,2586,5312,1209,1292,2501,390,427,817,4325,4305,8630,201,245,446,122,331,453,492,287,779,470,786,1256,18,16,34,1303,1665,2968,145,353,498,92,222,314,45,97,142,260,598,858,6,5,11,548,1275,1823,49,84,133,137,317,454,6,11,17,192,412,604,4038,4091,8129,16660,17704,34364
CED126,1651,1478,3129,4661,4549,9210,1294,1257,2551,849,840,1689,6804,6646,13450,3131,3328,6459,1488,1490,2978,687,657,1344,5306,5475,10781,319,308,627,91,205,296,847,383,1230,501,693,1194,26,20,46,1784,1609,3393,917,1301,2218,178,372,550,177,255,432,442,761,1203,12,25,37,1726,2714,4440,83,109,192,181,423,604,4,10,14,268,542,810,4481,4336,8817,22020,22800,44820
CED127,1555,1495,3050,4433,4006,8439,928,865,1793,1002,903,1905,6363,5774,12137,2368,2315,4683,1216,1155,2371,1212,1019,2231,4796,4489,9285,244,229,473,111,174,285,642,280,922,514,759,1273,11,15,26,1522,1457,2979,1174,1489,2663,230,307,537,157,200,357,558,869,1427,11,24,35,2130,2889,5019,98,117,215,258,503,761,5,14,19,361,634,995,3720,3702,7422,20447,20440,40887
CED128,1477,1337,2814,4356,4064,8420,974,988,1962,880,830,1710,6210,5882,12092,2971,2834,5805,1085,1077,2162,994,1024,2018,5050,4935,9985,286,358,644,145,283,428,879,414,1293,586,963,1549,21,17,38,1917,2035,3952,858,1227,2085,266,470,736,127,186,313,591,1098,1689,18,14,32,1860,2995,4855,84,94,178,216,459,675,3,5,8,303,558,861,4337,4192,8529,21154,21934,43088
CED129,1167,1114,2281,3739,3537,7276,1702,1715,3417,383,381,764,5824,5633,11457,3578,3512,7090,1528,1685,3213,332,341,673,5438,5538,10976,466,439,905,221,417,638,795,306,1101,527,682,1209,39,28,67,2048,1872,3920,1583,1986,3569,268,305,573,217,275,492,348,518,866,19,36,55,2435,3120,5555,236,305,541,223,407,630,20,17,37,479,729,1208,4507,4595,9102,21898,22601,44499
CED130,1717,1561,3278,4622,4348,8970,1640,1578,3218,812,744,1556,7074,6670,13744,2752,2667,5419,1690,1588,3278,1060,1016,2076,5502,5271,10773,279,228,507,103,263,366,580,262,842,416,682,1098,14,15,29,1392,1450,2842,1941,2234,4175,296,398,694,276,301,577,734,906,1640,26,25,51,3273,3864,7137,133,177,310,209,434,643,4,8,12,346,619,965,2654,2773,5427,21958,22208,44166
CED131,1460,1358,2818,4436,4152,8588,1287,1225,2512,657,655,1312,6380,6032,12412,3616,3250,6866,731,906,1637,804,888,1692,5151,5044,10195,213,258,471,146,326,472,594,376,970,588,1128,1716,22,20,42,1563,2108,3671,881,1394,2275,342,412,754,118,207,325,455,859,1314,9,18,27,1805,2890,4695,70,63,133,123,316,439,4,4,8,197,383,580,5214,5114,10328,21770,22929,44699
CED132,1204,1059,2263,3300,3121,6421,975,970,1945,412,364,776,4687,4455,9142,2274,2102,4376,739,753,1492,425,446,871,3438,3301,6739,259,287,546,170,253,423,553,328,881,603,788,1391,19,19,38,1604,1675,3279,2354,2899,5253,944,963,1907,272,356,628,863,1260,2123,13,20,33,4446,5498,9944,81,113,194,182,338,520,6,5,11,269,456,725,4509,4184,8693,20157,20628,40785
CED133,1431,1334,2765,3396,3176,6572,1075,934,2009,729,714,1443,5200,4824,10024,1126,1372,2498,1986,1106,3092,1377,1257,2634,4489,3735,8224,194,212,406,167,325,492,228,156,384,454,850,1304,11,12,23,1054,1555,2609,2132,2486,4618,661,880,1541,280,304,584,1351,1605,2956,22,45,67,4446,5320,9766,155,186,341,373,638,1011,7,14,21,535,838,1373,4456,4506,8962,21611,22112,43723
CED134,1228,1103,2331,3588,3453,7041,1299,1239,2538,479,463,942,5366,5155,10521,3037,3035,6072,1102,1233,2335,348,311,659,4487,4579,9066,153,240,393,138,349,487,495,341,836,544,964,1508,26,22,48,1356,1916,3272,544,791,1335,286,467,753,100,158,258,357,762,1119,3,9,12,1290,2187,3477,66,85,151,168,321,489,11,7,18,245,413,658,4329,4176,8505,18301,19529,37830
CED135,1624,1475,3099,4507,4274,8781,1958,1930,3888,387,356,743,6852,6560,13412,3684,3518,7202,696,700,1396,358,457,815,4738,4675,9413,164,221,385,91,234,325,637,429,1066,566,1214,1780,27,27,54,1485,2125,3610,165,490,655,62,207,269,71,164,235,331,653,984,4,12,16,633,1526,2159,58,62,120,133,331,464,11,10,21,202,403,605,6811,5861,12672,22345,22625,44970
CED136,1305,1186,2491,4066,3591,7657,1415,1439,2854,344,327,671,5825,5357,11182,2881,2708,5589,1323,1353,2676,691,430,1121,4895,4491,9386,461,419,880,377,639,1016,506,294,800,751,1025,1776,33,26,59,2128,2403,4531,2330,2436,4766,1017,964,1981,294,289,583,1009,1011,2020,45,41,86,4695,4741,9436,411,481,892,458,657,1115,19,25,44,888,1163,2051,7384,6526,13910,27120,25867,52987
CED137,1262,1213,2475,4076,3769,7845,755,759,1514,547,467,1014,5378,4995,10373,2992,3067,6059,542,612,1154,537,503,1040,4071,4182,8253,206,242,448,81,218,299,591,294,885,416,727,1143,19,11,30,1313,1492,2805,422,660,1082,119,272,391,91,157,248,304,596,900,7,7,14,943,1692,2635,52,74,126,126,344,470,7,5,12,185,423,608,4369,4404,8773,17521,18401,35922
CED138,1219,1134,2353,3252,3142,6394,1362,1327,2689,723,678,1401,5337,5147,10484,2533,2445,4978,1336,1328,2664,807,927,1734,4676,4700,9376,566,452,1018,449,569,1018,417,213,630,624,899,1523,32,30,62,2088,2163,4251,2975,3196,6171,1276,1023,2299,352,339,691,1086,1180,2266,50,35,85,5739,5773,11512,570,493,1063,426,716,1142,21,29,50,1017,1238,2255,8604,6525,15129,28680,26680,55360
CED139,1146,1051,2197,3801,3508,7309,1044,1093,2137,698,758,1456,5543,5359,10902,2870,2691,5561,1158,1198,2356,512,577,1089,4540,4466,9006,184,197,381,162,351,513,403,253,656,495,985,1480,25,9,34,1269,1795,3064,470,721,1191,287,565,852,71,97,168,371,909,1280,3,11,14,1202,2303,3505,80,137,217,196,431,627,6,4,10,282,572,854,4588,4682,9270,18570,20228,38798
CED140,1463,1414,2877,4416,4198,8614,1923,1741,3664,403,368,771,6742,6307,13049,3286,3191,6477,1326,1476,2802,463,452,915,5075,5119,10194,395,269,664,162,265,427,835,452,1287,667,1135,1802,25,21,46,2084,2142,4226,697,1475,2172,206,336,542,120,202,322,461,803,1264,19,8,27,1503,2824,4327,142,89,231,149,307,456,10,6,16,301,402,703,5548,4638,10186,22716,22846,45562
CED141,1345,1264,2609,3911,3672,7583,723,748,1471,660,637,1297,5294,5057,10351,3087,3151,6238,694,582,1276,675,695,1370,4456,4428,8884,204,206,410,85,202,287,646,343,989,454,756,1210,7,17,24,1396,1524,2920,762,1147,1909,265,485,750,168,197,365,483,927,1410,4,9,13,1682,2765,4447,89,104,193,194,442,636,5,8,13,288,554,842,4671,4962,9633,19132,20554,39686
CED142,1229,1208,2437,4106,3893,7999,827,732,1559,386,376,762,5319,5001,10320,3204,3194,6398,696,652,1348,458,445,903,4358,4291,8649,169,254,423,62,195,257,669,332,1001,413,661,1074,21,17,38,1334,1459,2793,723,1010,1733,187,364,551,130,203,333,354,662,1016,13,8,21,1407,2247,3654,43,76,119,161,291,452,4,6,10,208,373,581,3520,3779,7299,17375,18358,35733
CED143,741,707,1448,1630,1618,3248,472,501,973,403,360,763,2505,2479,4984,766,701,1467,372,562,934,533,490,1023,1671,1753,3424,578,583,1161,656,868,1524,255,209,464,817,997,1814,19,24,43,2325,2681,5006,4338,5432,9770,2253,2129,4382,371,420,791,2007,2259,4266,40,36,76,9009,10276,19285,829,1076,1905,683,876,1559,26,21,47,1538,1973,3511,11584,9351,20935,29373,29220,58593
CED144,1424,1347,2771,3994,3855,7849,1056,1081,2137,568,467,1035,5618,5403,11021,3137,2983,6120,1040,1099,2139,535,749,1284,4712,4831,9543,240,286,526,100,275,375,730,399,1129,468,813,1281,21,18,39,1559,1791,3350,551,789,1340,163,293,456,129,143,272,316,609,925,3,5,8,1162,1839,3001,67,91,158,149,381,530,7,9,16,223,481,704,3968,4129,8097,18666,19821,38487
CED145,1659,1537,3196,3788,3736,7524,898,958,1856,1044,860,1904,5730,5554,11284,1480,1561,3041,1231,1082,2313,1400,1329,2729,4111,3972,8083,190,160,350,155,248,403,345,210,555,530,774,1304,18,8,26,1238,1400,2638,1506,1715,3221,451,597,1048,237,232,469,1030,1394,2424,12,16,28,3236,3954,7190,125,166,291,323,638,961,10,15,25,458,819,1277,4936,4888,9824,21368,22124,43492
CED146,1291,1180,2471,3767,3446,7213,1754,1605,3359,1038,1023,2061,6559,6074,12633,3016,2966,5982,1646,1497,3143,909,880,1789,5571,5343,10914,618,458,1076,460,621,1081,511,245,756,571,810,1381,42,37,79,2202,2171,4373,2441,2696,5137,1037,758,1795,240,243,483,656,720,1376,43,48,91,4417,4465,8882,448,401,849,385,613,998,22,23,45,855,1037,1892,7238,6716,13954,28133,26986,55119
CED147,1179,1204,2383,1760,1654,3414,569,613,1182,1679,1578,3257,4008,3845,7853,517,457,974,520,716,1236,2080,2064,4144,3117,3237,6354,172,175,347,233,303,536,212,158,370,551,623,1174,12,10,22,1180,1269,2449,1568,1917,3485,761,951,1712,237,314,551,1411,1785,3196,30,35,65,4007,5002,9009,194,287,481,421,650,1071,12,12,24,627,949,1576,9719,9057,18776,23837,24563,48400
CED148,1407,1284,2691,4831,4481,9312,1301,1310,2611,946,937,1883,7078,6728,13806,3631,3549,7180,1525,1442,2967,733,733,1466,5889,5724,11613,449,445,894,204,467,671,697,324,1021,568,780,1348,31,33,64,1949,2049,3998,1323,1696,3019,277,418,695,196,264,460,445,612,1057,17,22,39,2258,3012,5270,130,172,302,196,417,613,14,18,32,340,607,947,5710,5951,11661,24631,25355,49986
CED194,36,39,75,157,140,297,20,13,33,19,21,40,196,174,370,119,121,240,16,14,30,17,13,30,152,148,300,42,33,75,27,31,58,28,33,61,34,73,107,3,3,6,134,173,307,95,136,231,57,63,120,13,13,26,44,63,107,0,4,4,209,279,488,27,34,61,23,34,57,5,0,5,55,68,123,1956,864,2820,2738,1745,4483
CED197,0,0,0,3,0,3,0,0,0,0,0,0,3,0,3,0,0,0,0,0,0,0,0,0,0,0,0,0,0,0,0,0,0,0,0,0,0,0,0,0,0,0,0,0,0,0,0,0,3,0,3,0,0,0,0,0,0,0,0,0,3,0,3,0,0,0,0,0,0,0,0,0,0,0,0,7,4,11,13,4,17
CED201,1125,958,2083,3966,3721,7687,1064,1088,2152,489,457,946,5519,5266,10785,3050,3113,6163,1266,1160,2426,852,875,1727,5168,5148,10316,445,419,864,123,187,310,557,276,833,323,537,860,18,12,30,1466,1431,2897,1708,2012,3720,226,344,570,163,214,377,425,590,1015,26,22,48,2548,3182,5730,113,123,236,247,534,781,9,10,19,369,667,1036,2655,2703,5358,18850,19355,38205
CED202,1271,1193,2464,3897,3648,7545,1467,1457,2924,596,581,1177,5960,5686,11646,2442,2549,4991,1558,1360,2918,1035,1084,2119,5035,4993,10028,258,276,534,106,167,273,454,230,684,402,592,994,15,8,23,1235,1273,2508,1405,2004,3409,386,601,987,113,153,266,485,935,1420,18,11,29,2407,3704,6111,145,172,317,261,534,795,14,10,24,420,716,1136,4514,4628,9142,20842,22193,43035
CED203,1178,1048,2226,2838,2619,5457,1230,1203,2433,297,345,642,4365,4167,8532,1836,1681,3517,852,970,1822,368,409,777,3056,3060,6116,453,410,863,341,414,755,281,155,436,509,570,1079,24,21,45,1608,1570,3178,2189,2909,5098,1227,1393,2620,145,214,359,807,1313,2120,25,27,52,4393,5856,10249,294,309,603,308,574,882,20,19,39,622,902,1524,5356,4936,10292,20578,21539,42117
CED204,1141,1054,2195,3930,3563,7493,1329,1326,2655,452,431,883,5711,5320,11031,2911,2938,5849,978,1044,2022,694,762,1456,4583,4744,9327,341,325,666,113,199,312,486,300,786,448,809,1257,19,18,37,1407,1651,3058,917,1563,2480,243,458,701,59,151,210,376,777,1153,10,12,22,1605,2961,4566,122,178,300,253,525,778,14,14,28,389,717,1106,4796,4552,9348,19632,20999,40631
CED205,932,940,1872,3278,2938,6216,991,1020,2011,370,363,733,4639,4321,8960,2932,2619,5551,822,834,1656,717,645,1362,4471,4098,8569,680,482,1162,420,457,877,326,172,498,443,522,965,27,24,51,1896,1657,3553,2217,2220,4437,591,552,1143,157,197,354,494,558,1052,34,31,65,3493,3558,7051,381,393,774,374,611,985,17,22,39,772,1026,1798,4649,4382,9031,20852,19982,40834
CED206,1355,1352,2707,4958,4660,9618,1785,1701,3486,914,969,1883,7657,7330,14987,3765,3825,7590,1498,1612,3110,1163,1207,2370,6426,6644,13070,734,667,1401,288,399,687,636,347,983,443,639,1082,30,25,55,2131,2077,4208,1368,1933,3301,290,430,720,127,246,373,339,576,915,20,25,45,2144,3210,5354,299,387,686,362,676,1038,31,21,52,692,1084,1776,6473,6479,12952,26878,28176,55054
CED207,1327,1255,2582,4214,3965,8179,744,864,1608,715,716,1431,5673,5545,11218,2904,2798,5702,919,900,1819,1037,1073,2110,4860,4771,9631,403,431,834,108,185,293,823,343,1166,476,587,1063,26,10,36,1836,1556,3392,941,1286,2227,173,339,512,111,200,311,382,719,1101,5,5,10,1612,2549,4161,106,155,261,232,572,804,12,15,27,350,742,1092,3094,3199,6293,18752,19617,38369
CED208,1184,1053,2237,3299,2955,6254,951,1007,1958,446,566,1012,4696,4528,9224,2331,2081,4412,842,950,1792,1043,1189,2232,4216,4220,8436,726,519,1245,417,473,890,317,144,461,394,559,953,16,15,31,1870,1710,3580,5161,5543,10704,1419,1201,2620,271,272,543,684,916,1600,41,36,77,7576,7968,15544,262,253,515,315,582,897,10,7,17,587,842,1429,4021,3614,7635,24150,23935,48085
CED209,1303,1147,2450,4309,4019,8328,1162,1162,2324,581,597,1178,6052,5778,11830,2600,2310,4910,1231,1459,2690,1085,902,1987,4916,4671,9587,292,292,584,108,175,283,526,246,772,528,760,1288,7,10,17,1461,1483,2944,1270,1544,2814,300,499,799,93,150,243,398,759,1157,10,11,21,2071,2963,5034,108,115,223,260,525,785,15,6,21,383,646,1029,3789,3723,7512,19975,20411,40386
CED210,1118,1023,2141,3510,3173,6683,1163,1129,2292,572,540,1112,5245,4842,10087,2521,2340,4861,910,1249,2159,1000,930,1930,4431,4519,8950,334,380,714,126,261,387,467,327,794,505,691,1196,19,19,38,1451,1678,3129,859,1253,2112,259,426,685,106,161,267,347,682,1029,8,14,22,1579,2536,4115,196,199,395,271,582,853,11,9,20,478,790,1268,4820,4178,8998,19122,19566,38688
CED211,1322,1247,2569,3790,3184,6974,879,841,1720,381,458,839,5050,4483,9533,2363,2331,4694,711,680,1391,647,713,1360,3721,3724,7445,408,353,761,194,261,455,395,159,554,431,519,950,15,8,23,1443,1300,2743,1594,1834,3428,496,528,1024,125,204,329,597,903,1500,18,15,33,2830,3484,6314,167,189,356,287,567,854,6,12,18,460,768,1228,3067,3297,6364,17893,18303,36196
CED212,1346,1173,2519,4275,3881,8156,734,696,1430,596,629,1225,5605,5206,10811,2837,2795,5632,659,649,1308,929,1092,2021,4425,4536,8961,356,376,732,148,209,357,658,285,943,479,767,1246,13,12,25,1654,1649,3303,777,1147,1924,207,331,538,83,182,265,358,705,1063,10,10,20,1435,2375,3810,141,147,288,239,585,824,15,10,25,395,742,1137,4460,5020,9480,19320,20701,40021
CED213,1219,1151,2370,4446,4094,8540,697,695,1392,597,618,1215,5740,5407,11147,2725,2518,5243,775,764,1539,939,1053,1992,4439,4335,8774,286,274,560,74,172,246,702,291,993,425,704,1129,24,13,37,1511,1454,2965,432,709,1141,92,245,337,46,116,162,233,539,772,12,7,19,815,1616,2431,182,123,305,197,492,689,6,14,20,385,629,1014,4776,5145,9921,18885,19737,38622
CED214,1168,1152,2320,3282,3044,6326,1300,1333,2633,341,320,661,4923,4697,9620,2291,1985,4276,1195,1216,2411,484,506,990,3970,3707,7677,528,449,977,344,359,703,332,158,490,492,591,1083,30,18,48,1726,1575,3301,1966,2199,4165,839,821,1660,186,215,401,865,1253,2118,29,23,52,3885,4511,8396,341,357,698,416,683,1099,12,20,32,769,1060,1829,6532,5568,12100,22973,22270,45243
CED215,1091,1029,2120,3807,3541,7348,1296,1245,2541,418,450,868,5521,5236,10757,2754,2580,5334,1328,1345,2673,584,596,1180,4666,4521,9187,236,331,567,98,259,357,542,420,962,391,808,1199,23,16,39,1290,1834,3124,371,661,1032,133,270,403,75,135,210,292,617,909,6,4,10,877,1687,2564,126,121,247,177,384,561,9,18,27,312,523,835,5499,4636,10135,19256,19466,38722
CED216,1396,1329,2725,3596,3294,6890,1261,1247,2508,1252,1230,2482,6109,5771,11880,1654,1440,3094,824,999,1823,2211,2013,4224,4689,4452,9141,353,269,622,135,198,333,279,118,397,280,431,711,12,13,25,1059,1029,2088,2101,2299,4400,404,488,892,199,217,416,575,917,1492,16,18,34,3295,3939,7234,129,111,240,244,470,714,9,8,17,382,589,971,3616,3817,7433,20546,20926,41472
CED217,1751,1613,3364,5043,4754,9797,2319,2392,4711,963,948,1911,8325,8094,16419,4134,3835,7969,1519,1749,3268,1065,1040,2105,6718,6624,13342,695,611,1306,318,392,710,587,248,835,439,587,1026,37,28,65,2076,1866,3942,1899,2381,4280,433,555,988,216,304,520,478,753,1231,26,33,59,3052,4026,7078,327,433,760,443,863,1306,22,29,51,792,1325,2117,8075,7423,15498,30789,30971,61760
CED218,1145,1102,2247,2403,2332,4735,866,797,1663,1090,1149,2239,4359,4278,8637,729,691,1420,871,756,1627,1868,1971,3839,3468,3418,6886,367,300,667,208,243,451,181,105,286,323,436,759,13,8,21,1092,1092,2184,2889,3327,6216,901,945,1846,253,317,570,937,1332,2269,31,34,65,5011,5955,10966,128,179,307,267,492,759,17,21,38,412,692,1104,4501,4327,8828,19988,20864,40852
CED219,1844,1685,3529,6557,6153,12710,1595,1631,3226,926,903,1829,9078,8687,17765,5094,4653,9747,1489,1495,2984,974,1072,2046,7557,7220,14777,729,697,1426,254,452,706,796,438,1234,745,985,1730,41,32,73,2565,2604,5169,1387,1736,3123,330,439,769,142,245,387,456,696,1152,31,22,53,2346,3138,5484,265,358,623,396,897,1293,20,26,46,681,1281,1962,6120,5962,12082,30191,30577,60768
CED220,1211,1047,2258,3064,2829,5893,1400,1312,2712,381,381,762,4845,4522,9367,2433,1953,4386,1142,1262,2404,519,559,1078,4094,3774,7868,591,409,1000,330,363,693,371,156,527,359,503,862,27,16,43,1678,1447,3125,1868,2080,3948,546,611,1157,154,196,350,467,661,1128,25,27,52,3060,3575,6635,266,241,507,311,563,874,12,22,34,589,826,1415,4135,3973,8108,19612,19164,38776
CED221,1131,1036,2167,3434,3294,6728,1382,1413,2795,427,463,890,5243,5170,10413,2811,2670,5481,1277,1302,2579,478,570,1048,4566,4542,9108,349,281,630,140,229,369,567,361,928,528,1034,1562,22,11,33,1606,1916,3522,263,578,841,100,238,338,57,115,172,305,624,929,7,7,14,732,1562,2294,225,103,328,161,402,563,8,7,15,394,512,906,3816,3586,7402,17488,18324,35812
CED222,1505,1288,2793,4041,3859,7900,1560,1492,3052,546,582,1128,6147,5933,12080,3112,2956,6068,1174,1290,2464,841,796,1637,5127,5042,10169,468,419,887,216,294,510,585,252,837,495,675,1170,32,31,63,1796,1671,3467,1303,1636,2939,295,424,719,141,203,344,478,799,1277,17,18,35,2234,3080,5314,222,261,483,318,688,1006,18,18,36,558,967,1525,5277,5242,10519,22644,23223,45867
CED223,1276,1178,2454,3497,3205,6702,1181,1190,2371,418,450,868,5096,4845,9941,2536,2180,4716,944,1065,2009,848,971,1819,4328,4216,8544,388,306,694,167,176,343,505,172,677,406,473,879,26,10,36,1492,1137,2629,1743,2063,3806,482,600,1082,165,232,397,618,1045,1663,25,15,40,3033,3955,6988,177,147,324,254,576,830,8,13,21,439,736,1175,3105,3277,6382,18769,19344,38113
CED224,1148,1101,2249,3084,2712,5796,1108,1008,2116,938,1143,2081,5130,4863,9993,1685,1613,3298,1080,823,1903,2382,2498,4880,5147,4934,10081,376,306,682,166,208,374,193,113,306,259,396,655,10,12,22,1004,1035,2039,3593,3630,7223,905,878,1783,271,319,590,797,1187,1984,24,30,54,5590,6044,11634,128,154,282,244,489,733,0,13,13,372,656,1028,3370,3364,6734,21761,21997,43758
CED225,1494,1384,2878,4719,4340,9059,1012,990,2002,1049,978,2027,6780,6308,13088,3038,2902,5940,1057,1135,2192,1386,1514,2900,5481,5551,11032,456,458,914,119,196,315,748,346,1094,507,722,1229,19,13,32,1849,1735,3584,1045,1506,2551,221,415,636,114,192,306,464,855,1319,15,15,30,1859,2983,4842,135,163,298,255,708,963,10,12,22,400,883,1283,3942,3900,7842,21805,22744,44549
CED226,2000,1881,3881,6495,5915,12410,2298,2384,4682,1107,1125,2232,9900,9424,19324,4358,4128,8486,1840,2141,3981,1039,979,2018,7237,7248,14485,587,549,1136,316,377,693,768,388,1156,602,852,1454,45,18,63,2318,2184,4502,1415,1910,3325,495,729,1224,179,317,496,719,1171,1890,24,30,54,2832,4157,6989,471,546,1017,525,1246,1771,19,31,50,1015,1823,2838,8412,7581,15993,33714,34298,68012
CED227,1081,972,2053,3988,3727,7715,1008,992,2000,397,387,784,5393,5106,10499,3742,3575,7317,685,823,1508,164,161,325,4591,4559,9150,179,232,411,84,166,250,399,286,685,380,535,915,13,13,26,1055,1232,2287,176,442,618,67,212,279,54,114,168,212,476,688,3,9,12,512,1253,1765,110,118,228,183,303,486,6,4,10,299,425,724,4504,4554,9058,17435,18101,35536
CED228,908,897,1805,2052,1800,3852,1944,1900,3844,403,506,909,4399,4206,8605,1942,1687,3629,1258,1440,2698,599,608,1207,3799,3735,7534,497,403,900,318,328,646,332,170,502,340,430,770,27,18,45,1514,1349,2863,1565,1925,3490,506,552,1058,171,178,349,459,701,1160,19,17,36,2720,3373,6093,335,348,683,325,542,867,17,24,41,677,914,1591,4993,4931,9924,19010,19405,38415
CED229,1959,1800,3759,6228,5825,12053,1968,1820,3788,756,677,1433,8952,8322,17274,4024,4029,8053,1594,1638,3232,1069,1173,2242,6687,6840,13527,435,440,875,112,212,324,876,365,1241,539,852,1391,22,22,44,1984,1891,3875,947,1397,2344,206,422,628,106,218,324,517,1017,1534,7,17,24,1783,3071,4854,197,214,411,316,824,1140,15,12,27,528,1050,1578,5246,5147,10393,27139,28121,55260
CED230,1293,1193,2486,4288,4121,8409,1026,1044,2070,534,613,1147,5848,5778,11626,2945,3001,5946,789,903,1692,783,885,1668,4517,4789,9306,246,353,599,80,219,299,602,435,1037,426,787,1213,24,13,37,1378,1807,3185,342,665,1007,103,274,377,58,135,193,226,583,809,4,7,11,733,1664,2397,136,157,293,194,491,685,7,13,20,337,661,998,4148,4255,8403,18254,20147,38401
CED231,855,841,1696,2220,1996,4216,652,696,1348,318,396,714,3190,3088,6278,1406,1362,2768,481,524,1005,548,663,1211,2435,2549,4984,824,812,1636,547,717,1264,236,180,416,601,709,1310,18,14,32,2226,2432,4658,7281,8932,16213,2498,2818,5316,316,472,788,1782,2614,4396,53,53,106,11930,14889,26819,393,619,1012,528,891,1419,13,12,25,934,1522,2456,9804,8508,18312,31374,33829,65203
CED232,1103,1080,2183,1797,1720,3517,413,407,820,1350,1311,2661,3560,3438,6998,610,555,1165,383,440,823,1671,1641,3312,2664,2636,5300,323,335,658,273,286,559,137,136,273,499,629,1128,12,13,25,1244,1399,2643,2472,2960,5432,1035,1195,2230,220,295,515,1313,1921,3234,27,21,48,5067,6392,11459,283,266,549,376,700,1076,8,14,22,667,980,1647,7143,6268,13411,21448,22193,43641
CED233,1061,980,2041,3148,2950,6098,1134,1047,2181,544,538,1082,4826,4535,9361,2237,2104,4341,1043,929,1972,1305,1314,2619,4585,4347,8932,379,272,651,122,161,283,408,144,552,298,373,671,16,4,20,1223,954,2177,2116,2352,4468,321,425,746,171,203,374,452,675,1127,26,19,45,3086,3674,6760,113,133,246,239,520,759,10,12,22,362,665,1027,2648,2802,5450,17791,17957,35748
CED234,1038,963,2001,3814,3602,7416,1503,1444,2947,300,248,548,5617,5294,10911,2978,3050,6028,1229,1269,2498,456,473,929,4663,4792,9455,204,264,468,86,219,305,547,289,836,391,683,1074,18,11,29,1246,1466,2712,185,430,615,77,168,245,45,108,153,205,454,659,7,7,14,519,1167,1686,111,145,256,204,412,616,7,11,18,322,568,890,4987,4758,9745,18392,19008,37400
CED235,1045,964,2009,3349,3127,6476,1556,1481,3037,250,289,539,5155,4897,10052,2663,2681,5344,1478,1527,3005,390,347,737,4531,4555,9086,476,422,898,169,301,470,506,206,712,313,432,745,31,15,46,1495,1376,2871,1487,1878,3365,393,435,828,133,213,346,304,513,817,17,16,33,2334,3055,5389,207,257,464,247,504,751,9,22,31,463,783,1246,4528,4363,8891,19551,19993,39544
CED236,1023,949,1972,3704,3451,7155,1229,1345,2574,366,342,708,5299,5138,10437,2884,2695,5579,1351,1381,2732,467,440,907,4702,4516,9218,176,270,446,54,184,238,455,311,766,393,825,1218,21,22,43,1099,1612,2711,336,644,980,118,298,416,47,104,151,222,544,766,7,3,10,730,1593,2323,95,134,229,168,356,524,9,6,15,272,496,768,4427,4062,8489,17552,18366,35918
CED237,1214,1132,2346,2888,2547,5435,1550,1597,3147,487,556,1043,4925,4700,9625,2097,2054,4151,1048,1033,2081,510,573,1083,3655,3660,7315,596,461,1057,392,369,761,424,186,610,526,635,1161,24,22,46,1962,1673,3635,2011,2442,4453,1160,1280,2440,204,290,494,858,1419,2277,32,29,61,4265,5460,9725,388,278,666,352,617,969,19,15,34,759,910,1669,5861,5324,11185,22641,22859,45500
CED294,39,29,68,117,113,230,8,12,20,13,13,26,138,138,276,64,61,125,4,6,10,7,10,17,75,77,152,22,36,58,23,26,49,29,24,53,15,21,36,3,4,7,92,111,203,70,120,190,56,62,118,3,10,13,21,48,69,3,0,3,153,240,393,25,34,59,16,30,46,3,3,6,44,67,111,1185,651,1836,1726,1313,3039
CED297,0,0,0,0,0,0,0,0,0,0,0,0,0,0,0,0,0,0,0,0,0,0,0,0,0,0,0,0,0,0,0,0,0,0,0,0,0,0,0,0,0,0,0,0,0,0,0,0,0,0,0,0,0,0,0,0,0,0,0,0,0,0,0,0,0,0,0,0,0,0,0,0,0,0,0,3,0,3,3,0,3
CED301,842,808,1650,4916,4558,9474,949,909,1858,744,724,1468,6609,6191,12800,2443,2380,4823,975,888,1863,943,871,1814,4361,4139,8500,159,262,421,102,166,268,352,308,660,399,765,1164,12,12,24,1024,1513,2537,598,979,1577,209,360,569,101,184,285,354,725,1079,4,7,11,1266,2255,3521,97,110,207,160,360,520,10,7,17,267,477,744,5468,4613,10081,19837,19996,39833
CED302,906,863,1769,3760,3590,7350,1637,1468,3105,903,941,1844,6300,5999,12299,2046,1970,4016,1340,1057,2397,957,1175,2132,4343,4202,8545,298,335,633,152,213,365,337,219,556,415,697,1112,15,21,36,1217,1485,2702,1843,2338,4181,487,597,1084,192,254,446,664,990,1654,13,19,32,3199,4198,7397,127,166,293,242,413,655,5,6,11,374,585,959,4078,3765,7843,20417,21097,41514
CED303,844,779,1623,4263,3810,8073,1190,1081,2271,1209,1231,2440,6662,6122,12784,2591,2439,5030,687,613,1300,1393,1553,2946,4671,4605,9276,282,283,565,76,206,282,415,312,727,371,756,1127,8,9,17,1152,1566,2718,948,1361,2309,150,347,497,135,190,325,379,670,1049,8,9,17,1620,2577,4197,97,114,211,202,411,613,9,4,13,308,529,837,3536,3516,7052,18793,19694,38487
CED304,796,778,1574,2648,2493,5141,1371,1355,2726,341,533,874,4360,4381,8741,770,676,1446,1188,932,2120,941,1212,2153,2899,2820,5719,299,285,584,311,336,647,268,197,465,488,594,1082,10,4,14,1376,1416,2792,3017,4190,7207,1454,1599,3053,350,467,817,1393,1784,3177,26,26,52,6240,8066,14306,356,316,672,367,549,916,12,13,25,735,878,1613,5939,4735,10674,22345,23074,45419
CED305,714,678,1392,5044,4556,9600,1501,1379,2880,506,532,1038,7051,6467,13518,2757,2498,5255,1483,1372,2855,484,682,1166,4724,4552,9276,109,108,217,55,104,159,396,424,820,326,826,1152,20,15,35,906,1477,2383,396,588,984,177,308,485,140,275,415,541,858,1399,7,10,17,1261,2039,3300,50,56,106,193,359,552,7,6,13,250,421,671,8073,5566,13639,22979,21200,44179
CED306,794,691,1485,4608,4363,8971,1621,1457,3078,747,772,1519,6976,6592,13568,2844,2618,5462,1118,1162,2280,639,613,1252,4601,4393,8994,127,100,227,58,115,173,442,380,822,418,948,1366,14,11,25,1059,1554,2613,414,745,1159,114,287,401,139,242,381,432,750,1182,8,5,13,1107,2029,3136,56,55,111,163,356,519,8,5,13,227,416,643,7932,5266,13198,22696,20941,43637
CED307,951,914,1865,4914,4507,9421,1314,1313,2627,1043,1053,2096,7271,6873,14144,2695,2573,5268,998,963,1961,1165,1135,2300,4858,4671,9529,239,214,453,87,167,254,392,270,662,431,641,1072,16,3,19,1165,1295,2460,1024,1482,2506,169,385,554,152,234,386,530,874,1404,10,15,25,1885,2990,4875,112,109,221,229,472,701,4,3,7,345,584,929,3118,2916,6034,19593,20243,39836
CED308,1061,910,1971,4221,3887,8108,903,906,1809,1227,1284,2511,6351,6077,12428,2732,2513,5245,443,485,928,1098,1107,2205,4273,4105,8378,257,286,543,124,303,427,377,256,633,394,729,1123,11,19,30,1163,1593,2756,1283,1615,2898,401,653,1054,121,191,312,390,758,1148,13,18,31,2208,3235,5443,118,154,272,231,472,703,8,8,16,357,634,991,5125,5010,10135,20538,21564,42102
CED309,807,742,1549,4048,3895,7943,727,754,1481,1240,1086,2326,6015,5735,11750,2531,2521,5052,535,515,1050,1128,1224,2352,4194,4260,8454,162,151,313,91,209,300,298,203,501,358,671,1029,10,6,16,919,1240,2159,604,978,1582,281,623,904,121,190,311,367,880,1247,8,9,17,1381,2680,4061,82,105,187,207,478,685,8,13,21,297,596,893,3861,3501,7362,17474,18754,36228
CED310,724,693,1417,3888,3548,7436,662,601,1263,992,968,1960,5542,5117,10659,2686,2633,5319,366,372,738,845,837,1682,3897,3842,7739,147,181,328,63,168,231,252,174,426,325,600,925,15,10,25,802,1133,1935,731,1278,2009,288,567,855,111,190,301,321,706,1027,6,12,18,1457,2753,4210,86,134,220,184,412,596,6,8,14,276,554,830,3930,3797,7727,16628,17889,34517
CED311,788,725,1513,5604,5149,10753,1442,1338,2780,543,541,1084,7589,7028,14617,3259,3268,6527,712,695,1407,254,327,581,4225,4290,8515,112,116,228,36,113,149,383,379,762,414,899,1313,8,15,23,953,1522,2475,143,342,485,78,215,293,111,219,330,391,720,1111,5,14,19,728,1510,2238,59,71,130,181,360,541,10,13,23,250,444,694,6973,5382,12355,21506,20901,42407
CED312,1090,997,2087,5254,4896,10150,836,828,1664,1034,1048,2082,7124,6772,13896,3004,2899,5903,773,796,1569,1135,1143,2278,4912,4838,9750,233,334,567,86,251,337,405,322,727,398,785,1183,25,11,36,1147,1703,2850,705,1111,1816,201,450,651,104,181,285,327,682,1009,8,10,18,1345,2434,3779,115,159,274,207,460,667,6,8,14,328,627,955,4996,4900,9896,20942,22271,43213
CED313,847,773,1620,2981,2705,5686,1525,1513,3038,476,428,904,4982,4646,9628,1334,1202,2536,948,1074,2022,894,768,1662,3176,3044,6220,392,394,786,286,393,679,273,200,473,510,673,1183,18,18,36,1479,1678,3157,2642,3226,5868,1308,1426,2734,328,381,709,1186,1684,2870,24,23,47,5488,6740,12228,278,291,569,373,494,867,9,20,29,660,805,1465,5313,4428,9741,21945,22114,44059
CED314,790,787,1577,4217,3853,8070,1557,1432,2989,1124,1172,2296,6898,6457,13355,2336,2225,4561,1209,1322,2531,1297,1361,2658,4842,4908,9750,105,191,296,92,199,291,371,323,694,427,727,1154,15,14,29,1010,1454,2464,834,1185,2019,563,537,1100,200,330,530,623,1063,1686,5,11,16,2225,3126,5351,98,120,218,176,406,582,10,17,27,284,543,827,4435,4436,8871,20484,21711,42195
CED315,832,770,1602,4260,3970,8230,1951,1950,3901,696,628,1324,6907,6548,13455,2543,2444,4987,1274,1287,2561,753,728,1481,4570,4459,9029,265,182,447,88,213,301,346,361,707,422,867,1289,16,20,36,1137,1643,2780,1476,2502,3978,455,785,1240,211,322,533,539,1119,1658,13,13,26,2694,4741,7435,88,98,186,195,339,534,9,4,13,292,441,733,6407,5497,11904,22839,24099,46938
CED316,778,672,1450,4255,3993,8248,953,917,1870,759,695,1454,5967,5605,11572,2576,2541,5117,804,861,1665,616,607,1223,3996,4009,8005,178,187,365,66,228,294,256,233,489,266,721,987,10,25,35,776,1394,2170,192,460,652,168,414,582,57,155,212,264,673,937,4,10,14,685,1712,2397,100,114,214,183,349,532,10,13,23,293,476,769,4717,4721,9438,17212,18589,35801
CED317,772,750,1522,5423,5028,10451,1700,1578,3278,303,300,603,7426,6906,14332,3166,3126,6292,1125,1141,2266,330,342,672,4621,4609,9230,95,74,169,50,111,161,268,285,553,301,825,1126,21,15,36,735,1310,2045,164,348,512,87,232,319,56,135,191,281,686,967,0,4,4,588,1405,1993,70,94,164,161,445,606,9,13,22,240,552,792,8421,6513,14934,22803,22045,44848
CED318,1015,987,2002,5032,4803,9835,1762,1791,3553,653,644,1297,7447,7238,14685,3144,3189,6333,1239,1084,2323,424,391,815,4807,4664,9471,160,157,317,181,344,525,241,270,511,477,1028,1505,24,13,37,1083,1812,2895,507,870,1377,305,684,989,104,204,308,545,1159,1704,18,11,29,1479,2928,4407,116,161,277,261,542,803,4,12,16,381,715,1096,8602,7227,15829,24814,25571,50385
CED319,843,770,1613,3443,3385,6828,1869,1769,3638,372,412,784,5684,5566,11250,1948,1708,3656,1623,1302,2925,474,633,1107,4045,3643,7688,301,277,578,197,288,485,314,230,544,462,703,1165,21,11,32,1295,1509,2804,1378,1930,3308,438,626,1064,197,282,479,838,1041,1879,13,23,36,2864,3902,6766,196,206,402,262,470,732,6,11,17,464,687,1151,4406,4386,8792,19601,20463,40064
CED320,875,848,1723,5478,5159,10637,665,701,1366,799,745,1544,6942,6605,13547,3154,3306,6460,596,620,1216,644,588,1232,4394,4514,8908,191,271,462,80,245,325,371,292,663,339,701,1040,19,15,34,1000,1524,2524,487,869,1356,129,361,490,63,139,202,255,631,886,3,12,15,937,2012,2949,147,165,312,217,451,668,9,6,15,373,622,995,5599,4801,10400,20120,20926,41046
CED321,786,765,1551,5167,4765,9932,1590,1461,3051,580,488,1068,7337,6714,14051,3253,3193,6446,508,611,1119,308,420,728,4069,4224,8293,103,122,225,41,141,182,377,366,743,372,936,1308,11,18,29,904,1583,2487,126,231,357,70,200,270,68,158,226,299,633,932,6,10,16,569,1232,1801,70,63,133,153,273,426,7,6,13,230,342,572,5979,5346,11325,19874,20206,40080
CED322,961,875,1836,3987,3543,7530,821,769,1590,1089,1125,2214,5897,5437,11334,2679,2500,5179,525,539,1064,1051,1058,2109,4255,4097,8352,239,264,503,126,278,404,329,248,577,404,750,1154,16,12,28,1114,1552,2666,1329,2014,3343,487,718,1205,170,238,408,429,825,1254,17,20,37,2432,3815,6247,140,182,322,218,475,693,10,7,17,368,664,1032,5053,5130,10183,20080,21570,41650
CED323,736,766,1502,2852,2575,5427,833,821,1654,1010,1090,2100,4695,4486,9181,1911,1790,3701,375,433,808,1245,1111,2356,3531,3334,6865,309,355,664,270,451,721,319,248,567,430,733,1163,13,16,29,1341,1803,3144,1790,2431,4221,824,978,1802,173,254,427,468,782,1250,22,22,44,3277,4467,7744,246,284,530,279,467,746,8,6,14,533,757,1290,7807,7418,15225,21920,23031,44951
CED324,840,857,1697,3881,3685,7566,1153,1091,2244,523,618,1141,5557,5394,10951,2145,2039,4184,855,876,1731,890,927,1817,3890,3842,7732,588,472,1060,409,531,940,298,192,490,451,623,1074,25,33,58,1771,1851,3622,3868,4442,8310,1395,1234,2629,218,252,470,845,1132,1977,40,36,76,6366,7096,13462,361,376,737,262,430,692,14,13,27,637,819,1456,4831,4344,9175,23892,24203,48095
CED325,1041,965,2006,5172,4760,9932,1105,1026,2131,965,961,1926,7242,6747,13989,3200,2952,6152,699,892,1591,918,921,1839,4817,4765,9582,313,340,653,163,282,445,363,295,658,430,781,1211,25,11,36,1294,1709,3003,1269,1609,2878,378,552,930,157,240,397,556,861,1417,20,18,38,2380,3280,5660,153,167,320,226,447,673,16,12,28,395,626,1021,6470,4540,11010,23639,22632,46271
CED326,874,812,1686,4208,3847,8055,1224,1197,2421,809,828,1637,6241,5872,12113,2581,2499,5080,793,770,1563,765,794,1559,4139,4063,8202,231,248,479,86,224,310,361,296,657,359,735,1094,22,12,34,1059,1515,2574,677,1100,1777,179,400,579,136,193,329,427,742,1169,11,8,19,1430,2443,3873,118,162,280,226,445,671,9,14,23,353,621,974,4400,4456,8856,18496,19782,38278
CED327,1206,1139,2345,6293,5912,12205,945,969,1914,858,849,1707,8096,7730,15826,4170,3976,8146,716,673,1389,832,829,1661,5718,5478,11196,428,472,900,301,476,777,377,290,667,502,833,1335,25,35,60,1633,2106,3739,1323,1747,3070,429,520,949,142,220,362,507,768,1275,18,22,40,2419,3277,5696,203,224,427,280,479,759,14,14,28,497,717,1214,6306,5991,12297,25875,26438,52313
CED328,1072,914,1986,4436,4061,8497,1470,1397,2867,721,612,1333,6627,6070,12697,2021,1775,3796,912,1237,2149,1688,1447,3135,4621,4459,9080,293,284,577,127,191,318,301,205,506,320,533,853,11,11,22,1052,1224,2276,5663,6552,12215,1565,1671,3236,342,467,809,1066,1519,2585,28,20,48,8664,10229,18893,181,167,348,235,442,677,5,6,11,421,615,1036,3426,3384,6810,25883,26895,52778
CED329,697,630,1327,4543,4277,8820,735,725,1460,887,759,1646,6165,5761,11926,2889,2784,5673,680,701,1381,642,678,1320,4211,4163,8374,130,143,273,78,219,297,323,263,586,315,723,1038,6,11,17,852,1359,2211,180,396,576,112,326,438,52,112,164,246,674,920,9,7,16,599,1515,2114,86,107,193,166,407,573,5,6,11,257,520,777,5323,4764,10087,18104,18712,36816
CED330,882,751,1633,5213,4783,9996,1098,1077,2175,1116,1058,2174,7427,6918,14345,3235,3142,6377,554,621,1175,1105,1087,2192,4894,4850,9744,144,189,333,58,152,210,352,242,594,307,679,986,13,13,26,874,1275,2149,591,1254,1845,187,421,608,82,170,252,269,678,947,4,15,19,1133,2538,3671,90,116,206,162,409,571,7,9,16,259,534,793,4669,4215,8884,20138,21081,41219
CED394,16,25,41,122,126,248,10,17,27,25,29,54,157,172,329,51,48,99,4,11,15,10,16,26,65,75,140,7,21,28,16,16,32,20,13,33,23,26,49,0,0,0,66,76,142,43,72,115,37,34,71,11,11,22,19,42,61,0,6,6,110,165,275,24,20,44,15,28,43,0,0,0,39,48,87,1297,650,1947,1750,1211,2961
CED397,0,0,0,5,0,5,3,0,3,0,0,0,8,0,8,4,7,11,3,3,6,0,0,0,7,10,17,0,0,0,3,0,3,0,0,0,0,4,4,0,0,0,3,4,7,3,3,6,0,0,0,3,0,3,0,0,0,0,0,0,6,3,9,3,0,3,0,0,0,0,0,0,3,0,3,53,35,88,80,52,132
CED401,839,884,1723,2702,2609,5311,1274,1309,2583,1193,1124,2317,5169,5042,10211,1408,1262,2670,874,1034,1908,1260,1181,2441,3542,3477,7019,430,392,822,419,510,929,266,197,463,570,720,1290,13,12,25,1698,1831,3529,4212,4820,9032,1648,1528,3176,244,316,560,1008,1373,2381,35,33,68,7147,8070,15217,301,320,621,304,486,790,21,17,38,626,823,1449,5744,4824,10568,24765,24951,49716
CED402,1059,947,2006,5342,5102,10444,891,819,1710,1029,1011,2040,7262,6932,14194,3440,3369,6809,337,364,701,610,653,1263,4387,4386,8773,140,194,334,94,265,359,519,387,906,512,975,1487,18,22,40,1283,1843,3126,152,335,487,76,240,316,51,107,158,221,550,771,4,6,10,504,1238,1742,83,113,196,193,334,527,8,11,19,284,458,742,5262,4501,9763,20041,20305,40346
CED403,885,819,1704,3563,3355,6918,995,939,1934,1060,975,2035,5618,5269,10887,1916,1884,3800,875,832,1707,1161,1104,2265,3952,3820,7772,275,235,510,154,207,361,334,214,548,477,679,1156,18,6,24,1258,1341,2599,2015,2697,4712,875,1022,1897,162,276,438,738,1090,1828,20,22,42,3810,5107,8917,124,135,259,256,444,700,8,12,20,388,591,979,3063,3256,6319,18974,20203,39177
CED404,1010,979,1989,5229,4766,9995,1097,1099,2196,462,534,996,6788,6399,13187,3049,2935,5984,764,785,1549,273,321,594,4086,4041,8127,169,188,357,73,241,314,368,323,691,353,805,1158,16,23,39,979,1580,2559,75,198,273,37,151,188,50,91,141,246,492,738,8,6,14,416,938,1354,76,92,168,125,335,460,9,14,23,210,441,651,6065,5090,11155,19554,19468,39022
CED405,732,708,1440,2655,2382,5037,1456,1465,2921,729,678,1407,4840,4525,9365,1572,1441,3013,1065,1148,2213,673,741,1414,3310,3330,6640,301,272,573,225,319,544,382,247,629,494,731,1225,27,13,40,1429,1582,3011,1801,2358,4159,701,794,1495,185,255,440,614,883,1497,21,24,45,3322,4314,7636,186,177,363,291,457,748,10,16,26,487,650,1137,3939,4154,8093,18059,19263,37322
CED406,1080,974,2054,5009,4700,9709,983,956,1939,1046,1057,2103,7038,6713,13751,3019,2942,5961,629,643,1272,879,882,1761,4527,4467,8994,290,296,586,142,311,453,500,334,834,595,864,1459,23,22,45,1550,1827,3377,725,1107,1832,253,517,770,90,198,288,407,830,1237,10,11,21,1485,2663,4148,82,129,211,254,494,748,11,6,17,347,629,976,4068,4091,8159,20095,21364,41459
CED407,850,875,1725,3895,3583,7478,1019,991,2010,1083,1013,2096,5997,5587,11584,2299,2192,4491,836,744,1580,956,943,1899,4091,3879,7970,296,292,588,139,271,410,450,318,768,570,796,1366,16,11,27,1471,1688,3159,1052,1388,2440,363,418,781,102,205,307,417,678,1095,10,11,21,1944,2700,4644,113,166,279,237,386,623,6,9,15,356,561,917,3890,3646,7536,18599,18936,37535
CED408,887,854,1741,4494,4129,8623,564,592,1156,1819,1825,3644,6877,6546,13423,2449,2537,4986,503,452,955,1371,1443,2814,4323,4432,8755,214,211,425,78,204,282,436,283,719,498,854,1352,7,9,16,1233,1561,2794,914,1241,2155,231,455,686,87,155,242,452,911,1363,11,6,17,1695,2768,4463,88,106,194,206,401,607,5,8,13,299,515,814,3264,3231,6495,18578,19907,38485
CED409,1160,1049,2209,4006,3722,7728,2045,2095,4140,623,691,1314,6674,6508,13182,2679,2543,5222,1345,1443,2788,543,571,1114,4567,4557,9124,385,409,794,345,548,893,404,285,689,631,915,1546,35,24,59,1800,2181,3981,1388,1586,2974,522,609,1131,124,226,350,510,766,1276,25,24,49,2569,3211,5780,223,266,489,278,502,780,10,16,26,511,784,1295,5988,5716,11704,23269,24006,47275
CED410,842,842,1684,3510,3148,6658,1624,1488,3112,820,879,1699,5954,5515,11469,1974,1682,3656,1129,1192,2321,960,1033,1993,4063,3907,7970,294,316,610,229,342,571,309,214,523,445,686,1131,15,16,31,1292,1574,2866,2380,2741,5121,765,840,1605,209,231,440,718,1002,1720,14,31,45,4086,4845,8931,169,190,359,256,425,681,11,8,19,436,623,1059,3426,3777,7203,20099,21083,41182
CED411,1139,1147,2286,5151,4633,9784,1215,1240,2455,1484,1441,2925,7850,7314,15164,2807,2781,5588,905,1003,1908,1095,1167,2262,4807,4951,9758,265,346,611,252,472,724,450,427,877,552,969,1521,24,19,43,1543,2233,3776,528,855,1383,200,341,541,77,165,242,328,523,851,11,9,20,1144,1893,3037,128,195,323,226,478,704,12,19,31,366,692,1058,5641,5598,11239,22490,23828,46318
CED494,9,10,19,46,47,93,7,0,7,9,13,22,62,60,122,21,20,41,0,3,3,6,0,6,27,23,50,7,5,12,3,12,15,7,5,12,14,14,28,3,0,3,34,36,70,15,25,40,10,15,25,6,0,6,8,9,17,0,0,0,39,49,88,4,5,9,7,5,12,0,0,0,11,10,21,299,160,459,481,348,829
CED497,0,0,0,0,0,0,0,0,0,0,0,0,0,0,0,0,0,0,0,0,0,0,0,0,0,0,0,0,0,0,0,0,0,0,0,0,0,0,0,0,0,0,0,0,0,0,0,0,0,0,0,0,0,0,0,0,0,0,0,0,0,0,0,0,0,0,0,0,0,0,0,0,0,0,0,0,0,0,0,0,0
CED501,1266,1229,2495,5386,5113,10499,900,830,1730,1254,1296,2550,7540,7239,14779,2692,2481,5173,708,737,1445,1191,1310,2501,4591,4528,9119,379,407,786,113,266,379,636,358,994,436,793,1229,12,11,23,1576,1835,3411,579,958,1537,164,460,624,84,203,287,358,735,1093,5,7,12,1190,2363,3553,98,145,243,180,407,587,6,12,18,284,564,848,7131,5681,12812,23578,23439,47017
CED502,1155,1104,2259,4516,4282,8798,851,843,1694,1164,1168,2332,6531,6293,12824,2158,2156,4314,624,655,1279,1064,1099,2163,3846,3910,7756,394,375,769,106,263,369,619,307,926,359,630,989,10,9,19,1488,1584,3072,577,894,1471,159,327,486,96,155,251,304,646,950,8,16,24,1144,2038,3182,104,123,227,163,364,527,9,13,22,276,500,776,6384,5447,11831,20824,20876,41700
CED503,1162,1124,2286,4896,4551,9447,1233,1239,2472,840,849,1689,6969,6639,13608,2805,2657,5462,1036,1073,2109,915,979,1894,4756,4709,9465,440,398,838,166,286,452,545,283,828,439,620,1059,20,21,41,1610,1608,3218,1296,1742,3038,248,448,696,176,259,435,504,763,1267,12,7,19,2236,3219,5455,99,110,209,219,384,603,3,10,13,321,504,825,4321,4078,8399,21375,21881,43256
CED504,994,951,1945,3359,2999,6358,1036,1002,2038,1160,1177,2337,5555,5178,10733,1020,977,1997,907,1057,1964,2095,1961,4056,4022,3995,8017,255,233,488,210,265,475,217,133,350,335,524,859,11,10,21,1028,1165,2193,3592,3768,7360,1060,1092,2152,287,336,623,890,1302,2192,29,22,51,5858,6520,12378,116,141,257,235,403,638,3,3,6,354,547,901,5091,4622,9713,22902,22978,45880
CED505,1317,1254,2571,6097,5711,11808,1525,1514,3039,510,514,1024,8132,7739,15871,2511,2150,4661,861,969,1830,386,393,779,3758,3512,7270,211,190,401,73,160,233,473,372,845,610,1116,1726,25,16,41,1392,1854,3246,100,230,330,64,231,295,50,145,195,473,796,1269,8,8,16,695,1410,2105,128,91,219,190,290,480,10,9,19,328,390,718,16069,8850,24919,31691,25009,56700
CED506,1140,1079,2219,4549,4179,8728,1288,1306,2594,934,913,1847,6771,6398,13169,2586,2361,4947,712,787,1499,854,755,1609,4152,3903,8055,284,310,594,98,259,357,557,329,886,345,772,1117,18,16,34,1302,1686,2988,178,396,574,96,310,406,37,117,154,283,610,893,0,9,9,594,1442,2036,57,86,143,176,329,505,3,9,12,236,424,660,5745,4893,10638,19940,19825,39765
CED507,1185,1023,2208,4173,3869,8042,1193,1353,2546,537,529,1066,5903,5751,11654,1707,1586,3293,1433,1586,3019,704,683,1387,3844,3855,7699,321,313,634,185,287,472,488,236,724,471,680,1151,23,10,33,1488,1526,3014,1380,1873,3253,520,732,1252,179,279,458,712,1131,1843,13,18,31,2804,4033,6837,267,100,367,220,419,639,11,4,15,498,523,1021,4914,4571,9485,20636,21282,41918
CED508,1083,1017,2100,4666,4204,8870,970,953,1923,874,833,1707,6510,5990,12500,2419,2280,4699,1151,1162,2313,772,726,1498,4342,4168,8510,442,405,847,171,290,461,550,311,861,501,727,1228,21,14,35,1685,1747,3432,958,1340,2298,247,381,628,120,218,338,398,704,1102,15,7,22,1738,2650,4388,121,138,259,208,415,623,13,5,18,342,558,900,6079,5622,11701,21779,21752,43531
CED509,1099,1006,2105,4599,4415,9014,1197,1130,2327,1052,1013,2065,6848,6558,13406,2348,2146,4494,1227,1191,2418,1659,1690,3349,5234,5027,10261,464,340,804,114,229,343,630,252,882,347,589,936,17,9,26,1572,1419,2991,1897,2529,4426,287,550,837,208,326,534,567,948,1515,19,19,38,2978,4372,7350,111,103,214,198,343,541,7,3,10,316,449,765,4276,3748,8024,22323,22579,44902
CED510,1221,1223,2444,5651,5467,11118,955,928,1883,628,621,1249,7234,7016,14250,2914,2793,5707,462,497,959,530,522,1052,3906,3812,7718,220,217,437,96,214,310,492,373,865,473,1039,1512,17,13,30,1298,1856,3154,202,217,419,117,201,318,46,90,136,287,640,927,7,3,10,659,1151,1810,72,74,146,128,295,423,15,8,23,215,377,592,7656,5701,13357,22189,21136,43325
CED511,1285,1188,2473,5542,5049,10591,1111,1082,2193,1408,1359,2767,8061,7490,15551,2502,2378,4880,1104,1260,2364,1457,1415,2872,5063,5053,10116,352,363,715,100,230,330,564,296,860,408,709,1117,22,15,37,1446,1613,3059,667,1068,1735,155,372,527,114,202,316,387,756,1143,7,9,16,1330,2407,3737,118,137,255,161,410,571,10,9,19,289,556,845,7467,5846,13313,24941,24153,49094
CED512,855,804,1659,2744,2587,5331,1109,1044,2153,570,568,1138,4423,4199,8622,1585,1378,2963,1015,951,1966,560,735,1295,3160,3064,6224,470,422,892,448,516,964,357,201,558,606,755,1361,18,15,33,1899,1909,3808,1762,2244,4006,795,785,1580,195,318,513,886,1185,2071,13,17,30,3651,4549,8200,276,255,531,291,455,746,7,10,17,574,720,1294,6573,5333,11906,21135,20578,41713
CED513,977,956,1933,2910,2751,5661,1333,1357,2690,612,635,1247,4855,4743,9598,1576,1466,3042,1087,1055,2142,630,894,1524,3293,3415,6708,439,382,821,384,486,870,349,219,568,535,688,1223,25,13,38,1732,1788,3520,1601,1936,3537,571,643,1214,220,279,499,678,970,1648,20,31,51,3090,3859,6949,193,203,396,250,414,664,12,11,23,455,628,1083,6065,5567,11632,20467,20956,41423
CED514,910,930,1840,2930,2684,5614,1149,1127,2276,792,705,1497,4871,4516,9387,1591,1418,3009,1191,931,2122,800,813,1613,3582,3162,6744,662,554,1216,496,649,1145,424,244,668,643,894,1537,39,23,62,2264,2364,4628,3655,4041,7696,1530,1262,2792,263,343,606,918,1208,2126,32,23,55,6398,6877,13275,266,302,568,318,540,858,6,9,15,590,851,1441,7499,6463,13962,26114,25163,51277
CED515,979,891,1870,4850,4435,9285,1003,999,2002,585,603,1188,6438,6037,12475,2770,2619,5389,1116,1190,2306,1094,1166,2260,4980,4975,9955,441,332,773,160,272,432,507,222,729,355,629,984,14,10,24,1477,1465,2942,3288,3619,6907,623,700,1323,272,330,602,685,938,1623,27,30,57,4895,5617,10512,111,120,231,187,376,563,6,6,12,304,502,806,4353,3379,7732,23426,22866,46292
CED594,10,12,22,71,65,136,12,9,21,18,24,42,101,98,199,32,13,45,4,0,4,7,9,16,43,22,65,3,6,9,11,4,15,13,4,17,18,16,34,3,0,3,48,30,78,31,35,66,17,23,40,0,5,5,24,28,52,0,0,0,72,91,163,6,11,17,8,21,29,3,0,3,17,32,49,918,457,1375,1209,742,1951
CED597,0,0,0,0,0,0,0,0,0,0,0,0,0,0,0,0,0,0,0,0,0,0,0,0,0,0,0,0,0,0,3,0,3,0,0,0,0,0,0,0,0,0,3,0,3,0,0,0,0,0,0,0,0,0,7,0,7,0,0,0,7,0,7,3,0,3,0,0,0,0,0,0,3,0,3,60,6,66,73,6,79
CED601,444,424,868,3090,3066,6156,636,661,1297,517,482,999,4243,4209,8452,2039,1882,3921,544,536,1080,611,593,1204,3194,3011,6205,455,468,923,189,285,474,341,212,553,360,479,839,12,13,25,1357,1457,2814,945,1088,2033,413,470,883,68,140,208,316,641,957,6,11,17,1748,2350,4098,82,88,170,131,258,389,0,8,8,213,354,567,2877,3021,5898,14076,14826,28902
CED602,449,375,824,3153,3037,6190,749,794,1543,386,353,739,4288,4184,8472,2073,1935,4008,608,652,1260,315,306,621,2996,2893,5889,411,553,964,81,214,295,369,261,630,351,570,921,21,8,29,1233,1606,2839,126,285,411,95,198,293,33,74,107,240,415,655,0,7,7,494,979,1473,52,86,138,100,202,302,4,6,10,156,294,450,3352,3407,6759,12968,13738,26706
CED603,374,331,705,2543,2326,4869,767,837,1604,480,471,951,3790,3634,7424,1480,1355,2835,658,755,1413,724,724,1448,2862,2834,5696,412,404,816,182,249,431,305,187,492,368,522,890,18,21,39,1285,1383,2668,1664,1792,3456,662,711,1373,160,173,333,561,956,1517,12,9,21,3059,3641,6700,88,113,201,183,299,482,4,12,16,275,424,699,3160,3180,6340,14805,15427,30232
CED604,421,445,866,3064,2721,5785,1015,984,1999,568,566,1134,4647,4271,8918,1714,1522,3236,692,875,1567,545,534,1079,2951,2931,5882,390,338,728,81,142,223,338,181,519,339,495,834,12,6,18,1160,1162,2322,474,670,1144,188,252,440,60,112,172,332,749,1081,8,5,13,1062,1788,2850,54,97,151,126,286,412,7,7,14,187,390,577,3033,2638,5671,13461,13625,27086
CED605,495,452,947,3642,3381,7023,669,554,1223,262,264,526,4573,4199,8772,2084,2066,4150,563,595,1158,309,286,595,2956,2947,5903,348,383,731,53,150,203,335,184,519,275,453,728,8,8,16,1019,1178,2197,142,272,414,87,213,300,20,66,86,146,415,561,3,4,7,398,970,1368,80,105,185,104,264,368,3,4,7,187,373,560,3515,3273,6788,13143,13392,26535
CED694,6,3,9,10,20,30,0,0,0,0,3,3,10,23,33,13,8,21,0,0,0,5,3,8,18,11,29,3,9,12,3,4,7,0,0,0,5,4,9,0,0,0,11,17,28,7,13,20,6,3,9,0,3,3,4,6,10,0,0,0,17,25,42,0,3,3,4,0,4,0,0,0,4,3,7,111,50,161,177,132,309
CED697,0,0,0,0,0,0,0,0,0,0,0,0,0,0,0,3,0,3,0,3,3,0,0,0,3,3,6,0,0,0,0,0,0,0,0,0,0,0,0,0,0,0,0,0,0,0,0,0,0,0,0,0,0,0,0,0,0,0,0,0,0,0,0,0,0,0,0,3,3,0,0,0,0,3,3,8,0,8,11,6,17
CED701,919,904,1823,4841,4447,9288,793,765,1558,531,502,1033,6165,5714,11879,2077,1942,4019,479,503,982,713,785,1498,3269,3230,6499,71,40,111,65,82,147,200,156,356,312,423,735,9,4,13,657,705,1362,78,152,230,91,178,269,70,132,202,428,1022,1450,6,4,10,673,1488,2161,118,141,259,196,357,553,13,8,21,327,506,833,7909,5605,13514,19919,18152,38071
CED702,805,740,1545,2999,2988,5987,490,539,1029,531,583,1114,4020,4110,8130,2157,1924,4081,427,372,799,640,686,1326,3224,2982,6206,83,52,135,61,96,157,214,157,371,290,400,690,5,6,11,653,711,1364,402,593,995,342,532,874,187,325,512,702,1402,2104,10,12,22,1643,2864,4507,100,95,195,198,377,575,8,7,15,306,479,785,7908,5452,13360,18559,17338,35897
CED794,5,0,5,25,19,44,0,0,0,5,5,10,30,24,54,0,3,3,0,0,0,0,3,3,0,6,6,0,0,0,3,0,3,3,0,3,6,4,10,0,0,0,12,4,16,3,7,10,4,4,8,0,0,0,3,11,14,0,0,0,10,22,32,0,3,3,3,5,8,0,0,0,3,8,11,162,113,275,222,177,399
CED797,3,0,3,0,0,0,0,0,0,0,0,0,0,0,0,0,0,0,0,0,0,0,0,0,0,0,0,0,0,0,0,0,0,0,0,0,0,0,0,0,0,0,0,0,0,0,0,0,0,0,0,0,0,0,0,0,0,0,3,3,0,3,3,0,0,0,0,0,0,0,0,0,0,0,0,6,3,9,9,6,15
CED801,1253,1059,2312,3859,3717,7576,2153,1972,4125,879,871,1750,6891,6560,13451,3028,3068,6096,2086,1903,3989,1118,1138,2256,6232,6109,12341,352,375,727,170,262,432,773,455,1228,791,1064,1855,19,15,34,2105,2171,4276,1684,1956,3640,507,582,1089,243,381,624,1418,1913,3331,22,19,41,3874,4851,8725,134,102,236,341,587,928,13,12,25,488,701,1189,4294,3570,7864,25137,25021,50158
CED802,1536,1355,2891,4684,4372,9056,1671,1649,3320,944,974,1918,7299,6995,14294,3306,2996,6302,1247,1394,2641,917,920,1837,5470,5310,10780,437,452,889,255,375,630,665,434,1099,971,1278,2249,18,10,28,2346,2549,4895,5009,5303,10312,1848,1608,3456,436,562,998,2103,2643,4746,34,19,53,9430,10135,19565,362,184,546,414,632,1046,7,13,20,783,829,1612,5615,4985,10600,32479,32158,64637
CED894,0,3,3,7,4,11,3,5,8,0,0,0,10,9,19,6,7,13,0,3,3,4,3,7,10,13,23,4,0,4,7,0,7,0,4,4,3,3,6,0,0,0,14,7,21,13,13,26,9,3,12,0,3,3,8,6,14,0,0,0,30,25,55,7,3,10,0,3,3,0,0,0,7,6,13,45,17,62,116,80,196
CED897,0,0,0,0,0,0,0,0,0,0,0,0,0,0,0,0,0,0,0,0,0,0,0,0,0,0,0,0,0,0,0,0,0,0,0,0,0,0,0,0,0,0,0,0,0,0,0,0,0,0,0,0,0,0,0,0,0,0,0,0,0,0,0,0,0,0,0,0,0,0,0,0,0,0,0,0,0,0,0,0,0
CED994,3,0,3,0,0,0,0,0,0,0,0,0,0,0,0,0,0,0,0,0,0,0,0,0,0,0,0,0,0,0,0,0,0,0,0,0,3,0,3,0,0,0,3,0,3,0,0,0,0,0,0,0,0,0,0,3,3,0,0,0,0,3,3,0,0,0,0,0,0,0,0,0,0,0,0,0,0,0,6,3,9
CED997,0,0,0,0,0,0,0,0,0,0,0,0,0,0,0,0,0,0,0,0,0,0,0,0,0,0,0,0,0,0,0,0,0,0,0,0,0,0,0,0,0,0,0,0,0,0,0,0,0,0,0,0,0,0,0,0,0,0,0,0,0,0,0,0,0,0,0,0,0,0,0,0,0,0,0,0,0,0,0,0,0
