CED_CODE_2016,SH_FHs_CF_no_C,SH_FHs_CF_C,SH_FHs_OnePF,SH_FHs_Oth_fam,SH_FHs_Tot,SH_Lone_P_H,SH_Group_H,SH_Tot,SDRTHT_1_S_FHs_CF_no_C,SDRTHT_1_S_FHs_CF_C,SDRTHT_1_S_FHs_OnePF,SDRTHT_1_S_FHs_Oth_fam,SDRTHT_1_S_FHs_Tot,SDRTHT_1_S_Lone_P_H,SDRTHT_1_S_Group_H,SDRTHT_1_S_Tot,SDRTHT_2more_S_FHs_CF_no_C,SDRTHT_2more_S_FHs_CF_C,SDRTHT_2more_S_FHs_OnePF,SDRTHT_2more_S_FHs_Oth_fam,SDRTHT_2more_S_FHs_Tot,SDRTHT_2more_S_Lone_P_H,SDRTHT_2more_S_Group_H,SDRTHT_2more_S_Tot,SDRTHT_Tot_FHs_CF_no_C,SDRTHT_Tot_FHs_CF_C,SDRTHT_Tot_FHs_OnePF,SDRTHT_Tot_FHs_Oth_fam,SDRTHT_Tot_FHs_Tot,SDRTHT_Tot_Lone_P_H,SDRTHT_Tot_Group_H,SDRTHT_Tot_Tot,FoA_1_or_2_SB_FHs_CF_no_C,FoA_1_or_2_SB_FHs_CF_C,FoA_1_or_2_SB_FHs_OnePF,FoA_1_or_2_SB_FHs_Oth_fam,FoA_1_or_2_SB_FHs_Tot,FoA_1_or_2_SB_Lone_P_H,FoA_1_or_2_SB_Group_H,FoA_1_or_2_SB_Tot,FoA_3SB_FHs_CF_no_C,FoA_3SB_FHs_CF_C,FoA_3SB_FHs_OnePF,FoA_3SB_FHs_Oth_fam,FoA_3SB_FHs_Tot,FoA_3SB_Lone_P_H,FoA_3SB_Group_H,FoA_3SB_Tot,FoA_4moSB_FHs_CF_no_C,FoA_4moSB_FHs_CF_C,FoA_4moSB_FHs_OnePF,FoA_4moSB_FHs_Oth_fam,FoA_4moSB_FHs_Tot,FoA_4moSB_Lone_P_H,FoA_4moSB_Group_H,FoA_4moSB_Tot,FoA_Att_to_hous_FHs_CF_no_C,FoA_Att_to_hous_FHs_CF_C,FoA_Att_to_hous_FHs_OnePF,FoA_Att_to_hous_FHs_Oth_fam,FoA_Att_to_hous_FHs_Tot,FoA_Att_to_hous_Lone_P_H,FoA_Att_to_hous_Group_H,FoA_Att_to_hous_Tot,FoA_Tot_FHs_CF_no_C,FoA_Tot_FHs_CF_C,FoA_Tot_FHs_OnePF,FoA_Tot_FHs_Oth_fam,FoA_Tot_FHs_Tot,FoA_Tot_Lone_P_H,FoA_Tot_Group_H,FoA_Tot_Tot,OD_C_FHs_CF_no_C,OD_C_FHs_CF_C,OD_C_FHs_OnePF,OD_C_FHs_Oth_fam,OD_C_FHs_Tot,OD_C_Lone_P_H,OD_C_Group_H,OD_C_Tot,OD_CH_FHs_CF_no_C,OD_CH_FHs_CF_C,OD_CH_FHs_OnePF,OD_CH_FHs_Oth_fam,OD_CH_FHs_Tot,OD_CH_Lone_P_H,OD_CH_Group_H,OD_CH_Tot,OD_Imp_home_T_SO_FHs_CF_no_C,OD_Imp_home_T_SO_FHs_CF_C,OD_Imp_home_T_SO_FHs_OnePF,OD_Imp_home_T_SO_FHs_Oth_fam,OD_Imp_home_T_SO_FHs_Tot,OD_Imp_home_T_SO_Lone_P_H,OD_Imp_home_T_SO_Group_H,OD_Imp_home_T_SO_Tot,OD_HorF_at_to_S_O_FHs_CF_no_C,OD_HorF_at_to_S_O_FHs_CF_C,OD_HorF_at_to_S_O_FHs_OnePF,OD_HorF_at_to_S_O_FHs_Oth_fam,OD_HorF_at_to_S_O_FHs_Tot,OD_HorF_at_to_S_O_Lone_P_H,OD_HorF_at_to_S_O_Group_H,OD_HorF_at_to_S_O_Tot,OD_Tot_FHs_CF_no_C,OD_Tot_FHs_CF_C,OD_Tot_FHs_OnePF,OD_Tot_FHs_Oth_fam,OD_Tot_FHs_Tot,OD_Tot_Lone_P_H,OD_Tot_Group_H,OD_Tot_Tot,DS_NS_FHs_CF_no_C,DS_NS_FHs_CF_C,DS_NS_FHs_OnePF,DS_NS_FHs_Oth_fam,DS_NS_FHs_Tot,DS_NS_Lone_P_H,DS_NS_Group_H,DS_NS_Tot,Tot_FHs_CF_no_C,Tot_FHs_CF_C,Tot_FHs_OnePF,Tot_FHs_Oth_fam,Tot_FHs_Tot,Tot_Lone_P_H,Tot_Group_H,Tot_Tot
CED101,6916,14083,3539,474,25007,4604,621,30239,579,611,309,43,1545,1123,63,2725,1298,2781,888,85,5054,1181,192,6422,1879,3392,1202,125,6594,2300,255,9150,442,416,237,27,1128,1240,112,2484,1151,1302,710,98,3265,1444,266,4971,1433,1348,618,140,3529,1452,456,5438,17,5,4,0,24,24,4,49,3042,3074,1569,265,7948,4160,838,12944,0,3,0,0,7,0,0,7,0,0,0,0,3,0,0,5,0,0,0,0,0,0,0,0,54,73,39,3,169,83,16,277,54,78,43,3,178,85,16,284,31,50,17,3,101,41,10,144,11924,20672,6367,871,39829,11195,1744,52765
CED102,6248,12554,3330,459,22595,4041,924,27561,688,1167,404,48,2307,876,165,3355,499,1195,356,38,2085,484,114,2687,1188,2361,764,87,4396,1365,276,6034,635,528,310,64,1537,1045,259,2834,1395,1355,646,125,3520,1664,433,5611,4765,3574,1201,353,9898,3428,1801,15131,38,34,23,0,100,55,13,167,6829,5501,2181,546,15055,6190,2505,23749,12,3,0,0,13,52,3,62,0,0,0,0,0,0,0,0,0,0,0,0,0,0,0,0,75,78,40,13,210,113,50,373,86,88,40,14,225,159,55,438,52,37,22,4,109,100,20,235,14398,20542,6332,1106,42379,11863,3775,58015
CED103,6813,15113,2985,422,25337,4090,997,30427,714,1076,356,40,2180,920,122,3222,1283,2307,589,72,4251,1408,292,5953,1997,3380,948,116,6432,2331,415,9182,358,253,140,32,779,946,62,1795,2039,1862,703,202,4813,2886,733,8425,2732,2014,579,192,5518,2027,791,8327,8,5,0,0,18,13,0,30,5130,4136,1425,424,11124,5868,1588,18579,3,0,0,0,3,4,0,8,0,0,0,0,0,0,0,3,0,0,0,0,3,0,0,3,28,30,10,0,71,40,14,129,33,35,13,0,77,47,14,146,49,74,23,0,147,92,17,260,14028,22740,5396,966,43126,12429,3033,58587
CED104,9867,21080,3306,330,34582,4225,511,39324,368,173,75,8,629,631,16,1272,575,1117,401,24,2122,551,52,2721,942,1294,482,33,2744,1182,66,3989,236,121,64,3,426,629,14,1075,197,133,43,9,386,410,31,825,111,59,17,4,192,136,8,331,3,5,8,0,15,30,4,47,552,324,131,16,1022,1208,55,2285,12,9,3,0,23,12,3,33,15,7,3,3,31,34,7,74,0,8,0,0,9,5,0,7,17,22,7,0,48,13,3,64,41,38,17,3,103,70,10,175,41,51,20,0,108,61,4,178,11443,22788,3946,380,38561,6744,651,45955
CED105,5297,14316,4297,566,24483,4296,912,29689,236,449,215,33,930,582,48,1559,908,2581,934,80,4501,817,202,5516,1138,3029,1146,118,5430,1399,249,7081,645,1000,440,67,2152,1480,318,3948,943,1837,760,116,3661,1260,353,5272,824,1429,448,92,2789,612,304,3710,22,50,13,3,90,33,9,133,2433,4313,1660,283,8687,3391,987,13063,0,0,0,0,0,0,0,0,0,0,0,0,0,0,0,5,0,9,0,0,9,3,0,15,45,105,47,12,204,65,22,296,43,111,52,12,217,63,24,313,41,58,23,3,133,79,8,225,8961,21828,7185,979,38948,9233,2178,50367
CED106,7936,18869,2728,285,29820,3676,448,33949,134,123,44,3,309,193,31,536,578,570,185,15,1346,618,32,2005,718,692,225,20,1650,816,67,2537,548,286,162,27,1021,981,75,2071,1105,1103,515,100,2818,1533,236,4590,2802,3343,1070,169,7378,2521,402,10298,0,0,0,0,3,0,0,3,4454,4727,1748,291,11220,5032,708,16968,0,0,0,0,4,0,0,4,3,0,0,0,3,0,0,3,0,0,0,0,0,0,0,0,6,10,4,0,24,17,9,44,8,13,5,0,32,17,9,49,22,22,11,3,53,56,7,122,13143,24323,4723,598,42782,9593,1244,53619
CED107,14727,15869,6073,431,37100,12310,1377,50786,512,235,365,33,1145,1944,173,3264,78,50,96,5,229,361,46,628,595,280,461,37,1377,2300,225,3898,206,94,121,22,443,1067,80,1589,6,4,3,0,13,70,3,88,8,0,0,0,14,12,0,21,0,4,0,0,4,3,0,8,221,97,128,22,468,1155,84,1703,13,9,3,0,27,102,0,134,9,11,4,0,25,44,0,73,12,12,4,0,24,18,0,37,190,162,66,10,432,185,19,636,223,191,79,10,507,347,24,881,106,85,26,3,221,332,20,566,15869,16521,6771,510,39672,16436,1730,57831
CED108,7733,19043,7374,651,34803,5791,945,41540,303,728,308,32,1376,580,60,2024,591,2044,854,78,3563,662,95,4320,894,2769,1163,113,4946,1243,157,6341,73,59,60,11,205,449,6,662,87,116,61,13,282,213,27,525,209,362,158,30,755,244,43,1042,4,4,0,0,16,9,0,27,372,539,286,52,1253,919,80,2248,10,3,0,0,11,14,0,27,25,3,18,0,52,73,3,128,0,6,9,0,20,21,0,41,15,40,17,0,75,14,3,96,55,61,43,3,158,123,8,286,21,61,21,0,104,48,18,164,9079,22473,8889,817,41260,8125,1201,50580
CED109,6713,13684,2669,279,23343,3767,423,27535,639,486,246,23,1393,1186,61,2644,1639,1646,687,59,4024,1638,126,5787,2271,2130,936,82,5418,2820,187,8428,641,324,251,22,1241,1329,140,2711,1713,1026,821,98,3665,2583,394,6634,1454,756,462,74,2751,1988,232,4968,0,3,0,0,4,8,3,13,3806,2115,1535,198,7658,5900,768,14327,11,3,3,0,17,25,4,41,8,0,4,0,14,18,0,35,0,0,0,0,0,0,0,0,37,51,21,0,109,69,14,190,62,53,23,0,140,104,20,269,43,34,13,3,86,53,5,147,12902,18016,5177,562,36653,12636,1413,50704
CED110,15252,12735,6120,390,34496,10445,1443,46378,1127,363,617,42,2143,2429,185,4765,592,279,344,22,1231,832,116,2181,1719,638,958,61,3378,3265,296,6947,703,270,556,40,1578,2506,231,4316,171,60,115,11,357,492,59,912,400,70,90,6,571,643,87,1308,0,0,0,0,6,11,4,18,1277,407,769,60,2512,3653,378,6547,90,10,6,0,115,242,10,366,170,19,29,5,227,404,19,650,5,7,3,0,12,19,3,40,30,16,17,3,67,48,14,125,300,52,60,12,419,713,43,1174,154,105,45,3,301,223,30,555,18694,13941,7959,518,41111,18302,2190,61604
CED111,9576,15044,4154,377,29150,6094,1114,36357,592,339,395,37,1370,1408,166,2946,1005,909,761,59,2739,1747,312,4794,1595,1248,1158,100,4107,3156,484,7739,924,579,549,71,2130,2385,445,4956,586,286,244,44,1161,1400,391,2953,1260,420,260,71,2009,1398,477,3891,3,3,7,0,10,11,5,27,2774,1291,1060,185,5310,5195,1320,11821,34,16,17,8,66,123,7,194,0,0,6,0,9,15,0,19,0,0,0,0,0,4,0,4,38,51,39,3,124,73,23,222,71,66,61,8,202,213,28,443,105,49,25,3,182,205,15,408,14122,17694,6456,675,38950,14860,2956,56765
CED112,11491,15904,6424,461,34274,8053,1247,43577,1112,324,517,45,1998,2495,123,4606,504,418,518,23,1465,1004,120,2591,1615,738,1033,69,3460,3492,243,7194,430,139,264,26,857,1349,73,2275,110,35,71,3,226,257,30,512,189,64,86,7,347,298,23,672,4,4,3,0,14,18,0,31,733,244,426,33,1442,1926,127,3496,40,9,19,0,69,154,13,238,15,12,19,0,40,41,3,85,0,6,3,0,7,9,0,10,26,44,29,0,104,27,3,136,79,74,70,0,219,231,21,472,44,37,20,6,102,146,3,246,13960,16991,7972,573,39504,13845,1642,54982
CED113,14744,14640,4355,316,34052,9864,920,44839,652,338,273,20,1280,1702,99,3086,490,273,230,30,1023,883,93,1996,1133,610,509,52,2307,2583,189,5079,319,174,175,16,679,1303,111,2091,113,82,30,4,231,330,35,593,188,125,61,12,382,534,46,964,5,7,0,0,12,8,0,16,622,388,263,32,1303,2168,195,3664,37,14,7,0,52,116,0,169,71,27,16,0,105,161,13,279,23,16,9,0,45,48,3,95,33,22,14,3,69,46,3,121,166,71,37,5,278,362,20,660,162,113,38,7,320,215,19,556,16826,15817,5205,411,38259,15196,1339,54799
CED114,16161,15692,5544,444,37841,12645,1370,51859,681,323,367,38,1412,2552,209,4168,81,35,44,3,162,274,37,466,760,358,410,44,1567,2823,246,4633,422,251,208,31,915,1522,135,2571,13,9,0,0,25,58,3,84,7,0,0,0,4,21,0,31,3,0,0,0,6,6,0,11,442,262,214,34,948,1613,141,2698,56,9,10,0,81,151,9,240,88,12,8,0,112,149,20,283,12,10,0,0,25,22,0,41,58,50,13,7,128,66,17,208,205,91,35,9,336,389,47,773,99,85,29,3,213,139,12,367,17668,16488,6228,527,40912,17603,1816,60325
CED115,5601,14881,5253,588,26320,3671,581,30568,173,334,292,23,828,420,18,1267,695,1822,1178,107,3793,890,132,4819,868,2157,1463,128,4620,1316,155,6088,351,589,456,56,1459,948,93,2500,978,1595,999,136,3708,1628,280,5613,594,1003,489,67,2143,643,132,2920,13,29,19,3,67,37,9,112,1935,3224,1962,256,7377,3256,513,11149,0,3,0,0,3,3,0,3,0,0,0,0,3,0,0,3,0,0,3,0,6,4,0,11,38,95,42,11,181,54,15,257,43,101,47,11,194,65,15,273,30,46,31,5,106,56,9,172,8473,20397,8755,993,38617,8360,1274,48247
CED116,17617,12960,5521,368,36459,11466,1184,49112,645,173,258,29,1111,1589,81,2781,471,167,206,6,845,752,61,1660,1119,338,468,35,1958,2336,143,4440,375,132,215,21,735,1264,69,2074,37,11,6,0,51,68,3,123,71,0,3,0,80,135,3,215,0,3,3,0,3,19,0,19,482,143,221,26,876,1482,75,2431,80,21,24,3,124,202,8,336,255,33,24,9,322,488,12,823,5,6,0,0,9,15,0,23,20,20,14,0,52,22,8,80,359,76,68,11,508,723,32,1263,111,79,34,0,228,166,26,423,19689,13599,6302,437,40037,16171,1462,57667
CED117,3059,5316,1450,197,10023,2181,945,13148,2809,3628,911,159,7507,2370,920,10801,2534,3213,801,115,6663,1793,861,9317,5347,6843,1709,276,14174,4161,1781,20121,1779,960,562,127,3421,3075,828,7323,2377,1287,622,157,4443,3518,886,8847,1766,799,310,89,2962,2262,513,5728,77,36,28,7,150,122,35,311,5999,3074,1525,378,10972,8975,2266,22216,0,0,0,0,4,3,0,5,0,0,0,0,0,0,0,3,0,0,0,0,3,0,0,5,255,155,89,27,518,285,186,986,257,154,89,27,523,289,182,996,89,57,16,3,169,179,37,387,14753,15450,4785,882,35869,15784,5213,56867
CED118,7397,19183,4365,474,31407,4882,899,37187,966,2474,542,42,4019,838,87,4941,1047,3219,794,77,5135,897,139,6175,2007,5692,1338,121,9156,1730,226,11113,153,289,80,5,529,362,22,909,79,156,46,8,287,73,14,370,556,747,170,35,1512,432,88,2027,8,7,3,0,14,20,0,35,790,1195,301,53,2341,885,119,3345,0,0,3,0,4,0,0,3,8,3,8,0,22,49,0,70,7,5,0,0,16,11,0,24,15,26,7,6,55,16,9,75,28,38,20,6,94,76,8,176,34,77,18,0,131,59,10,198,10256,26173,6046,651,43128,7628,1263,52020
CED119,8941,19339,3325,316,31924,3919,407,36256,284,352,175,11,826,469,18,1315,893,1381,671,41,2986,920,101,4015,1179,1738,845,53,3811,1395,127,5327,273,187,135,7,597,718,35,1347,783,479,370,40,1673,1155,139,2973,298,172,98,11,578,334,43,953,11,8,3,0,16,6,0,21,1358,842,603,67,2865,2217,211,5293,5,0,0,0,9,7,0,18,6,12,7,0,26,53,3,88,0,0,0,0,0,3,0,3,20,24,15,0,64,28,6,97,37,36,28,0,102,94,14,208,20,26,12,3,67,38,5,112,11538,21982,4806,441,38763,7665,759,47189
CED120,13046,18920,5162,379,37509,7909,822,46231,482,152,170,21,823,1189,38,2048,129,127,123,6,382,266,23,670,613,274,292,26,1206,1456,59,2718,84,26,54,5,176,444,24,635,18,3,4,0,26,82,3,106,4,0,0,0,4,0,0,4,4,0,3,0,8,6,0,16,108,27,60,4,210,527,21,758,21,13,5,0,43,89,0,133,17,9,5,0,28,49,4,81,11,22,4,4,44,23,0,64,29,28,8,0,56,40,0,96,81,65,19,10,169,203,3,381,59,61,18,0,137,81,9,225,13909,19346,5551,426,39229,10176,912,50315
CED121,14346,16873,6597,466,38280,9885,1247,49414,775,251,381,22,1423,1834,85,3343,203,66,119,9,398,528,46,965,972,316,499,28,1822,2358,128,4313,160,61,98,8,324,661,33,1012,47,7,5,0,58,41,4,101,12,3,4,0,21,11,0,29,7,0,0,3,12,6,0,23,219,71,111,10,414,722,34,1162,15,5,8,0,35,72,4,112,51,13,13,0,75,162,13,250,10,7,5,0,24,11,0,31,14,5,11,0,31,29,5,58,97,26,32,0,158,276,15,457,61,63,27,3,156,104,12,273,15702,17340,7276,513,40829,13349,1435,55614
CED122,3865,8447,1873,349,14528,2572,744,17847,767,1416,405,59,2647,975,208,3828,1043,2512,713,92,4356,933,281,5575,1809,3928,1117,153,7003,1907,488,9402,1348,1339,680,127,3491,2431,813,6735,3895,2658,1404,295,8251,5175,2244,15673,3553,2095,758,345,6749,3621,1999,12369,16,14,4,0,31,28,10,70,8815,6100,2849,762,18520,11255,5064,34843,0,0,0,0,0,0,0,0,0,0,0,0,0,3,0,3,0,0,0,0,0,3,0,5,100,81,51,14,241,127,86,456,100,89,50,14,245,131,86,467,31,66,15,3,115,112,23,252,14620,18626,5893,1278,40418,15979,6407,62803
CED123,10435,18603,6218,511,35768,6412,1012,43198,481,382,412,31,1303,1274,82,2654,894,1145,1021,81,3141,1404,214,4761,1374,1526,1436,113,4442,2680,296,7418,221,179,226,24,649,874,66,1587,281,159,204,21,662,718,94,1473,127,72,135,7,343,297,43,683,7,10,7,0,20,16,4,40,636,420,562,61,1677,1900,204,3782,3,0,0,0,7,0,0,6,24,5,3,5,37,77,0,110,4,8,3,0,13,11,3,31,11,8,10,0,35,14,3,54,37,23,20,5,88,103,11,200,43,65,29,6,143,73,8,226,12527,20638,8265,694,42124,11170,1532,54820
CED124,17278,12680,5360,369,35689,10508,1145,47346,1057,188,358,26,1635,2123,108,3871,177,59,104,5,348,247,24,622,1238,253,468,32,1988,2368,130,4489,290,103,241,24,655,1304,81,2038,76,21,48,3,147,233,19,399,125,25,52,4,205,187,18,412,3,3,0,0,6,8,0,14,498,153,335,31,1012,1739,119,2867,160,23,24,8,218,372,16,606,167,19,22,4,214,288,18,520,16,4,8,0,30,30,6,63,36,26,32,0,93,69,15,181,377,75,80,12,548,761,53,1365,102,62,35,0,213,133,17,360,19503,13220,6278,448,39444,15508,1461,56417
CED125,9489,19377,6501,510,35876,5467,808,42155,579,614,601,56,1851,1140,80,3071,484,809,779,47,2121,1098,87,3303,1059,1428,1378,110,3968,2234,164,6373,218,116,116,14,460,496,33,990,84,63,38,6,192,135,11,342,272,127,85,9,483,279,50,810,3,3,0,0,7,10,0,20,575,311,239,26,1147,924,95,2166,0,0,0,0,0,0,0,0,3,0,0,0,3,9,0,9,0,0,5,0,9,4,0,9,11,22,10,0,47,12,7,67,19,24,22,0,60,25,7,95,36,34,9,0,73,43,3,119,11177,21163,8140,641,41126,8699,1081,50901
CED126,8300,16789,2891,244,28229,3840,585,32655,277,170,72,8,519,664,23,1214,862,936,340,26,2163,1085,56,3308,1141,1108,414,31,2687,1752,81,4522,777,516,225,23,1548,1391,94,3029,1736,1164,589,58,3549,2179,284,6015,1206,801,353,49,2409,1426,180,4018,9,9,3,4,21,30,3,53,3733,2488,1172,136,7526,5028,566,13114,0,0,0,0,5,4,0,5,26,11,12,0,47,96,4,147,3,3,3,0,3,0,0,9,49,32,18,3,102,35,5,143,75,47,39,3,159,132,15,304,65,54,19,0,140,85,11,239,13320,20477,4532,416,38736,10839,1257,50828
CED127,12412,16766,5077,356,34607,9011,1149,44766,447,282,339,24,1084,1307,74,2459,223,147,181,7,559,531,47,1131,664,428,514,28,1639,1835,120,3596,106,50,85,16,252,530,47,828,27,10,17,3,59,132,19,211,0,0,3,0,4,7,0,7,3,0,5,0,3,11,0,19,134,56,100,16,318,688,70,1069,6,5,0,0,12,53,3,67,9,0,0,0,14,36,0,43,4,13,0,0,16,6,0,27,18,14,3,0,33,29,3,66,39,32,10,0,72,127,11,209,70,59,21,3,150,117,15,279,13317,17339,5724,402,36788,11771,1361,49918
CED128,7406,17502,5233,570,30707,4779,684,36175,308,481,284,33,1108,666,58,1833,675,2033,734,74,3521,664,95,4277,983,2514,1020,109,4626,1333,149,6106,264,378,251,29,918,743,69,1730,529,814,453,75,1872,772,156,2793,500,825,467,63,1855,666,99,2619,9,17,9,0,37,20,3,53,1298,2028,1180,167,4681,2200,325,7202,8,0,3,3,15,56,3,76,0,0,0,0,0,0,0,3,0,16,5,0,23,8,4,34,30,90,34,3,159,39,7,207,42,104,41,8,200,102,10,311,39,70,27,5,143,68,12,216,9763,22219,7506,861,40349,8479,1179,50016
CED129,8603,22009,3177,283,34074,3558,484,38110,272,192,117,10,584,417,21,1021,1050,2304,622,48,4022,878,167,5062,1313,2492,739,57,4609,1295,182,6080,292,131,72,15,507,691,18,1218,258,275,128,16,682,252,34,970,409,305,132,22,868,387,74,1333,8,3,3,0,15,4,0,18,967,718,334,54,2074,1334,130,3537,4,0,0,0,3,3,0,9,0,0,0,0,0,0,0,0,0,0,0,0,0,0,0,0,0,8,0,0,4,0,0,4,4,6,0,0,13,3,0,15,23,31,15,0,72,38,0,111,10907,25266,4259,392,40833,6228,804,47861
CED130,15537,14061,6059,506,36161,12677,1497,50339,412,208,249,31,898,1582,144,2626,79,32,53,6,169,306,37,516,487,241,299,35,1070,1892,184,3144,206,111,145,13,478,1242,82,1801,9,7,3,0,23,42,3,68,7,0,0,0,8,12,0,21,7,0,0,0,6,0,0,9,229,118,151,17,514,1294,83,1891,56,11,10,0,68,117,3,194,41,8,5,0,56,101,0,153,12,11,3,0,32,17,0,51,86,55,117,11,272,93,18,385,192,86,136,11,426,334,23,780,141,121,49,9,315,173,13,501,16590,14622,6691,580,38484,16363,1806,56655
CED131,10657,14262,5117,569,30604,8762,2433,41795,730,376,466,61,1631,1942,307,3877,1333,748,599,72,2755,1750,583,5089,2061,1122,1065,136,4382,3687,887,8963,538,183,265,43,1031,2183,299,3511,386,110,181,31,710,1179,219,2104,599,140,93,10,838,853,146,1830,28,12,3,3,50,91,14,154,1550,448,541,83,2622,4304,680,7604,0,3,0,0,4,4,4,12,11,0,0,0,12,7,0,26,3,0,0,0,5,4,0,6,31,20,23,3,74,72,13,166,49,25,28,3,99,88,22,209,48,32,17,3,100,137,28,268,14356,15892,6766,788,37813,16982,4052,58846
CED132,4793,10785,1676,198,17450,2692,413,20558,567,794,183,22,1567,502,105,2175,1420,1563,420,45,3449,1172,260,4882,1987,2358,604,64,5018,1669,364,7053,1382,964,376,89,2811,1923,422,5155,3067,1916,731,150,5869,3677,859,10407,5967,3072,1085,306,10428,7163,1291,18882,22,10,4,0,35,27,3,66,10440,5964,2196,545,19143,12793,2578,34516,0,0,0,0,0,0,0,3,0,0,0,0,0,3,0,3,0,0,0,0,0,0,0,0,36,20,10,5,74,47,10,134,36,20,10,5,71,55,10,146,37,49,8,5,98,92,8,200,17295,19182,4496,817,41790,17303,3379,62469
CED133,16411,13999,6600,517,37530,12027,1724,51279,534,178,322,20,1057,1692,92,2842,231,136,209,20,584,594,79,1259,758,312,531,39,1643,2283,169,4098,322,139,311,31,800,1504,125,2433,32,22,24,3,79,105,16,198,0,0,0,0,3,8,0,10,0,0,0,0,0,10,0,11,357,161,332,34,878,1628,145,2654,161,24,33,3,225,458,10,701,126,24,23,8,175,271,25,475,32,22,23,0,74,93,3,174,94,63,27,7,190,77,10,281,424,135,99,13,670,904,53,1626,115,69,38,3,220,151,7,381,18060,14670,7605,606,40941,16999,2097,60035
CED134,14292,13927,6701,620,35527,12792,1264,49585,320,194,180,25,720,965,75,1752,36,14,17,3,65,77,10,157,361,207,191,26,787,1036,86,1910,438,146,202,29,823,1941,102,2863,12,5,6,0,25,37,0,62,8,0,4,0,8,53,0,64,4,0,0,0,4,3,0,11,456,150,215,36,858,2039,104,3002,61,13,5,0,81,160,7,247,12,10,6,0,17,39,0,60,35,21,7,0,66,106,9,180,55,55,23,0,133,70,9,212,157,98,43,0,299,379,24,706,140,108,51,10,298,192,11,500,15406,14489,7195,686,37775,16438,1484,55700
CED135,5172,11899,3108,462,20637,3778,851,25260,400,599,217,32,1248,958,106,2304,1409,3381,936,113,5834,1362,355,7552,1806,3975,1157,146,7084,2321,454,9854,1124,1794,439,111,3464,1610,291,5364,2159,3345,964,198,6660,2512,629,9806,2621,3435,699,208,6960,2185,807,9956,17,9,4,0,30,19,0,53,5915,8586,2100,517,17117,6323,1731,25174,3,0,0,0,4,0,0,3,0,3,0,0,3,0,0,4,0,0,0,0,0,0,0,0,40,120,23,6,185,53,31,270,46,122,20,6,195,57,31,283,54,95,18,5,170,134,25,332,12994,24675,6403,1125,45207,12615,3089,60905
CED136,13865,16352,6324,495,37045,9056,1159,47257,997,321,603,41,1964,2181,120,4268,583,337,343,14,1274,828,93,2195,1582,661,946,53,3242,3006,215,6466,129,43,109,18,296,736,30,1067,58,11,13,0,83,112,6,201,112,16,27,3,163,177,19,357,0,0,7,0,8,10,0,18,303,74,153,21,550,1033,51,1640,42,9,12,0,62,92,6,162,79,8,11,0,102,165,9,278,7,7,4,0,21,6,0,24,26,16,16,0,67,28,4,99,157,41,51,3,251,296,20,566,121,41,29,3,193,318,12,519,16022,17173,7511,580,41284,13715,1455,56447
CED137,4805,11096,2261,365,18525,3060,741,22323,373,598,184,26,1177,465,82,1726,943,1651,480,55,3126,607,184,3919,1311,2248,665,81,4302,1076,266,5646,1407,1164,502,103,3178,1967,441,5585,2104,1976,700,170,4955,2008,819,7777,6478,4488,1446,455,12871,4512,2436,19818,14,12,5,0,33,15,5,51,10008,7634,2658,731,21033,8502,3700,33230,0,0,0,0,0,0,0,0,0,0,0,0,6,0,0,6,0,0,0,0,0,0,0,0,145,101,34,11,296,115,66,482,146,107,34,11,299,115,66,488,79,77,31,10,195,121,52,370,16348,21160,5646,1198,44361,12874,4824,62053
CED138,12386,12371,4776,336,29882,8058,1755,39695,1618,696,832,70,3220,2843,295,6351,1016,657,618,27,2312,1494,233,4041,2631,1355,1447,96,5533,4335,525,10394,572,228,381,29,1208,1720,181,3114,374,130,256,20,776,727,105,1607,323,47,60,6,439,346,28,806,7,5,3,0,18,19,3,33,1279,418,699,57,2444,2807,312,5560,220,37,35,5,295,641,19,952,250,33,57,3,348,523,28,900,9,8,9,0,23,38,3,66,29,19,14,3,69,46,8,123,510,95,115,15,726,1249,62,2036,156,73,39,3,266,233,29,528,16962,14312,7075,502,38850,16680,2688,58217
CED139,15414,14946,6051,541,36949,12364,1395,50709,353,120,118,13,605,1061,72,1734,42,18,11,7,78,127,30,232,401,136,135,16,686,1188,98,1973,463,230,234,36,965,2210,152,3324,10,0,4,0,21,81,7,106,10,0,0,0,10,20,0,33,3,3,0,0,9,6,0,12,482,240,242,39,997,2315,158,3476,33,8,3,0,43,62,0,103,16,8,4,0,27,29,8,59,7,3,6,0,17,12,0,37,77,76,36,0,194,91,19,295,135,90,44,0,277,196,28,496,96,88,29,3,212,124,13,355,16531,15494,6491,602,39118,16189,1696,57001
CED140,11094,14590,4872,368,30929,8137,1128,40193,1219,340,520,55,2127,2406,111,4647,746,430,460,20,1658,1236,127,3021,1964,772,973,81,3789,3648,234,7672,795,324,372,39,1529,1892,165,3582,255,112,113,15,492,446,69,1005,267,123,103,11,506,370,59,937,4,0,8,0,13,24,0,35,1322,563,596,59,2535,2734,294,5559,12,6,10,0,22,44,3,73,72,37,50,7,159,244,25,425,0,0,0,0,0,3,0,3,16,12,14,3,42,27,3,68,99,51,69,10,225,324,29,575,55,29,24,3,115,148,7,275,14533,15998,6545,516,37591,14986,1695,54272
CED141,13803,15841,5936,424,35999,9482,1093,46586,820,229,414,32,1496,1892,98,3496,397,215,311,16,932,686,87,1701,1217,443,729,42,2428,2582,186,5192,275,87,220,17,589,1073,66,1725,28,6,6,3,42,115,3,167,145,27,23,3,195,186,20,407,7,0,5,0,16,11,0,28,449,124,259,17,846,1388,87,2319,26,3,3,0,34,52,4,87,29,3,11,3,42,167,3,218,8,8,0,0,14,6,0,21,15,21,11,0,46,31,7,85,74,32,33,4,138,254,17,410,27,20,9,0,59,42,7,107,15573,16451,6957,486,39478,13747,1392,54618
CED142,455,591,157,30,1230,400,153,1786,1174,754,295,63,2289,1175,589,4049,3500,2538,1061,251,7353,3150,2609,13111,4672,3289,1363,314,9638,4326,3190,17155,589,137,98,30,862,1212,318,2388,2300,648,454,146,3542,3737,1143,8421,16007,4350,1764,1105,23232,19117,8034,50384,14,3,0,0,10,6,11,29,18912,5133,2319,1284,27644,24073,9502,61223,0,0,0,0,0,0,0,3,0,0,0,0,3,0,0,6,7,0,0,0,7,35,0,41,69,36,14,3,123,146,98,375,79,36,9,3,135,182,102,419,97,61,16,9,185,239,91,516,24216,9106,3863,1650,38838,29228,13036,81100
CED143,4948,12508,1889,189,19541,2630,396,22563,430,702,184,7,1318,459,64,1843,1009,1148,290,18,2462,746,132,3333,1438,1852,471,26,3786,1205,193,5176,1787,1281,495,57,3629,2229,399,6256,3729,2015,909,155,6803,4368,957,12123,2644,994,415,75,4132,3241,522,7897,28,28,14,0,68,36,7,105,8194,4318,1831,289,14634,9872,1877,26380,0,0,0,0,0,0,0,3,0,3,0,0,7,6,0,11,0,0,0,0,3,25,0,32,48,32,26,0,112,46,20,176,56,34,23,3,117,80,20,220,27,49,19,0,99,77,15,188,14657,18768,4235,509,38170,13859,2496,54524
CED144,4780,12775,3509,479,21544,3624,712,25889,472,857,347,47,1726,705,101,2533,1143,3057,972,94,5267,1041,183,6493,1619,3914,1319,137,6997,1748,287,9029,2224,3339,1250,234,7045,2748,793,10590,1269,1950,737,114,4070,1391,390,5850,511,594,213,57,1376,419,187,1982,15,19,0,0,32,10,10,57,4016,5907,2197,402,12520,4576,1381,18477,0,0,0,0,3,0,0,3,0,3,0,0,3,0,0,3,0,0,0,0,0,0,0,0,61,105,50,11,224,69,34,331,66,104,54,11,230,71,34,339,55,81,24,10,167,196,25,388,10531,22778,7105,1036,41455,10222,2446,54119
CED145,2233,5156,767,106,8257,1225,263,9747,778,1346,339,43,2506,754,250,3512,2005,3078,709,95,5889,1481,665,8031,2785,4424,1051,140,8398,2233,909,11540,1599,1196,486,80,3364,1978,768,6107,4210,1985,825,187,7204,4922,1856,13975,4189,1395,638,155,6377,6662,1375,14413,32,26,7,0,59,27,16,96,10021,4600,1960,418,16997,13586,4012,34594,0,0,0,0,0,0,0,3,0,0,0,0,0,0,0,3,0,0,0,0,0,0,0,0,156,100,54,7,317,238,61,615,162,100,54,7,319,240,61,618,76,67,12,4,160,139,22,319,15279,14341,3838,674,34131,17424,5259,56820
CED146,6728,22013,6214,517,35475,4251,536,40259,327,554,310,36,1220,652,54,1923,632,1611,873,57,3168,916,93,4176,965,2162,1180,90,4395,1566,140,6104,58,50,83,9,199,405,16,616,34,30,59,6,128,353,17,499,0,0,0,0,6,3,0,12,5,6,11,0,26,17,0,44,100,89,152,20,360,776,38,1168,3,0,0,0,4,30,0,27,0,0,0,0,3,0,0,0,4,6,0,0,11,10,0,15,7,8,4,0,16,11,0,31,10,15,4,0,31,44,4,81,119,50,13,3,185,107,0,299,7921,24334,7563,623,40439,6753,721,47915
CED147,13261,16828,6087,415,36595,8373,840,45809,827,291,436,34,1592,1786,91,3465,546,382,375,23,1337,854,84,2277,1371,677,817,59,2921,2645,176,5745,273,136,244,15,671,1067,60,1794,4,3,6,0,15,19,0,38,0,0,0,0,0,3,0,3,0,8,3,0,10,15,0,26,275,145,253,15,698,1105,62,1857,14,3,7,0,27,112,6,146,72,12,18,3,107,167,4,282,3,0,0,0,3,0,0,3,25,24,17,0,63,28,5,100,119,36,46,3,202,311,14,532,89,39,26,3,153,119,13,285,15121,17727,7229,498,40573,12545,1107,54222
CED194,0,0,0,0,0,0,0,0,0,0,0,0,0,0,0,0,0,0,0,0,0,0,0,0,0,0,0,0,0,0,0,0,0,0,0,0,0,0,0,0,0,0,0,0,0,0,0,0,0,0,0,0,0,0,0,0,0,0,0,0,0,0,0,0,0,0,0,0,0,0,0,0,0,0,0,0,0,0,0,0,0,0,0,0,0,0,0,0,0,0,0,0,0,0,0,0,0,0,0,0,0,0,0,0,0,0,0,0,0,0,0,0,0,0,0,0,0,0,0,0,0,0,0,0,0,0,0,0
CED197,0,0,0,0,0,0,0,0,0,0,0,0,0,0,0,0,0,0,0,0,0,0,0,0,0,0,0,0,0,0,0,0,0,0,0,0,0,0,0,0,0,0,0,0,0,0,0,0,0,0,0,0,0,0,0,0,0,0,0,0,0,0,0,0,0,0,0,0,0,0,0,0,0,0,0,0,0,0,0,0,0,0,0,0,0,0,0,0,0,0,0,0,0,0,0,0,0,0,0,0,0,0,0,0,0,0,0,0,0,0,0,0,0,0,0,0,0,0,0,0,0,0,0,0,0,0,0,0
CED201,9858,17954,4549,423,32782,5952,835,39570,1020,617,415,35,2088,1885,110,4087,457,536,223,33,1251,458,76,1786,1470,1153,641,71,3340,2342,189,5869,209,67,45,9,334,413,24,770,42,17,33,0,100,126,12,234,34,14,19,0,66,74,3,149,0,0,0,0,0,3,0,6,292,100,104,13,497,618,35,1159,4,0,0,0,10,14,0,26,16,0,8,0,25,80,0,102,0,0,0,0,0,0,0,0,26,48,22,3,103,25,5,132,54,52,28,3,134,122,4,261,19,17,10,0,45,37,0,85,11689,19275,5334,504,36805,9074,1068,46946
CED202,13681,15583,5813,428,35503,11721,1733,48951,1014,692,602,62,2376,2927,322,5628,135,74,98,13,322,208,66,594,1148,771,706,76,2701,3137,388,6218,171,60,117,8,353,876,73,1298,13,9,3,0,25,36,12,70,0,0,0,0,0,0,0,0,0,0,0,0,0,0,0,4,181,67,119,12,375,912,79,1370,8,3,4,0,17,46,3,66,18,0,0,0,28,44,0,73,4,3,3,0,9,5,0,14,131,99,43,4,281,124,9,417,169,106,47,6,336,221,15,574,71,62,26,8,161,141,19,322,15252,16582,6712,526,39070,16141,2226,57439
CED203,8042,13051,3874,617,25584,7120,2296,34998,2156,1967,850,160,5140,3536,804,9471,1839,1594,584,145,4164,1737,797,6697,3996,3567,1437,302,9298,5272,1596,16172,1173,446,275,82,1977,2639,527,5141,421,112,96,27,665,806,218,1689,587,152,90,43,874,808,213,1901,0,0,0,0,0,3,0,5,2190,718,461,156,3516,4255,962,8733,0,0,0,0,0,0,0,0,0,0,0,0,0,0,0,4,0,0,0,0,0,0,0,0,67,50,28,8,151,103,60,313,67,50,27,8,149,108,58,318,51,47,17,4,116,76,21,212,14342,17422,5822,1087,38674,16820,4934,60427
CED204,14806,15311,5993,521,36643,12819,1778,51243,489,162,341,46,1032,2060,200,3295,104,33,57,13,204,161,43,405,589,198,392,57,1236,2225,244,3701,86,43,62,3,195,395,32,619,13,4,0,0,16,39,4,56,0,0,0,0,0,17,0,16,0,0,0,0,3,0,0,3,96,50,69,3,215,450,34,699,8,3,4,0,21,92,3,121,22,3,3,0,30,76,0,103,3,3,0,0,7,9,0,14,35,20,13,0,74,42,3,118,78,32,22,0,132,220,10,353,89,56,20,0,168,110,14,289,15658,15646,6501,585,38387,15818,2080,56291
CED205,9613,16322,4689,663,31294,6309,1379,38983,1129,1494,612,98,3335,1778,270,5381,562,964,303,60,1887,366,200,2451,1691,2460,915,158,5222,2140,470,7833,854,1037,466,95,2447,1371,294,4115,197,106,55,12,369,290,49,714,159,63,29,28,288,218,92,594,4,0,0,0,9,5,0,14,1216,1201,556,136,3115,1885,435,5434,0,3,0,0,3,24,3,28,13,5,0,0,19,52,0,74,0,0,0,0,3,4,0,7,35,59,27,9,127,47,5,177,52,64,31,9,153,122,11,283,22,22,9,7,62,60,14,129,12596,20072,6195,973,39841,10512,2302,52659
CED206,8632,20495,5967,562,35657,5698,770,42128,752,1210,638,64,2670,1430,150,4250,445,780,343,41,1606,414,90,2117,1196,1995,982,106,4278,1847,246,6369,168,336,144,19,670,299,60,1028,11,9,6,0,24,26,3,51,7,22,20,0,51,49,0,101,0,0,3,0,4,3,0,4,190,363,176,26,751,368,67,1185,0,0,0,0,3,13,0,15,17,3,6,0,29,144,4,174,0,0,0,0,0,0,0,0,23,57,53,0,129,44,6,182,41,65,61,0,161,197,16,371,13,35,12,3,65,52,11,128,10075,22943,7201,695,40910,8165,1107,50179
CED207,12526,17872,5474,422,36298,8654,963,45916,556,198,266,21,1037,1399,49,2486,186,135,150,3,480,205,30,720,744,335,412,24,1518,1606,84,3208,25,21,20,3,68,83,3,153,37,0,0,0,37,14,0,49,0,0,0,0,3,0,0,3,3,0,3,0,3,3,0,8,59,25,22,3,113,103,3,213,15,3,6,0,27,84,0,115,24,0,3,0,24,69,0,95,3,9,0,0,8,4,0,12,6,12,5,0,23,14,0,33,46,24,14,0,86,165,4,259,36,42,25,3,112,67,3,184,13422,18303,5948,453,38120,10594,1056,49773
CED208,8369,14536,3716,603,27218,6378,2280,35877,1782,1669,705,106,4255,2755,513,7518,1137,1492,553,123,3303,769,901,4981,2914,3155,1258,227,7557,3525,1412,12501,1359,1387,573,111,3430,2143,502,6068,391,148,95,42,680,715,241,1629,280,70,82,37,468,726,151,1348,0,0,0,0,5,4,0,9,2031,1607,757,189,4582,3582,894,9055,0,3,0,0,3,0,0,3,0,0,0,0,0,0,0,0,0,0,0,0,0,0,0,0,12,16,3,0,37,8,4,52,12,18,3,0,39,11,4,56,41,52,18,0,106,87,32,225,13375,19369,5748,1019,39508,13579,4633,57713
CED209,14528,17415,4725,415,37081,10421,1465,48963,772,300,273,33,1382,2136,188,3707,270,170,81,8,525,326,70,919,1040,473,357,45,1906,2461,262,4631,77,34,32,0,137,277,19,439,9,6,0,0,13,24,0,36,0,0,0,0,0,4,0,10,3,0,0,0,3,0,0,3,92,44,32,0,160,303,19,486,14,13,3,0,28,58,0,83,30,6,8,0,46,126,9,183,3,6,0,0,15,7,0,20,27,74,14,0,118,36,17,175,76,101,27,0,204,225,27,460,60,48,15,0,125,73,12,207,15797,18069,5147,462,39476,13492,1779,54750
CED210,13142,14631,6401,521,34701,11948,1545,48196,887,402,508,47,1842,2875,215,4931,332,179,133,24,671,402,102,1175,1220,576,641,72,2509,3284,312,6102,332,147,153,13,648,1153,104,1906,15,3,6,0,25,71,14,107,41,12,8,0,58,110,16,186,0,0,0,0,0,7,0,3,396,165,161,15,732,1342,131,2207,0,3,4,0,10,17,0,25,17,0,3,0,20,78,0,100,0,0,0,0,0,0,0,0,27,38,5,3,67,48,10,129,38,47,11,3,98,143,13,255,40,42,22,0,104,71,14,185,14835,15460,7237,617,38147,16788,2015,56949
CED211,10833,16886,4572,501,32792,9265,1217,43272,1439,1154,636,64,3292,2840,301,6428,560,675,248,33,1522,502,120,2148,2001,1829,880,98,4815,3344,420,8576,137,132,86,15,365,293,42,705,157,61,52,10,282,244,48,567,166,38,29,7,234,273,38,545,3,0,0,0,3,7,0,8,455,232,161,26,883,816,124,1829,0,0,0,0,0,0,0,0,0,0,0,0,3,3,0,3,0,0,0,0,0,0,0,0,7,11,5,0,20,10,3,32,5,10,5,0,26,15,3,41,27,34,12,0,64,52,11,129,13322,18996,5629,638,38583,13484,1780,53847
CED212,11532,15583,5834,461,33412,8763,1184,43361,1144,465,661,64,2330,3403,183,5912,489,268,292,23,1068,568,84,1726,1638,729,950,81,3398,3966,264,7634,701,208,316,33,1261,1921,131,3320,34,11,12,0,54,112,9,182,16,0,3,0,21,48,9,73,0,0,0,0,0,8,0,9,747,219,336,40,1344,2090,144,3580,4,3,4,0,11,11,0,22,38,9,9,3,53,235,0,296,0,0,0,0,0,0,0,0,12,13,5,0,29,9,3,41,48,25,22,3,97,260,7,361,17,16,11,0,41,40,4,85,13984,16577,7150,583,38293,15122,1600,55020
CED213,15632,15915,5397,356,37300,11791,1082,50175,1091,324,461,38,1917,2344,85,4334,343,208,164,7,721,326,29,1080,1439,533,625,39,2635,2666,111,5412,113,32,35,3,179,326,14,519,6,0,3,0,11,23,0,33,9,3,0,0,14,5,0,24,0,0,0,0,0,0,0,3,128,36,36,5,203,358,21,581,39,4,4,0,48,139,6,190,36,5,13,0,54,158,3,217,4,9,0,0,9,13,0,23,7,7,3,0,20,13,0,36,83,27,23,0,133,320,11,466,60,39,15,0,113,79,0,194,17338,16546,6089,409,40381,15215,1227,56821
CED214,9164,14254,4537,707,28663,7783,1928,38380,1511,1353,693,109,3659,2462,325,6446,2008,2269,751,123,5153,1272,495,6911,3521,3618,1441,234,8807,3728,818,13358,1103,723,444,121,2392,2460,433,5281,373,150,82,36,633,698,157,1492,416,127,103,46,695,907,220,1823,10,5,3,0,17,22,6,44,1898,1009,635,203,3735,4088,812,8639,0,3,0,0,5,22,0,31,3,0,0,0,4,31,0,38,0,3,0,0,3,3,0,4,58,40,23,3,128,70,33,223,62,44,21,3,138,126,39,296,41,35,12,3,101,118,18,231,14687,18966,6641,1150,41446,15836,3620,60896
CED215,15847,13393,5465,411,35113,13153,1279,49548,274,93,108,9,492,1297,64,1847,31,24,36,3,94,139,5,244,309,116,144,17,587,1441,71,2094,255,85,167,13,527,1267,68,1864,8,5,0,0,15,10,5,31,0,0,0,0,0,0,0,0,0,0,0,0,0,4,0,4,267,91,170,13,539,1281,76,1898,35,7,8,0,53,111,5,171,67,9,5,0,80,142,12,235,5,6,0,0,16,11,0,28,27,19,6,0,54,40,4,100,131,38,26,0,202,315,22,535,84,61,34,0,175,197,5,381,16633,13700,5839,443,36611,16385,1447,54441
CED216,7429,15621,2818,293,26167,5270,633,32063,1888,1530,681,73,4171,3026,280,7479,1599,2121,566,49,4335,1181,148,5666,3487,3648,1249,121,8507,4205,424,13145,1159,615,391,48,2221,2246,348,4817,534,164,120,17,835,748,109,1692,426,113,118,19,678,772,61,1514,4,0,0,0,4,11,0,18,2120,891,631,88,3734,3780,518,8035,0,0,0,0,0,0,0,0,0,0,0,0,0,0,0,0,0,0,0,0,0,0,0,0,76,41,32,0,153,94,24,267,76,43,32,0,153,99,24,268,51,70,22,0,139,55,11,202,13165,20276,4744,514,38704,13410,1604,53716
CED217,10795,25038,7535,642,44013,7251,1158,52421,821,1208,651,63,2740,1424,122,4291,381,713,398,38,1531,356,80,1969,1200,1927,1055,96,4275,1780,202,6255,46,72,63,7,178,249,12,436,15,3,15,0,34,15,4,47,27,17,9,4,59,33,7,96,4,0,0,0,4,7,0,14,88,99,85,8,274,299,15,587,9,0,0,0,11,28,0,40,6,0,0,0,8,57,0,65,3,0,0,0,4,0,0,4,3,13,5,0,24,6,0,34,20,16,8,0,45,93,6,141,25,35,18,0,73,28,3,107,12129,27117,8692,745,48690,9450,1382,59516
CED218,4898,10508,1771,252,17421,3336,779,21533,2223,1834,609,130,4799,2828,753,8386,1673,1555,476,73,3770,1275,428,5471,3898,3388,1084,201,8569,4102,1179,13856,2337,961,450,159,3906,3803,979,8691,2421,542,286,210,3457,3976,1213,8649,2591,475,394,196,3662,4365,1077,9107,3,4,0,0,5,9,0,16,7354,1977,1127,570,11028,12154,3272,26454,0,0,3,0,3,0,0,4,0,3,0,0,3,0,0,8,0,0,0,0,0,4,0,0,78,33,7,9,118,128,36,284,78,35,3,9,122,134,36,295,46,38,14,3,96,76,21,197,16268,15936,4005,1034,37243,19805,5296,62343
CED219,11380,26016,7167,683,45252,7151,1299,53700,1085,1562,641,57,3333,1464,140,4946,243,545,166,22,972,195,44,1208,1325,2099,808,71,4309,1663,183,6157,101,80,75,9,264,318,16,596,3,3,3,0,15,30,0,39,3,6,0,0,9,3,0,14,0,0,3,0,3,3,0,3,101,91,79,12,285,350,16,651,3,0,3,0,5,29,0,33,8,6,6,0,21,59,0,80,0,0,0,0,0,0,0,0,8,35,22,5,70,41,8,116,23,40,34,6,95,120,8,227,20,29,10,3,60,32,3,94,12854,28277,8092,780,50005,9314,1516,60831
CED220,8442,16156,4696,614,29904,6275,1159,37335,1513,1571,720,113,3918,2347,307,6568,728,1150,338,60,2275,440,257,2972,2235,2722,1052,172,6194,2789,563,9544,924,830,386,63,2198,1600,191,3987,173,54,36,17,283,181,56,526,161,48,45,17,269,249,39,550,0,0,0,0,3,0,0,3,1258,935,463,99,2754,2034,287,5068,3,3,0,0,9,57,0,63,0,0,0,0,0,14,0,19,0,0,0,0,0,0,0,0,21,13,16,0,52,28,3,86,26,17,12,0,56,102,4,168,22,41,18,5,83,75,13,171,11983,19865,6244,893,38989,11276,2021,52285
CED221,15588,13515,4975,377,34457,12101,1199,47757,480,151,249,24,913,1863,117,2897,33,17,31,4,89,77,14,178,514,173,278,32,1002,1945,132,3076,152,43,101,8,304,786,55,1151,6,3,10,0,17,27,7,51,8,12,6,0,28,47,3,78,0,3,0,0,3,3,0,3,177,64,112,8,357,863,65,1291,35,13,8,0,47,121,3,172,25,8,9,0,33,84,3,124,9,4,0,0,16,17,0,36,30,34,14,0,77,58,3,134,92,52,24,3,178,278,13,458,117,76,35,3,230,112,6,354,16495,13882,5432,420,36223,15298,1417,52937
CED222,7955,16385,4268,439,29047,5544,931,35528,1903,1618,903,93,4514,3520,271,8308,1466,1671,579,57,3778,1058,173,5011,3371,3289,1480,150,8291,4583,446,13319,1188,722,516,56,2488,2538,194,5220,169,52,58,5,285,283,28,599,137,54,49,5,252,217,41,507,3,0,0,0,5,7,0,16,1504,834,623,72,3031,3048,260,6344,14,5,0,0,14,56,3,72,51,9,20,6,80,257,4,346,0,0,0,0,0,4,0,4,16,22,12,5,58,20,3,81,78,35,32,10,154,334,16,497,43,42,17,0,106,51,15,165,12946,20596,6421,666,40627,13562,1672,55853
CED223,10366,17202,4140,466,32183,7072,935,40196,877,673,491,68,2114,2226,186,4526,695,747,386,42,1866,688,129,2677,1571,1421,877,114,3981,2910,314,7206,561,365,268,46,1236,1153,133,2523,72,15,22,4,113,106,28,244,99,26,29,7,161,163,19,339,3,0,0,0,3,3,0,7,740,409,315,55,1522,1421,177,3116,0,0,0,0,0,3,0,6,3,0,0,0,3,0,0,3,0,3,0,0,3,0,0,3,10,13,10,0,31,18,3,47,11,17,11,0,36,17,3,61,43,35,3,0,81,55,9,143,12730,19086,5346,637,37793,11484,1436,50718
CED224,6243,14163,2561,368,23333,4065,716,28117,1655,1635,622,99,4012,2426,340,6782,1084,1453,516,72,3131,791,209,4135,2737,3086,1139,170,7142,3222,555,10912,1356,666,339,120,2482,2361,665,5506,1203,411,184,124,1921,1775,644,4346,953,236,123,86,1402,1563,291,3253,0,0,0,0,0,0,0,0,3508,1311,650,329,5804,5701,1604,13102,0,0,0,0,0,0,0,4,0,0,0,0,0,0,0,0,0,0,0,0,0,0,0,3,39,27,14,4,83,38,26,145,47,29,14,4,87,36,26,155,51,41,9,0,106,65,15,179,12588,18630,4378,876,36472,13082,2910,52464
CED225,11472,22339,5117,419,39342,7106,990,47443,556,314,226,22,1121,1056,49,2226,228,234,186,10,662,257,32,948,783,549,418,32,1783,1315,82,3181,90,35,36,5,169,290,3,459,3,0,0,0,6,9,0,18,3,0,0,0,3,0,0,3,0,0,0,0,0,0,0,0,98,35,33,5,176,299,5,486,3,0,0,0,3,0,0,3,8,3,0,0,10,35,0,49,0,0,3,0,3,0,0,3,5,10,8,0,20,8,0,25,14,9,7,0,40,44,0,84,27,31,13,3,75,36,4,112,12403,22969,5588,460,41413,8807,1083,51300
CED226,12643,29616,7405,667,50337,8009,1536,59880,1776,2909,892,90,5668,1999,211,7883,588,978,308,44,1925,469,119,2511,2365,3891,1198,137,7590,2470,329,10391,273,320,190,28,812,520,67,1402,15,0,5,0,20,17,0,42,21,7,4,0,35,44,0,85,0,0,0,0,0,0,0,4,309,332,201,28,871,589,64,1530,23,3,7,0,33,71,8,106,0,0,0,0,8,4,0,6,0,0,0,0,0,0,0,0,0,12,0,0,10,0,0,18,23,13,7,0,53,77,4,129,13,32,3,0,52,38,3,91,15360,33886,8822,831,58896,11177,1939,72018
CED227,14492,13138,4829,433,32891,12461,1258,46620,548,158,219,29,950,1577,90,2621,28,5,13,0,48,42,6,93,572,169,228,29,1000,1623,96,2711,298,124,172,21,612,1693,118,2422,0,0,0,0,0,0,0,0,0,0,0,0,0,0,0,0,0,0,0,0,0,5,0,5,298,124,172,22,610,1704,118,2426,55,10,3,0,74,161,6,239,33,5,4,3,49,85,12,142,3,3,3,0,8,13,3,23,50,22,11,0,84,54,0,136,142,41,26,3,215,307,23,547,123,79,36,8,233,126,9,368,15616,13544,5291,492,34948,16218,1507,52681
CED228,8521,15279,5005,700,29501,6802,1242,37548,1040,1096,704,124,2964,1907,261,5126,1758,2341,801,157,5056,1451,516,7027,2794,3433,1509,284,8017,3361,777,12152,1001,719,459,109,2289,1871,302,4458,360,140,62,21,584,737,134,1453,645,188,106,47,987,939,195,2117,6,3,3,0,17,8,4,30,2013,1047,632,177,3869,3555,628,8055,0,0,0,0,0,0,0,0,4,3,0,0,8,7,0,14,0,0,0,0,0,3,0,3,41,53,30,4,125,49,19,196,45,55,30,4,131,60,24,214,52,36,15,3,110,72,15,192,13417,19852,7188,1162,41626,13851,2689,58164
CED229,14838,28289,7255,536,50917,8944,1092,60950,689,731,442,31,1891,1152,69,3107,342,476,342,17,1182,357,81,1618,1031,1209,785,51,3068,1507,145,4719,292,191,209,20,709,871,52,1631,5,9,3,0,22,13,10,47,0,3,0,0,3,3,0,4,0,0,0,0,0,0,0,0,299,205,215,20,739,887,64,1685,7,0,0,0,12,23,0,36,10,10,3,0,17,29,0,50,3,0,0,0,5,8,0,13,6,7,9,0,19,6,3,33,27,16,9,0,54,70,7,125,41,59,14,0,109,48,9,168,16237,29777,8277,602,54889,11448,1313,67648
CED230,16149,17902,6499,449,40999,12481,1282,54756,620,256,364,33,1280,1979,93,3354,108,82,114,3,302,166,22,492,729,341,480,36,1585,2147,118,3849,310,35,95,16,457,998,35,1486,0,0,0,0,0,0,0,0,4,0,0,0,4,0,0,4,0,3,0,0,3,3,0,3,313,36,95,16,458,1000,35,1489,18,4,8,3,34,116,0,150,40,8,13,0,59,128,0,192,6,3,0,0,3,9,0,13,20,15,4,0,37,25,0,68,85,27,20,3,140,283,3,429,54,45,11,0,117,88,10,207,17335,18359,7103,504,43296,15995,1443,60734
CED231,2147,2794,662,150,5757,1822,1044,8625,3039,2094,654,198,5981,2805,1774,10554,3020,2416,753,231,6421,2112,1941,10471,6053,4513,1405,428,12403,4916,3714,21028,1309,375,237,102,2019,2265,759,5043,2277,705,554,199,3743,4146,1254,9143,9745,3048,2325,1618,16737,16195,8714,41643,10,3,3,0,13,12,6,26,13339,4125,3123,1918,22509,22616,10736,55854,0,0,0,0,0,0,0,0,0,0,0,0,0,3,0,6,0,0,0,0,0,51,0,57,93,38,15,12,156,110,82,348,93,38,13,12,160,166,84,411,121,71,24,21,235,236,101,570,21760,11540,5225,2528,41061,29756,15679,86495
CED232,2305,4024,672,92,7095,1526,409,9027,2076,2203,565,99,4943,2212,487,7645,1969,2194,597,88,4842,1539,458,6839,4047,4395,1166,178,9790,3751,946,14481,2422,972,476,159,4031,4292,1163,9483,3391,937,594,206,5123,6463,1569,13156,7209,1806,928,527,10470,8952,2620,22047,17,5,4,0,31,26,3,66,13040,3724,2006,893,19666,19728,5356,44750,0,0,0,0,0,0,0,3,0,0,0,0,3,0,0,3,0,0,0,0,0,0,0,0,164,45,28,11,251,247,65,566,170,45,32,11,256,257,67,570,68,38,12,3,118,135,23,279,19629,12229,3884,1185,36921,25394,6795,69108
CED233,10254,17160,3539,391,31347,5602,638,37594,630,589,330,37,1584,1026,76,2688,925,1566,461,56,3016,586,122,3719,1554,2155,787,93,4600,1613,197,6407,258,236,109,12,617,432,39,1090,127,73,54,16,258,198,18,479,364,142,109,21,638,413,56,1102,0,3,0,0,3,0,0,6,745,453,268,46,1513,1041,122,2676,5,0,0,0,9,10,0,14,0,3,0,0,4,0,0,3,0,0,0,0,0,0,0,0,7,7,4,0,18,3,0,25,11,9,6,0,25,9,0,41,22,27,9,0,54,94,0,157,12594,19800,4616,537,37548,8368,953,46867
CED234,14978,14061,5369,385,34791,11903,1253,47950,572,281,274,28,1153,1977,138,3266,28,22,12,0,64,56,18,135,605,303,282,34,1217,2027,154,3406,177,58,91,9,332,850,36,1214,3,0,0,0,3,18,0,21,0,0,0,0,0,3,0,3,0,0,0,0,3,3,0,5,177,55,95,10,336,876,36,1253,40,9,3,0,63,199,0,260,50,12,14,0,77,145,5,238,7,4,3,0,15,14,0,37,25,36,13,0,78,36,12,123,130,64,41,0,232,393,24,650,91,53,17,3,157,103,13,278,15973,14540,5797,430,36746,15307,1477,53532
CED235,10774,21542,5754,590,38662,6567,946,46174,833,1132,460,59,2483,1035,163,3677,533,851,356,58,1795,442,139,2377,1368,1983,811,113,4272,1471,306,6055,338,286,152,33,812,502,56,1371,86,25,23,7,135,206,23,362,53,7,3,4,71,143,61,277,0,0,0,0,3,0,0,0,472,324,182,39,1017,848,145,2014,0,0,0,0,0,0,0,3,0,0,0,0,0,0,0,0,0,0,0,0,0,0,0,0,6,9,3,0,15,4,0,15,3,10,3,0,16,5,0,21,23,30,10,0,68,29,4,99,12640,23894,6755,742,44033,8926,1398,54358
CED236,14486,12804,4759,399,32440,12663,1287,46392,353,95,181,17,641,1462,81,2183,92,43,35,0,167,175,28,364,446,131,217,15,807,1636,104,2548,145,59,83,10,293,930,64,1286,16,0,0,0,20,64,3,91,0,0,0,0,0,5,0,11,4,0,3,0,7,0,0,7,159,56,88,10,318,1001,71,1385,22,5,7,3,35,92,3,131,30,12,5,0,44,72,8,126,0,4,0,0,6,19,0,29,45,29,9,0,79,54,6,145,99,46,23,3,171,238,15,432,115,74,20,0,210,120,13,343,15299,13119,5107,426,33950,15658,1487,51098
CED237,8194,13586,3809,620,26207,7342,2227,35774,1855,1534,672,147,4206,2790,815,7811,2582,2270,766,203,5831,2003,1200,9032,4435,3804,1443,353,10036,4791,2018,16840,1205,510,274,106,2094,2443,580,5117,452,102,83,32,667,760,247,1678,1233,253,107,67,1658,1717,539,3924,0,9,0,0,13,8,3,27,2896,875,469,205,4441,4930,1369,10742,3,3,0,0,3,0,0,5,0,0,0,0,3,0,0,3,0,0,0,0,0,0,0,0,59,44,15,5,132,81,53,269,68,51,15,8,143,82,51,280,55,58,28,4,141,74,21,236,15644,18370,5764,1190,40963,17221,5687,63876
CED294,0,0,0,0,0,0,0,0,0,0,0,0,0,0,0,0,0,0,0,0,0,0,0,0,0,0,0,0,0,0,0,0,0,0,0,0,0,0,0,0,0,0,0,0,0,0,0,0,0,0,0,0,0,0,0,0,0,0,0,0,0,0,0,0,0,0,0,0,0,0,0,0,0,0,0,0,0,0,0,0,0,0,0,0,0,0,0,0,0,0,0,0,0,0,0,0,0,0,0,0,0,0,0,0,0,0,0,0,0,0,0,0,0,0,0,0,0,0,0,0,0,0,0,0,0,0,0,0
CED297,0,0,0,0,0,0,0,0,0,0,0,0,0,0,0,0,0,0,0,0,0,0,0,0,0,0,0,0,0,0,0,0,0,0,0,0,0,0,0,0,0,0,0,0,0,0,0,0,0,0,0,0,0,0,0,0,0,0,0,0,0,0,0,0,0,0,0,0,0,0,0,0,0,0,0,0,0,0,0,0,0,0,0,0,0,0,0,0,0,0,0,0,0,0,0,0,0,0,0,0,0,0,0,0,0,0,0,0,0,0,0,0,0,0,0,0,0,0,0,0,0,0,0,0,0,0,0,0
CED301,12819,16631,7226,585,37256,9006,1625,47893,353,169,345,26,888,1323,117,2324,220,194,254,18,692,528,77,1289,577,362,600,43,1580,1847,190,3618,84,38,95,8,220,527,32,780,12,0,24,0,41,50,3,97,5,3,0,0,10,26,0,39,0,3,0,0,3,0,0,7,104,42,122,9,277,607,38,921,29,12,22,0,62,156,11,239,4,0,0,0,8,24,4,30,3,3,0,0,9,5,0,16,15,11,3,0,37,16,3,56,58,29,26,6,114,202,20,341,53,35,25,3,119,83,3,209,13611,17103,8001,644,39352,11743,1874,52975
CED302,11222,17593,4596,549,33961,6628,1411,42001,331,138,190,23,679,947,56,1686,1087,1155,848,101,3196,1161,345,4703,1416,1298,1037,123,3874,2109,403,6383,222,96,115,13,437,938,63,1441,253,85,77,18,433,440,137,1015,164,49,38,21,267,204,86,557,0,0,3,0,3,0,0,11,635,231,227,51,1145,1582,295,3018,30,11,8,0,47,159,4,203,87,27,23,0,146,252,14,412,0,0,0,0,0,0,0,3,11,13,5,0,27,10,3,44,129,54,39,0,218,426,17,661,35,24,14,0,77,53,9,136,13440,19203,5910,724,39281,10798,2125,52198
CED303,13718,17432,4981,403,36537,6884,1135,44559,651,140,212,15,1028,1387,50,2457,506,345,527,28,1406,946,120,2468,1158,487,737,46,2430,2331,173,4931,419,97,199,13,729,1125,35,1882,91,20,42,0,158,90,6,251,70,11,26,0,102,114,14,225,0,0,0,0,0,3,0,3,585,121,268,15,990,1324,53,2362,29,0,7,0,35,78,5,119,54,10,7,3,66,146,6,221,3,3,0,0,5,4,0,8,8,3,3,0,7,11,0,20,90,13,17,3,126,237,18,370,38,32,26,0,99,111,12,223,15589,18086,6032,464,40171,10890,1389,52446
CED304,6459,10864,2167,409,19898,4436,2164,26504,99,31,27,4,168,233,36,437,1021,534,328,85,1973,1261,648,3879,1121,568,354,89,2138,1498,687,4320,1569,525,415,142,2649,3789,829,7265,2653,774,518,211,4157,4152,1271,9580,5289,1385,587,330,7593,6249,2444,16285,3,0,3,0,8,10,9,26,9518,2687,1521,684,14402,14201,4548,33154,4,3,0,0,12,6,0,16,5,4,0,0,10,9,0,22,3,0,3,0,9,47,0,53,24,7,8,3,44,26,13,87,37,17,9,3,67,84,17,168,85,45,17,6,156,225,55,441,17215,14183,4067,1193,36659,20444,7472,64582
CED305,13632,15798,5204,462,35098,9055,1267,45421,407,180,201,26,813,1153,94,2056,178,68,70,5,314,475,64,858,576,246,270,36,1129,1630,164,2919,324,154,221,13,714,1241,117,2078,26,11,16,0,47,62,6,118,66,10,5,3,78,81,9,164,0,0,0,0,8,17,0,23,414,174,244,12,847,1397,132,2381,110,15,10,3,142,289,17,444,54,3,6,0,63,89,9,165,19,12,6,0,40,44,0,81,16,12,11,0,36,19,5,53,201,44,30,6,281,442,26,743,68,61,22,0,155,206,10,370,14892,16327,5767,521,37506,12732,1603,51836
CED306,14211,15980,4985,437,35609,8676,1487,45777,494,276,316,32,1108,1638,126,2877,315,180,215,21,720,730,139,1588,805,452,528,47,1833,2365,268,4464,431,233,294,32,996,1607,142,2750,110,19,36,3,173,202,49,427,129,39,17,3,189,125,27,344,0,3,0,0,3,5,0,11,667,295,349,35,1357,1946,221,3522,191,20,22,5,239,372,14,628,34,8,3,0,50,77,3,125,25,27,4,0,55,44,0,103,25,7,8,0,44,16,4,64,286,63,32,5,386,509,21,918,84,51,40,6,180,249,20,454,16059,16846,5927,526,39360,13747,2023,55127
CED307,12236,19260,4519,424,36442,5300,961,42703,525,199,283,25,1038,1412,75,2526,598,513,731,46,1891,840,170,2902,1123,715,1014,75,2923,2249,249,5421,140,45,101,3,291,476,47,811,4,3,3,0,15,8,0,25,3,0,0,0,3,59,0,61,0,0,0,0,3,3,0,5,146,46,105,4,306,541,48,897,17,9,9,0,30,98,3,130,14,0,5,0,20,54,0,73,0,3,0,0,9,0,0,10,0,0,0,0,3,0,0,10,41,16,12,0,64,155,4,223,20,20,9,0,47,20,0,70,13562,20058,5656,502,39781,8268,1261,49315
CED308,11050,15667,4237,326,31278,5004,1320,37604,1577,1006,1134,86,3798,2379,338,6513,2071,1646,1486,101,5308,1868,523,7700,3647,2651,2619,186,9101,4247,867,14213,219,118,164,13,515,626,81,1219,737,223,264,40,1266,1132,192,2593,1272,342,239,29,1876,979,203,3061,3,0,0,0,5,0,0,3,2236,678,668,75,3661,2735,485,6881,83,8,9,3,102,202,14,318,53,8,11,0,70,99,5,173,3,3,0,0,7,0,0,10,9,9,0,0,13,0,3,14,148,31,13,3,199,303,23,521,76,45,25,0,142,86,8,237,17150,19078,7565,591,44386,12377,2695,59458
CED309,13366,15319,4395,319,33394,6627,1469,41488,1166,193,265,18,1645,1790,116,3550,997,543,666,53,2255,1356,292,3896,2162,731,930,73,3902,3145,402,7451,530,276,461,41,1304,1524,214,3044,369,102,123,10,600,444,99,1147,779,194,197,29,1199,762,156,2119,4,0,0,0,4,24,0,31,1679,578,776,79,3108,2756,480,6341,138,12,25,0,167,288,22,476,75,8,21,0,108,214,8,338,10,0,3,0,17,6,0,23,6,12,0,0,23,3,4,30,226,39,48,0,317,515,34,870,79,63,24,3,175,118,8,306,17514,16733,6176,471,40894,13160,2397,56451
CED310,12624,13483,4378,316,30810,6117,1332,38257,1396,214,390,36,2033,2192,142,4372,436,280,305,21,1049,560,98,1710,1836,490,700,61,3083,2751,243,6081,387,138,228,21,770,995,152,1908,338,120,158,12,632,596,121,1340,1251,281,281,31,1845,1251,201,3298,9,3,3,0,16,7,0,23,1987,539,664,59,3250,2853,472,6573,102,7,5,0,121,192,12,326,87,3,11,0,102,215,8,327,3,6,0,0,8,11,0,23,17,13,4,0,28,15,3,42,212,31,22,0,262,436,19,725,87,33,15,0,137,142,0,278,16742,14579,5790,441,37546,12306,2066,51910
CED311,14856,16720,4937,425,36932,9740,1336,48008,174,86,97,14,365,507,43,918,168,106,84,11,366,281,39,689,341,187,177,23,730,791,87,1608,314,153,145,18,637,1120,92,1852,35,6,10,3,53,92,15,162,64,27,5,3,94,139,15,249,4,3,0,0,4,3,0,11,412,190,167,25,788,1353,120,2271,182,36,18,7,241,485,30,761,29,9,3,0,47,53,14,110,51,32,11,0,97,126,8,234,37,23,6,0,66,29,4,95,297,105,42,10,449,692,57,1205,159,132,32,0,320,189,18,524,16061,17328,5350,486,39225,12773,1615,53614
CED312,12083,18835,6375,525,37818,6509,1451,45770,569,365,351,38,1312,1116,115,2549,695,681,755,61,2193,977,193,3370,1263,1044,1106,97,3514,2093,310,5916,231,177,230,20,655,710,65,1423,20,5,21,0,52,80,7,134,6,0,0,0,4,3,0,12,3,0,3,0,6,3,0,9,262,181,255,15,716,795,71,1579,50,7,10,0,67,176,4,247,22,0,3,0,30,129,7,160,4,3,0,0,6,7,0,12,3,5,0,0,8,4,3,12,79,18,14,3,113,307,10,433,30,45,20,0,95,47,3,139,13721,20122,7773,637,42250,9746,1842,53842
CED313,7189,12530,2805,465,22990,4949,2152,30091,109,75,64,10,249,274,53,580,1683,1005,656,163,3507,1823,853,6184,1791,1079,718,169,3757,2102,899,6759,1507,573,430,141,2657,3306,846,6806,2225,699,490,187,3596,3298,949,7842,2804,843,412,152,4206,2763,991,7967,6,0,3,0,7,5,12,19,6542,2112,1338,475,10463,9378,2788,22635,3,0,0,0,3,3,0,6,4,4,0,0,10,3,3,20,0,0,0,0,0,0,0,0,37,53,14,0,105,40,20,166,44,53,17,0,117,44,25,186,76,48,11,3,133,121,42,294,15637,15817,4888,1116,37466,16589,5905,59957
CED314,13626,15053,5064,422,34170,8674,1313,44154,1032,336,463,66,1894,2902,239,5039,233,105,203,22,561,700,108,1368,1269,440,663,84,2454,3600,349,6402,423,200,246,39,911,1375,154,2440,5,0,5,0,13,49,3,58,22,4,5,0,36,43,0,73,4,0,0,0,3,3,0,4,453,209,251,39,955,1468,155,2578,31,4,3,0,42,59,5,101,4,0,4,0,11,9,0,13,13,3,0,0,18,7,0,25,23,31,15,5,73,27,8,107,66,46,19,3,134,98,11,242,63,61,16,3,144,186,13,346,15483,15805,6019,552,37859,14032,1848,53736
CED315,12634,15573,6162,541,34904,7740,1973,44626,592,255,444,65,1351,2312,197,3862,486,252,344,61,1145,1291,236,2668,1075,514,788,118,2497,3603,428,6530,277,119,239,26,663,1107,132,1897,271,77,95,21,459,555,132,1151,446,140,85,26,699,585,174,1453,0,0,0,0,0,3,0,4,996,339,418,75,1820,2250,432,4512,89,10,6,0,104,145,9,256,31,6,9,0,40,57,0,106,7,3,4,0,17,16,0,31,11,10,3,0,18,8,4,32,133,23,27,0,186,228,13,429,57,26,16,0,99,98,13,211,14894,16472,7408,739,39508,13921,2864,56302
CED316,16637,11842,5749,405,34628,9558,1525,45712,814,135,328,31,1310,1882,124,3313,271,94,209,16,584,803,87,1478,1083,230,536,48,1900,2684,208,4791,349,102,213,26,689,1314,90,2098,46,7,22,0,74,101,13,192,147,18,14,3,181,131,13,322,0,0,0,0,0,0,0,4,539,127,252,30,945,1548,125,2616,197,19,35,5,249,415,30,694,74,7,14,3,100,192,13,306,34,9,8,0,50,14,3,72,21,9,9,0,42,32,0,75,330,44,56,13,443,655,49,1140,80,46,26,0,150,170,14,333,18678,12286,6614,495,38071,14605,1927,54602
CED317,14866,14194,5616,513,35185,10865,1368,47421,349,235,215,24,823,862,83,1775,49,35,44,5,128,174,22,325,399,270,252,30,952,1042,103,2098,375,248,323,37,979,1424,119,2520,10,0,9,0,16,21,0,37,8,3,6,0,25,47,4,77,4,0,3,0,7,8,0,12,394,251,340,37,1020,1504,125,2646,221,31,18,0,274,594,23,894,30,0,0,0,34,82,9,123,38,31,17,3,91,102,13,203,64,50,26,3,138,122,19,273,355,119,62,13,542,894,56,1493,168,104,27,5,302,186,16,506,16186,14933,6296,593,38008,14486,1662,54158
CED318,12098,14830,5806,577,33316,7665,1819,42801,615,413,506,44,1582,1626,137,3345,635,366,405,42,1440,1297,222,2963,1249,779,913,85,3022,2925,360,6305,871,595,827,78,2373,3007,326,5709,863,351,378,47,1644,1266,352,3259,375,133,65,10,590,391,115,1093,0,4,0,0,3,4,3,11,2117,1087,1273,136,4605,4670,800,10080,100,11,18,0,138,222,16,370,59,9,10,4,82,161,27,266,20,11,7,0,39,63,3,108,40,22,6,3,77,38,4,124,218,65,42,5,332,490,49,869,126,66,30,4,214,262,23,506,15801,16819,8060,814,41495,16014,3048,60555
CED319,11318,15800,4727,663,32509,7945,1749,42205,388,153,158,27,733,1160,58,1948,1177,860,660,102,2802,1676,429,4910,1565,1017,824,127,3528,2837,491,6855,880,417,329,96,1711,2268,305,4281,779,352,246,79,1457,1473,338,3273,722,187,105,40,1055,994,206,2259,0,0,0,0,4,4,0,6,2380,955,683,211,4225,4740,848,9822,0,0,3,0,4,17,0,23,13,0,3,0,15,101,3,115,0,0,0,0,0,3,0,3,7,12,3,0,26,29,4,57,22,15,11,0,54,145,9,203,34,39,22,3,97,103,16,217,15325,17824,6269,999,40415,15772,3110,59299
CED320,14457,17004,6295,427,38190,7267,1471,46919,973,333,606,34,1946,1529,165,3639,454,173,422,30,1080,995,139,2217,1431,510,1028,66,3030,2528,300,5853,135,29,59,8,227,730,23,981,51,18,34,0,101,157,17,275,50,10,18,0,81,75,10,163,8,0,0,0,16,7,0,21,245,57,109,5,413,968,53,1434,89,7,11,3,107,268,9,394,62,5,10,0,72,154,8,234,3,5,0,0,9,9,4,22,4,16,3,0,19,10,3,32,154,35,19,7,213,440,22,683,52,27,11,0,90,69,5,171,16335,17629,7465,509,41943,11270,1851,55062
CED321,16241,14232,5153,467,36091,12374,1384,49845,283,120,146,18,563,1117,55,1732,19,21,22,0,59,67,7,131,302,141,160,18,616,1184,64,1866,204,86,127,21,439,1042,97,1576,0,0,0,0,0,3,0,3,0,0,0,0,5,7,0,10,3,0,0,0,4,7,0,11,212,88,129,21,452,1055,94,1598,131,29,10,3,163,353,17,528,20,5,8,0,33,63,3,103,30,14,4,0,40,48,3,90,48,35,12,3,91,67,7,157,226,77,31,7,335,521,26,886,132,99,51,3,286,141,14,435,17102,14636,5524,512,37775,15276,1576,54631
CED322,9147,13243,3603,289,26279,4607,1060,31939,766,547,562,44,1919,1446,159,3530,2222,2071,1813,119,6225,2242,689,9159,2992,2615,2380,165,8149,3691,849,12688,456,178,296,38,963,1357,214,2531,1079,375,452,55,1968,1692,419,4076,1168,313,257,37,1775,1333,286,3396,3,0,0,0,5,7,0,16,2709,872,1005,129,4715,4386,914,10014,34,5,4,0,48,62,7,111,11,0,3,0,12,8,0,21,0,0,0,0,5,5,0,10,6,6,9,0,19,9,7,36,51,19,18,0,82,86,15,185,25,34,16,0,79,61,10,154,14921,16776,7017,580,39293,12827,2856,54977
CED323,7489,9963,3316,294,21061,4273,1332,26662,942,472,498,43,1961,1903,265,4130,2065,1496,1300,98,4962,2236,722,7923,3010,1970,1800,144,6925,4141,989,12049,859,418,481,78,1836,1886,527,4252,1655,504,548,94,2807,2881,884,6570,4039,1032,718,127,5916,4524,1214,11654,0,0,0,0,4,13,0,14,6553,1960,1743,299,10553,9306,2628,22490,54,6,14,3,79,262,11,353,40,9,14,0,64,169,17,247,0,0,0,0,0,0,0,0,3,10,3,0,15,4,0,21,101,16,31,3,157,433,25,622,84,46,33,0,161,186,17,361,17237,13961,6916,745,38855,18340,4995,62189
CED324,10076,15961,4396,749,31180,6430,2586,40197,217,253,105,20,590,521,72,1179,1531,1552,745,154,3976,1407,834,6220,1742,1800,844,172,4565,1924,912,7400,544,264,179,51,1047,1269,258,2572,418,188,104,48,759,739,212,1707,245,63,31,12,345,227,51,622,3,0,0,0,7,4,0,11,1210,520,316,112,2156,2249,515,4917,0,0,3,0,4,3,0,3,7,3,0,0,19,56,3,81,0,0,0,0,0,0,0,3,3,14,3,0,19,10,3,33,15,21,7,0,43,68,9,120,60,39,12,3,107,185,27,316,13101,18343,5570,1034,38056,10856,4043,52950
CED325,10468,19510,6468,651,37096,6762,1432,45284,262,199,212,22,696,743,71,1505,703,882,623,95,2308,830,182,3318,964,1083,836,120,2999,1571,249,4828,76,6,21,3,106,361,6,471,16,22,8,3,55,31,6,96,4,0,0,0,3,3,0,8,0,3,0,0,3,3,0,4,97,38,30,3,164,395,13,575,13,0,16,3,37,140,7,179,0,0,0,0,0,0,0,3,0,0,0,0,0,0,0,3,13,28,24,3,75,22,3,103,27,34,43,7,106,166,5,287,24,28,21,3,81,51,6,133,11576,20690,7392,781,40446,8949,1711,51109
CED326,12670,17303,5986,516,36478,8060,1442,45978,714,210,326,34,1288,1532,102,2925,974,858,875,78,2783,1249,253,4288,1688,1072,1198,113,4073,2788,359,7213,420,154,318,33,927,1777,100,2795,202,49,67,8,317,533,33,884,729,103,129,16,976,768,40,1790,3,0,0,0,0,7,0,7,1348,305,523,54,2224,3079,180,5481,42,13,12,3,72,179,10,257,30,7,8,0,45,137,3,189,0,0,0,0,0,3,0,6,13,3,3,0,15,10,0,26,89,25,22,3,135,332,15,482,48,29,28,3,113,77,7,203,15842,18732,7763,682,43023,14332,1996,59353
CED327,11039,19821,7081,635,38576,6241,1628,46445,282,269,251,30,835,683,84,1604,1297,1636,1174,128,4244,1845,461,6546,1585,1907,1432,159,5078,2531,544,8156,127,131,129,18,401,547,61,1010,17,18,6,3,48,22,28,94,12,10,3,0,25,13,0,41,4,9,5,0,18,17,3,39,157,172,149,23,496,603,92,1189,26,3,13,0,47,88,3,130,3,0,0,0,5,17,0,28,0,0,3,0,4,0,0,3,14,34,37,0,89,28,4,118,50,36,51,3,141,130,9,279,25,25,16,0,69,74,7,149,12852,21963,8728,817,44364,9576,2280,56220
CED328,10392,17379,3648,446,31872,5332,1772,38980,127,30,42,3,202,356,24,583,504,336,249,56,1146,621,276,2043,628,367,292,59,1352,973,304,2629,635,351,220,73,1286,1167,464,2921,1282,526,256,171,2242,1701,1114,5062,988,385,163,122,1664,1160,709,3529,3,0,0,0,3,3,0,3,2914,1263,647,367,5188,4033,2290,11513,0,0,0,0,0,0,0,3,0,0,0,0,3,0,0,3,0,0,0,0,0,0,0,3,5,9,3,0,19,6,3,28,11,13,3,0,24,8,3,38,45,37,10,0,98,77,21,198,13991,19067,4601,875,38535,10426,4395,53354
CED329,16565,12620,5630,381,35199,10319,1633,47150,448,83,177,19,719,1291,57,2070,490,163,258,10,926,830,100,1850,938,246,428,29,1643,2121,163,3924,285,88,215,18,614,1076,76,1759,152,29,37,0,221,189,27,438,47,4,7,0,59,38,4,100,0,0,0,0,0,7,3,6,487,126,256,21,890,1303,115,2305,118,16,18,0,153,301,7,459,35,7,7,0,48,117,7,173,38,27,14,0,82,64,5,149,14,15,7,0,39,27,0,69,204,73,40,0,325,509,27,854,87,79,29,0,196,144,14,355,18282,13142,6391,433,38241,14396,1945,54584
CED330,14517,18857,5086,394,38857,7019,1388,47261,180,79,125,10,397,510,53,957,89,51,62,0,202,132,20,352,268,129,182,14,595,646,70,1303,68,38,43,8,163,241,22,423,0,0,6,0,11,34,0,45,3,0,0,0,3,0,0,3,0,3,3,0,7,3,0,10,78,44,49,8,182,282,21,482,53,7,8,0,69,175,9,255,14,8,12,0,40,58,10,102,13,12,3,0,30,16,0,46,83,61,27,5,172,56,25,246,165,90,46,5,309,304,42,648,64,65,16,0,149,193,9,342,15091,19186,5386,421,40082,8440,1523,50044
CED394,0,0,0,0,0,0,0,0,0,0,0,0,0,0,0,0,0,0,0,0,0,0,0,0,0,0,0,0,0,0,0,0,0,0,0,0,0,0,0,0,0,0,0,0,0,0,0,0,0,0,0,0,0,0,0,0,0,0,0,0,0,0,0,0,0,0,0,0,0,0,0,0,0,0,0,0,0,0,0,0,0,0,0,0,0,0,0,0,0,0,0,0,0,0,0,0,0,0,0,0,0,0,0,0,0,0,0,0,0,0,0,0,0,0,0,0,0,0,0,0,0,0,0,0,0,0,0,0
CED397,0,0,0,0,0,0,0,0,0,0,0,0,0,0,0,0,0,0,0,0,0,0,0,0,0,0,0,0,0,0,0,0,0,0,0,0,0,0,0,0,0,0,0,0,0,0,0,0,0,0,0,0,0,0,0,0,0,0,0,0,0,0,0,0,0,0,0,0,0,0,0,0,0,0,0,0,0,0,0,0,0,0,0,0,0,0,0,0,0,0,0,0,0,0,0,0,0,0,0,0,0,0,0,0,0,0,0,0,0,0,0,0,0,0,0,0,0,0,0,0,0,0,0,0,0,0,0,0
CED401,8558,12435,3394,509,24890,7477,1885,34251,2233,1510,956,166,4863,4776,784,10424,1895,1116,601,151,3770,2171,854,6791,4131,2623,1555,315,8631,6952,1639,17219,1378,858,351,111,2702,3405,586,6696,304,116,57,34,518,735,228,1477,952,218,137,95,1402,1654,648,3710,4,3,0,0,10,8,0,25,2638,1204,546,240,4633,5801,1465,11900,7,0,0,0,10,8,0,21,0,3,3,0,8,0,0,5,0,0,0,0,4,8,0,14,34,29,15,3,87,56,36,183,48,33,23,3,108,73,35,218,52,52,19,3,131,119,21,269,15427,16347,5537,1078,38394,20418,5053,63864
CED402,16909,14365,5127,418,36819,13057,1246,51121,628,289,480,38,1423,2227,130,3780,18,7,16,0,40,39,4,84,643,295,489,36,1471,2262,131,3862,228,83,125,8,443,1247,66,1755,0,0,0,0,0,0,0,4,7,3,0,0,10,4,0,16,0,0,0,0,0,3,0,3,235,81,121,8,449,1255,66,1776,62,4,7,0,70,131,6,205,69,10,0,0,84,98,7,190,8,4,3,0,17,31,3,50,32,23,13,0,66,39,3,109,170,37,23,4,234,295,19,549,87,67,26,3,187,138,8,327,18046,14855,5790,467,39157,17013,1468,57640
CED403,12483,15905,4204,453,33042,8155,1268,42466,1692,1065,706,90,3558,3470,335,7364,456,431,252,57,1198,549,219,1971,2154,1497,961,143,4757,4018,555,9329,509,287,227,46,1069,1714,162,2948,45,45,9,3,102,79,11,191,4,3,0,0,9,9,4,22,0,4,0,0,6,3,0,9,557,337,241,52,1182,1810,175,3166,10,5,3,0,16,56,0,72,0,0,0,0,3,5,0,8,0,0,0,0,0,0,0,3,14,11,5,0,28,14,3,45,20,16,8,0,49,74,3,131,61,35,18,0,116,58,4,176,15281,17791,5429,651,39146,14113,2015,55275
CED404,15384,12149,4510,362,32408,12955,991,46359,1090,694,991,68,2839,3213,214,6269,51,39,9,0,104,41,11,152,1143,732,1005,68,2943,3259,223,6421,197,56,64,19,339,1045,35,1421,3,0,0,0,4,20,0,26,0,0,0,0,0,0,0,0,0,0,0,0,3,0,0,3,205,58,67,19,348,1066,35,1451,119,12,9,4,139,229,9,372,26,4,3,0,36,56,3,100,9,10,0,0,23,71,0,93,60,35,13,0,106,67,5,181,217,61,23,3,310,417,21,751,122,88,32,0,242,188,10,438,17077,13082,5643,456,36254,17887,1281,55417
CED405,10366,12572,3603,497,27038,7956,1525,36519,2563,1441,1087,183,5269,5357,564,11194,1264,1033,453,76,2827,1171,252,4255,3823,2480,1539,258,8096,6531,815,15448,1292,801,507,117,2716,4100,409,7228,274,147,69,22,505,760,97,1368,323,87,44,15,466,467,44,980,0,0,0,0,3,3,0,9,1888,1038,620,155,3694,5337,554,9580,5,0,0,0,9,7,0,23,0,0,0,0,0,3,3,6,0,0,3,0,3,4,0,8,16,14,6,4,33,22,8,66,26,16,9,4,52,40,5,100,47,55,24,0,128,89,10,230,16148,16152,5797,911,39006,19951,2919,61881
CED406,13735,16532,7069,463,37791,10607,1325,49726,792,202,502,51,1553,2551,126,4232,128,101,122,11,357,169,26,560,918,306,624,58,1912,2717,155,4791,373,67,83,9,532,732,35,1294,7,0,6,0,13,27,0,39,14,3,4,0,23,29,0,51,0,3,3,0,5,3,0,9,401,72,92,9,568,790,34,1397,15,3,0,0,20,54,0,76,29,3,5,0,36,87,0,120,0,3,0,0,7,3,0,12,3,5,0,0,8,0,0,9,49,14,4,0,67,145,3,215,18,30,7,3,57,53,4,109,15119,16950,7798,536,40401,14305,1527,56230
CED407,13953,17118,5803,478,37350,9574,1131,48059,832,313,333,39,1525,1871,94,3494,360,383,251,46,1046,437,175,1657,1192,701,587,87,2568,2309,266,5144,244,125,105,13,488,800,46,1334,84,51,13,8,163,157,54,373,78,36,18,3,139,147,29,318,0,0,0,0,0,3,0,0,405,210,142,30,789,1102,138,2025,0,10,0,0,15,0,0,11,0,0,0,0,3,0,0,3,0,0,0,0,0,0,0,0,4,5,4,0,20,9,0,31,13,13,4,0,32,9,0,47,26,21,10,0,57,29,3,89,15581,18060,6555,598,40794,13031,1540,55363
CED408,17086,15812,4504,290,37699,10843,946,49486,416,79,107,18,614,1144,39,1801,86,29,27,0,142,97,12,251,501,108,136,14,759,1245,51,2054,69,18,25,0,112,347,10,471,11,0,0,0,15,33,0,53,3,0,0,0,6,8,0,11,5,0,0,0,6,3,0,9,93,19,27,0,145,388,9,539,53,15,0,0,69,90,0,156,20,3,6,3,30,83,3,111,6,3,3,0,15,7,0,23,22,17,8,3,49,29,0,76,103,40,18,4,163,202,8,375,77,51,14,0,143,104,4,257,17859,16025,4702,314,38904,12789,1016,52708
CED409,10886,16027,7037,649,34603,9993,1513,46106,1646,1376,1318,147,4488,4291,366,9146,570,553,363,55,1538,716,158,2405,2218,1925,1681,202,6026,5006,519,11551,427,298,306,50,1074,1751,142,2970,54,24,25,12,113,137,25,268,106,46,30,7,191,255,27,473,7,3,0,3,13,17,5,31,587,374,358,67,1387,2152,197,3741,30,10,0,0,35,51,3,87,12,3,3,0,18,43,0,60,0,0,0,0,0,3,0,4,17,33,6,3,60,25,7,94,56,40,13,3,112,119,11,253,47,36,14,3,104,71,11,189,13800,18405,9098,928,42239,17348,2254,61833
CED410,11409,15237,4234,482,31360,8599,1286,41245,1897,1467,809,108,4281,4006,321,8604,619,590,260,34,1499,800,120,2417,2524,2049,1066,142,5775,4801,446,11021,942,702,407,63,2109,2667,252,5028,20,5,13,3,37,139,8,188,22,3,3,0,28,46,0,68,0,4,0,0,4,3,0,4,983,715,419,68,2180,2850,260,5292,10,0,3,0,12,25,3,39,3,0,0,0,3,7,0,13,0,0,0,0,0,0,0,3,6,7,3,0,18,6,3,28,17,9,8,0,35,39,7,78,43,47,14,0,109,40,5,155,14975,18057,5742,694,39463,16338,2000,57793
CED411,13981,17048,7502,509,39041,11052,1376,51466,938,709,1287,114,3053,3545,317,6909,97,91,196,16,398,308,41,745,1040,803,1480,130,3452,3849,354,7657,109,99,79,8,297,737,33,1065,10,3,3,4,15,39,7,64,0,0,0,0,0,0,0,0,0,0,0,0,0,0,0,4,121,106,82,14,316,777,44,1131,26,0,8,0,31,102,8,136,15,3,0,0,20,47,3,68,4,7,0,0,14,11,0,23,32,14,9,0,61,23,0,85,81,32,21,0,130,175,8,311,47,57,22,0,123,87,0,211,15265,18039,9106,651,43063,15935,1788,60781
CED494,0,0,0,0,0,0,0,0,0,0,0,0,0,0,0,0,0,0,0,0,0,0,0,0,0,0,0,0,0,0,0,0,0,0,0,0,0,0,0,0,0,0,0,0,0,0,0,0,0,0,0,0,0,0,0,0,0,0,0,0,0,0,0,0,0,0,0,0,0,0,0,0,0,0,0,0,0,0,0,0,0,0,0,0,0,0,0,0,0,0,0,0,0,0,0,0,0,0,0,0,0,0,0,0,0,0,0,0,0,0,0,0,0,0,0,0,0,0,0,0,0,0,0,0,0,0,0,0
CED497,0,0,0,0,0,0,0,0,0,0,0,0,0,0,0,0,0,0,0,0,0,0,0,0,0,0,0,0,0,0,0,0,0,0,0,0,0,0,0,0,0,0,0,0,0,0,0,0,0,0,0,0,0,0,0,0,0,0,0,0,0,0,0,0,0,0,0,0,0,0,0,0,0,0,0,0,0,0,0,0,0,0,0,0,0,0,0,0,0,0,0,0,0,0,0,0,0,0,0,0,0,0,0,0,0,0,0,0,0,0,0,0,0,0,0,0,0,0,0,0,0,0,0,0,0,0,0,0
CED501,13440,19833,6347,501,40111,8677,1336,50126,670,279,319,39,1300,1452,88,2840,163,76,88,10,332,285,29,651,832,352,404,45,1640,1745,109,3493,181,53,108,9,352,716,51,1123,29,21,14,0,61,71,10,142,46,11,9,0,62,59,7,128,0,0,0,0,0,0,0,0,251,81,134,18,477,850,66,1393,40,7,4,0,58,89,9,152,0,7,0,0,4,10,4,17,0,3,0,0,3,0,0,9,20,30,15,3,70,18,3,89,64,43,24,5,135,121,13,262,22,25,10,3,63,27,4,99,14613,20341,6907,565,42423,11418,1531,55369
CED502,11966,20942,6083,714,39700,8001,1478,49179,1296,1224,828,97,3443,2391,198,6033,69,92,29,7,197,89,10,302,1365,1314,857,105,3638,2484,208,6329,75,44,54,5,179,172,20,365,12,18,12,4,56,45,13,107,0,0,0,0,0,0,0,0,0,0,0,0,0,0,0,0,91,67,63,12,228,211,32,478,10,0,4,0,15,45,3,64,0,0,0,0,0,0,0,4,0,0,0,0,0,0,0,0,4,5,4,0,16,4,3,24,17,7,5,0,32,56,8,94,15,13,7,4,47,24,8,80,13453,22350,7020,832,43653,10779,1734,56159
CED503,14957,15808,5041,364,36159,8350,1064,45574,1048,224,319,16,1614,1927,96,3634,310,131,120,7,574,347,45,967,1361,358,439,28,2187,2276,140,4604,294,33,37,7,377,589,20,989,70,16,9,0,95,47,9,142,101,35,13,0,153,85,7,245,0,0,0,0,0,3,0,4,464,90,65,12,626,720,31,1383,72,12,12,0,103,254,8,363,42,3,10,0,51,75,7,141,12,12,6,0,33,10,0,42,28,19,0,0,43,11,3,60,149,52,32,4,234,349,19,604,40,36,11,0,89,73,8,159,16979,16337,5578,404,39291,11769,1258,52321
CED504,10666,19239,5246,547,35697,6439,1167,43304,974,838,601,68,2477,1852,142,4474,90,119,74,3,288,175,30,493,1064,956,677,69,2767,2027,172,4968,36,11,5,0,52,109,3,161,0,0,0,0,0,0,0,0,0,0,0,0,0,0,0,0,0,0,0,0,0,0,0,3,36,8,6,0,54,106,3,168,9,0,3,0,17,50,3,71,39,0,3,0,45,109,0,153,0,0,0,0,0,0,0,0,3,7,0,0,4,0,0,10,48,6,9,0,66,163,7,232,12,13,0,0,25,16,0,37,11820,20220,5938,620,38602,8751,1355,48709
CED505,8415,13557,2591,366,24933,5365,1101,31393,1686,1015,600,74,3378,2811,416,6605,1664,1265,540,87,3551,1673,466,5696,3355,2281,1140,157,6931,4487,888,12301,857,343,185,55,1440,2019,288,3750,808,255,134,46,1248,1734,251,3231,812,230,108,40,1192,1313,196,2707,0,0,0,0,0,5,0,8,2482,830,426,145,3878,5074,738,9689,0,0,0,0,3,0,0,6,0,0,0,0,0,0,0,0,0,0,0,0,0,0,0,0,9,6,0,0,14,11,0,24,10,6,3,0,18,12,0,31,22,32,3,0,65,46,7,117,14282,16710,4170,668,35821,14974,2732,53527
CED506,13493,16074,5013,592,35175,9943,1396,46518,671,360,370,66,1471,1762,125,3356,218,178,65,11,463,245,41,750,887,534,429,77,1931,2004,171,4105,402,162,108,17,690,834,94,1614,27,6,0,0,35,51,0,90,28,14,0,0,42,50,6,96,3,0,0,0,3,3,0,9,465,181,112,16,772,943,103,1812,442,54,33,3,534,890,30,1459,62,12,3,0,73,99,5,179,66,30,18,0,111,136,14,258,93,84,43,4,221,80,24,325,659,178,99,8,942,1207,65,2219,153,97,35,7,292,252,11,560,15661,17062,5685,708,39111,14355,1745,55216
CED507,14670,15996,5063,319,36041,8734,1265,46038,792,312,417,27,1551,1998,138,3688,193,92,54,0,346,196,34,578,987,404,471,32,1893,2198,174,4260,175,50,40,8,266,587,12,866,24,8,10,0,43,33,6,87,13,0,0,0,23,18,3,37,0,0,0,0,4,7,0,9,218,53,53,8,334,638,16,996,79,16,13,0,110,194,10,310,194,14,11,3,223,241,12,469,13,11,8,4,32,26,3,65,24,8,3,0,37,20,0,59,317,49,28,8,396,474,26,902,67,65,14,4,150,84,3,238,16254,16567,5633,366,38821,12126,1485,52427
CED508,10953,16309,4439,449,32158,7026,1502,40680,1412,1038,763,92,3298,3080,316,6691,813,494,310,31,1648,899,176,2720,2221,1535,1064,125,4946,3974,491,9414,181,74,71,10,329,483,43,860,284,103,69,34,481,698,79,1260,505,108,82,17,714,673,78,1470,0,0,0,0,0,7,0,4,963,285,218,60,1531,1862,203,3595,26,5,0,0,27,42,0,67,54,4,6,0,63,86,7,161,0,0,0,0,5,0,0,3,6,4,0,0,15,15,0,34,84,22,14,0,114,148,9,272,59,26,14,0,93,130,7,231,14287,18164,5751,636,38837,13144,2212,54191
CED509,12815,16401,5124,515,34855,8323,1252,44433,815,492,439,74,1814,1920,150,3883,134,120,82,13,346,193,35,570,944,613,515,82,2155,2114,190,4456,64,39,28,3,134,158,18,311,50,18,16,5,95,116,14,228,3,5,3,0,13,10,3,25,0,0,0,0,0,4,0,7,118,59,48,10,238,300,36,572,60,3,4,0,71,149,3,230,5,5,0,0,10,16,3,33,11,11,0,0,17,3,0,21,23,36,14,0,77,26,3,105,103,53,22,0,177,196,11,388,24,33,22,0,81,37,11,133,14011,17161,5724,613,37511,10970,1495,49978
CED510,12400,19621,4047,387,36451,5879,857,43191,713,384,348,36,1480,1330,69,2878,411,252,139,19,821,302,91,1208,1128,638,488,48,2302,1631,154,4090,93,15,25,3,139,280,12,431,118,33,31,12,189,133,44,363,96,30,16,21,161,142,46,348,0,0,0,0,3,7,0,5,306,76,71,34,490,563,98,1153,0,0,0,0,0,0,0,0,14,0,3,0,19,42,0,60,3,0,0,0,3,0,0,3,0,9,3,0,13,0,7,18,21,10,4,0,35,46,7,84,15,15,3,0,40,19,3,61,13867,20357,4614,475,39315,8140,1118,48576
CED511,15730,15180,4864,456,36228,12010,1295,49527,646,367,302,36,1350,2044,112,3509,72,54,36,8,164,134,25,321,718,424,331,44,1515,2174,138,3831,90,42,42,5,182,397,32,618,3,0,0,0,3,0,0,0,0,0,0,0,0,0,0,0,4,0,0,0,8,3,0,10,94,42,44,5,187,403,32,628,120,11,10,0,148,277,6,439,32,5,0,0,41,71,0,109,19,14,4,0,30,42,4,79,47,28,5,0,83,70,4,156,217,57,22,3,300,464,19,777,128,91,26,4,248,162,5,422,16891,15794,5289,511,38485,15214,1489,55185
CED512,14984,22436,6534,467,44424,8562,1278,54266,1347,738,570,49,2709,1485,172,4364,139,78,63,12,295,173,21,491,1487,819,639,60,3002,1656,196,4852,45,21,26,0,89,132,5,231,31,19,19,3,73,45,12,126,3,0,0,0,5,0,0,9,0,0,0,0,0,7,0,7,83,40,49,3,171,179,15,376,24,4,3,0,33,44,3,78,20,3,3,0,27,39,0,63,26,23,3,0,50,13,5,66,9,0,3,0,11,0,0,13,72,34,12,0,123,101,8,221,54,42,15,0,118,70,11,193,16679,23372,7243,534,47832,10564,1509,59909
CED513,9166,11695,3199,508,24570,6719,1830,33119,1493,940,588,80,3092,2650,402,6142,1382,785,313,73,2553,1402,474,4427,2867,1720,901,153,5642,4047,876,10570,787,252,172,36,1252,1668,261,3181,971,237,124,59,1387,1666,373,3424,2930,741,258,153,4087,3796,821,8701,3,0,0,0,3,3,0,12,4688,1233,556,251,6731,7135,1458,15324,0,0,0,0,3,0,0,8,0,0,0,0,6,0,0,3,3,0,0,0,3,12,0,20,24,14,6,0,36,42,11,93,30,12,10,3,48,59,13,124,65,27,14,0,103,82,10,201,16814,14695,4674,921,37097,18045,4191,59326
CED514,8966,12085,3340,479,24877,6168,1164,32208,4371,3185,1728,324,9609,7225,1014,17843,1005,876,311,67,2254,996,244,3498,5377,4060,2039,384,11863,8221,1256,21343,516,218,172,36,939,1374,147,2458,104,37,14,4,161,271,21,452,53,19,11,0,87,108,15,203,0,0,0,0,0,4,0,3,676,272,192,38,1186,1756,182,3119,15,0,0,0,12,15,0,30,0,0,0,0,0,3,0,3,0,0,0,0,0,0,0,0,0,7,4,0,12,0,0,9,13,3,4,0,23,22,0,44,33,36,8,0,72,51,16,136,15062,16466,5588,905,38026,16209,2621,56856
CED515,9860,11968,3812,779,26414,8266,2630,37311,2348,1840,829,299,5315,3961,906,10180,1847,1047,387,193,3471,1953,706,6134,4198,2888,1220,491,8790,5913,1612,16318,585,258,131,72,1049,1144,178,2370,438,155,63,50,712,810,180,1699,947,243,84,60,1329,1219,185,2736,0,0,0,0,0,0,0,3,1976,658,281,180,3094,3177,541,6813,0,0,0,0,4,4,0,7,0,0,3,0,3,3,0,5,0,0,0,0,0,0,0,0,17,11,0,3,25,9,7,44,19,9,3,3,37,19,4,59,53,44,13,4,118,74,24,220,16102,15564,5335,1455,38452,17450,4808,60718
CED516,10696,16610,3687,553,31552,6332,1061,38949,1389,1033,641,72,3136,2702,236,6079,462,534,129,25,1147,344,64,1554,1846,1563,773,95,4285,3045,299,7633,172,174,78,11,434,638,34,1112,68,8,13,3,91,123,7,225,113,26,6,0,138,106,4,251,0,0,0,0,3,3,0,5,351,205,93,13,670,880,45,1591,0,0,0,0,3,3,0,7,0,3,0,0,0,0,0,0,0,0,0,0,0,0,0,0,0,3,0,0,8,0,0,8,3,11,3,0,14,3,0,17,33,41,3,0,76,27,3,103,12932,18432,4563,665,36597,10294,1410,48299
CED594,0,0,0,0,0,0,0,0,0,0,0,0,0,0,0,0,0,0,0,0,0,0,0,0,0,0,0,0,0,0,0,0,0,0,0,0,0,0,0,0,0,0,0,0,0,0,0,0,0,0,0,0,0,0,0,0,0,0,0,0,0,0,0,0,0,0,0,0,0,0,0,0,0,0,0,0,0,0,0,0,0,0,0,0,0,0,0,0,0,0,0,0,0,0,0,0,0,0,0,0,0,0,0,0,0,0,0,0,0,0,0,0,0,0,0,0,0,0,0,0,0,0,0,0,0,0,0,0
CED597,0,0,0,0,0,0,0,0,0,0,0,0,0,0,0,0,0,0,0,0,0,0,0,0,0,0,0,0,0,0,0,0,0,0,0,0,0,0,0,0,0,0,0,0,0,0,0,0,0,0,0,0,0,0,0,0,0,0,0,0,0,0,0,0,0,0,0,0,0,0,0,0,0,0,0,0,0,0,0,0,0,0,0,0,0,0,0,0,0,0,0,0,0,0,0,0,0,0,0,0,0,0,0,0,0,0,0,0,0,0,0,0,0,0,0,0,0,0,0,0,0,0,0,0,0,0,0,0
CED601,9562,9566,4049,347,23521,8391,1056,32974,327,128,186,34,670,1440,123,2239,211,152,84,17,461,280,69,812,544,277,267,48,1134,1719,195,3050,401,140,244,19,805,1678,126,2613,15,3,8,0,26,75,15,109,4,3,3,0,14,110,3,124,13,7,11,0,28,53,6,90,432,151,262,22,875,1912,144,2926,5,3,0,0,6,13,0,21,3,0,0,0,11,17,0,32,5,3,0,0,7,10,0,18,23,12,9,3,46,40,9,89,35,27,11,3,70,79,12,159,43,32,15,0,86,81,5,175,10610,10057,4597,419,25688,12187,1413,39289
CED602,10847,9332,4238,243,24658,9234,816,34710,342,74,209,19,645,1766,60,2469,32,12,15,6,62,193,9,272,377,87,224,20,711,1962,70,2741,54,21,30,3,111,352,8,471,0,0,0,0,3,35,0,37,10,0,3,0,13,47,3,68,0,0,0,0,0,7,0,7,61,25,37,3,124,441,9,584,23,5,11,0,38,66,0,103,27,0,0,0,36,59,3,99,7,0,0,0,7,3,0,13,21,14,8,0,43,22,3,75,76,21,15,3,118,156,13,287,33,24,12,0,68,59,10,142,11395,9491,4523,269,25677,11851,918,38452
CED603,8327,9075,3786,352,21545,7739,1393,30680,275,130,200,29,636,1053,134,1822,374,169,150,29,724,629,203,1560,651,301,353,53,1358,1686,335,3379,775,305,401,54,1535,2685,371,4597,181,40,32,15,269,477,104,847,134,34,21,10,199,368,65,623,12,9,4,0,25,36,3,61,1098,385,460,80,2026,3564,548,6132,5,0,0,0,8,3,0,10,9,0,4,0,15,20,3,37,0,0,0,0,0,4,0,4,24,31,9,0,69,35,17,124,42,31,14,0,92,63,19,174,25,15,14,0,55,60,9,131,10147,9811,4620,487,25073,13109,2307,40488
CED604,11442,11363,4285,289,27385,8791,865,37045,162,52,141,5,357,686,34,1085,100,62,56,5,220,246,11,480,264,109,191,11,582,929,52,1563,121,36,80,7,249,434,13,700,18,0,5,3,26,49,4,86,0,0,0,0,0,0,0,0,0,0,0,0,0,0,0,0,143,39,89,10,281,488,19,786,28,4,0,0,31,45,0,69,21,3,0,0,25,44,3,72,8,3,0,0,13,14,3,34,19,17,9,0,45,19,0,62,73,27,9,0,112,122,5,239,24,24,8,0,53,30,3,90,11944,11568,4579,320,28417,10365,946,39726
CED605,12403,9966,4280,266,26916,9842,834,37594,87,39,45,3,171,400,17,589,9,3,10,0,22,46,4,68,96,49,54,3,196,441,17,656,143,63,132,14,345,444,29,820,0,0,0,0,0,0,0,3,0,0,0,0,0,0,0,4,0,0,0,0,3,7,0,10,147,60,132,14,350,453,29,835,29,9,9,0,39,69,3,113,13,5,3,0,26,46,3,72,13,11,0,0,18,19,0,44,31,12,16,0,69,38,7,114,88,36,27,3,150,178,11,340,54,42,14,3,105,82,13,195,12781,10150,4502,284,27720,11001,909,39625
CED694,0,0,0,0,0,0,0,0,0,0,0,0,0,0,0,0,0,0,0,0,0,0,0,0,0,0,0,0,0,0,0,0,0,0,0,0,0,0,0,0,0,0,0,0,0,0,0,0,0,0,0,0,0,0,0,0,0,0,0,0,0,0,0,0,0,0,0,0,0,0,0,0,0,0,0,0,0,0,0,0,0,0,0,0,0,0,0,0,0,0,0,0,0,0,0,0,0,0,0,0,0,0,0,0,0,0,0,0,0,0,0,0,0,0,0,0,0,0,0,0,0,0,0,0,0,0,0,0
CED697,0,0,0,0,0,0,0,0,0,0,0,0,0,0,0,0,0,0,0,0,0,0,0,0,0,0,0,0,0,0,0,0,0,0,0,0,0,0,0,0,0,0,0,0,0,0,0,0,0,0,0,0,0,0,0,0,0,0,0,0,0,0,0,0,0,0,0,0,0,0,0,0,0,0,0,0,0,0,0,0,0,0,0,0,0,0,0,0,0,0,0,0,0,0,0,0,0,0,0,0,0,0,0,0,0,0,0,0,0,0,0,0,0,0,0,0,0,0,0,0,0,0,0,0,0,0,0,0
CED701,5462,8711,2875,450,17498,3386,745,21638,582,577,296,43,1500,1015,115,2626,147,163,62,9,384,283,50,717,733,734,364,57,1888,1294,164,3347,210,117,83,17,431,661,94,1188,55,45,26,6,134,114,30,276,8,3,7,0,20,49,3,67,3,0,0,0,9,10,0,17,283,172,112,30,596,833,128,1548,292,80,26,4,402,472,23,894,32,7,3,0,51,73,0,124,77,45,15,10,152,128,14,292,88,104,43,0,235,110,21,366,496,239,83,19,838,785,59,1675,105,87,34,3,220,163,11,395,7068,9952,3471,549,21040,6457,1107,28604
CED702,5510,9706,2614,269,18094,2673,1026,21793,620,492,297,44,1452,957,162,2571,561,501,190,27,1281,562,170,2016,1181,998,488,66,2731,1518,334,4585,888,760,393,53,2104,1429,258,3797,529,307,105,16,951,536,176,1666,1524,753,189,46,2520,1427,506,4450,4,0,0,0,10,3,0,11,2950,1826,686,122,5581,3393,950,9927,119,14,11,0,148,122,12,278,18,8,0,0,22,47,4,72,3,0,0,0,5,10,4,21,36,34,12,3,82,35,13,131,177,61,19,3,260,210,26,497,44,40,11,3,97,76,9,184,9873,12616,3821,471,26774,7870,2343,36987
CED794,0,0,0,0,0,0,0,0,0,0,0,0,0,0,0,0,0,0,0,0,0,0,0,0,0,0,0,0,0,0,0,0,0,0,0,0,0,0,0,0,0,0,0,0,0,0,0,0,0,0,0,0,0,0,0,0,0,0,0,0,0,0,0,0,0,0,0,0,0,0,0,0,0,0,0,0,0,0,0,0,0,0,0,0,0,0,0,0,0,0,0,0,0,0,0,0,0,0,0,0,0,0,0,0,0,0,0,0,0,0,0,0,0,0,0,0,0,0,0,0,0,0,0,0,0,0,0,0
CED797,0,0,0,0,0,0,0,0,0,0,0,0,0,0,0,0,0,0,0,0,0,0,0,0,0,0,0,0,0,0,0,0,0,0,0,0,0,0,0,0,0,0,0,0,0,0,0,0,0,0,0,0,0,0,0,0,0,0,0,0,0,0,0,0,0,0,0,0,0,0,0,0,0,0,0,0,0,0,0,0,0,0,0,0,0,0,0,0,0,0,0,0,0,0,0,0,0,0,0,0,0,0,0,0,0,0,0,0,0,0,0,0,0,0,0,0,0,0,0,0,0,0,0,0,0,0,0,0
CED801,13437,19781,5294,416,38926,8541,1108,48577,1310,884,697,64,2953,2835,161,5947,1133,939,512,50,2641,1634,295,4576,2443,1827,1214,112,5595,4472,463,10521,380,208,140,18,740,1063,97,1904,1034,450,198,44,1725,1875,424,4027,1783,441,172,55,2449,2598,535,5579,21,11,8,0,48,72,0,119,3214,1113,516,118,4965,5611,1052,11627,0,4,3,0,5,19,0,23,11,4,7,0,23,65,5,92,0,0,0,0,0,6,0,6,4,9,10,0,28,10,0,38,16,20,17,0,60,104,5,169,32,20,4,0,60,56,13,130,19148,22764,7044,651,49600,18783,2641,71018
CED802,12163,20820,4823,455,38264,7514,1970,47746,1754,1605,810,90,4254,3215,452,7920,1809,1725,726,114,4375,1639,817,6835,3562,3330,1536,205,8630,4854,1275,14757,671,265,164,43,1136,1305,256,2698,867,372,139,66,1444,1457,384,3283,1162,351,118,53,1689,1646,394,3727,15,6,3,4,23,36,11,77,2718,996,422,164,4299,4440,1046,9783,0,0,0,0,0,3,0,3,0,0,0,0,3,0,5,8,0,0,0,0,0,4,0,3,4,9,0,0,12,5,0,18,5,11,3,0,15,16,5,36,26,22,13,0,59,77,15,153,18478,25174,6792,825,51265,16896,4310,72475
CED894,0,0,0,0,0,0,0,0,0,0,0,0,0,0,0,0,0,0,0,0,0,0,0,0,0,0,0,0,0,0,0,0,0,0,0,0,0,0,0,0,0,0,0,0,0,0,0,0,0,0,0,0,0,0,0,0,0,0,0,0,0,0,0,0,0,0,0,0,0,0,0,0,0,0,0,0,0,0,0,0,0,0,0,0,0,0,0,0,0,0,0,0,0,0,0,0,0,0,0,0,0,0,0,0,0,0,0,0,0,0,0,0,0,0,0,0,0,0,0,0,0,0,0,0,0,0,0,0
CED897,0,0,0,0,0,0,0,0,0,0,0,0,0,0,0,0,0,0,0,0,0,0,0,0,0,0,0,0,0,0,0,0,0,0,0,0,0,0,0,0,0,0,0,0,0,0,0,0,0,0,0,0,0,0,0,0,0,0,0,0,0,0,0,0,0,0,0,0,0,0,0,0,0,0,0,0,0,0,0,0,0,0,0,0,0,0,0,0,0,0,0,0,0,0,0,0,0,0,0,0,0,0,0,0,0,0,0,0,0,0,0,0,0,0,0,0,0,0,0,0,0,0,0,0,0,0,0,0
CED994,0,0,0,0,0,0,0,0,0,0,0,0,0,0,0,0,0,0,0,0,0,0,0,0,0,0,0,0,0,0,0,0,0,0,0,0,0,0,0,0,0,0,0,0,0,0,0,0,0,0,0,0,0,0,0,0,0,0,0,0,0,0,0,0,0,0,0,0,0,0,0,0,0,0,0,0,0,0,0,0,0,0,0,0,0,0,0,0,0,0,0,0,0,0,0,0,0,0,0,0,0,0,0,0,0,0,0,0,0,0,0,0,0,0,0,0,0,0,0,0,0,0,0,0,0,0,0,0
CED997,0,0,0,0,0,0,0,0,0,0,0,0,0,0,0,0,0,0,0,0,0,0,0,0,0,0,0,0,0,0,0,0,0,0,0,0,0,0,0,0,0,0,0,0,0,0,0,0,0,0,0,0,0,0,0,0,0,0,0,0,0,0,0,0,0,0,0,0,0,0,0,0,0,0,0,0,0,0,0,0,0,0,0,0,0,0,0,0,0,0,0,0,0,0,0,0,0,0,0,0,0,0,0,0,0,0,0,0,0,0,0,0,0,0,0,0,0,0,0,0,0,0,0,0,0,0,0,0