region_id,C15_17F_EO_M_O_E_T,C15_17F_EO_M_LPENS,C15_17F_EO_M_T,C15_17F_O_EVWW_M_EO,C15_17F_O_EVWW_M_O_EVWW,C15_17F_O_EVWW_M_O_ENWNA,C15_17F_O_EVWW_M_O_PENS,C15_17F_O_EVWW_M_O_E_T,C15_17F_O_EVWW_M_LPENS,C15_17F_O_EVWW_M_T,C15_17F_O_ENWNA_M_EO,C15_17F_O_ENWNA_M_O_EVWW,C15_17F_O_ENWNA_M_O_ENWNA,C15_17F_O_ENWNA_M_O_PENS,C15_17F_O_ENWNA_M_O_E_T,C15_17F_O_ENWNA_M_LPENS,C15_17F_O_ENWNA_M_T,C15_17F_O_PENS_M_EO,C15_17F_O_PENS_M_O_EVWW,C15_17F_O_PENS_M_O_ENWNA,C15_17F_O_PENS_M_O_PENS,C15_17F_O_PENS_M_O_E_T,C15_17F_O_PENS_M_LPENS,C15_17F_O_PENS_M_T,C15_17F_O_E_Tot_M_EO,C15_17F_O_E_Tot_M_O_EVWW,C15_17F_O_E_Tot_M_O_ENWNA,C15_17F_O_E_Tot_M_O_PENS,C15_17F_O_E_Tot_M_O_E_T,C15_17F_O_E_Tot_M_LPENS,C15_17F_O_E_Tot_M_T,C15_17F_LPENS_M_EO,C15_17F_LPENS_M_O_EVWW,C15_17F_LPENS_M_O_ENWNA,C15_17F_LPENS_M_O_PENS,C15_17F_LPENS_M_O_E_T,C15_17F_LPENS_M_LPENS,C15_17F_LPENS_M_T,C15_17F_Tot_M_EO,C15_17F_Tot_M_O_EVWW,C15_17F_Tot_M_O_ENWNA,C15_17F_Tot_M_O_PENS,C15_17F_Tot_M_O_E_T,C15_17F_Tot_M_LPENS,C15_17F_Tot_M_T,C18_20F_EO_M_EO,C18_20F_EO_M_O_EVWW,C18_20F_EO_M_O_ENWNA,C18_20F_EO_M_O_PENS,C18_20F_EO_M_O_E_T,C18_20F_EO_M_LPENS,C18_20F_EO_M_T,C18_20F_O_EVWW_M_EO,C18_20F_O_EVWW_M_O_EVWW,C18_20F_O_EVWW_M_O_ENWNA,C18_20F_O_EVWW_M_O_PENS,C18_20F_O_EVWW_M_O_E_T,C18_20F_O_EVWW_M_LPENS,C18_20F_O_EVWW_M_T,C18_20F_O_ENWNA_M_EO,C18_20F_O_ENWNA_M_O_EVWW,C18_20F_O_ENWNA_M_O_ENWNA,C18_20F_O_ENWNA_M_O_PENS,C18_20F_O_ENWNA_M_O_E_T,C18_20F_O_ENWNA_M_LPENS,C18_20F_O_ENWNA_M_T,C18_20F_O_PENS_M_EO,C18_20F_O_PENS_M_O_EVWW,C18_20F_O_PENS_M_O_ENWNA,C18_20F_O_PENS_M_O_PENS,C18_20F_O_PENS_M_O_E_T,C18_20F_O_PENS_M_LPENS,C18_20F_O_PENS_M_T,C18_20F_O_E_Tot_M_EO,C18_20F_O_E_Tot_M_O_EVWW,C18_20F_O_E_Tot_M_O_ENWNA,C18_20F_O_E_Tot_M_O_PENS,C18_20F_O_E_Tot_M_O_E_T,C18_20F_O_E_Tot_M_LPENS,C18_20F_O_E_Tot_M_Tot,C18_20F_LPENS_M_EO,C18_20F_LPENS_M_O_EVWW,C18_20F_LPENS_M_O_ENWNA,C18_20F_LPENS_M_O_PENS,C18_20F_LPENS_M_O_E_T,C18_20F_LPENS_M_LPENS,C18_20F_LPENS_M_T,C18_20F_Tot_M_EO,C18_20F_Tot_M_O_EVWW,C18_20F_Tot_M_O_ENWNA,C18_20F_Tot_M_O_PENS,C18_20F_Tot_M_O_E_T,C18_20F_Tot_M_LPENS,C18_20F_Tot_M_T,C21_24F_EO_M_EO,C21_24F_EO_M_O_EVWW,C21_24F_EO_M_O_ENWNA,C21_24F_EO_M_O_PENS,C21_24F_EO_M_O_E_T,C21_24F_EO_M_LPENS,C21_24F_EO_M_T,C21_24F_O_EVWW_M_EO,C21_24F_O_EVWW_M_O_EVWW,C21_24F_O_EVWW_M_O_ENWNA,C21_24F_O_EVWW_M_O_PENS,C21_24F_O_EVWW_M_O_E_T,C21_24F_O_EVWW_M_LPENS,C21_24F_O_EVWW_M_T,C21_24F_O_ENWNA_M_EO,C21_24F_O_ENWNA_M_O_EVWW,C21_24F_O_ENWNA_M_O_ENWNA,C21_24F_O_ENWNA_M_O_PENS,C21_24F_O_ENWNA_M_O_E_T,C21_24F_O_ENWNA_M_LPENS,C21_24F_O_ENWNA_M_T,C21_24F_O_PENS_M_EO,C21_24F_O_PENS_M_O_EVWW,C21_24F_O_PENS_M_O_ENWNA,C21_24F_O_PENS_M_O_PENS,C21_24F_O_PENS_M_O_E_T,C21_24F_O_PENS_M_LPENS,C21_24F_O_PENS_M_T,C21_24F_O_E_Tot_M_EO,C21_24F_O_E_Tot_M_O_EVWW,C21_24F_O_E_Tot_M_O_ENWNA,C21_24F_O_E_Tot_M_O_PENS,C21_24F_O_E_Tot_M_O_E_T,C21_24F_O_E_Tot_M_LPENS,C21_24F_O_E_Tot_M_T,C21_24F_LPENS_M_EO,C21_24F_LPENS_M_O_EVWW,C21_24F_LPENS_M_O_ENWNA,C21_24F_LPENS_M_O_PENS,C21_24F_LPENS_M_O_E_T,C21_24F_LPENS_M_LPENS,C21_24F_LPENS_M_T,C21_24F_Tot_M_EO,C21_24F_Tot_M_O_EVWW,C21_24F_Tot_M_O_ENWNA,C21_24F_Tot_M_O_PENS,C21_24F_Tot_M_O_E_T,C21_24F_Tot_M_LPENS,C21_24F_Tot_M_T,TCF_EO_M_EO,TCF_EO_M_O_EVWW,TCF_EO_M_O_ENWNA,TCF_EO_M_O_PENS,TCF_EO_M_O_E_T,TCF_EO_M_LPENS,TCF_EO_M_T,TCF_O_EVWW_M_EO,TCF_O_EVWW_M_O_EVWW,TCF_O_EVWW_M_O_ENWNA,TCF_O_EVWW_M_O_PENS,TCF_O_EVWW_M_O_E_T,TCF_O_EVWW_M_LPENS,TCF_O_EVWW_M_T,TCF_O_ENWNA_M_EO,TCF_O_ENWNA_M_O_EVWW,TCF_O_ENWNA_M_O_ENWNA,TCF_O_ENWNA_M_O_PENS,TCF_O_ENWNA_M_O_E_T,TCF_O_ENWNA_M_LPENS,TCF_O_ENWNA_M_T,TCF_O_PENS_M_EO,TCF_O_PENS_M_O_EVWW,TCF_O_PENS_M_O_ENWNA,TCF_O_PENS_M_O_PENS,TCF_O_PENS_M_O_E_T,TCF_O_PENS_M_LPENS,TCF_O_PENS_M_T,TCF_O_E_Tot_M_EO,TCF_O_E_Tot_M_O_EVWW,TCF_O_E_Tot_M_O_ENWNA,TCF_O_E_Tot_M_O_PENS,TCF_O_E_Tot_M_O_E_T,TCF_O_E_Tot_M_LPENS,TCF_O_E_Tot_M_T,TCF_LPENS_M_EO,TCF_LPENS_M_O_EVWW,TCF_LPENS_M_O_ENWNA,TCF_LPENS_M_O_PENS,TCF_LPENS_M_O_E_T,TCF_LPENS_M_LPENS,TCF_LPENS_M_T,TCF_Tot_M_EO,TCF_Tot_M_O_EVWW,TCF_Tot_M_O_ENWNA,TCF_Tot_M_O_PENS,TCF_Tot_M_O_E_T,TCF_Tot_M_LPENS,TCF_Tot_M_T
CED101,65,0,1430,131,1317,122,3,1442,5,1578,3,159,261,0,420,0,423,3,0,0,0,0,0,3,137,1476,383,3,1862,5,2004,0,6,3,0,9,7,16,1502,1547,386,3,1936,12,3450,785,21,3,3,27,0,812,83,831,71,0,902,0,985,4,127,182,0,309,3,316,0,3,0,0,3,0,3,87,961,253,0,1214,3,1304,0,5,3,0,8,0,8,872,987,259,3,1249,3,2124,368,8,0,0,8,0,376,27,429,41,0,470,3,500,4,70,122,0,192,0,196,0,0,3,0,3,0,3,31,499,166,0,665,3,699,0,4,0,0,4,0,4,399,511,166,0,677,3,1079,10340,766,9,18,793,4,11137,1240,11328,841,10,12179,22,13441,31,1240,1502,6,2748,11,2790,11,13,9,41,63,0,74,1282,12581,2352,57,14990,33,16305,7,49,14,0,63,41,111,11629,13396,2375,75,15846,78,27553
CED102,81,0,983,95,1454,99,0,1553,5,1653,7,107,146,0,253,0,260,3,0,0,0,0,0,3,105,1561,245,0,1806,5,1916,6,6,0,0,6,11,23,1013,1645,248,0,1893,16,2922,383,23,3,3,29,0,412,53,910,73,0,983,0,1036,0,93,97,0,190,0,190,0,0,0,3,3,0,3,53,1003,170,3,1176,0,1229,0,5,0,0,5,5,10,436,1031,173,6,1210,5,1651,161,14,0,0,14,0,175,31,428,26,0,454,0,485,0,56,63,0,119,0,119,0,0,0,0,0,0,0,31,484,89,0,573,0,604,0,0,3,0,3,0,3,192,498,92,0,590,0,782,7434,903,25,9,937,0,8371,1207,12945,639,10,13594,28,14829,27,962,721,3,1686,0,1713,19,14,0,28,42,0,61,1253,13921,1360,41,15322,28,16603,17,52,10,0,62,68,147,8704,14876,1395,50,16321,96,25121
CED103,53,0,1614,134,1205,95,3,1303,3,1440,9,164,183,0,347,0,356,0,3,0,0,3,0,3,143,1372,278,3,1653,3,1799,0,3,4,0,7,0,7,1704,1428,282,3,1713,3,3420,929,24,0,0,24,0,953,61,875,67,0,942,0,1003,4,106,130,0,236,0,240,0,3,0,4,7,0,7,65,984,197,4,1185,0,1250,0,4,0,0,4,4,8,994,1012,197,4,1213,4,2211,474,17,0,0,17,0,491,22,450,22,0,472,0,494,3,65,96,0,161,0,164,0,0,0,3,3,0,3,25,515,118,3,636,0,661,0,0,0,0,0,0,0,499,532,118,3,653,0,1152,13076,688,3,0,691,12,13779,1303,9769,530,26,10325,26,11654,32,1055,950,0,2005,0,2037,11,20,0,17,37,4,52,1346,10844,1480,43,12367,30,13743,5,37,9,0,46,18,69,14427,11569,1492,43,13104,60,27591
CED104,77,4,3155,157,986,49,0,1035,0,1192,3,75,68,0,143,3,149,0,0,0,0,0,0,0,160,1061,117,0,1178,3,1341,0,3,0,0,3,0,3,3234,1141,117,0,1258,7,4499,1771,54,0,0,54,0,1825,72,734,27,0,761,0,833,0,51,58,0,109,0,109,0,0,0,0,0,0,0,72,785,85,0,870,0,942,0,3,0,0,3,0,3,1843,842,85,0,927,0,2770,893,28,5,0,33,0,926,27,383,22,0,405,0,432,0,29,25,0,54,3,57,0,3,0,0,3,0,3,27,415,47,0,462,3,492,0,0,0,0,0,3,3,920,443,52,0,495,6,1421,21643,696,5,9,710,10,22363,1191,6286,214,3,6503,14,7708,12,401,290,0,691,6,709,14,9,0,16,25,0,39,1217,6696,504,19,7219,20,8456,6,18,3,0,21,6,33,22866,7410,512,28,7950,36,30852
CED105,67,0,683,90,1980,234,3,2217,0,2307,9,471,512,0,983,0,992,0,0,0,0,0,0,0,99,2451,746,3,3200,0,3299,0,11,0,0,11,13,24,715,2524,751,3,3278,13,4006,294,20,3,0,23,0,317,43,1147,137,0,1284,0,1327,0,287,355,0,642,5,647,0,0,0,0,0,0,0,43,1434,492,0,1926,5,1974,0,6,3,0,9,3,12,337,1460,498,0,1958,8,2303,145,9,3,0,12,0,157,15,493,57,0,550,0,565,4,138,212,0,350,0,354,0,0,0,0,0,0,0,19,631,269,0,900,0,919,0,0,0,0,0,0,0,164,640,272,0,912,0,1076,4592,789,32,3,824,12,5428,750,18336,2181,16,20533,52,21335,36,3376,3130,3,6509,34,6579,5,15,0,93,108,0,113,791,21727,5311,112,27150,86,28027,6,74,24,3,101,109,216,5389,22590,5367,118,28075,207,33671
CED106,87,0,3304,166,850,40,0,890,0,1056,3,67,74,0,141,0,144,0,3,0,4,7,0,7,169,920,114,4,1038,0,1207,0,0,0,0,0,3,3,3386,1001,114,10,1125,3,4514,1931,34,0,0,34,0,1965,77,591,31,0,622,0,699,5,57,61,0,118,0,123,0,0,0,0,0,0,0,82,648,92,0,740,0,822,0,0,0,0,0,3,3,2013,682,92,0,774,3,2790,1038,27,0,3,30,0,1068,38,354,21,0,375,5,418,4,30,32,0,62,0,66,0,0,0,0,0,0,0,42,384,53,0,437,5,484,6,0,0,0,0,0,6,1086,411,53,3,467,5,1558,22440,667,8,26,701,0,23141,1441,6681,255,6,6942,22,8405,18,546,407,0,953,0,971,21,7,0,9,16,0,37,1480,7234,662,15,7911,22,9413,13,32,0,0,32,12,57,23933,7933,670,41,8644,34,32611
CED107,21,0,3051,39,71,6,0,77,0,116,3,4,12,0,16,0,19,7,0,0,0,0,0,7,49,75,18,0,93,0,142,4,0,0,0,0,0,4,3083,92,18,4,114,0,3197,524,3,0,3,6,3,533,8,21,3,0,24,0,32,0,0,3,0,3,0,3,4,0,0,0,0,0,4,12,21,6,0,27,0,39,0,0,0,0,0,0,0,536,24,6,3,33,3,572,163,3,0,3,6,0,169,3,5,0,0,5,0,8,0,0,3,0,3,0,3,0,0,0,0,0,0,0,3,5,3,0,8,0,11,0,0,0,0,0,0,0,166,8,3,3,14,0,180,23578,239,4,35,278,16,23872,349,598,43,3,644,0,993,16,55,86,0,141,0,157,54,3,0,39,42,0,96,419,656,129,42,827,0,1246,4,3,0,0,3,0,7,24001,898,133,77,1108,16,25125
CED108,31,3,2721,41,99,4,0,103,0,144,0,10,3,0,13,0,13,4,0,0,0,0,0,4,45,109,7,0,116,0,161,0,0,0,0,0,0,0,2732,135,7,5,147,3,2882,888,9,0,3,12,0,900,20,55,5,0,60,0,80,0,0,3,0,3,0,3,0,0,0,0,0,0,0,20,55,8,0,63,0,83,0,3,0,0,3,0,3,908,67,8,3,78,0,986,384,4,0,0,4,0,388,4,24,5,0,29,0,33,0,3,3,0,6,0,6,0,0,0,0,0,0,0,4,27,8,0,35,0,39,0,0,0,0,0,0,0,388,31,8,0,39,0,427,20138,310,3,46,359,3,20500,407,927,43,3,973,0,1380,4,60,33,0,93,0,97,29,3,0,18,21,0,50,440,990,76,21,1087,0,1527,0,3,0,0,3,0,3,20578,1303,79,67,1449,3,22030
CED109,77,3,1797,118,2017,91,3,2111,5,2234,3,176,156,0,332,3,338,3,6,0,0,6,0,9,124,2199,247,3,2449,8,2581,0,9,3,0,12,13,25,1841,2279,253,6,2538,24,4403,515,18,0,3,21,0,536,52,1195,43,0,1238,8,1298,0,109,109,0,218,0,218,0,0,0,0,0,0,0,52,1304,152,0,1456,8,1516,0,7,0,0,7,3,10,567,1329,152,3,1484,11,2062,164,10,0,0,10,0,174,14,595,31,3,629,3,646,0,64,75,0,139,0,139,0,0,0,0,0,0,0,14,659,106,3,768,3,785,0,3,0,0,3,0,3,178,672,106,3,781,3,962,13102,871,12,34,917,9,14028,1082,16148,615,22,16785,64,17931,19,1360,926,3,2289,9,2317,9,26,0,64,90,0,99,1110,17534,1541,89,19164,73,20347,10,109,12,6,127,80,217,14222,18514,1565,129,20208,162,34592
CED110,57,0,2458,110,356,16,0,372,0,482,3,21,16,0,37,0,40,5,0,0,0,0,0,5,118,377,32,0,409,0,527,0,3,0,0,3,3,6,2519,431,35,3,469,3,2991,1356,18,0,3,21,0,1377,56,229,17,0,246,0,302,0,10,9,0,19,0,19,0,0,0,0,0,0,0,56,239,26,0,265,0,321,0,0,0,0,0,0,0,1412,257,26,3,286,0,1698,591,8,0,0,8,0,599,29,98,10,0,108,0,137,0,11,7,0,18,0,18,0,0,0,0,0,0,0,29,109,17,0,126,0,155,0,0,0,0,0,0,0,620,117,17,0,134,0,754,20645,606,12,33,651,9,21305,1058,2917,100,6,3023,0,4081,17,156,77,0,233,0,250,30,4,0,15,19,0,49,1105,3077,177,21,3275,0,4380,3,9,0,0,9,12,24,21753,3692,189,54,3935,21,25709
CED111,19,0,2654,51,90,3,0,93,0,144,0,10,13,0,23,0,23,6,0,0,3,3,0,9,57,100,16,3,119,0,176,0,0,0,0,0,0,0,2692,116,16,6,138,0,2830,445,4,0,0,4,0,449,13,19,0,0,19,0,32,0,5,11,0,16,0,16,0,0,0,0,0,0,0,13,24,11,0,35,0,48,0,0,0,0,0,0,0,458,28,11,0,39,0,497,103,0,0,0,0,0,103,4,13,0,0,13,0,17,0,5,4,0,9,0,9,0,0,0,0,0,0,0,4,18,4,0,22,0,26,0,0,0,0,0,0,0,107,18,4,0,22,0,129,17922,194,6,18,218,6,18146,409,638,27,3,668,0,1077,5,83,126,0,209,0,214,26,0,0,32,32,0,58,440,721,153,35,909,0,1349,5,7,0,0,7,0,12,18367,922,159,53,1134,6,19507
CED112,68,0,2673,83,359,25,0,384,0,467,0,32,25,0,57,0,57,0,3,0,0,3,0,3,83,394,50,0,444,0,527,0,5,0,0,5,0,5,2688,463,50,4,517,0,3205,1271,24,0,0,24,0,1295,44,198,7,0,205,0,249,0,15,21,0,36,0,36,0,0,0,0,0,0,0,44,213,28,0,241,0,285,0,0,0,0,0,0,0,1315,237,28,0,265,0,1580,488,16,0,0,16,0,504,15,101,12,0,113,0,128,0,10,11,0,21,0,21,0,0,3,0,3,0,3,15,111,26,0,137,0,152,0,0,0,0,0,0,0,503,127,26,0,153,0,656,20620,589,12,33,634,5,21259,818,2834,122,6,2962,0,3780,16,253,204,0,457,0,473,26,7,3,27,37,0,63,860,3094,329,33,3456,0,4316,6,10,3,0,13,17,36,21486,3693,344,66,4103,22,25611
CED113,45,5,3117,66,87,5,0,92,0,158,0,7,8,0,15,0,15,6,0,0,4,4,0,10,72,94,13,4,111,0,183,0,0,0,0,0,4,4,3139,134,13,9,156,9,3304,927,12,0,3,15,0,942,17,43,3,0,46,0,63,0,0,7,0,7,0,7,0,0,0,0,0,0,0,17,43,10,0,53,0,70,0,0,0,0,0,4,4,944,55,10,3,68,4,1016,342,4,0,0,4,0,346,6,22,0,0,22,0,28,0,0,3,0,3,0,3,0,0,0,0,0,0,0,6,22,3,0,25,0,31,0,0,0,0,0,0,0,348,26,3,0,29,0,377,22216,373,11,39,423,9,22648,552,743,41,3,787,0,1339,13,62,44,0,106,0,119,29,0,0,29,29,0,58,594,805,85,32,922,0,1516,0,0,0,0,0,8,8,22810,1178,96,71,1345,17,24172
CED114,41,0,2730,73,126,7,3,136,0,209,0,3,12,0,15,0,15,4,0,0,0,0,0,4,77,129,19,3,151,0,228,0,0,0,0,0,0,0,2766,170,19,3,192,0,2958,512,14,0,0,14,0,526,15,45,4,0,49,0,64,0,5,4,0,9,0,9,4,0,0,0,0,0,4,19,50,8,0,58,0,77,0,0,0,0,0,0,0,531,64,8,0,72,0,603,138,0,0,0,0,0,138,3,12,0,0,12,0,15,0,0,0,0,0,0,0,0,0,0,0,0,0,0,3,12,0,0,12,0,15,0,0,0,0,0,0,0,141,12,0,0,12,0,153,18968,370,0,31,401,3,19372,494,1137,38,3,1178,0,1672,9,46,57,0,103,0,112,34,0,0,24,24,0,58,537,1183,95,27,1305,0,1842,4,0,0,0,0,9,13,19509,1553,95,58,1706,12,21227
CED115,25,0,2792,30,62,0,0,62,0,92,0,4,10,0,14,0,14,4,0,0,3,3,0,7,34,66,10,3,79,0,113,0,0,0,0,0,0,0,2801,84,10,10,104,0,2905,508,3,0,0,3,0,511,3,24,0,0,24,0,27,0,0,8,0,8,0,8,0,0,0,0,0,0,0,3,24,8,0,32,0,35,0,0,0,0,0,0,0,511,27,8,0,35,0,546,88,3,0,0,3,0,91,3,0,0,0,0,0,3,0,3,8,0,11,0,11,0,0,0,0,0,0,0,3,3,8,0,11,0,14,0,3,0,0,3,0,3,91,9,8,0,17,0,108,20027,192,0,20,212,0,20239,285,568,0,3,571,0,856,0,50,76,0,126,6,132,22,3,0,31,34,0,56,307,621,76,34,731,6,1044,6,6,0,0,6,6,18,20340,819,76,54,949,12,21301
CED116,61,0,761,63,1794,254,3,2051,7,2121,3,475,905,4,1384,8,1395,0,0,0,3,3,0,3,66,2269,1159,10,3438,15,3519,0,8,5,0,13,12,25,766,2335,1167,10,3512,27,4305,290,34,3,0,37,0,327,38,1068,119,3,1190,5,1233,4,308,586,0,894,4,902,0,0,0,0,0,0,0,42,1376,705,3,2084,9,2135,4,3,0,0,3,7,14,336,1413,708,3,2124,16,2476,107,12,0,0,12,0,119,11,447,55,0,502,0,513,0,142,273,0,415,0,415,0,0,0,0,0,0,0,11,589,328,0,917,0,928,0,4,3,0,7,3,10,118,605,331,0,936,3,1057,4729,645,28,0,673,13,5415,784,13939,1588,14,15541,29,16354,35,3406,4723,10,8139,31,8205,24,9,6,73,88,3,115,843,17354,6317,97,23768,63,24674,7,74,25,3,102,101,210,5579,18073,6370,100,24543,177,30299
CED117,50,0,2828,42,115,5,0,120,0,162,4,3,5,0,8,0,12,3,0,0,3,3,0,6,49,118,10,3,131,0,180,0,0,0,0,0,0,0,2827,162,10,9,181,0,3008,700,15,0,0,15,0,715,22,44,3,0,47,0,69,0,6,3,0,9,0,9,0,0,0,0,0,0,0,22,50,6,0,56,0,78,0,0,0,0,0,0,0,722,65,6,0,71,0,793,228,6,0,0,6,0,234,3,20,0,0,20,0,23,3,3,3,0,6,0,9,0,0,0,0,0,0,0,6,23,3,0,26,0,32,0,0,0,0,0,0,0,234,29,3,0,32,0,266,18832,358,0,32,390,9,19231,375,888,33,0,921,0,1296,7,26,46,0,72,0,79,25,0,0,20,20,6,51,407,914,79,20,1013,6,1426,8,6,0,0,6,3,17,19247,1278,79,52,1409,18,20674
CED118,54,0,1045,96,528,34,0,562,0,658,0,66,98,0,164,0,164,0,3,0,0,3,0,3,96,597,132,0,729,0,825,0,6,0,0,6,6,12,1087,654,135,0,789,6,1882,523,31,0,0,31,0,554,38,344,44,0,388,0,426,0,46,72,3,121,0,121,3,0,0,0,0,0,3,41,390,116,3,509,0,550,0,0,0,0,0,3,3,564,421,116,3,540,3,1107,218,11,0,0,11,0,229,14,171,14,0,185,0,199,3,44,42,0,86,0,89,0,0,0,0,0,0,0,17,215,56,0,271,0,288,0,0,0,0,0,5,5,235,226,56,0,282,5,522,12181,806,10,25,841,7,13029,1189,4992,272,6,5270,15,6474,16,524,543,3,1070,0,1086,16,12,0,26,38,0,54,1221,5528,815,35,6378,15,7614,19,27,4,0,31,34,84,13421,6361,829,60,7250,56,20727
CED119,75,0,1923,108,1503,66,3,1572,11,1691,4,126,81,0,207,0,211,0,0,0,3,3,0,3,112,1629,147,6,1782,11,1905,0,10,0,0,10,3,13,1960,1711,147,9,1867,14,3841,683,31,0,0,31,0,714,60,994,40,3,1037,3,1100,5,94,85,0,179,0,184,0,0,0,0,0,0,0,65,1088,125,3,1216,3,1284,0,4,0,0,4,3,7,748,1123,125,3,1251,6,2005,295,9,0,0,9,0,304,13,464,24,0,488,0,501,0,51,47,0,98,0,98,0,0,0,0,0,0,0,13,515,71,0,586,0,599,0,4,0,0,4,0,4,308,528,71,0,599,0,907,17529,883,0,15,898,0,18427,1159,13556,373,18,13947,56,15162,23,979,556,0,1535,0,1558,37,24,0,27,51,0,88,1219,14559,929,45,15533,56,16808,12,90,7,3,100,27,139,18760,15532,936,63,16531,83,35374
CED120,71,0,2857,114,903,56,0,959,0,1073,3,64,74,0,138,0,141,4,0,0,3,3,0,7,121,967,130,3,1100,0,1221,0,4,0,0,4,4,8,2907,1035,133,7,1175,4,4086,1482,41,0,0,41,0,1523,55,586,38,0,624,4,683,0,37,74,0,111,3,114,3,0,0,3,3,0,6,58,623,112,3,738,7,803,0,5,0,0,5,0,5,1540,669,112,3,784,7,2331,614,14,0,3,17,0,631,32,285,14,0,299,6,337,0,25,48,0,73,0,73,0,0,0,0,0,0,0,32,310,62,0,372,6,410,0,0,0,0,0,0,0,646,324,62,3,389,6,1041,21104,736,9,23,768,9,21881,1085,6930,302,3,7235,32,8352,9,504,492,0,996,3,1008,26,5,9,23,37,0,63,1120,7439,803,26,8268,35,9423,13,19,0,0,19,18,50,22237,8194,812,49,9055,62,31354
CED121,26,0,3265,49,87,3,0,90,0,139,0,3,15,0,18,0,18,4,0,0,3,3,0,7,53,90,18,3,111,0,164,0,0,0,0,0,0,0,3292,113,18,6,137,0,3429,694,5,0,0,5,0,699,10,34,0,0,34,0,44,0,0,9,0,9,0,9,0,0,0,0,0,0,0,10,34,9,0,43,0,53,0,0,0,0,0,0,0,704,39,9,0,48,0,752,187,3,0,0,3,0,190,0,21,0,0,21,0,21,0,0,0,0,0,0,0,0,0,0,0,0,0,0,0,21,0,0,21,0,21,0,0,0,0,0,0,0,187,24,0,0,24,0,211,23704,279,0,34,313,3,24020,404,663,41,3,707,0,1111,9,31,46,0,77,3,89,25,0,0,51,51,0,76,438,694,87,54,835,3,1276,9,0,0,0,0,9,18,24151,973,87,88,1148,15,25314
CED122,21,0,2953,52,53,0,3,56,0,108,3,3,4,0,7,0,10,3,0,0,0,0,0,3,58,56,4,3,63,0,121,0,0,0,0,0,0,0,2990,71,7,6,84,0,3074,605,6,0,0,6,0,611,11,23,0,0,23,0,34,0,3,6,0,9,0,9,3,0,0,0,0,0,3,14,26,6,0,32,0,46,0,0,0,0,0,0,0,619,32,6,0,38,0,657,176,3,0,0,3,0,179,0,10,0,0,10,0,10,0,4,0,0,4,0,4,0,0,0,0,0,0,0,0,14,0,0,14,0,14,0,0,0,0,0,0,0,176,17,0,0,17,0,193,23998,161,3,25,189,0,24187,355,498,9,9,516,0,871,9,34,34,0,68,0,77,34,0,0,37,37,0,71,398,532,43,46,621,0,1019,3,0,0,0,0,3,6,24399,693,46,71,810,3,25212
CED123,58,3,1356,108,771,38,0,809,3,920,0,71,56,0,127,3,130,0,0,0,0,0,3,3,108,842,94,0,936,9,1053,3,4,0,0,4,3,10,1406,900,94,4,998,15,2419,706,34,3,0,37,0,743,58,533,33,0,566,0,624,3,60,52,0,112,0,115,0,0,0,0,0,0,0,61,593,85,0,678,0,739,4,0,0,0,0,3,7,771,627,88,0,715,3,1489,326,8,0,0,8,0,334,33,278,19,0,297,0,330,0,26,27,0,53,0,53,0,0,0,0,0,0,0,33,304,46,0,350,0,383,0,6,0,0,6,0,6,359,318,46,0,364,0,723,13261,746,6,13,765,6,14032,1318,6642,228,3,6873,24,8215,22,561,286,0,847,3,872,20,4,0,17,21,3,44,1360,7207,514,20,7741,30,9131,24,30,0,0,30,20,74,14645,7983,520,33,8536,56,23237
CED124,65,0,2854,101,491,21,3,515,3,619,0,42,26,0,68,0,68,4,0,0,0,0,0,4,105,533,47,3,583,3,691,0,0,0,0,0,0,0,2894,594,47,7,648,3,3545,870,25,0,0,25,0,895,33,290,9,3,302,3,338,0,30,11,0,41,0,41,0,0,0,0,0,0,0,33,320,20,3,343,3,379,0,0,0,0,0,0,0,903,345,20,3,368,3,1274,338,11,0,0,11,3,352,11,122,5,0,127,0,138,0,15,9,0,24,0,24,0,0,0,0,0,0,0,11,137,14,0,151,0,162,0,0,0,0,0,0,0,349,148,14,0,162,3,514,22385,706,6,28,740,3,23128,848,3759,147,15,3921,12,4781,16,362,156,0,518,0,534,16,11,0,39,50,0,66,880,4132,303,54,4489,12,5381,14,27,0,0,27,19,60,23279,4865,309,82,5256,34,28569
CED125,21,0,2602,27,47,0,0,47,0,74,0,0,3,0,3,0,3,3,0,0,4,4,0,7,30,47,3,4,54,0,84,0,0,0,0,0,0,0,2611,68,3,4,75,0,2686,389,3,0,0,3,0,392,9,8,0,0,8,0,17,0,0,0,0,0,0,0,0,0,0,0,0,0,0,9,8,0,0,8,0,17,0,0,0,0,0,0,0,398,11,0,0,11,0,409,82,3,0,0,3,0,85,0,0,0,0,0,0,0,0,0,0,0,0,0,0,0,0,0,0,0,0,0,0,0,0,0,0,0,0,0,0,0,0,0,0,0,82,3,0,0,3,0,85,17343,158,0,34,192,0,17535,291,308,0,0,308,0,599,0,18,30,0,48,0,48,26,0,0,30,30,0,56,317,326,30,30,386,0,703,0,0,0,0,0,6,6,17660,484,30,64,578,6,18244
CED126,85,0,2882,100,602,40,0,642,0,742,0,47,44,0,91,0,91,0,0,0,3,3,0,3,100,649,84,3,736,0,836,0,0,0,0,0,0,0,2897,734,84,3,821,0,3718,991,20,0,0,20,0,1011,28,327,15,0,342,3,373,3,30,37,0,67,0,70,0,0,0,0,0,0,0,31,357,52,0,409,3,443,5,0,0,0,0,0,5,1027,377,52,0,429,3,1459,374,8,0,0,8,0,382,22,147,3,0,150,4,176,0,11,10,0,21,0,21,0,0,0,0,0,0,0,22,158,13,0,171,4,197,0,0,0,0,0,0,0,396,166,13,0,179,4,579,22363,809,7,23,839,9,23211,880,4311,219,3,4533,10,5423,17,349,283,0,632,0,649,40,3,0,29,32,0,72,937,4663,502,32,5197,10,6144,19,16,0,0,16,11,46,23319,5488,509,55,6052,30,29401
CED127,71,0,2959,104,341,16,0,357,0,461,0,26,20,0,46,0,46,5,0,0,0,0,0,5,109,367,36,0,403,0,512,0,0,0,0,0,0,0,2997,438,36,0,474,0,3471,1295,25,0,0,25,0,1320,53,192,13,0,205,0,258,0,14,11,0,25,0,25,4,0,0,0,0,0,4,57,206,24,0,230,0,287,0,0,0,0,0,3,3,1352,231,24,0,255,3,1610,543,16,0,0,16,0,559,26,110,3,0,113,0,139,0,7,16,0,23,0,23,0,0,0,0,0,0,0,26,117,19,0,136,0,162,0,0,0,0,0,0,0,569,133,19,0,152,0,721,23497,648,4,23,675,8,24180,1177,2699,112,0,2811,10,3998,5,155,125,0,280,0,285,27,0,0,12,12,0,39,1209,2854,237,12,3103,10,4322,3,7,0,0,7,12,22,24709,3509,241,35,3785,30,28524
CED128,54,0,3168,66,125,3,0,128,0,194,4,3,5,0,8,0,12,4,0,0,0,0,0,4,74,128,8,0,136,0,210,0,0,0,0,0,0,0,3188,182,8,0,190,0,3378,1191,16,0,3,19,0,1210,29,54,0,0,54,0,83,0,4,7,0,11,0,11,0,0,0,0,0,0,0,29,58,7,0,65,0,94,0,0,0,0,0,0,0,1220,74,7,3,84,0,1304,468,7,0,0,7,0,475,11,23,0,0,23,0,34,0,0,3,0,3,0,3,0,0,0,0,0,0,0,11,23,3,0,26,0,37,0,0,0,0,0,0,0,479,30,3,0,33,0,512,23896,495,3,26,524,8,24428,576,936,25,6,967,0,1543,14,44,44,0,88,0,102,33,0,3,9,12,0,45,623,980,72,15,1067,0,1690,10,7,0,0,7,0,17,24529,1482,75,41,1598,8,26135
CED129,96,3,1647,106,1607,133,3,1743,4,1853,0,268,431,0,699,5,704,5,0,0,0,0,0,5,111,1875,564,3,2442,9,2562,0,9,0,0,9,12,21,1659,1972,569,6,2547,24,4230,712,36,0,0,36,0,748,50,999,89,3,1091,3,1144,3,166,294,0,460,3,466,0,0,0,3,3,0,3,53,1165,383,6,1554,6,1613,0,6,0,0,6,3,9,765,1207,383,6,1596,9,2370,303,15,3,0,18,0,321,13,497,48,0,545,0,558,0,83,177,3,263,0,263,3,0,0,0,0,0,3,16,580,225,3,808,0,824,0,0,0,0,0,6,6,319,595,228,3,826,6,1151,10319,830,14,17,861,7,11187,931,12241,969,15,13225,35,14191,37,1885,2394,6,4285,20,4342,11,19,8,59,86,0,97,979,14145,3371,80,17596,55,18630,14,38,10,0,48,81,143,11312,15013,3395,97,18505,143,29960
CED130,92,0,2663,139,1302,41,3,1346,8,1493,0,94,60,0,154,3,157,3,0,0,0,0,0,3,142,1396,101,3,1500,11,1653,0,4,0,0,4,7,11,2713,1488,101,7,1596,18,4327,1343,46,4,3,53,0,1396,75,907,40,3,950,0,1025,0,69,41,0,110,0,110,4,0,0,0,0,0,4,79,976,81,3,1060,0,1139,0,0,0,0,0,7,7,1422,1022,85,6,1113,7,2542,575,23,0,0,23,0,598,33,495,15,0,510,0,543,0,47,24,0,71,0,71,0,0,0,3,3,0,3,33,542,39,3,584,0,617,0,4,0,0,4,0,4,608,569,39,3,611,0,1219,20871,886,8,16,910,0,21781,1272,9474,281,23,9778,32,11082,15,599,311,0,910,9,934,17,8,0,20,28,0,45,1304,10081,592,43,10716,41,12061,8,26,6,0,32,34,74,22183,10993,606,59,11658,75,33916
CED131,18,0,2913,29,50,3,0,53,0,82,0,3,3,0,6,0,6,6,0,0,3,3,0,9,35,53,6,3,62,0,97,0,0,0,0,0,0,0,2930,66,6,8,80,0,3010,462,0,0,0,0,0,462,0,10,0,0,10,0,10,0,0,0,0,0,0,0,0,0,0,0,0,0,0,0,10,0,0,10,0,10,0,0,0,0,0,0,0,462,10,0,0,10,0,472,90,0,0,0,0,0,90,0,0,0,0,0,0,0,0,0,0,0,0,0,0,0,0,0,0,0,0,0,0,0,0,0,0,0,0,0,0,0,0,0,0,0,90,0,0,0,0,0,90,21666,198,0,34,232,0,21898,235,453,27,0,480,0,715,0,57,21,0,78,0,78,39,0,0,41,41,0,80,274,510,48,41,599,0,873,3,3,0,0,3,0,6,21943,711,48,75,834,0,22777
CED132,33,0,1957,39,98,5,3,106,0,145,3,10,13,0,23,0,26,3,0,0,0,0,0,3,45,108,18,3,129,0,174,0,0,0,0,0,5,5,1969,133,23,6,162,5,2136,801,12,0,0,12,0,813,11,50,3,0,53,0,64,0,3,9,0,12,0,12,0,0,0,0,0,0,0,11,53,12,0,65,0,76,0,0,0,0,0,0,0,812,65,12,0,77,0,889,346,4,0,0,4,0,350,3,21,3,0,24,0,27,0,5,5,0,10,0,10,4,3,0,0,3,0,7,7,29,8,0,37,0,44,0,0,0,0,0,0,0,353,33,8,0,41,0,394,16734,335,8,26,369,8,17111,429,1006,50,3,1059,4,1492,3,122,126,0,248,0,251,30,3,0,30,33,0,63,462,1131,176,33,1340,4,1806,8,4,0,0,4,5,17,17204,1470,184,59,1713,17,18934
CED133,37,0,1798,93,484,35,3,522,5,620,3,58,80,0,138,0,141,4,0,0,0,0,0,4,100,542,115,3,660,5,765,0,3,0,0,3,0,3,1861,582,115,3,700,5,2566,1072,29,0,0,29,0,1101,55,312,21,0,333,0,388,0,25,44,0,69,0,69,0,0,0,0,0,0,0,55,337,65,0,402,0,457,0,0,0,0,0,3,3,1127,366,65,0,431,3,1561,598,14,0,0,14,0,612,34,175,12,3,190,0,224,0,26,27,0,53,0,53,0,0,0,0,0,0,0,34,201,39,3,243,0,277,0,5,0,0,5,3,8,632,220,39,3,262,3,897,16914,578,3,18,599,10,17523,1369,4919,238,10,5167,14,6550,13,490,364,0,854,0,867,17,5,3,12,20,3,40,1399,5414,605,22,6041,17,7457,15,25,4,0,29,6,50,18328,6017,612,40,6669,33,25030
CED134,32,0,2681,45,35,0,0,35,0,80,0,4,3,0,7,0,7,3,0,0,3,3,0,6,48,39,3,3,45,0,93,0,0,0,0,0,0,0,2697,68,3,6,77,0,2774,489,6,0,3,9,0,498,12,0,0,0,0,0,12,0,0,0,0,0,4,4,0,0,0,0,0,0,0,12,0,0,0,0,4,16,0,0,0,0,0,0,0,501,6,0,3,9,4,514,153,0,0,0,0,0,153,0,3,0,0,3,0,3,0,3,0,0,3,0,3,0,0,0,0,0,0,0,0,6,0,0,6,0,6,0,0,0,0,0,0,0,153,6,0,0,6,0,159,18420,209,3,30,242,0,18662,331,330,13,0,343,0,674,15,25,13,0,38,4,57,30,0,0,41,41,0,71,376,355,26,41,422,4,802,5,0,0,0,0,0,5,18801,564,29,71,664,4,19469
CED135,9,0,2616,19,58,0,0,58,0,77,0,3,4,0,7,0,7,3,0,0,3,3,0,6,22,61,4,3,68,0,90,0,0,0,0,0,0,0,2629,70,4,3,77,0,2706,380,3,0,0,3,0,383,3,5,0,0,5,0,8,0,0,0,0,0,0,0,3,0,0,0,0,0,3,6,5,0,0,5,0,11,0,0,0,0,0,0,0,386,8,0,0,8,0,394,61,0,0,0,0,0,61,0,4,0,0,4,0,4,0,0,0,0,0,0,0,0,0,0,0,0,0,0,0,4,0,0,4,0,4,0,0,0,0,0,0,0,61,4,0,0,4,0,65,23233,134,0,29,163,3,23399,249,507,7,0,514,0,763,10,30,26,0,56,0,66,47,3,0,65,68,0,115,306,540,33,65,638,0,944,6,0,3,0,3,0,9,23545,674,36,94,804,3,24352
CED136,56,0,985,69,1441,136,0,1577,7,1653,3,214,261,0,475,3,481,0,3,0,0,3,0,3,72,1658,397,0,2055,10,2137,0,10,0,0,10,3,13,1001,1718,400,3,2121,13,3135,462,20,0,3,23,0,485,48,927,93,0,1020,6,1074,3,152,202,0,354,0,357,0,3,0,3,6,0,6,51,1082,295,3,1380,6,1437,0,0,4,0,4,3,7,513,1102,299,6,1407,9,1929,241,5,0,3,8,0,249,15,463,51,0,514,0,529,0,87,144,0,231,0,231,0,0,0,0,0,0,0,15,550,195,0,745,0,760,0,0,3,0,3,0,3,256,555,198,3,756,0,1012,7642,670,16,13,699,12,8353,955,15582,1028,12,16622,40,17617,26,1914,1672,0,3586,6,3618,13,37,0,61,98,0,111,994,17533,2700,73,20306,46,21346,7,78,10,3,91,70,168,8643,18281,2726,89,21096,128,29867
CED137,23,0,2519,41,42,3,0,45,0,86,3,5,3,0,8,0,11,3,0,0,0,0,0,3,47,47,6,0,53,0,100,0,0,0,0,0,0,0,2543,66,6,4,76,0,2619,701,6,0,0,6,0,707,11,7,0,0,7,0,18,0,3,3,0,6,0,6,0,0,0,0,0,0,0,11,10,3,0,13,0,24,0,0,0,0,0,0,0,712,16,3,0,19,0,731,230,3,0,0,3,0,233,10,3,0,0,3,0,13,0,0,0,0,0,0,0,0,0,0,0,0,0,0,10,3,0,0,3,0,13,0,0,0,0,0,0,0,240,6,0,0,6,0,246,19086,219,0,17,236,3,19325,308,337,26,3,366,0,674,15,33,11,0,44,0,59,25,4,0,21,25,0,50,348,374,37,24,435,0,783,3,0,0,0,0,0,3,19437,593,37,41,671,3,20111
CED138,76,0,1085,94,1320,152,0,1472,4,1570,4,227,394,3,624,4,632,3,4,0,0,4,0,7,101,1551,546,3,2100,8,2209,0,11,0,0,11,4,15,1110,1635,546,6,2187,12,3309,644,27,3,3,33,0,677,49,846,79,0,925,0,974,7,166,304,0,470,0,477,0,3,0,0,3,0,3,56,1015,383,0,1398,0,1454,0,8,3,0,11,4,15,700,1050,389,3,1442,4,2146,315,16,0,0,16,0,331,29,434,39,0,473,0,502,3,100,170,0,270,0,273,0,0,0,0,0,0,0,32,534,209,0,743,0,775,0,6,0,0,6,4,10,347,556,209,0,765,4,1116,9342,789,8,15,812,0,10154,1244,12085,997,0,13082,28,14354,43,2075,2371,6,4452,16,4511,6,25,4,48,77,0,83,1293,14185,3372,54,17611,44,18948,16,72,7,3,82,50,148,10651,15046,3387,72,18505,94,29250
CED139,29,0,2562,73,69,0,0,69,0,142,4,3,9,0,12,0,16,0,0,0,4,4,0,4,77,72,9,4,85,0,162,0,0,0,0,0,0,0,2610,101,9,4,114,0,2724,640,6,0,0,6,0,646,10,23,0,0,23,0,33,0,3,0,0,3,0,3,0,0,0,0,0,0,0,10,26,0,0,26,0,36,0,0,0,0,0,0,0,650,32,0,0,32,0,682,157,0,0,0,0,0,157,3,7,0,0,7,0,10,0,0,3,0,3,0,3,0,0,0,0,0,0,0,3,7,3,0,10,0,13,0,0,0,0,0,3,3,160,7,3,0,10,3,173,18225,349,0,18,367,3,18595,585,638,14,3,655,0,1240,11,27,47,0,74,0,85,17,0,0,24,24,0,41,613,665,61,27,753,0,1366,6,3,0,0,3,6,15,18844,1017,61,45,1123,9,19976
CED140,41,0,3019,43,170,7,0,177,0,220,3,23,13,0,36,0,39,3,0,0,0,0,0,3,49,193,20,0,213,0,262,0,0,0,0,0,0,0,3027,230,20,4,254,0,3281,551,13,0,0,13,0,564,11,36,0,0,36,0,47,0,3,3,0,6,0,6,0,0,0,0,0,0,0,11,39,3,0,42,0,53,0,0,0,0,0,0,0,562,52,3,0,55,0,617,144,0,0,0,0,0,144,0,11,0,0,11,0,11,0,4,0,0,4,0,4,0,0,0,0,0,0,0,0,15,0,0,15,0,15,0,0,0,0,0,0,0,144,15,0,0,15,0,159,23498,366,0,32,398,6,23902,372,1564,73,6,1643,9,2024,10,132,114,0,246,0,256,27,10,0,46,56,0,83,409,1706,187,52,1945,9,2363,3,6,0,0,6,6,15,23910,2078,187,84,2349,21,26280
CED141,54,0,2716,54,89,4,0,93,0,147,3,8,5,0,13,0,16,4,0,0,3,3,0,7,61,97,9,3,109,0,170,3,0,0,0,0,0,3,2726,141,9,13,163,0,2889,1017,16,0,3,19,0,1036,29,40,4,0,44,0,73,0,3,0,0,3,0,3,0,0,0,0,0,0,0,29,43,4,0,47,0,76,0,3,0,0,3,0,3,1046,62,4,3,69,0,1115,370,12,0,0,12,0,382,3,19,3,0,22,0,25,0,0,3,0,3,0,3,0,0,0,0,0,0,0,3,19,6,0,25,0,28,0,0,0,0,0,0,0,373,31,6,0,37,0,410,19867,402,7,42,451,14,20332,553,939,27,4,970,0,1523,17,71,45,0,116,0,133,29,3,0,12,15,0,44,599,1013,72,16,1101,0,1700,9,3,0,0,3,0,12,20475,1418,79,58,1555,14,22044
CED142,30,0,2696,43,85,3,0,88,0,131,0,4,4,0,8,0,8,0,0,0,3,3,0,3,43,89,7,3,99,0,142,0,0,0,0,0,0,0,2709,116,7,6,129,0,2838,949,9,0,3,12,0,961,15,31,3,0,34,0,49,0,0,3,0,3,0,3,0,0,0,0,0,0,0,15,31,6,0,37,0,52,0,0,0,0,0,0,0,964,40,6,3,49,0,1013,372,7,0,0,7,0,379,11,16,0,0,16,0,27,0,0,0,0,0,0,0,0,0,0,3,3,0,3,11,16,0,3,19,0,30,0,0,0,0,0,0,0,383,23,0,3,26,0,409,19356,283,4,31,318,4,19678,358,536,16,0,552,0,910,8,27,28,0,55,0,63,18,0,0,39,39,0,57,384,563,44,39,646,0,1030,0,0,0,0,0,0,0,19740,846,48,70,964,4,20708
CED143,17,0,565,56,163,14,0,177,0,233,0,31,34,0,65,0,65,0,0,0,4,4,0,4,56,194,48,4,246,0,302,0,0,0,0,0,0,0,604,211,48,4,263,0,867,324,8,0,0,8,0,332,23,122,12,0,134,0,157,3,26,26,0,52,0,55,0,0,0,0,0,0,0,26,148,38,0,186,0,212,0,0,0,0,0,0,0,350,156,38,0,194,0,544,168,3,0,0,3,0,171,8,63,4,0,67,0,75,0,17,28,0,45,0,45,0,0,0,0,0,0,0,8,80,32,0,112,0,120,0,0,0,0,0,0,0,176,83,32,0,115,0,291,8010,380,3,15,398,6,8414,833,2429,137,0,2566,0,3399,15,265,242,3,510,6,531,14,6,0,13,19,0,33,862,2700,379,16,3095,6,3963,11,9,0,0,9,3,23,8883,3089,382,31,3502,15,12400
CED144,66,0,2703,66,254,19,0,273,5,344,3,21,20,0,41,0,44,0,3,0,0,3,0,3,69,278,39,0,317,5,391,0,0,0,0,0,3,3,2706,336,39,8,383,8,3097,740,4,0,0,4,3,747,18,125,6,0,131,0,149,0,17,13,0,30,0,30,5,0,0,0,0,0,5,23,142,19,0,161,0,184,0,3,0,0,3,3,6,763,149,19,0,168,6,937,251,5,0,0,5,0,256,8,63,3,0,66,0,74,0,8,9,0,17,0,17,0,0,0,0,0,0,0,8,71,12,0,83,0,91,0,3,0,0,3,0,3,259,79,12,0,91,0,350,18873,502,0,33,535,9,19417,547,1931,120,3,2054,12,2613,16,159,115,0,274,0,290,21,16,0,12,28,0,49,584,2106,235,15,2356,12,2952,3,12,0,0,12,15,30,19460,2620,235,48,2903,36,22399
CED145,40,3,2329,105,302,11,3,316,0,421,0,21,23,0,44,0,44,0,0,0,0,0,0,0,105,323,34,3,360,0,465,0,0,0,0,0,0,0,2391,363,34,3,400,3,2794,1145,15,0,0,15,0,1160,39,153,9,0,162,3,204,3,15,12,0,27,0,30,3,0,0,0,0,0,3,45,168,21,0,189,3,237,5,0,0,0,0,0,5,1195,183,21,0,204,3,1402,519,20,0,0,20,0,539,23,87,10,0,97,0,120,0,15,5,3,23,0,23,0,0,0,0,0,0,0,23,102,15,3,120,0,143,0,0,0,0,0,3,3,542,122,15,3,140,3,685,21418,656,3,10,669,11,22098,1429,2814,108,7,2929,10,4368,11,200,114,3,317,0,328,20,6,0,3,9,0,29,1460,3020,222,13,3255,10,4725,17,4,0,0,4,9,30,22895,3680,225,23,3928,30,26853
CED146,73,0,731,100,2198,192,3,2393,3,2496,4,353,450,0,803,4,811,0,0,0,0,0,0,0,104,2551,642,3,3196,7,3307,5,7,3,0,10,13,28,767,2628,648,3,3279,20,4066,399,28,0,0,28,0,427,39,1331,131,0,1462,0,1501,5,207,322,0,529,0,534,0,0,0,6,6,0,6,44,1538,453,6,1997,0,2041,0,9,0,0,9,7,16,443,1575,453,6,2034,7,2484,218,14,0,0,14,0,232,19,621,65,0,686,0,705,0,142,157,0,299,0,299,4,0,0,0,0,0,4,23,763,222,0,985,0,1008,0,7,0,0,7,3,10,241,784,222,0,1006,3,1250,5238,875,32,7,914,7,6159,886,19273,1422,16,20711,46,21643,45,2918,2491,8,5417,18,5480,16,26,6,112,144,0,160,947,22217,3919,136,26272,64,27283,20,96,9,3,108,89,217,6205,23188,3960,146,27294,160,33659
CED147,49,0,1552,86,242,6,0,248,0,334,0,10,9,0,19,0,19,0,0,0,0,0,0,0,86,252,15,0,267,0,353,0,0,0,0,0,0,0,1589,301,15,0,316,0,1905,911,32,0,3,35,0,946,43,176,6,0,182,0,225,0,8,5,0,13,0,13,0,0,0,0,0,0,0,43,184,11,0,195,0,238,0,0,0,0,0,0,0,954,216,11,3,230,0,1184,507,13,0,3,16,0,523,26,91,5,0,96,0,122,0,7,4,0,11,0,11,0,0,0,3,3,0,3,26,98,9,3,110,0,136,0,0,0,0,0,0,0,533,111,9,6,126,0,659,15379,663,3,32,698,9,16086,1164,2440,78,6,2524,9,3697,6,101,46,0,147,0,153,29,6,0,10,16,0,45,1199,2547,124,16,2687,9,3895,0,9,0,0,9,8,17,16578,3219,127,48,3394,26,19998
CED148,100,0,1789,129,1810,112,3,1925,8,2062,3,170,141,0,311,0,314,3,3,0,0,3,0,6,135,1983,253,3,2239,8,2382,4,8,4,0,12,11,27,1828,2091,257,3,2351,19,4198,645,32,0,3,35,0,680,54,1014,62,3,1079,7,1140,0,101,110,0,211,0,211,0,3,0,3,6,0,6,54,1118,172,6,1296,7,1357,3,0,0,0,0,3,6,702,1150,172,9,1331,10,2043,256,10,0,0,10,0,266,23,464,28,0,492,0,515,0,53,71,3,127,0,127,0,0,0,0,0,0,0,23,517,99,3,619,0,642,0,0,0,0,0,3,3,279,527,99,3,629,3,911,12423,966,12,26,1004,10,13437,1178,14461,682,21,15164,33,16375,22,1272,949,3,2224,0,2246,15,27,0,78,105,0,120,1215,15760,1631,102,17493,33,18741,13,57,7,0,64,69,146,13651,16783,1650,128,18561,112,32324
CED194,0,0,0,0,0,0,0,0,0,0,0,0,0,0,0,0,0,0,0,0,0,0,0,0,0,0,0,0,0,0,0,0,0,0,0,0,0,0,0,0,0,0,0,0,0,0,0,0,0,0,0,0,0,0,0,0,0,0,0,0,0,0,0,0,0,0,0,0,0,0,0,0,0,0,0,0,0,0,0,0,0,0,0,0,0,0,0,0,0,0,0,0,0,0,0,0,0,0,0,0,0,0,0,0,0,0,0,0,0,0,0,0,0,0,0,0,0,0,0,0,0,0,0,0,0,0,0,0,0,0,0,0,0,0,0,0,0,0,0,0,0,0,0,0,0,0,0,0,0,0,0,0,0,0,0,0,0,0,0,0,0,0,0,0,0,0,0,0,0,0,0,0,0,0,0,0,0,0,0,0,0,0,0,0,0,0,0,0,0,0,0,0
CED197,0,0,0,0,0,0,0,0,0,0,0,0,0,0,0,0,0,0,0,0,0,0,0,0,0,0,0,0,0,0,0,0,0,0,0,0,0,0,0,0,0,0,0,0,0,0,0,0,0,0,0,0,0,0,0,0,0,0,0,0,0,0,0,0,0,0,0,0,0,0,0,0,0,0,0,0,0,0,0,0,0,0,0,0,0,0,0,0,0,0,0,0,0,0,0,0,0,0,0,0,0,0,0,0,0,0,0,0,0,0,0,0,0,0,0,0,0,0,0,0,0,0,0,0,0,0,0,0,0,0,0,0,0,0,0,0,0,0,0,0,0,0,0,0,0,0,0,0,0,0,0,0,0,0,0,0,0,0,0,0,0,0,0,0,0,0,0,0,0,0,0,0,0,0,0,0,0,0,0,0,0,0,0,0,0,0,0,0,0,0,0,0
CED201,73,0,2654,131,1007,54,0,1061,4,1196,4,84,90,0,174,0,178,3,3,0,0,3,0,6,138,1094,144,0,1238,4,1380,0,3,0,0,3,5,8,2719,1166,144,4,1314,9,4042,1487,40,4,0,44,0,1531,82,744,29,0,773,3,858,0,67,86,0,153,0,153,3,3,0,0,3,0,6,85,814,115,0,929,3,1017,0,6,0,0,6,3,9,1572,860,119,0,979,6,2557,680,19,0,0,19,0,699,27,386,19,0,405,0,432,3,47,51,0,98,0,101,3,0,0,0,0,0,3,33,433,70,0,503,0,536,0,0,0,0,0,3,3,713,452,70,0,522,3,1238,17768,534,15,20,569,0,18337,973,7099,285,6,7390,16,8379,24,520,484,0,1004,0,1028,22,12,0,13,25,3,50,1019,7631,769,19,8419,19,9457,12,26,0,3,29,15,56,18799,8191,784,42,9017,34,27850
CED202,34,6,3158,44,69,0,0,69,0,113,0,6,3,0,9,0,9,6,0,0,4,4,0,10,50,75,3,4,82,0,132,3,0,0,0,0,0,3,3171,106,3,7,116,6,3293,1040,8,0,3,11,0,1051,18,29,3,0,32,0,50,0,4,3,0,7,0,7,0,0,0,0,0,0,0,18,33,6,0,39,0,57,0,0,0,0,0,0,0,1058,41,6,3,50,0,1108,298,3,4,0,7,0,305,8,9,3,0,12,0,20,0,0,3,0,3,0,3,0,0,0,3,3,0,3,8,9,6,3,18,0,26,0,0,0,0,0,0,0,306,12,10,3,25,0,331,23026,296,4,22,322,6,23354,433,627,40,6,673,0,1106,3,102,40,0,142,0,145,27,3,0,29,32,0,59,463,732,80,35,847,0,1310,6,3,0,0,3,3,12,23495,1031,84,57,1172,9,24676
CED203,48,8,1143,76,725,47,0,772,3,851,0,91,91,0,182,0,182,3,0,0,0,0,0,3,79,816,138,0,954,3,1036,0,0,0,0,0,6,6,1166,858,141,3,1002,17,2185,566,28,0,0,28,0,594,45,465,22,0,487,0,532,0,66,64,0,130,0,130,0,0,0,0,0,0,0,45,531,86,0,617,0,662,3,3,0,0,3,5,11,614,562,86,0,648,5,1267,247,10,0,0,10,0,257,20,221,20,0,241,0,261,0,37,40,0,77,0,77,0,0,0,0,0,0,0,20,258,60,0,318,0,338,0,0,0,0,0,3,3,267,268,60,0,328,3,598,11231,685,6,8,699,14,11944,920,6541,306,9,6856,15,7791,15,774,524,0,1298,0,1313,10,3,0,34,37,0,47,945,7318,830,43,8191,15,9151,17,14,3,0,17,58,92,12193,8017,839,51,8907,87,21187
CED204,33,0,3140,46,46,0,0,46,0,92,3,0,21,0,21,0,24,3,0,0,4,4,0,7,52,46,21,4,71,0,123,0,0,0,0,0,0,0,3159,75,21,8,104,0,3263,947,4,0,3,7,0,954,8,12,0,0,12,0,20,0,0,17,0,17,0,17,0,0,0,0,0,0,0,8,12,17,0,29,0,37,0,0,0,0,0,0,0,955,16,17,3,36,0,991,218,3,0,0,3,0,221,4,8,0,0,8,0,12,0,4,6,0,10,0,10,0,0,0,0,0,0,0,4,12,6,0,18,0,22,0,0,0,0,0,0,0,222,15,6,0,21,0,243,21638,208,11,20,239,9,21886,346,463,21,3,487,0,833,6,32,130,0,162,0,168,27,0,0,39,39,0,66,379,495,151,42,688,0,1067,3,0,0,0,0,6,9,22020,703,162,62,927,15,22962
CED205,48,0,1033,69,1362,104,3,1469,4,1542,6,202,282,0,484,3,493,0,0,0,3,3,0,3,75,1564,386,6,1956,7,2038,0,7,0,0,7,11,18,1060,1616,386,9,2011,18,3089,688,25,0,0,25,0,713,59,942,54,0,996,0,1055,4,122,216,0,338,3,345,0,0,0,0,0,0,0,63,1064,270,0,1334,3,1400,3,3,0,0,3,5,11,754,1092,270,0,1362,8,2124,314,8,0,0,8,0,322,22,476,39,0,515,0,537,0,79,135,0,214,3,217,0,3,0,0,3,0,3,22,558,174,0,732,3,757,3,0,0,0,0,0,3,339,566,174,0,740,3,1082,7153,471,3,10,484,6,7643,792,11525,654,17,12196,31,13019,35,1648,1555,6,3209,21,3265,16,19,3,41,63,0,79,843,13192,2212,64,15468,52,16363,9,57,6,0,63,74,146,8005,13720,2221,74,16015,132,24152
CED206,98,0,2387,128,1655,149,0,1804,5,1937,3,343,305,0,648,0,651,3,0,0,0,0,0,3,134,1998,454,0,2452,5,2591,0,3,3,0,6,14,20,2423,2096,460,0,2556,19,4998,1048,35,0,0,35,0,1083,63,952,77,3,1032,3,1098,0,210,210,0,420,0,420,3,0,0,0,0,0,3,66,1162,287,3,1452,3,1521,0,3,0,0,3,4,7,1114,1200,287,3,1490,7,2611,397,14,0,0,14,0,411,19,373,25,0,398,3,420,0,98,132,0,230,0,230,0,0,0,0,0,0,0,19,471,157,0,628,3,650,0,0,0,0,0,3,3,416,485,157,0,642,6,1064,15864,893,24,17,934,13,16811,1029,13662,1280,17,14959,25,16013,27,2524,1964,3,4491,6,4524,14,20,6,56,82,0,96,1070,16206,3250,76,19532,31,20633,14,53,15,0,68,98,180,16948,17152,3289,93,20534,142,37624
CED207,47,3,3299,64,181,13,0,194,0,258,0,12,30,0,42,3,45,4,3,3,8,14,0,18,68,196,46,8,250,3,321,0,4,0,0,4,0,4,3317,247,46,8,301,6,3624,1485,27,0,0,27,3,1515,34,119,8,0,127,0,161,0,9,20,0,29,0,29,0,0,0,0,0,0,0,34,128,28,0,156,0,190,0,0,0,0,0,3,3,1519,155,28,0,183,6,1708,565,12,0,0,12,0,577,16,45,3,0,48,0,64,0,4,6,0,10,0,10,0,0,0,0,0,0,0,16,49,9,0,58,0,74,0,0,0,0,0,3,3,581,61,9,0,70,3,654,23418,427,4,26,457,15,23890,537,1460,65,6,1531,0,2068,9,118,251,0,369,3,381,19,6,6,36,48,0,67,565,1584,322,42,1948,3,2516,4,15,0,0,15,13,32,23987,2026,326,68,2420,31,26438
CED208,54,0,1659,96,963,48,0,1011,4,1111,4,65,129,0,194,3,201,0,0,0,4,4,0,4,100,1028,177,4,1209,7,1316,3,0,0,0,0,0,3,1708,1079,180,4,1263,7,2978,1109,28,0,4,32,0,1141,58,617,39,0,656,0,714,0,56,85,0,141,0,141,0,0,0,0,0,0,0,58,673,124,0,797,0,855,3,4,0,0,4,3,10,1170,705,124,4,833,3,2006,543,14,0,3,17,0,560,24,331,19,0,350,0,374,0,41,68,0,109,0,109,0,0,0,0,0,0,0,24,372,87,0,459,0,483,0,3,0,0,3,0,3,567,389,87,3,479,0,1046,12579,527,3,14,544,9,13132,1013,7657,330,11,7998,28,9039,17,635,647,0,1282,3,1302,15,0,6,4,10,0,25,1045,8292,983,15,9290,31,10366,13,23,0,0,23,26,62,13637,8842,986,29,9857,66,23560
CED209,47,0,3285,58,116,4,0,120,0,178,0,9,3,0,12,0,12,3,0,0,3,3,0,6,61,125,7,3,135,0,196,0,0,0,0,0,0,0,3299,162,10,10,182,0,3481,1130,15,0,3,18,0,1148,15,48,0,3,51,0,66,0,0,3,0,3,0,3,0,0,0,0,0,0,0,15,48,3,3,54,0,69,0,0,0,0,0,0,0,1145,63,3,6,72,0,1217,393,3,0,0,3,0,396,9,25,0,0,25,0,34,0,3,0,0,3,0,3,0,0,0,0,0,0,0,9,28,0,0,28,0,37,0,0,0,0,0,0,0,402,31,0,0,31,0,433,24063,323,6,36,365,6,24434,448,942,31,3,976,3,1427,6,37,26,0,63,0,69,23,6,0,12,18,0,41,477,985,57,15,1057,3,1537,3,3,0,6,9,4,16,24543,1311,63,57,1431,13,25987
CED210,46,5,2471,65,235,16,0,251,0,316,0,21,41,0,62,0,62,3,4,0,0,4,0,7,68,260,57,0,317,0,385,0,0,0,0,0,0,0,2488,303,57,3,363,5,2856,852,23,0,0,23,0,875,15,140,14,0,154,0,169,0,8,32,0,40,0,40,0,0,0,0,0,0,0,15,148,46,0,194,0,209,0,0,0,0,0,0,0,867,171,46,0,217,0,1084,291,6,0,0,6,0,297,9,47,4,0,51,0,60,0,5,15,0,20,0,20,4,0,0,0,0,0,4,13,52,19,0,71,0,84,0,0,0,0,0,0,0,304,58,19,0,77,0,381,18120,460,0,28,488,14,18622,471,1717,94,3,1814,5,2290,6,184,302,0,486,0,492,28,10,0,15,25,0,53,505,1911,396,18,2325,5,2835,4,3,0,0,3,7,14,18629,2374,396,46,2816,26,21471
CED211,48,0,1939,85,431,30,3,464,3,552,3,62,106,0,168,0,171,0,0,0,0,0,0,0,88,493,136,3,632,3,723,0,6,0,0,6,0,6,1979,544,139,3,686,3,2668,1055,22,3,0,25,0,1080,31,309,21,0,330,4,365,0,38,77,0,115,0,115,3,0,0,0,0,0,3,34,347,98,0,445,4,483,0,0,0,0,0,4,4,1089,369,101,0,470,8,1567,442,10,0,0,10,0,452,19,167,11,0,178,0,197,0,25,45,0,70,0,70,0,0,0,0,0,0,0,19,192,56,0,248,0,267,0,0,0,0,0,3,3,461,202,56,0,258,3,722,16600,458,14,10,482,0,17082,765,4154,210,9,4373,17,5155,13,437,631,0,1068,0,1081,21,4,0,20,24,0,45,799,4595,841,29,5465,17,6281,10,31,5,0,36,13,59,17409,5084,860,39,5983,30,23422
CED212,47,0,2729,80,155,14,0,169,0,249,3,3,7,0,10,0,13,0,0,0,0,0,0,0,83,158,21,0,179,0,262,0,0,0,0,0,4,4,2765,197,25,4,226,4,2995,1132,20,0,3,23,0,1155,40,94,5,0,99,0,139,0,12,8,0,20,0,20,3,0,0,0,0,0,3,43,106,13,0,119,0,162,0,0,0,0,0,0,0,1175,126,13,3,142,0,1317,421,5,0,0,5,0,426,13,49,6,0,55,0,68,0,0,4,0,4,0,4,0,0,0,0,0,0,0,13,49,10,0,59,0,72,0,0,0,0,0,0,0,434,54,10,0,64,0,498,20117,448,11,20,479,0,20596,671,1567,68,0,1635,0,2306,9,111,64,0,175,0,184,20,6,0,17,23,0,43,700,1684,132,17,1833,0,2533,8,4,0,0,4,12,24,20825,2136,143,37,2316,12,23153
CED213,44,0,2933,51,71,8,0,79,0,130,6,7,0,0,7,0,13,3,0,0,0,0,0,3,60,78,8,0,86,0,146,3,0,0,0,0,0,3,2952,111,8,11,130,0,3082,827,6,0,0,6,0,833,19,30,0,0,30,0,49,0,3,3,0,6,0,6,3,0,0,0,0,0,3,22,33,3,0,36,0,58,0,0,0,0,0,0,0,849,39,3,0,42,0,891,304,4,0,0,4,0,308,10,21,0,0,21,0,31,0,0,0,0,0,0,0,0,0,0,0,0,0,0,10,21,0,0,21,0,31,0,0,0,0,0,0,0,314,25,0,0,25,0,339,21504,380,3,30,413,6,21923,402,600,21,0,621,0,1023,10,38,11,0,49,0,59,34,4,0,32,36,0,70,446,642,32,32,706,0,1152,6,0,0,0,0,3,9,21956,1022,35,62,1119,9,23084
CED214,64,0,1499,87,709,64,3,776,3,866,3,135,179,0,314,0,317,5,0,0,0,0,0,5,95,844,243,3,1090,3,1188,0,6,0,0,6,9,15,1530,906,246,8,1160,12,2702,749,28,0,0,28,0,777,36,417,33,0,450,0,486,0,116,135,0,251,0,251,0,0,0,0,0,0,0,36,533,168,0,701,0,737,3,4,0,0,4,0,7,788,565,168,0,733,0,1521,312,9,0,0,9,0,321,26,220,18,0,238,0,264,0,57,85,0,142,0,142,0,0,0,0,0,0,0,26,277,103,0,380,0,406,0,3,3,0,6,3,9,338,289,106,0,395,3,736,13702,720,15,15,750,0,14452,1042,6399,433,6,6838,15,7895,17,1005,1039,3,2047,6,2070,22,13,0,24,37,0,59,1081,7417,1472,33,8922,21,10024,10,43,3,0,46,41,97,14793,8180,1490,48,9718,62,24573
CED215,38,0,3015,46,89,5,0,94,0,140,3,4,7,0,11,0,14,4,0,0,3,3,0,7,53,93,12,3,108,0,161,0,0,0,0,0,0,0,3030,125,15,6,146,0,3176,648,6,0,0,6,0,654,12,37,0,0,37,0,49,3,4,0,0,4,0,7,0,0,0,6,6,0,6,15,41,0,6,47,0,62,0,0,0,0,0,0,0,663,47,0,6,53,0,716,135,0,0,0,0,0,135,4,6,0,0,6,0,10,0,0,0,0,0,0,0,0,0,0,0,0,0,0,4,6,0,0,6,0,10,0,0,0,0,0,0,0,139,6,0,0,6,0,145,19871,275,6,17,298,0,20169,374,709,21,0,730,4,1108,12,60,60,0,120,0,132,14,3,0,48,51,0,65,400,772,81,48,901,4,1305,0,0,0,0,0,5,5,20271,1047,87,65,1199,9,21479
CED216,71,3,2759,116,470,21,3,494,0,610,3,25,27,0,52,0,55,5,0,0,3,3,0,8,124,495,48,6,549,0,673,0,0,0,0,0,3,3,2809,566,48,6,620,6,3435,1753,34,0,0,34,0,1787,88,306,11,0,317,0,405,3,8,13,0,21,0,24,3,0,0,0,0,0,3,94,314,24,0,338,0,432,0,3,0,0,3,3,6,1847,351,24,0,375,3,2225,891,15,0,0,15,0,906,36,175,8,0,183,0,219,0,10,12,0,22,0,22,0,0,0,0,0,0,0,36,185,20,0,205,0,241,0,0,0,0,0,0,0,927,200,20,0,220,0,1147,21423,602,0,8,610,6,22039,1200,4082,96,6,4184,14,5398,17,203,134,0,337,3,357,30,6,0,19,25,3,58,1247,4291,230,25,4546,20,5813,6,15,0,0,15,15,36,22676,4908,230,33,5171,41,27888
CED217,114,0,1897,127,2100,127,3,2230,8,2365,4,295,420,0,715,0,719,0,0,0,3,3,0,3,131,2395,547,6,2948,8,3087,0,13,3,0,16,16,32,1914,2518,550,10,3078,24,5016,867,30,3,3,36,0,903,71,1326,82,0,1408,7,1486,0,174,267,0,441,0,441,3,0,0,3,3,0,6,74,1500,349,3,1852,7,1933,3,8,0,0,8,10,21,944,1538,352,6,1896,17,2857,326,16,0,0,16,0,342,32,630,50,3,683,4,719,0,68,136,0,204,0,204,5,0,0,3,3,0,8,37,698,186,6,890,4,931,0,3,0,0,3,3,6,363,717,186,6,909,7,1279,15054,1176,14,14,1204,21,16279,1462,17710,775,15,18500,63,20025,33,1908,2274,3,4185,0,4218,15,24,0,79,103,0,118,1510,19642,3049,97,22788,63,24361,26,95,13,0,108,110,244,16590,20913,3076,111,24100,194,40884
CED218,47,0,2058,85,357,7,0,364,0,449,3,23,16,0,39,0,42,3,0,0,0,0,0,3,91,380,23,0,403,0,494,3,0,0,0,0,0,3,2105,424,26,0,450,0,2555,1284,33,0,3,36,3,1323,45,229,7,0,236,0,281,0,11,16,0,27,3,30,0,0,0,0,0,0,0,45,240,23,0,263,3,311,0,0,0,0,0,0,0,1329,273,23,3,299,6,1634,815,13,0,3,16,0,831,27,159,3,0,162,0,189,0,6,17,0,23,0,23,0,0,0,0,0,0,0,27,165,20,0,185,0,212,0,0,3,0,3,3,6,842,178,23,3,204,3,1049,16118,542,6,21,569,9,16696,832,3257,74,3,3334,7,4173,10,148,102,3,253,3,266,22,0,0,3,3,0,25,864,3405,176,9,3590,10,4464,3,10,3,0,13,23,39,16985,3957,185,30,4172,42,21199
CED219,87,0,2934,114,1726,83,0,1809,3,1926,3,252,280,4,536,0,539,0,0,0,3,3,0,3,117,1978,363,7,2348,3,2468,0,8,3,0,11,12,23,2964,2073,366,7,2446,15,5425,1111,37,0,0,37,0,1148,43,984,48,0,1032,3,1078,3,197,181,0,378,0,381,0,0,0,4,4,0,4,46,1181,229,4,1414,3,1463,0,4,3,0,7,0,7,1157,1222,232,4,1458,3,2618,365,11,0,0,11,0,376,17,451,26,0,477,0,494,6,76,89,0,165,0,171,0,0,0,0,0,0,0,23,527,115,0,642,0,665,0,3,0,0,3,3,6,388,541,115,0,656,3,1047,21812,943,14,23,980,7,22799,1279,14912,571,20,15503,35,16817,38,2105,1495,7,3607,0,3645,28,9,3,67,79,6,113,1345,17026,2069,94,19189,41,20575,25,84,10,0,94,90,209,23182,18053,2093,117,20263,138,43583
CED220,63,0,1530,72,825,70,0,895,5,972,3,154,209,0,363,0,366,4,0,0,0,0,0,4,79,979,279,0,1258,5,1342,0,3,0,0,3,9,12,1546,1042,279,3,1324,14,2884,849,22,0,0,22,0,871,36,516,56,0,572,4,612,3,106,171,0,277,0,280,3,0,0,5,5,0,8,42,622,227,5,854,4,900,3,6,0,0,6,5,14,894,650,227,5,882,9,1785,399,14,0,0,14,0,413,16,301,28,0,329,3,348,0,43,112,0,155,3,158,0,0,0,3,3,0,3,16,344,140,3,487,6,509,0,0,0,0,0,0,0,415,358,140,3,501,6,922,12133,647,0,16,663,0,12796,847,7464,446,6,7916,23,8786,25,1084,1273,0,2357,6,2388,26,9,0,37,46,0,72,898,8557,1719,43,10319,29,11246,10,34,3,0,37,45,92,13041,9238,1722,59,11019,74,24134
CED221,36,0,3062,38,54,0,0,54,0,92,0,3,10,0,13,0,13,3,0,0,4,4,0,7,41,57,10,4,71,0,112,0,3,0,0,3,0,3,3067,88,10,12,110,0,3177,612,0,0,0,0,0,612,14,14,0,0,14,0,28,0,3,3,0,6,0,6,0,0,0,3,3,0,3,14,17,3,3,23,0,37,0,0,0,0,0,0,0,626,17,3,3,23,0,649,122,0,0,0,0,0,122,3,4,0,0,4,0,7,0,0,0,0,0,0,0,0,0,0,0,0,0,0,3,4,0,0,4,0,7,0,0,0,0,0,0,0,125,4,0,0,4,0,129,19912,272,6,27,305,0,20217,395,466,13,0,479,0,874,16,30,31,0,61,0,77,39,0,0,20,20,0,59,450,496,44,20,560,0,1010,0,6,0,0,6,3,9,20362,774,50,47,871,3,21236
CED222,53,0,2222,76,903,80,0,983,0,1059,3,154,246,3,403,0,406,3,0,0,0,0,0,3,82,1057,326,3,1386,0,1468,0,3,0,0,3,9,12,2251,1110,326,6,1442,9,3702,985,31,0,0,31,0,1016,48,530,41,0,571,0,619,3,99,175,0,274,0,277,0,0,0,0,0,0,0,51,629,216,0,845,0,896,0,3,0,0,3,3,6,1036,663,216,0,879,3,1918,407,8,0,4,12,0,419,18,223,21,0,244,0,262,0,45,86,0,131,0,131,0,0,0,0,0,0,0,18,268,107,0,375,0,393,0,0,0,0,0,0,0,425,276,107,4,387,0,812,17917,619,3,13,635,14,18566,958,7070,446,8,7524,7,8489,14,1151,1447,6,2604,0,2618,12,9,4,59,72,0,84,984,8230,1897,73,10200,7,11191,12,29,5,0,34,53,99,18913,8878,1905,86,10869,74,29856
CED223,64,3,2632,107,400,16,0,416,0,523,0,40,29,0,69,0,69,0,0,0,3,3,0,3,107,440,45,3,488,0,595,0,0,0,0,0,4,4,2672,500,45,7,552,7,3231,1480,48,0,0,48,0,1528,51,262,10,0,272,0,323,3,10,18,0,28,0,31,3,0,0,0,0,0,3,57,272,28,0,300,0,357,0,0,0,0,0,0,0,1537,320,28,0,348,0,1885,791,31,0,4,35,0,826,30,161,8,0,169,0,199,0,5,5,0,10,3,13,0,0,0,0,0,0,0,30,166,13,0,179,3,212,0,0,0,0,0,3,3,821,197,13,4,214,6,1041,19086,660,6,20,686,12,19784,1018,3450,122,0,3572,0,4590,13,256,175,0,431,9,453,17,4,0,12,16,0,33,1048,3710,297,12,4019,9,5076,16,10,0,0,10,26,52,20150,4380,303,32,4715,47,24912
CED224,81,0,2688,134,718,37,0,755,4,893,3,60,79,0,139,0,142,4,0,0,0,0,0,4,141,778,116,0,894,4,1039,3,0,0,0,0,4,7,2751,859,116,0,975,8,3734,1926,41,0,4,45,0,1971,88,473,35,0,508,3,599,3,36,39,0,75,0,78,3,0,0,0,0,0,3,94,509,74,0,583,3,680,3,3,3,0,6,3,12,2023,553,77,4,634,6,2663,1042,26,0,5,31,0,1073,46,230,10,0,240,0,286,3,25,22,0,47,0,50,0,0,0,0,0,0,0,49,255,32,0,287,0,336,3,3,0,0,3,3,9,1094,284,32,5,321,3,1418,17930,631,4,16,651,4,18585,1178,4903,184,11,5098,23,6299,12,328,342,0,670,0,682,28,0,0,0,0,0,28,1218,5231,526,11,5768,23,7009,12,15,3,0,18,20,50,19160,5877,533,27,6437,47,25644
CED225,69,3,3577,88,421,12,3,436,3,527,0,28,24,0,52,0,52,0,0,0,3,3,0,3,88,449,36,6,491,3,582,3,3,0,0,3,0,6,3596,521,36,6,563,6,4165,1621,28,0,5,33,0,1654,42,222,16,4,242,0,284,0,21,13,0,34,0,34,0,0,0,0,0,0,0,42,243,29,4,276,0,318,0,0,0,0,0,0,0,1663,271,29,9,309,0,1972,573,6,0,0,6,3,582,14,102,5,0,107,3,124,3,7,8,0,15,0,18,0,0,0,0,0,0,0,17,109,13,0,122,3,142,0,0,0,0,0,0,0,590,115,13,0,128,6,724,25826,612,9,14,635,18,26479,821,3245,98,7,3350,15,4186,6,210,112,0,322,0,328,17,6,0,21,27,0,44,844,3461,210,28,3699,15,4558,17,25,0,0,25,13,55,26687,4098,219,42,4359,46,31092
CED226,121,7,3352,134,1190,50,3,1243,0,1377,3,124,138,0,262,0,265,3,4,0,0,4,0,7,140,1318,188,3,1509,0,1649,0,3,0,0,3,13,16,3364,1431,188,14,1633,20,5017,1274,45,0,0,45,0,1319,61,648,33,0,681,0,742,3,61,130,0,191,0,194,3,3,0,0,3,0,6,67,712,163,0,875,0,942,3,0,0,0,0,8,11,1344,757,163,0,920,8,2272,443,13,0,0,13,0,456,39,275,8,3,286,0,325,0,28,64,0,92,0,92,0,0,0,0,0,0,0,39,303,72,3,378,0,417,0,0,0,0,0,3,3,482,316,72,3,391,3,876,26438,1237,8,39,1284,21,27743,1576,12731,396,24,13151,29,14756,28,1131,1092,0,2223,3,2254,22,25,0,78,103,3,128,1626,13887,1488,102,15477,35,17138,24,42,6,6,54,81,159,28088,15166,1502,147,16815,137,45040
CED227,46,0,2942,50,137,8,0,145,0,195,3,20,17,0,37,0,40,3,0,0,4,4,0,7,56,157,25,4,186,0,242,3,0,0,0,0,4,7,2955,197,25,10,232,4,3191,485,6,0,0,6,0,491,7,30,4,0,34,0,41,3,7,9,0,16,0,19,3,0,0,0,0,0,3,13,37,13,0,50,0,63,0,3,0,0,3,0,3,498,46,13,0,59,0,557,62,0,0,0,0,0,62,0,10,3,0,13,0,13,0,0,0,0,0,0,0,0,0,0,0,0,0,0,0,10,3,0,13,0,13,0,3,0,0,3,0,3,62,13,3,0,16,0,78,19597,226,6,26,258,0,19855,346,1086,113,0,1199,0,1545,15,161,133,0,294,0,309,22,3,0,34,37,0,59,383,1250,246,34,1530,0,1913,12,15,3,0,18,33,63,19992,1491,255,60,1806,33,21831
CED228,52,0,1456,99,747,60,0,807,6,912,0,132,248,0,380,4,384,0,0,0,0,0,0,0,99,879,308,0,1187,10,1296,3,5,0,0,5,0,8,1506,936,308,0,1244,10,2760,914,28,0,0,28,0,942,48,500,42,0,542,0,590,0,99,188,0,287,0,287,0,3,0,0,3,0,3,48,602,230,0,832,0,880,0,3,0,0,3,7,10,962,633,230,0,863,7,1832,380,14,0,0,14,0,394,20,229,23,0,252,0,272,3,47,83,0,130,0,133,0,0,0,0,0,0,0,23,276,106,0,382,0,405,0,3,0,0,3,0,3,403,293,106,0,399,0,802,10692,566,0,11,577,13,11282,917,6535,392,0,6927,13,7857,19,1030,1475,3,2508,8,2535,10,9,0,45,54,0,64,946,7574,1867,48,9489,21,10456,9,25,3,3,31,40,80,11647,8165,1870,62,10097,74,21818
CED229,88,0,4433,113,395,12,0,407,3,523,0,23,12,0,35,0,35,0,0,0,0,0,0,0,113,418,24,0,442,3,558,3,4,0,0,4,0,7,4461,502,27,5,534,3,4998,1584,38,0,5,43,0,1627,57,227,5,0,232,3,292,0,13,4,0,17,0,17,0,0,0,0,0,0,0,57,240,9,0,249,3,309,0,0,0,0,0,0,0,1641,278,9,5,292,3,1936,591,20,0,0,20,0,611,15,85,6,0,91,0,106,0,5,9,0,14,0,14,0,0,0,0,0,0,0,15,90,15,0,105,0,120,0,3,0,0,3,0,3,606,113,15,0,128,0,734,32889,815,9,27,851,7,33747,983,3846,93,0,3939,12,4934,6,184,70,0,254,0,260,13,3,0,38,41,0,54,1002,4033,163,38,4234,12,5248,3,33,0,0,33,19,55,33894,4881,172,65,5118,38,39050
CED230,38,0,3139,69,105,0,0,105,0,174,0,3,7,0,10,0,10,3,0,0,0,0,0,3,72,108,7,0,115,0,187,0,0,0,0,0,0,0,3173,142,7,4,153,0,3326,797,6,0,0,6,0,803,21,48,3,0,51,0,72,0,3,7,0,10,0,10,0,0,0,0,0,0,0,21,51,10,0,61,0,82,0,0,0,0,0,0,0,818,57,10,0,67,0,885,188,4,0,0,4,0,192,7,9,4,0,13,0,20,0,0,0,0,0,0,0,0,0,0,0,0,0,0,7,9,4,0,13,0,20,0,0,0,0,0,0,0,195,13,4,0,17,0,212,22974,313,0,34,347,6,23327,503,930,36,3,969,4,1476,17,61,53,0,114,0,131,41,3,0,33,36,0,77,561,994,89,36,1119,4,1684,6,0,0,3,3,0,9,23541,1307,89,73,1469,10,25020
CED231,28,0,826,49,251,28,0,279,0,328,3,63,101,0,164,0,167,0,0,0,0,0,0,0,52,314,129,0,443,0,495,0,0,0,0,0,0,0,850,342,129,0,471,0,1321,524,14,0,0,14,0,538,31,171,32,0,203,0,234,3,44,72,0,116,0,119,0,0,0,0,0,0,0,34,215,104,0,319,0,353,0,0,0,0,0,0,0,558,229,104,0,333,0,891,286,9,0,0,9,0,295,22,100,10,0,110,0,132,0,21,48,0,69,0,69,0,0,0,0,0,0,0,22,121,58,0,179,0,201,0,0,0,0,0,0,0,308,130,58,0,188,0,496,9403,433,0,9,442,6,9851,792,3323,250,13,3586,9,4387,17,644,574,0,1218,0,1235,10,10,0,27,37,9,56,819,3977,824,40,4841,18,5678,9,13,3,0,16,19,44,10231,4423,827,49,5299,43,15573
CED232,46,0,1269,57,338,8,0,346,0,403,3,15,13,0,28,0,31,0,0,0,0,0,0,0,60,353,21,0,374,0,434,0,3,0,0,3,0,3,1283,396,24,3,423,0,1706,808,29,0,0,29,0,837,40,197,8,0,205,3,248,0,15,6,0,21,0,21,0,0,0,0,0,0,0,40,212,14,0,226,3,269,0,3,0,0,3,0,3,848,244,14,0,258,3,1109,474,15,0,0,15,0,489,24,145,5,0,150,0,174,0,5,11,0,16,0,16,0,0,0,0,0,0,0,24,150,16,0,166,0,190,0,0,0,0,0,3,3,498,165,16,0,181,3,682,12708,570,12,13,595,11,13314,904,3459,81,0,3540,12,4456,9,151,84,0,235,0,244,17,6,0,9,15,0,32,930,3616,165,9,3790,12,4732,7,27,0,0,27,16,50,13645,4213,177,22,4412,39,18096
CED233,65,0,2061,117,1032,61,0,1093,3,1213,3,58,100,0,158,3,164,3,0,0,0,0,0,3,123,1090,161,0,1251,6,1380,3,3,0,0,3,0,6,2122,1155,161,3,1319,6,3447,1344,52,3,0,55,0,1399,65,853,44,3,900,3,968,0,56,103,0,159,0,159,3,0,0,0,0,3,6,68,909,147,3,1059,6,1133,0,3,0,0,3,7,10,1412,964,150,3,1117,13,2542,636,22,0,0,22,3,661,45,449,30,0,479,0,524,0,51,66,0,117,0,117,4,0,0,0,0,0,4,49,500,96,0,596,0,645,0,0,0,0,0,3,3,685,522,96,0,618,6,1309,13603,667,13,22,702,17,14322,1026,7638,351,3,7992,15,9033,9,433,545,3,981,6,996,16,0,0,15,15,6,37,1051,8071,896,21,8988,27,10066,17,21,0,3,24,26,67,14671,8759,909,46,9714,70,24455
CED234,42,0,2985,56,156,13,0,169,0,225,0,61,77,0,138,0,138,0,0,0,4,4,0,4,56,217,90,4,311,0,367,0,0,0,0,0,0,0,2999,256,90,7,353,0,3352,566,4,0,3,7,0,573,9,34,9,0,43,0,52,0,20,48,0,68,0,68,0,0,0,0,0,0,0,9,54,57,0,111,0,120,0,0,0,0,0,0,0,575,58,57,3,118,0,693,89,0,0,0,0,0,89,0,15,0,0,15,0,15,0,3,13,0,16,0,16,0,0,0,0,0,0,0,0,18,13,0,31,0,31,0,0,0,0,0,0,0,89,18,13,0,31,0,120,19830,294,3,31,328,6,20164,379,1310,116,6,1432,3,1814,3,426,447,0,873,0,876,18,3,0,61,64,0,82,400,1739,563,67,2369,3,2772,0,5,0,0,5,8,13,20230,2038,566,98,2702,17,22949
CED235,75,0,1765,109,1332,83,4,1419,3,1531,0,132,172,0,304,0,304,4,0,0,0,0,0,4,113,1464,255,4,1723,3,1839,0,5,0,0,5,14,19,1803,1536,258,9,1803,17,3623,829,31,0,0,31,0,860,56,827,47,3,877,0,933,0,91,105,0,196,0,196,0,0,0,0,0,0,0,56,918,152,3,1073,0,1129,0,0,0,0,0,8,8,885,949,152,3,1104,8,1997,318,18,0,0,18,0,336,20,369,34,0,403,0,423,0,46,45,0,91,0,91,0,0,0,3,3,0,3,20,415,79,3,497,0,517,0,0,0,0,0,0,0,338,433,79,3,515,0,853,11463,631,13,8,652,9,12124,850,10149,554,18,10721,18,11589,15,1051,903,4,1958,0,1973,8,12,3,43,58,0,66,873,11212,1460,65,12737,18,13628,9,35,0,0,35,68,112,12345,11878,1473,73,13424,95,25864
CED236,12,0,3172,30,31,3,0,34,0,64,0,3,3,0,6,0,6,7,0,0,0,0,0,7,37,34,6,0,40,0,77,0,0,0,0,0,0,0,3197,42,6,4,52,0,3249,631,0,0,0,0,0,631,6,7,0,0,7,0,13,0,0,0,0,0,0,0,3,0,0,0,0,0,3,9,7,0,0,7,0,16,0,0,0,0,0,0,0,640,7,0,0,7,0,647,98,0,0,0,0,0,98,4,0,0,0,0,0,4,0,0,0,0,0,0,0,0,0,0,0,0,0,0,4,0,0,0,0,0,4,0,0,0,0,0,0,0,102,0,0,0,0,0,102,21194,134,6,15,155,0,21349,262,411,6,3,420,0,682,3,19,6,0,25,0,28,40,0,0,19,19,0,59,305,430,12,22,464,0,769,3,0,0,0,0,0,3,21502,564,18,37,619,0,22121
CED237,68,0,1401,111,921,67,0,988,0,1099,0,122,75,0,197,0,197,5,0,0,0,0,3,8,116,1043,142,0,1185,3,1304,3,6,0,0,6,10,19,1452,1114,142,3,1259,13,2724,749,36,0,0,36,0,785,50,564,41,0,605,0,655,3,63,60,0,123,0,126,3,3,0,0,3,0,6,56,630,101,0,731,0,787,0,6,0,0,6,6,12,805,672,101,0,773,6,1584,332,20,0,0,20,3,355,26,256,18,0,274,3,303,3,32,42,0,74,0,77,0,0,0,0,0,0,0,29,288,60,0,348,3,380,0,0,0,0,0,3,3,361,308,60,0,368,9,738,12413,824,3,14,841,6,13260,1081,8476,485,3,8964,14,10059,24,836,458,0,1294,0,1318,26,21,3,19,43,3,72,1131,9333,946,22,10301,17,11449,19,31,0,0,31,72,122,13563,10188,949,36,11173,95,24831
CED294,0,0,0,0,0,0,0,0,0,0,0,0,0,0,0,0,0,0,0,0,0,0,0,0,0,0,0,0,0,0,0,0,0,0,0,0,0,0,0,0,0,0,0,0,0,0,0,0,0,0,0,0,0,0,0,0,0,0,0,0,0,0,0,0,0,0,0,0,0,0,0,0,0,0,0,0,0,0,0,0,0,0,0,0,0,0,0,0,0,0,0,0,0,0,0,0,0,0,0,0,0,0,0,0,0,0,0,0,0,0,0,0,0,0,0,0,0,0,0,0,0,0,0,0,0,0,0,0,0,0,0,0,0,0,0,0,0,0,0,0,0,0,0,0,0,0,0,0,0,0,0,0,0,0,0,0,0,0,0,0,0,0,0,0,0,0,0,0,0,0,0,0,0,0,0,0,0,0,0,0,0,0,0,0,0,0,0,0,0,0,0,0
CED297,0,0,0,0,0,0,0,0,0,0,0,0,0,0,0,0,0,0,0,0,0,0,0,0,0,0,0,0,0,0,0,0,0,0,0,0,0,0,0,0,0,0,0,0,0,0,0,0,0,0,0,0,0,0,0,0,0,0,0,0,0,0,0,0,0,0,0,0,0,0,0,0,0,0,0,0,0,0,0,0,0,0,0,0,0,0,0,0,0,0,0,0,0,0,0,0,0,0,0,0,0,0,0,0,0,0,0,0,0,0,0,0,0,0,0,0,0,0,0,0,0,0,0,0,0,0,0,0,0,0,0,0,0,0,0,0,0,0,0,0,0,0,0,0,0,0,0,0,0,0,0,0,0,0,0,0,0,0,0,0,0,0,0,0,0,0,0,0,0,0,0,0,0,0,0,0,0,0,0,0,0,0,0,0,0,0,0,0,0,0,0,0
CED301,27,3,2811,50,148,11,3,162,3,215,3,14,13,0,27,3,33,0,3,0,0,3,0,3,53,165,24,3,192,6,251,0,0,0,0,0,3,3,2834,186,27,6,219,12,3065,653,0,3,0,3,3,659,17,39,3,3,45,0,62,0,7,3,0,10,0,10,0,3,0,0,3,0,3,17,49,6,3,58,0,75,0,0,0,0,0,0,0,670,49,9,3,61,3,734,195,3,3,0,6,0,201,3,7,3,0,10,0,13,3,3,0,3,6,0,9,0,0,0,0,0,0,0,6,10,3,3,16,0,22,3,3,0,3,6,0,9,204,16,6,6,28,0,232,21649,281,15,17,313,12,21974,449,1150,82,15,1247,9,1705,18,130,87,3,220,6,244,19,15,3,15,33,9,61,486,1295,172,33,1500,24,2010,12,12,0,6,18,6,36,22147,1588,187,56,1831,42,24020
CED302,58,0,2690,81,478,12,0,490,3,574,3,30,39,3,72,0,75,0,0,3,3,6,0,6,84,508,54,6,568,3,655,0,0,3,0,3,3,6,2716,566,57,6,629,6,3351,1131,22,0,0,22,3,1156,41,276,12,3,291,3,335,3,21,33,0,54,3,60,0,0,0,0,0,3,3,44,297,45,3,345,9,398,0,3,0,3,6,3,9,1175,322,45,6,373,15,1563,451,3,3,0,6,3,460,12,149,3,3,155,0,167,3,7,15,0,22,3,28,3,0,0,0,0,0,3,18,156,18,3,177,3,198,3,3,0,0,3,3,9,472,162,21,3,186,9,667,20967,564,15,8,587,12,21566,874,3615,116,15,3746,12,4632,18,285,248,6,539,12,569,19,0,12,12,24,3,46,911,3900,376,33,4309,27,5247,12,15,6,6,27,18,57,21890,4479,397,47,4923,57,26870
CED303,40,0,3368,74,188,5,0,193,3,270,3,9,3,0,12,0,15,3,3,3,3,9,3,15,80,200,11,3,214,6,300,3,0,0,3,3,0,6,3411,234,14,9,257,6,3674,1096,6,3,0,9,0,1105,29,89,3,0,92,3,124,3,6,3,0,9,0,12,0,0,0,3,3,0,3,32,95,6,3,104,3,139,0,0,3,3,6,0,6,1128,101,12,6,119,3,1250,406,3,0,0,3,3,412,5,38,3,0,41,0,46,0,3,3,0,6,3,9,0,3,0,0,3,0,3,5,44,6,0,50,3,58,3,0,0,0,0,3,6,414,47,6,0,53,9,476,23614,376,15,16,407,12,24033,559,1251,24,3,1278,12,1849,15,52,39,3,94,9,118,17,12,3,18,33,6,56,591,1315,66,24,1405,27,2023,18,6,6,12,24,6,48,24223,1697,87,52,1836,45,26104
CED304,30,0,1741,63,141,5,0,146,0,209,3,9,12,3,24,3,30,3,3,0,3,6,0,9,69,153,17,6,176,3,248,3,0,0,3,3,3,9,1783,180,17,12,209,6,1998,1007,3,3,3,9,3,1019,35,79,3,3,85,3,123,3,3,3,3,9,0,12,3,3,0,0,3,3,9,41,85,6,6,97,6,144,3,3,0,0,3,0,6,1051,91,9,9,109,9,1169,427,3,0,0,3,0,430,5,29,3,0,32,3,40,3,3,3,0,6,3,12,0,0,0,0,0,0,0,8,32,6,0,38,6,52,0,0,0,3,3,0,3,435,35,6,3,44,6,485,16176,369,12,15,396,9,16581,702,1662,56,6,1724,9,2435,15,164,91,6,261,6,282,18,9,3,15,27,3,48,735,1835,150,27,2012,18,2765,15,9,3,6,18,9,42,16926,2213,165,48,2426,36,19388
CED305,23,3,2729,47,80,3,0,83,0,130,3,10,7,0,17,0,20,3,0,3,3,6,0,9,53,90,13,3,106,0,159,3,3,0,3,6,0,9,2759,110,16,9,135,3,2897,323,3,0,0,3,3,329,3,20,0,3,23,0,26,0,3,0,0,3,0,3,0,0,0,0,0,3,3,3,23,0,3,26,3,32,3,0,0,0,0,0,3,329,26,0,3,29,6,364,84,0,0,0,0,0,84,3,3,3,3,9,0,12,0,0,0,3,3,0,3,3,0,0,0,0,0,3,6,3,3,6,12,0,18,0,0,0,0,0,0,0,90,3,3,6,12,0,102,23164,211,12,16,239,9,23412,404,825,17,15,857,3,1264,12,47,114,9,170,3,185,16,6,3,42,51,3,70,432,878,134,66,1078,9,1519,12,6,0,6,12,9,33,23608,1095,146,88,1329,27,24964
CED306,46,0,2772,67,152,3,0,155,0,222,3,4,4,3,11,3,17,3,0,3,3,6,3,12,73,156,10,6,172,6,251,3,3,0,0,3,0,6,2802,202,10,9,221,6,3029,330,3,0,0,3,0,333,6,20,0,3,23,3,32,0,3,3,0,6,0,6,0,0,0,3,3,0,3,6,23,3,6,32,3,41,0,3,0,0,3,0,3,336,29,3,6,38,3,377,101,3,3,0,6,0,107,3,7,0,0,7,0,10,0,3,3,3,9,3,12,3,0,0,0,0,0,3,6,10,3,3,16,3,25,0,0,3,0,3,3,6,107,13,9,3,25,6,138,22392,291,12,21,324,3,22719,511,1193,16,6,1215,6,1732,15,96,50,12,158,9,182,15,3,15,18,36,3,54,541,1292,81,36,1409,18,1968,12,9,9,6,24,15,51,22945,1592,102,63,1757,36,24738
CED307,37,0,3545,98,198,0,3,201,0,299,3,3,6,3,12,0,15,3,0,0,0,0,0,3,104,201,6,6,213,0,317,3,3,3,3,9,3,15,3615,235,12,12,259,3,3877,1221,12,0,3,15,3,1239,33,88,0,3,91,0,124,3,0,3,0,3,0,6,3,0,3,0,3,0,6,39,88,6,3,97,0,136,3,0,0,0,0,3,6,1263,100,6,6,112,6,1381,414,3,3,0,6,0,420,5,29,0,0,29,0,34,0,3,3,0,6,0,6,0,0,0,3,3,0,3,5,32,3,3,38,0,43,0,0,0,0,0,0,0,419,35,6,3,44,0,463,26946,402,12,28,442,3,27391,748,1492,21,18,1531,6,2285,15,48,52,6,106,6,127,42,0,6,17,23,3,68,805,1540,79,41,1660,15,2480,15,12,6,3,21,9,45,27766,1954,97,72,2123,27,29916
CED308,69,0,2583,80,268,23,0,291,0,371,0,21,31,0,52,0,52,3,0,0,3,3,0,6,83,289,54,3,346,0,429,0,0,0,3,3,0,3,2597,355,54,9,418,0,3015,726,8,0,3,11,0,737,33,118,3,0,121,0,154,0,12,27,0,39,0,39,0,0,3,0,3,0,3,33,130,33,0,163,0,196,3,0,0,3,3,3,9,762,138,33,6,177,3,942,254,3,0,3,6,0,260,12,61,3,3,67,3,82,0,3,4,3,10,3,13,0,0,3,0,3,0,3,12,64,10,6,80,6,98,3,3,0,0,3,0,6,269,70,10,9,89,6,364,20454,530,6,18,554,6,21014,867,2205,114,12,2331,12,3210,9,204,166,9,379,3,391,28,6,6,19,31,3,62,904,2415,286,40,2741,18,3663,15,15,3,9,27,6,48,21373,2960,295,67,3322,30,24725
CED309,31,3,2834,46,70,3,3,76,3,125,3,3,3,0,6,0,9,3,0,3,0,3,0,6,52,73,9,3,85,3,140,0,3,3,0,6,0,6,2852,104,12,6,122,6,2980,483,3,3,0,6,3,492,9,25,0,0,25,0,34,0,3,0,0,3,0,3,0,0,0,0,0,0,0,9,28,0,0,28,0,37,3,0,0,0,0,3,6,495,31,3,0,34,6,535,184,0,0,3,3,0,187,0,7,0,0,7,0,7,0,0,0,0,0,0,0,0,0,0,3,3,3,6,0,7,0,3,10,3,13,0,0,0,0,0,3,3,184,7,0,6,13,6,203,20411,288,6,20,314,12,20737,461,673,17,9,699,6,1166,6,31,6,3,40,3,49,22,3,6,20,29,3,54,489,707,29,32,768,12,1269,6,6,6,6,18,12,36,20906,1001,41,58,1100,36,22042
CED310,27,0,2419,40,58,0,3,61,3,104,0,0,3,3,6,0,6,3,0,3,0,3,0,6,43,58,6,6,70,3,116,0,0,0,3,3,0,3,2435,82,9,9,100,3,2538,475,3,3,0,6,0,481,9,12,3,3,18,0,27,0,3,3,3,9,0,9,0,0,3,0,3,0,3,9,15,9,6,30,0,39,0,0,3,0,3,3,6,484,18,15,6,39,3,526,135,0,0,0,0,0,135,3,3,0,3,6,3,12,0,3,3,0,6,3,9,0,3,0,3,6,0,6,3,9,3,6,18,6,27,0,0,0,0,0,0,0,138,9,3,6,18,6,162,18097,240,9,19,268,9,18374,426,517,6,12,535,9,970,6,19,15,6,40,6,52,25,12,9,9,30,0,55,457,548,30,27,605,15,1077,0,3,9,6,18,6,24,18554,791,48,52,891,30,19475
CED311,22,0,2724,43,100,0,0,100,0,143,3,5,3,3,11,0,14,3,0,0,3,3,0,6,49,105,3,6,114,0,163,3,3,0,0,3,0,6,2754,124,6,9,139,0,2893,200,3,0,3,6,0,206,0,3,0,0,3,0,3,0,3,3,3,9,3,12,0,0,3,0,3,0,3,0,6,6,3,15,3,18,0,3,0,0,3,3,6,200,12,6,6,24,6,230,36,3,3,0,6,0,42,3,0,0,3,3,0,6,3,0,0,0,0,0,3,0,0,0,0,0,0,0,6,0,0,3,3,0,9,0,3,0,0,3,3,6,42,6,3,3,12,3,57,25540,196,9,20,225,6,25771,361,907,6,3,916,3,1280,9,69,48,12,129,12,150,30,9,3,38,50,3,83,400,985,57,53,1095,18,1513,9,12,0,0,12,12,33,25949,1193,66,73,1332,36,27317
CED312,51,3,3037,89,266,11,0,277,0,366,3,37,43,0,80,0,83,3,0,0,0,0,3,6,95,303,54,0,357,3,455,0,0,0,3,3,3,6,3078,348,57,6,411,9,3498,666,9,0,3,12,0,678,27,140,3,0,143,0,170,0,12,24,0,36,3,39,3,3,0,0,3,0,6,30,155,27,0,182,3,215,0,0,3,0,3,3,6,696,164,30,3,197,6,899,275,3,0,3,6,3,284,7,46,3,0,49,3,59,0,3,4,3,10,0,10,0,3,0,0,3,0,3,7,52,7,3,62,3,72,3,3,0,0,3,0,6,285,58,7,6,71,6,362,23548,532,6,23,561,15,24124,773,2265,114,6,2385,6,3164,15,260,214,6,480,9,504,48,15,6,38,59,9,116,836,2540,334,50,2924,24,3784,6,6,6,9,21,12,39,24390,3078,346,82,3506,51,27947
CED313,41,3,1843,68,259,19,0,278,0,346,0,33,25,0,58,0,58,3,0,3,3,6,0,9,71,292,47,3,342,0,413,3,3,0,0,3,3,9,1873,333,50,3,386,6,2265,913,10,3,3,16,3,932,30,131,3,3,137,0,167,0,15,13,0,28,0,28,3,3,0,0,3,0,6,33,149,16,3,168,0,201,0,0,0,3,3,3,6,946,159,19,9,187,6,1139,355,3,3,0,6,3,364,6,54,3,3,60,0,66,3,3,3,0,6,0,9,3,0,3,0,3,3,9,12,57,9,3,69,3,84,0,0,3,3,6,0,6,367,60,15,6,81,6,454,16826,474,15,12,501,12,17339,756,2486,104,18,2608,6,3370,15,218,147,0,365,6,386,24,9,6,13,28,6,58,795,2713,257,31,3001,18,3814,9,9,6,9,24,15,48,17630,3196,278,52,3526,45,21201
CED314,17,3,2938,37,131,3,0,134,0,171,3,20,10,3,33,0,36,3,0,3,3,6,0,9,43,151,16,6,173,0,216,0,0,0,0,0,3,3,2961,165,16,9,190,6,3157,469,3,0,0,3,3,475,7,24,3,0,27,3,37,3,3,3,0,6,3,12,3,0,0,0,0,3,6,13,27,6,0,33,9,55,0,0,0,0,0,0,0,482,30,6,0,36,12,530,157,0,0,0,0,0,157,3,8,3,0,11,0,14,0,3,3,3,9,0,9,0,3,0,0,3,0,3,3,14,6,3,23,0,26,0,0,3,0,3,0,3,160,14,9,3,26,0,186,22681,186,0,9,195,12,22888,310,1065,35,9,1109,3,1422,12,206,122,6,334,3,349,21,12,6,15,33,6,60,343,1283,163,30,1476,12,1831,6,6,6,3,15,9,30,23030,1475,169,42,1686,33,24749
CED315,39,3,2555,68,150,3,3,156,0,224,0,10,18,3,31,0,31,3,3,0,0,3,3,9,71,163,21,6,190,3,264,3,3,0,0,3,3,9,2587,199,24,9,232,9,2828,574,3,3,0,6,0,580,20,63,0,0,63,0,83,3,4,3,0,7,3,13,3,0,3,0,3,0,6,26,67,6,0,73,3,102,0,3,0,3,6,0,6,600,73,9,3,85,3,688,202,3,3,0,6,3,211,4,22,0,0,22,0,26,3,3,3,0,6,0,9,0,0,0,0,0,0,0,7,25,3,0,28,0,35,0,0,0,3,3,3,6,209,28,6,3,37,6,252,21228,339,15,22,376,15,21619,575,1296,22,6,1324,0,1899,15,100,119,9,228,6,249,22,9,6,32,47,3,72,612,1405,147,47,1599,9,2220,12,12,3,9,24,12,48,21852,1756,165,78,1999,36,23887
CED316,21,3,2400,41,70,0,3,73,0,114,0,8,3,0,11,0,11,3,0,0,0,0,0,3,44,78,3,3,84,0,128,0,0,3,0,3,0,3,2420,99,6,3,108,3,2531,229,3,0,3,6,3,238,3,3,3,0,6,0,9,0,0,3,3,6,0,6,0,0,0,0,0,0,0,3,3,6,3,12,0,15,0,0,0,3,3,3,6,232,6,6,9,21,6,259,52,3,0,3,6,0,58,3,3,0,0,3,0,6,3,3,3,3,9,0,12,0,3,0,3,6,0,6,6,9,3,6,18,0,24,0,0,3,0,3,0,3,58,12,6,9,27,0,85,17582,193,0,15,208,12,17802,360,598,21,9,628,6,994,12,34,25,6,65,3,80,16,3,3,21,27,3,46,388,635,49,36,720,12,1120,9,6,6,6,18,9,36,17979,834,55,57,946,33,18958
CED317,58,3,2649,70,125,3,3,131,0,201,3,7,15,3,25,0,28,3,0,0,0,0,3,6,76,132,18,6,156,3,235,0,3,0,0,3,3,6,2664,190,18,9,217,9,2890,141,3,0,3,6,0,147,3,13,0,0,13,0,16,3,3,0,0,3,0,6,0,0,0,3,3,0,3,6,16,0,3,19,0,25,3,3,3,3,9,3,15,150,22,3,9,34,3,187,45,3,3,0,6,0,51,3,3,3,3,9,0,12,3,0,0,0,0,0,3,0,0,0,3,3,0,3,6,3,3,6,12,0,18,0,0,0,0,0,0,0,51,6,6,6,18,0,69,22386,504,9,18,531,6,22923,627,1184,38,12,1234,6,1867,21,78,73,12,163,6,190,21,9,0,98,107,9,137,669,1271,111,122,1504,21,2194,9,9,3,6,18,18,45,23064,1784,123,146,2053,45,25162
CED318,59,0,2144,125,350,27,3,380,0,505,3,22,45,0,67,0,70,3,0,0,0,0,3,6,131,372,72,3,447,3,581,0,0,3,0,3,0,3,2216,431,75,3,509,3,2728,283,0,0,0,0,0,283,15,50,3,0,53,0,68,0,3,7,3,13,3,16,3,0,0,0,0,3,6,18,53,10,3,66,6,90,0,0,3,3,6,0,6,301,53,13,6,72,6,379,94,0,3,3,6,0,100,4,18,0,0,18,0,22,0,0,3,0,3,0,3,0,0,0,0,0,3,3,4,18,3,0,21,3,28,3,3,0,0,3,3,9,101,21,6,3,30,6,137,18311,554,9,29,592,6,18909,1209,4268,161,9,4438,12,5659,22,234,324,3,561,12,595,34,12,6,79,97,15,146,1265,4514,491,91,5096,39,6400,12,15,12,9,36,15,63,19588,5083,512,129,5724,60,25372
CED319,48,0,2296,73,303,7,3,313,3,389,3,25,53,3,81,3,87,3,3,0,3,6,3,12,79,331,60,9,400,9,488,3,3,0,0,3,3,9,2330,379,60,12,451,12,2793,982,7,3,3,13,3,998,36,181,3,0,184,3,223,3,12,25,0,37,0,40,3,3,3,3,9,0,12,42,196,31,3,230,3,275,0,3,0,0,3,0,3,1024,206,34,6,246,6,1276,364,3,0,0,3,3,370,13,73,3,0,76,0,89,0,3,7,0,10,3,13,0,0,0,0,0,0,0,13,76,10,0,86,3,102,3,0,0,3,3,0,6,380,79,10,3,92,6,478,19107,459,12,18,489,9,19605,829,2674,73,9,2756,12,3597,15,200,303,12,515,15,545,19,15,12,32,59,3,81,863,2889,388,53,3330,30,4223,15,9,6,3,18,6,39,19985,3357,406,74,3837,45,23867
CED320,37,3,3040,74,109,6,3,118,0,192,0,3,4,0,7,0,7,3,3,3,0,6,0,9,77,115,13,3,131,0,208,0,3,0,0,3,3,6,3077,152,16,3,171,6,3254,673,3,0,3,6,0,679,15,32,3,3,38,3,56,3,0,3,0,3,0,6,0,0,0,3,3,0,3,18,32,6,6,44,3,65,0,3,3,3,9,0,9,691,38,9,12,59,3,753,182,3,3,0,6,3,191,3,5,0,0,5,0,8,3,3,3,0,6,0,9,0,0,0,0,0,0,0,6,8,3,0,11,0,17,0,0,3,3,6,3,9,188,11,9,3,23,6,217,23414,332,12,12,356,9,23779,529,825,44,12,881,9,1419,18,40,43,6,89,0,107,19,9,3,30,42,3,64,566,874,90,48,1012,12,1590,6,12,6,12,30,9,45,23986,1218,108,72,1398,30,25414
CED321,12,3,2457,40,62,3,0,65,0,105,0,3,6,0,9,0,9,3,0,0,3,3,0,6,43,65,9,3,77,0,120,3,0,0,0,0,0,3,2488,77,9,3,89,3,2580,106,0,3,3,6,0,112,3,3,0,3,6,0,9,0,3,0,3,6,0,6,0,3,0,0,3,0,3,3,9,0,6,15,0,18,0,3,0,3,6,0,6,109,12,3,12,27,0,136,25,0,0,0,0,0,25,3,3,3,3,9,3,15,0,0,0,0,0,0,0,3,0,0,0,0,0,3,6,3,3,3,9,3,18,0,0,0,0,0,3,3,31,3,3,3,9,6,46,23891,115,9,21,145,9,24045,313,534,18,9,561,3,877,6,27,62,6,95,3,104,32,12,3,39,54,3,89,351,573,83,54,710,9,1070,15,9,0,9,18,9,42,24257,697,92,84,873,27,25157
CED322,55,0,2454,83,183,15,0,198,3,284,3,18,15,0,33,0,36,3,0,3,3,6,3,12,89,201,33,3,237,6,332,3,0,0,0,0,3,6,2491,253,33,6,292,9,2792,754,10,0,3,13,0,767,24,112,3,3,118,0,142,3,11,3,0,14,3,20,3,3,0,0,3,0,6,30,126,6,3,135,3,168,3,0,0,0,0,0,3,787,136,6,6,148,3,938,264,3,0,3,6,3,273,3,44,3,3,50,0,53,0,3,3,0,6,0,6,3,0,0,3,3,3,9,6,47,6,6,59,3,68,0,3,0,3,6,0,6,270,53,6,12,71,6,347,18862,474,6,24,504,6,19372,787,1454,78,12,1544,6,2337,12,152,112,0,264,9,285,21,12,9,15,36,9,66,820,1618,199,27,1844,24,2688,15,12,9,6,27,6,48,19697,2104,214,57,2375,36,22108
CED323,39,0,1912,72,202,6,3,211,0,283,3,28,35,0,63,0,66,3,0,3,0,3,3,9,78,230,44,3,277,3,358,0,3,0,3,6,0,6,1951,269,44,9,322,3,2276,588,13,3,3,19,0,607,28,96,3,3,102,3,133,0,10,16,3,29,0,29,0,0,3,0,3,0,3,28,106,22,6,134,3,165,0,3,3,3,9,3,12,616,122,28,12,162,6,784,237,3,3,0,6,3,246,11,50,3,0,53,0,64,3,3,4,3,10,0,13,0,0,3,3,6,0,6,14,53,10,6,69,0,83,3,0,3,0,3,0,6,254,56,16,6,78,3,335,13986,399,15,12,426,6,14418,822,1919,84,18,2021,15,2858,15,274,192,12,478,6,499,18,6,9,15,30,9,57,855,2199,285,45,2529,30,3414,9,15,12,6,33,9,51,14850,2613,312,63,2988,45,17883
CED324,48,0,1868,90,685,88,3,776,3,869,3,138,189,3,330,0,333,3,0,0,3,3,3,9,96,823,277,9,1109,6,1211,0,3,3,0,6,3,9,1916,871,283,9,1163,9,3088,963,27,0,0,27,0,990,50,449,57,0,506,3,559,3,88,121,0,209,0,212,0,0,0,0,0,0,0,53,537,178,0,715,3,771,3,3,0,0,3,3,9,1019,567,178,0,745,6,1770,419,3,0,0,3,3,425,17,199,24,3,226,3,246,0,48,77,0,125,3,128,3,0,0,0,0,3,6,20,247,101,3,351,9,380,0,3,0,3,6,3,9,439,253,101,6,360,15,814,14907,524,12,10,546,9,15462,928,6202,453,9,6664,15,7607,24,1107,1115,9,2231,9,2264,17,12,9,23,44,6,67,969,7321,1577,41,8939,30,9938,12,26,9,15,50,23,85,15888,7871,1598,66,9535,62,25485
CED325,50,3,2257,86,735,67,0,802,3,891,0,161,216,0,377,0,377,3,3,0,0,3,3,9,89,899,283,0,1182,6,1277,3,3,0,3,6,3,12,2296,946,286,6,1238,12,3546,732,16,0,3,19,0,751,20,381,29,0,410,3,433,0,85,120,3,208,3,211,3,0,0,0,0,3,6,23,466,149,3,618,9,650,0,0,0,0,0,3,3,755,482,149,6,637,12,1404,258,3,0,0,3,0,261,12,178,3,3,184,0,196,0,32,64,0,96,0,96,0,3,0,0,3,0,3,12,213,67,3,283,0,295,0,3,0,3,6,0,6,270,219,67,6,292,0,562,18640,650,15,19,684,6,19330,1029,6294,442,12,6748,15,7792,18,1236,1271,6,2513,9,2540,38,18,9,29,56,15,109,1085,7548,1722,47,9317,39,10441,9,18,9,6,33,18,60,19734,8216,1746,72,10034,63,29831
CED326,40,0,2443,71,297,20,0,317,0,388,0,21,6,3,30,0,30,0,0,3,3,6,0,6,71,318,29,6,353,0,424,0,3,0,0,3,0,3,2474,358,29,9,396,0,2870,702,5,0,0,5,0,707,24,138,3,3,144,3,171,3,3,4,3,10,0,13,0,0,0,3,3,0,3,27,141,7,9,157,3,187,0,0,0,0,0,0,0,729,146,7,9,162,3,894,206,3,0,3,6,0,212,6,33,3,3,39,0,45,3,3,0,0,3,0,6,0,3,3,0,6,3,9,9,39,6,3,48,3,60,3,0,0,3,3,3,9,218,42,6,9,57,6,281,19782,417,9,21,447,6,20235,715,2453,89,9,2551,6,3272,20,113,58,12,183,0,203,16,12,9,23,44,3,63,751,2578,156,44,2778,9,3538,15,9,3,3,15,12,42,20548,3004,168,68,3240,27,23815
CED327,63,3,2653,101,813,65,3,881,3,985,3,114,174,0,288,3,294,3,3,3,3,9,0,12,107,930,242,6,1178,6,1291,3,3,0,3,6,3,12,2697,990,245,12,1247,12,3956,694,13,0,0,13,3,710,38,415,21,0,436,3,477,3,69,103,0,172,0,175,0,3,0,0,3,0,3,41,487,124,0,611,3,655,3,3,0,0,3,3,9,738,503,124,0,627,9,1374,231,3,3,0,6,0,237,8,201,5,0,206,3,217,0,23,55,3,81,0,81,3,3,0,0,3,3,9,11,227,60,3,290,6,307,0,0,3,3,6,3,9,242,230,66,6,302,9,553,21385,814,18,24,856,6,22247,1063,7157,438,15,7610,15,8688,20,910,1063,6,1979,6,2005,39,15,3,97,115,6,160,1122,8082,1504,118,9704,27,10853,15,20,6,9,35,26,76,22522,8916,1528,151,10595,59,33176
CED328,50,3,3145,85,312,9,0,321,3,409,3,22,12,0,34,0,37,3,0,0,0,0,0,3,91,334,21,0,355,3,449,0,0,0,0,0,3,3,3183,381,21,3,405,9,3597,1733,15,0,3,18,3,1754,48,196,3,0,199,0,247,3,11,5,0,16,0,19,3,3,3,3,9,0,12,54,210,11,3,224,0,278,0,0,0,3,3,0,3,1787,225,11,9,245,3,2035,799,3,3,3,9,0,808,14,87,3,0,90,0,104,3,3,3,0,6,3,12,0,3,0,3,6,0,6,17,93,6,3,102,3,122,0,0,0,0,0,3,3,816,96,9,6,111,6,933,23332,425,9,19,453,15,23800,884,2742,93,3,2838,3,3725,21,192,85,3,280,3,304,23,9,3,15,27,3,53,928,2943,181,21,3145,9,4082,3,9,6,9,24,15,42,24263,3377,196,49,3622,39,27924
CED329,16,0,2548,50,39,0,0,39,0,89,0,3,3,0,6,3,9,3,3,0,3,6,0,9,53,45,3,3,51,3,107,3,0,0,0,0,0,3,2588,55,6,6,67,3,2658,250,0,0,0,0,3,253,3,3,0,3,6,0,9,0,3,0,3,6,0,6,0,0,3,0,3,0,3,3,6,3,6,15,0,18,0,0,3,0,3,3,6,253,6,6,6,18,6,277,65,0,0,0,0,0,65,3,3,0,0,3,0,6,3,0,0,3,3,0,6,0,0,3,0,3,0,3,6,3,3,3,9,0,15,0,0,0,0,0,0,0,71,3,3,3,9,0,80,19045,168,12,15,195,6,19246,375,407,6,9,422,6,803,9,17,12,12,41,3,53,19,12,12,27,51,3,73,403,436,30,48,514,12,929,12,6,3,3,12,9,33,19460,610,45,66,721,27,20208
CED330,32,0,3454,85,123,7,0,130,3,218,3,20,20,0,40,3,46,3,3,0,3,6,0,9,91,146,27,3,176,6,273,3,3,3,0,6,0,9,3516,178,30,6,214,6,3736,664,13,0,0,13,0,677,18,46,3,3,52,0,70,0,5,3,0,8,0,8,3,3,3,0,6,0,9,21,54,9,3,66,0,87,0,3,0,3,6,0,6,685,70,9,6,85,0,770,189,3,0,0,3,0,192,5,22,0,3,25,0,30,0,0,3,3,6,0,6,0,0,0,3,3,3,6,5,22,3,9,34,3,42,0,3,0,0,3,0,3,194,28,3,9,40,3,237,25811,282,9,12,303,9,26123,621,905,27,15,947,6,1574,9,107,88,12,207,6,222,39,15,6,33,54,9,102,669,1027,121,60,1208,21,1898,12,15,6,6,27,6,45,26492,1324,136,78,1538,36,28066
CED394,0,0,0,0,0,0,0,0,0,0,0,0,0,0,0,0,0,0,0,0,0,0,0,0,0,0,0,0,0,0,0,0,0,0,0,0,0,0,0,0,0,0,0,0,0,0,0,0,0,0,0,0,0,0,0,0,0,0,0,0,0,0,0,0,0,0,0,0,0,0,0,0,0,0,0,0,0,0,0,0,0,0,0,0,0,0,0,0,0,0,0,0,0,0,0,0,0,0,0,0,0,0,0,0,0,0,0,0,0,0,0,0,0,0,0,0,0,0,0,0,0,0,0,0,0,0,0,0,0,0,0,0,0,0,0,0,0,0,0,0,0,0,0,0,0,0,0,0,0,0,0,0,0,0,0,0,0,0,0,0,0,0,0,0,0,0,0,0,0,0,0,0,0,0,0,0,0,0,0,0,0,0,0,0,0,0,0,0,0,0,0,0
CED397,0,0,0,0,0,0,0,0,3,3,0,3,3,0,6,0,6,3,0,0,0,0,0,3,3,3,3,0,6,3,12,3,0,0,0,0,3,6,6,3,3,0,6,6,18,0,3,0,0,3,3,6,0,3,3,0,6,0,6,3,0,0,3,3,3,9,0,3,0,3,6,0,6,3,6,3,6,15,3,21,3,3,3,3,9,0,12,6,12,6,9,27,6,39,3,0,3,3,6,3,12,0,0,0,0,0,0,0,3,0,3,0,3,0,6,0,0,0,3,3,0,3,3,0,3,3,6,0,9,3,0,0,0,0,0,3,9,0,6,6,12,3,24,3,3,6,3,12,9,24,6,6,9,0,15,3,24,12,6,6,3,15,3,30,9,6,6,9,21,3,33,27,18,21,12,51,9,87,12,3,3,3,9,6,27,42,24,30,18,72,24,138
CED401,65,3,1828,79,408,30,0,438,3,520,0,68,84,0,152,0,152,0,0,0,5,5,0,5,79,476,114,5,595,3,677,3,3,3,0,6,3,12,1842,541,120,5,666,9,2517,985,35,0,0,35,0,1020,43,239,18,0,257,0,300,0,41,62,0,103,0,103,0,0,0,3,3,0,3,43,280,80,3,363,0,406,3,3,3,0,6,0,9,1031,318,83,3,404,0,1435,511,15,0,0,15,0,526,20,126,5,0,131,0,151,0,18,38,0,56,0,56,0,3,0,0,3,0,3,20,147,43,0,190,0,210,0,0,0,0,0,0,0,531,162,43,0,205,0,736,14081,541,6,15,562,9,14652,792,4254,185,3,4442,9,5243,11,646,584,0,1230,3,1244,9,9,0,34,43,0,52,812,4909,769,37,5715,12,6539,17,24,9,0,33,10,60,14910,5474,784,52,6310,31,21251
CED402,40,0,3173,38,106,8,0,114,0,152,4,19,40,0,59,0,63,3,0,0,0,0,0,3,45,125,48,0,173,0,218,0,3,0,0,3,0,3,3178,168,48,0,216,0,3394,427,4,0,0,4,0,431,6,22,3,0,25,0,31,0,4,22,0,26,0,26,0,0,0,0,0,0,0,6,26,25,0,51,0,57,0,0,0,0,0,0,0,433,30,25,0,55,0,488,71,3,0,0,3,0,74,0,4,0,0,4,0,4,0,0,15,0,15,0,15,0,0,0,0,0,0,0,0,4,15,0,19,0,19,0,0,0,0,0,0,0,71,7,15,0,22,0,93,22692,268,0,18,286,9,22987,322,876,38,6,920,0,1242,19,120,251,0,371,0,390,37,0,0,19,19,0,56,378,996,289,25,1310,0,1688,9,3,5,0,8,0,17,23079,1267,294,43,1604,9,24692
CED403,62,0,2630,81,287,20,0,307,3,391,0,23,22,0,45,0,45,3,0,0,0,0,0,3,84,310,42,0,352,3,439,0,0,0,0,0,0,0,2652,364,42,8,414,3,3069,1260,27,0,0,27,0,1287,51,202,7,0,209,0,260,0,16,19,0,35,0,35,3,0,0,0,0,0,3,54,218,26,0,244,0,298,0,0,0,0,0,0,0,1314,245,26,0,271,0,1585,687,12,0,3,15,0,702,26,96,4,0,100,3,129,0,7,15,0,22,0,22,0,0,0,0,0,0,0,26,103,19,0,122,3,151,0,0,0,0,0,0,0,713,115,19,3,137,3,853,18411,397,10,26,433,0,18844,742,2535,116,0,2651,15,3408,12,226,146,0,372,0,384,19,10,0,14,24,0,43,773,2771,262,14,3047,15,3835,14,11,0,0,11,3,28,19198,3179,272,40,3491,18,22707
CED404,23,0,2680,44,91,5,0,96,0,140,0,4,3,0,7,0,7,3,0,0,0,0,0,3,47,95,8,0,103,0,150,0,0,0,0,0,3,3,2704,115,11,0,126,3,2833,265,0,0,0,0,0,265,3,11,0,0,11,0,14,0,0,0,0,0,0,0,0,0,0,0,0,0,0,3,11,0,0,11,0,14,0,0,0,0,0,0,0,268,11,0,0,11,0,279,33,0,0,0,0,0,33,3,6,0,0,6,0,9,0,0,0,0,0,0,0,0,0,0,0,0,0,0,3,6,0,0,6,0,9,0,0,0,0,0,0,0,36,6,0,0,6,0,42,20176,233,3,11,247,0,20423,338,985,32,0,1017,8,1363,5,51,14,0,65,0,70,15,0,0,64,64,0,79,358,1036,46,64,1146,8,1512,3,3,0,0,3,13,19,20537,1272,49,75,1396,21,21954
CED405,58,0,1906,76,472,28,0,500,0,576,0,43,51,0,94,3,97,3,0,0,0,0,0,3,79,515,79,0,594,3,676,0,3,0,0,3,7,10,1927,576,79,0,655,10,2592,872,24,0,0,24,0,896,37,286,19,0,305,0,342,3,35,27,0,62,0,65,0,0,0,0,0,0,0,40,321,46,0,367,0,407,0,3,0,0,3,3,6,912,348,46,0,394,3,1309,391,12,0,0,12,0,403,23,149,12,0,161,0,184,0,12,18,0,30,0,30,0,0,0,0,0,0,0,23,161,30,0,191,0,214,0,0,0,0,0,0,0,414,173,30,0,203,0,617,13726,466,5,12,483,0,14209,661,3929,159,10,4098,6,4765,17,318,259,0,577,3,597,18,8,0,8,16,0,34,696,4255,418,18,4691,9,5396,4,22,0,0,22,40,66,14426,4743,423,30,5196,49,19671
CED406,39,4,3064,61,205,9,0,214,0,275,4,21,3,0,24,0,28,3,0,0,0,0,0,3,68,226,12,0,238,0,306,0,0,0,0,0,0,0,3089,258,12,7,277,4,3370,868,12,0,0,12,0,880,12,110,3,0,113,0,125,3,7,7,0,14,0,17,0,0,0,0,0,0,0,15,117,10,0,127,0,142,0,0,0,0,0,0,0,883,129,10,0,139,0,1022,341,4,0,0,4,0,345,11,51,4,0,55,0,66,0,6,7,0,13,0,13,0,0,0,0,0,0,0,11,57,11,0,68,0,79,0,0,0,0,0,0,0,352,61,11,0,72,0,424,22496,347,3,28,378,13,22887,551,1467,41,6,1514,0,2065,24,97,62,0,159,0,183,23,0,3,18,21,0,44,598,1564,106,24,1694,0,2292,7,6,0,0,6,8,21,23101,1917,109,52,2078,21,25200
CED407,50,0,2641,60,321,19,0,340,0,400,0,46,72,0,118,0,118,0,0,0,0,0,0,0,60,367,91,0,458,0,518,5,3,0,0,3,3,11,2656,416,91,4,511,3,3170,930,28,0,0,28,4,962,37,192,8,0,200,0,237,0,32,66,0,98,0,98,0,0,0,0,0,0,0,37,224,74,0,298,0,335,0,0,0,0,0,0,0,967,252,74,0,326,4,1297,378,9,0,0,9,0,387,18,100,6,0,106,0,124,3,22,29,0,51,0,54,0,0,0,0,0,0,0,21,122,35,0,157,0,178,0,0,0,0,0,0,0,399,131,35,0,166,0,565,18370,466,3,16,485,7,18862,535,2711,125,4,2840,6,3381,9,389,387,0,776,0,785,20,0,0,12,12,0,32,564,3100,512,16,3628,6,4198,8,18,0,0,18,11,37,18942,3584,515,32,4131,24,23097
CED408,65,0,3309,48,105,0,0,105,0,153,3,4,6,0,10,0,13,3,0,0,0,0,0,3,54,109,6,0,115,0,169,5,0,0,0,0,0,5,3303,174,6,0,180,0,3483,1204,25,0,0,25,0,1229,25,61,3,0,64,0,89,0,0,3,0,3,0,3,3,0,0,0,0,0,3,28,61,6,0,67,0,95,0,0,0,0,0,0,0,1232,86,6,0,92,0,1324,463,10,3,3,16,0,479,8,30,0,0,30,0,38,0,0,0,0,0,0,0,0,0,0,0,0,0,0,8,30,0,0,30,0,38,0,0,0,0,0,0,0,471,40,3,3,46,0,517,23650,399,9,20,428,0,24078,456,836,21,0,857,6,1319,12,39,23,0,62,0,74,34,0,0,14,14,0,48,502,875,44,14,933,6,1441,5,8,0,0,8,3,16,24157,1282,53,34,1369,9,25535
CED409,70,3,2124,107,642,68,0,710,3,820,5,156,257,0,413,3,421,4,0,0,4,4,0,8,116,798,325,4,1127,6,1249,0,3,0,0,3,7,10,2167,868,325,7,1200,16,3383,682,24,0,0,24,0,706,35,369,49,0,418,0,453,0,93,162,0,255,3,258,3,0,0,3,3,0,6,38,462,211,3,676,3,717,0,0,0,0,0,3,3,720,486,211,3,700,6,1426,286,9,0,0,9,0,295,8,145,20,0,165,3,176,3,38,101,0,139,3,145,0,0,0,0,0,0,0,11,183,121,0,304,6,321,0,0,0,0,0,0,0,297,192,121,0,313,6,616,15311,595,6,16,617,13,15941,833,5895,453,3,6351,9,7193,17,1216,1478,0,2694,19,2730,15,14,0,38,52,0,67,865,7125,1931,41,9097,28,9990,8,18,4,3,25,50,83,16184,7738,1941,60,9739,91,26014
CED410,87,0,2161,107,657,31,0,688,0,795,0,43,64,0,107,0,107,3,0,0,0,0,0,3,110,700,95,0,795,0,905,4,0,0,0,0,5,9,2188,782,95,5,882,5,3075,1074,37,0,5,42,0,1116,64,400,22,0,422,3,489,0,39,54,0,93,0,93,0,0,0,0,0,0,0,64,439,76,0,515,3,582,0,3,0,0,3,3,6,1138,479,76,5,560,6,1704,553,20,0,0,20,0,573,28,209,5,0,214,0,242,0,21,27,0,48,0,48,0,0,0,0,0,0,0,28,230,32,0,262,0,290,0,3,0,0,3,4,7,581,253,32,0,285,4,870,14892,697,6,16,719,10,15621,875,5491,247,3,5741,12,6628,0,441,371,0,812,0,812,19,0,3,32,35,3,57,894,5932,621,35,6588,15,7497,16,20,0,0,20,43,79,15802,6649,627,51,7327,68,23197
CED411,57,0,3158,43,178,9,0,187,0,230,0,65,102,0,167,0,167,3,0,0,5,5,0,8,46,243,111,5,359,0,405,0,0,0,0,0,0,0,3147,291,111,14,416,0,3563,730,9,0,3,12,0,742,16,82,7,0,89,0,105,0,36,66,0,102,0,102,0,0,0,0,0,0,0,16,118,73,0,191,0,207,0,0,0,0,0,4,4,746,127,73,3,203,4,953,200,7,0,0,7,0,207,9,37,0,0,37,0,46,0,8,48,0,56,0,56,0,0,0,0,0,0,0,9,45,48,0,93,0,102,0,0,0,0,0,0,0,209,52,48,0,100,0,309,22308,432,5,62,499,6,22813,423,1600,92,0,1692,0,2115,15,510,691,0,1201,0,1216,52,5,3,51,59,5,116,490,2115,786,51,2952,5,3447,5,15,0,0,15,14,34,22803,2562,791,113,3466,25,26294
CED494,0,0,0,0,0,0,0,0,0,0,0,0,0,0,0,0,0,0,0,0,0,0,0,0,0,0,0,0,0,0,0,0,0,0,0,0,0,0,0,0,0,0,0,0,0,0,0,0,0,0,0,0,0,0,0,0,0,0,0,0,0,0,0,0,0,0,0,0,0,0,0,0,0,0,0,0,0,0,0,0,0,0,0,0,0,0,0,0,0,0,0,0,0,0,0,0,0,0,0,0,0,0,0,0,0,0,0,0,0,0,0,0,0,0,0,0,0,0,0,0,0,0,0,0,0,0,0,0,0,0,0,0,0,0,0,0,0,0,0,0,0,0,0,0,0,0,0,0,0,0,0,0,0,0,0,0,0,0,0,0,0,0,0,0,0,0,0,0,0,0,0,0,0,0,0,0,0,0,0,0,0,0,0,0,0,0,0,0,0,0,0,0
CED497,0,0,0,0,0,0,0,0,0,0,0,0,0,0,0,0,0,0,0,0,0,0,0,0,0,0,0,0,0,0,0,0,0,0,0,0,0,0,0,0,0,0,0,0,0,0,0,0,0,0,0,0,0,0,0,0,0,0,0,0,0,0,0,0,0,0,0,0,0,0,0,0,0,0,0,0,0,0,0,0,0,0,0,0,0,0,0,0,0,0,0,0,0,0,0,0,0,0,0,0,0,0,0,0,0,0,0,0,0,0,0,0,0,0,0,0,0,0,0,0,0,0,0,0,0,0,0,0,0,0,0,0,0,0,0,0,0,0,0,0,0,0,0,0,0,0,0,0,0,0,0,0,0,0,0,0,0,0,0,0,0,0,0,0,0,0,0,0,0,0,0,0,0,0,0,0,0,0,0,0,0,0,0,0,0,0,0,0,0,0,0,0
CED501,51,4,2965,74,185,4,0,189,0,263,5,8,11,0,19,0,24,4,0,0,3,3,0,7,83,193,15,3,211,0,294,0,0,0,0,0,0,0,2993,241,15,6,262,4,3259,648,13,0,0,13,0,661,22,73,5,0,78,0,100,0,5,8,0,13,0,13,0,0,0,0,0,0,0,22,78,13,0,91,0,113,0,0,0,0,0,0,0,670,91,13,0,104,0,774,204,6,0,0,6,0,210,10,25,0,0,25,0,35,0,0,0,0,0,0,0,0,0,0,0,0,0,0,10,25,0,0,25,0,35,0,0,0,0,0,0,0,214,31,0,0,31,0,245,23809,464,0,48,512,4,24325,749,1756,44,0,1800,3,2552,32,138,80,0,218,0,250,39,3,0,43,46,0,85,820,1897,124,43,2064,3,2887,14,7,0,0,7,12,33,24643,2368,124,91,2583,19,27245
CED502,43,0,2486,64,177,6,0,183,0,247,0,14,14,0,28,0,28,0,0,0,0,0,0,0,64,191,20,0,211,0,275,0,0,0,0,0,7,7,2507,234,20,0,254,7,2768,598,15,0,0,15,0,613,16,87,6,0,93,0,109,3,8,5,0,13,0,16,0,0,0,0,0,0,0,19,95,11,0,106,0,125,0,0,0,0,0,0,0,617,110,11,0,121,0,738,207,4,0,0,4,0,211,11,34,0,0,34,0,45,0,0,7,0,7,0,7,0,0,0,0,0,0,0,11,34,7,0,41,0,52,0,0,0,0,0,0,0,218,38,7,0,45,0,263,20416,353,4,33,390,10,20816,572,1677,39,12,1728,0,2300,21,123,98,0,221,0,242,28,3,0,27,30,0,58,621,1803,137,39,1979,0,2600,10,0,0,0,0,10,20,21047,2156,141,72,2369,20,23436
CED503,67,0,2674,111,650,42,0,692,4,807,11,109,182,0,291,0,302,5,0,0,3,3,0,8,127,759,224,3,986,4,1117,0,0,0,0,0,5,5,2734,826,224,3,1053,9,3796,967,26,0,0,26,0,993,47,386,30,0,416,0,463,0,75,87,0,162,0,162,3,0,0,0,0,0,3,50,461,117,0,578,0,628,0,0,0,0,0,0,0,1017,487,117,0,604,0,1621,360,9,0,0,9,0,369,20,151,8,0,159,5,184,0,22,59,0,81,0,81,0,0,0,0,0,0,0,20,173,67,0,240,5,265,0,0,0,0,0,0,0,380,182,67,0,249,5,634,20444,616,13,16,645,6,21095,926,5295,300,0,5595,21,6542,43,798,1097,0,1895,0,1938,21,3,3,51,57,0,78,990,6096,1400,51,7547,21,8558,4,21,3,0,24,24,52,21438,6733,1416,67,8216,51,29705
CED504,61,0,2532,107,315,7,0,322,0,429,0,21,8,0,29,0,29,4,0,0,0,0,0,4,111,336,15,0,351,0,462,0,3,0,0,3,3,6,2582,396,15,4,415,3,3000,1555,31,0,0,31,0,1586,64,217,5,0,222,0,286,0,17,8,0,25,0,25,0,0,0,0,0,0,0,64,234,13,0,247,0,311,0,0,0,0,0,0,0,1619,265,13,0,278,0,1897,850,16,0,5,21,0,871,32,106,3,3,112,0,144,0,4,7,0,11,0,11,0,0,0,0,0,0,0,32,110,10,3,123,0,155,0,0,0,0,0,0,0,882,126,10,8,144,0,1026,19345,544,0,28,572,4,19921,1070,2940,59,3,3002,0,4072,7,205,66,0,271,0,278,14,0,0,10,10,0,24,1091,3145,125,13,3283,0,4374,0,6,0,0,6,14,20,20436,3695,125,41,3861,18,24315
CED505,21,0,1746,67,145,8,0,153,0,220,5,12,12,0,24,0,29,0,0,0,3,3,0,3,72,157,20,3,180,0,252,0,4,0,0,4,0,4,1797,179,20,6,205,0,2002,84,3,0,0,3,0,87,4,14,0,0,14,0,18,0,3,3,0,6,0,6,0,0,0,0,0,0,0,4,17,3,0,20,0,24,0,0,0,0,0,0,0,88,20,3,0,23,0,111,31,0,0,0,0,0,31,0,9,0,0,9,0,9,0,0,4,0,4,0,4,0,0,0,0,0,0,0,0,9,4,0,13,0,13,0,0,0,0,0,0,0,31,9,4,0,13,0,44,21983,390,10,32,432,9,22424,754,2422,48,5,2475,5,3234,24,99,95,0,194,0,218,15,0,0,120,120,0,135,793,2521,143,125,2789,5,3587,0,9,9,0,18,13,31,22776,2920,162,157,3239,27,26042
CED506,43,0,2629,51,124,0,0,124,0,175,0,5,3,0,8,0,8,0,0,0,3,3,0,3,51,129,3,3,135,0,186,0,0,0,0,0,0,0,2637,166,3,9,178,0,2815,214,3,0,0,3,0,217,8,31,0,0,31,0,39,0,0,4,0,4,0,4,0,0,0,0,0,0,0,8,31,4,0,35,0,43,0,0,0,0,0,0,0,222,34,4,0,38,0,260,54,0,0,0,0,0,54,3,10,0,0,10,0,13,0,3,3,0,6,0,6,0,0,0,0,0,0,0,3,13,3,0,16,0,19,0,0,0,0,0,0,0,57,13,3,0,16,0,73,21160,294,6,33,333,0,21493,546,1173,11,0,1184,0,1730,9,81,39,0,120,0,129,24,0,0,40,40,0,64,579,1254,50,40,1344,0,1923,3,0,0,0,0,12,15,21742,1548,56,73,1677,12,23431
CED507,60,0,2055,98,385,23,0,408,3,509,4,31,35,0,66,0,70,0,0,0,3,3,0,3,102,416,58,3,477,3,582,0,6,0,0,6,0,6,2097,477,58,8,543,3,2643,786,17,0,0,17,0,803,35,244,16,0,260,3,298,3,20,15,0,35,0,38,0,0,0,0,0,0,0,38,264,31,0,295,3,336,0,0,0,0,0,0,0,824,281,31,0,312,3,1139,328,8,0,0,8,0,336,14,139,7,0,146,0,160,0,8,15,0,23,0,23,0,0,0,0,0,0,0,14,147,22,0,169,0,183,0,0,0,0,0,0,0,342,155,22,0,177,0,519,18491,674,3,27,704,6,19201,1034,3366,129,11,3506,18,4558,25,225,175,0,400,0,425,24,6,0,29,35,0,59,1083,3597,304,40,3941,18,5042,19,10,3,0,13,16,48,19593,4281,310,67,4658,40,24291
CED508,43,0,2413,88,380,17,0,397,0,485,4,72,70,0,142,0,146,0,0,3,3,6,0,6,92,452,90,3,545,0,637,0,0,0,0,0,0,0,2462,488,94,6,588,0,3050,695,16,0,0,16,0,711,35,226,11,0,237,3,275,0,41,53,0,94,0,94,0,0,0,0,0,0,0,35,267,64,0,331,3,369,0,0,0,0,0,3,3,730,283,64,0,347,6,1083,321,3,0,0,3,0,324,14,93,5,0,98,0,112,0,19,23,0,42,0,42,0,0,0,0,0,0,0,14,112,28,0,140,0,154,3,0,0,0,0,3,6,338,115,28,0,143,3,484,19157,462,7,9,478,0,19635,776,3352,127,4,3483,11,4270,20,526,500,0,1026,6,1052,9,3,6,35,44,0,53,805,3881,633,39,4553,17,5375,10,5,3,0,8,14,32,19972,4348,643,48,5039,31,25042
CED509,48,0,3641,98,408,7,0,415,0,513,3,20,16,0,36,0,39,3,0,0,0,0,0,3,104,428,23,0,451,0,555,0,0,0,0,0,3,3,3697,473,23,3,499,3,4199,1549,32,0,0,32,0,1581,48,285,14,0,299,0,347,0,17,10,0,27,0,27,0,0,0,0,0,0,0,48,302,24,0,326,0,374,0,0,0,0,0,0,0,1597,334,24,0,358,0,1955,572,11,0,3,14,0,586,15,139,10,0,149,0,164,0,13,0,0,13,0,13,0,0,0,0,0,0,0,15,152,10,0,162,0,177,4,0,0,0,0,0,4,591,163,10,3,176,0,767,24641,467,6,19,492,0,25133,890,2918,74,7,2999,8,3897,14,196,99,0,295,0,309,32,3,0,15,18,0,50,936,3117,173,22,3312,8,4256,16,0,0,0,0,10,26,25593,3584,179,41,3804,18,29415
CED510,31,0,2180,47,166,3,0,169,0,216,0,13,22,0,35,0,35,0,0,0,0,0,0,0,47,179,25,0,204,0,251,0,3,0,0,3,0,3,2196,213,25,0,238,0,2434,92,3,0,4,7,0,99,5,15,0,0,15,0,20,0,3,3,0,6,0,6,0,0,0,0,0,0,0,5,18,3,0,21,0,26,0,3,0,0,3,0,3,97,24,3,4,31,0,128,36,0,0,0,0,0,36,0,3,0,0,3,0,3,0,3,0,0,3,0,3,0,0,0,0,0,0,0,0,6,0,0,6,0,6,0,0,0,0,0,0,0,36,6,0,0,6,0,42,21996,278,0,32,310,8,22314,503,1641,37,7,1685,0,2188,5,103,131,0,234,0,239,17,0,0,38,38,0,55,525,1744,168,45,1957,0,2482,6,12,0,0,12,3,21,22527,2034,168,77,2279,11,24817
CED511,70,3,3092,88,256,6,0,262,0,350,3,19,27,0,46,0,49,4,0,0,0,0,0,4,95,275,33,0,308,0,403,3,4,0,0,4,0,7,3117,340,33,9,382,3,3502,692,9,3,4,16,0,708,33,116,5,0,121,0,154,0,19,14,0,33,0,33,0,0,0,0,0,0,0,33,135,19,0,154,0,187,4,0,0,0,0,0,4,729,144,22,4,170,0,899,259,7,0,0,7,0,266,7,46,0,0,46,0,53,0,4,11,0,15,0,15,0,0,0,0,0,0,0,7,50,11,0,61,0,68,0,0,0,0,0,0,0,266,57,11,0,68,0,334,25109,586,10,33,629,6,25744,780,2163,55,0,2218,3,3001,18,239,184,0,423,0,441,36,0,0,41,41,0,77,834,2402,239,41,2682,3,3519,19,18,0,0,18,3,40,25962,3006,249,74,3329,12,29303
CED512,44,0,1529,94,414,28,0,442,0,536,4,81,102,0,183,0,187,3,0,0,3,3,0,6,101,495,130,3,628,0,729,0,0,0,0,0,4,4,1586,539,130,3,672,4,2262,645,18,5,0,23,0,668,47,257,22,0,279,3,329,0,38,76,0,114,3,117,3,0,0,0,0,0,3,50,295,98,0,393,6,449,3,3,0,0,3,3,9,698,316,103,0,419,9,1126,243,13,0,0,13,0,256,25,136,10,0,146,0,171,0,23,44,0,67,0,67,0,0,0,0,0,0,0,25,159,54,0,213,0,238,0,0,0,0,0,3,3,268,172,54,0,226,3,497,12534,470,5,13,488,0,13022,982,4008,193,10,4211,9,5202,14,598,664,0,1262,6,1282,23,3,0,14,17,0,40,1019,4609,857,24,5490,15,6524,13,26,10,0,36,36,85,13566,5105,872,37,6014,51,19631
CED513,66,0,1503,74,581,22,3,606,4,684,4,102,108,3,213,0,217,3,0,3,0,3,0,6,81,683,133,6,822,4,907,4,3,0,0,3,0,7,1522,752,133,6,891,4,2417,682,28,0,0,28,0,710,50,353,15,0,368,0,418,0,65,72,0,137,0,137,0,0,0,0,0,0,0,50,418,87,0,505,0,555,0,3,0,0,3,0,3,732,449,87,0,536,0,1268,294,10,3,0,13,0,307,25,158,17,0,175,0,200,0,21,45,0,66,0,66,0,0,0,0,0,0,0,25,179,62,0,241,0,266,0,0,3,0,3,0,3,319,189,68,0,257,0,576,13040,626,3,8,637,6,13683,961,5248,256,7,5511,10,6482,30,951,975,3,1929,3,1962,21,11,9,41,61,0,82,1012,6210,1240,51,7501,13,8526,7,31,6,0,37,29,73,14059,6867,1249,59,8175,48,22282
CED514,34,0,1388,99,504,27,0,531,0,630,3,97,79,0,176,0,179,4,0,0,3,3,0,7,106,601,106,3,710,0,816,0,0,0,0,0,3,3,1460,632,106,6,744,3,2207,622,15,0,0,15,0,637,41,262,13,0,275,0,316,0,57,61,0,118,0,118,3,0,0,0,0,0,3,44,319,74,0,393,0,437,0,0,0,0,0,0,0,666,334,74,0,408,0,1074,247,9,0,0,9,0,256,18,125,5,0,130,0,148,0,32,27,0,59,0,59,0,3,0,0,3,0,3,18,160,32,0,192,0,210,0,0,3,0,3,0,3,265,169,35,0,204,0,469,11901,461,0,10,471,3,12375,1003,5610,237,13,5860,22,6885,33,991,652,6,1649,3,1685,19,15,0,53,68,0,87,1055,6616,889,72,7577,25,8657,6,30,9,0,39,34,79,12962,7107,898,82,8087,62,21111
CED515,60,3,2982,114,990,41,0,1031,3,1148,3,87,84,0,171,0,174,3,0,0,0,0,0,3,120,1077,125,0,1202,3,1325,3,0,0,0,0,6,9,3042,1134,125,3,1262,12,4316,1473,20,0,0,20,0,1493,79,694,29,3,726,0,805,3,58,67,0,125,0,128,0,0,0,3,3,0,3,82,752,96,6,854,0,936,0,0,0,0,0,3,3,1555,772,96,6,874,3,2432,665,17,0,0,17,0,682,47,357,13,0,370,0,417,0,38,31,0,69,0,69,0,0,0,0,0,0,0,47,395,44,0,439,0,486,0,0,0,0,0,3,3,712,412,44,0,456,3,1171,18686,493,5,18,516,12,19214,978,6811,213,10,7034,20,8032,14,589,468,0,1057,0,1071,13,4,0,13,17,0,30,1005,7404,681,23,8108,20,9133,9,19,0,0,19,35,63,19700,7916,686,41,8643,67,28410
CED594,0,0,0,0,0,0,0,0,0,0,0,0,0,0,0,0,0,0,0,0,0,0,0,0,0,0,0,0,0,0,0,0,0,0,0,0,0,0,0,0,0,0,0,0,0,0,0,0,0,0,0,0,0,0,0,0,0,0,0,0,0,0,0,0,0,0,0,0,0,0,0,0,0,0,0,0,0,0,0,0,0,0,0,0,0,0,0,0,0,0,0,0,0,0,0,0,0,0,0,0,0,0,0,0,0,0,0,0,0,0,0,0,0,0,0,0,0,0,0,0,0,0,0,0,0,0,0,0,0,0,0,0,0,0,0,0,0,0,0,0,0,0,0,0,0,0,0,0,0,0,0,0,0,0,0,0,0,0,0,0,0,0,0,0,0,0,0,0,0,0,0,0,0,0,0,0,0,0,0,0,0,0,0,0,0,0,0,0,0,0,0,0
CED597,0,0,0,0,0,0,0,0,0,0,0,0,0,0,0,0,0,0,0,0,0,0,0,0,0,0,0,0,0,0,0,0,0,0,0,0,0,0,0,0,0,0,0,0,0,0,0,0,0,0,0,0,0,0,0,0,0,0,0,0,0,0,0,0,0,0,0,0,0,0,0,0,0,0,0,0,0,0,0,0,0,0,0,0,0,0,0,0,0,0,0,0,0,0,0,0,0,0,0,0,0,0,0,0,0,0,0,0,0,0,0,0,0,0,0,0,0,0,0,0,0,0,0,0,0,0,0,0,0,0,0,0,0,0,0,0,0,0,0,0,0,0,0,0,0,0,0,0,0,0,0,0,0,0,0,0,0,0,0,0,0,0,0,0,0,0,0,0,0,0,0,0,0,0,0,0,0,0,0,0,0,0,0,0,0,0,0,0,0,0,0,0
CED601,22,0,2035,34,42,5,0,47,0,81,0,9,32,0,41,0,41,3,0,0,0,0,0,3,37,51,37,0,88,0,125,0,0,0,0,0,0,0,2050,73,37,0,110,0,2160,550,8,0,0,8,0,558,12,28,0,0,28,0,40,0,9,15,0,24,0,24,0,0,0,0,0,0,0,12,37,15,0,52,0,64,0,0,0,0,0,0,0,562,45,15,0,60,0,622,164,0,0,0,0,0,164,3,5,0,0,5,0,8,0,5,18,0,23,0,23,0,0,0,0,0,0,0,3,10,18,0,28,0,31,0,0,0,0,0,0,0,167,10,18,0,28,0,195,14733,177,5,20,202,0,14935,270,452,18,0,470,0,740,0,99,182,0,281,0,281,14,0,3,13,16,0,30,284,551,203,13,767,0,1051,6,9,0,0,9,4,19,15023,737,208,33,978,4,16005
CED602,12,0,1968,23,30,0,0,30,0,53,3,0,3,0,3,0,6,6,0,0,0,0,0,6,32,30,3,0,33,0,65,0,0,0,0,0,0,0,1988,38,3,4,45,0,2033,339,3,0,0,3,0,342,3,6,0,0,6,0,9,0,0,0,0,0,0,0,0,0,0,0,0,0,0,3,6,0,0,6,0,9,0,0,0,0,0,0,0,342,9,0,0,9,0,351,48,0,0,0,0,0,48,0,3,0,0,3,0,3,0,0,0,0,0,0,0,0,0,0,0,0,0,0,0,3,0,0,3,0,3,0,0,0,0,0,0,0,48,3,0,0,3,0,51,14808,66,0,22,88,0,14896,169,238,5,3,246,3,418,6,10,8,0,18,0,24,22,3,0,16,19,0,41,197,251,13,19,283,3,483,4,0,0,0,0,0,4,15009,317,13,41,371,3,15383
CED603,32,0,1693,42,124,12,0,136,0,178,0,19,35,0,54,0,54,0,0,0,0,0,0,0,42,143,47,0,190,0,232,0,0,0,0,0,0,0,1703,175,47,0,222,0,1925,576,22,0,0,22,0,598,15,61,3,0,64,0,79,0,13,23,0,36,0,36,0,0,0,0,0,0,0,15,74,26,0,100,0,115,0,0,0,0,0,0,0,591,96,26,0,122,0,713,270,7,0,0,7,0,277,7,40,3,0,43,0,50,0,5,5,0,10,0,10,0,0,0,0,0,0,0,7,45,8,0,53,0,60,0,0,0,0,0,0,0,277,52,8,0,60,0,337,12272,279,0,12,291,3,12566,346,1031,56,6,1093,0,1439,3,160,238,0,398,0,401,14,0,0,14,14,0,28,363,1191,294,20,1505,0,1868,6,4,0,0,4,0,10,12641,1474,294,32,1800,3,14444
CED604,29,0,2080,22,57,3,0,60,0,82,0,4,5,0,9,0,9,3,0,0,0,0,0,3,25,61,8,0,69,0,94,0,0,0,0,0,0,0,2076,86,8,4,98,0,2174,627,3,0,0,3,0,630,14,30,0,0,30,0,44,0,4,4,0,8,0,8,0,0,0,0,0,0,0,14,34,4,0,38,0,52,0,0,0,0,0,0,0,641,37,4,0,41,0,682,237,0,0,0,0,0,237,0,8,0,0,8,0,8,0,0,5,0,5,0,5,0,0,0,0,0,0,0,0,8,5,0,13,0,13,0,0,0,0,0,0,0,237,8,5,0,13,0,250,15693,216,3,25,244,0,15937,298,546,15,0,561,0,859,11,54,33,0,87,0,98,25,3,0,12,15,0,40,334,603,48,12,663,0,997,6,0,0,0,0,0,6,16033,819,51,37,907,0,16940
CED605,18,0,2059,32,15,0,0,15,0,47,0,0,3,0,3,0,3,6,0,0,0,0,0,6,38,15,3,0,18,0,56,0,0,0,0,0,0,0,2079,28,3,5,36,0,2115,377,3,0,0,3,0,380,8,8,0,0,8,0,16,0,0,0,0,0,0,0,0,0,0,0,0,0,0,8,8,0,0,8,0,16,0,0,0,0,0,0,0,385,11,0,0,11,0,396,91,0,0,0,0,0,91,0,0,0,0,0,0,0,0,0,0,0,0,0,0,0,0,0,0,0,0,0,0,0,0,0,0,0,0,0,0,0,0,0,0,0,91,0,0,0,0,0,91,15694,112,0,30,142,0,15836,225,131,9,0,140,0,365,7,4,13,0,17,0,24,40,0,0,9,9,0,49,272,135,22,9,166,0,438,0,0,0,0,0,0,0,15966,247,22,39,308,0,16274
CED694,0,0,0,0,0,0,0,0,0,0,0,0,0,0,0,0,0,0,0,0,0,0,0,0,0,0,0,0,0,0,0,0,0,0,0,0,0,0,0,0,0,0,0,0,0,0,0,0,0,0,0,0,0,0,0,0,0,0,0,0,0,0,0,0,0,0,0,0,0,0,0,0,0,0,0,0,0,0,0,0,0,0,0,0,0,0,0,0,0,0,0,0,0,0,0,0,0,0,0,0,0,0,0,0,0,0,0,0,0,0,0,0,0,0,0,0,0,0,0,0,0,0,0,0,0,0,0,0,0,0,0,0,0,0,0,0,0,0,0,0,0,0,0,0,0,0,0,0,0,0,0,0,0,0,0,0,0,0,0,0,0,0,0,0,0,0,0,0,0,0,0,0,0,0,0,0,0,0,0,0,0,0,0,0,0,0,0,0,0,0,0,0
CED697,0,0,0,0,0,0,0,0,0,0,0,0,0,0,0,0,0,0,0,0,0,0,0,0,0,0,0,0,0,0,0,0,0,0,0,0,0,0,0,0,0,0,0,0,0,0,0,0,0,0,0,0,0,0,0,0,0,0,0,0,0,0,0,0,0,0,0,0,0,0,0,0,0,0,0,0,0,0,0,0,0,0,0,0,0,0,0,0,0,0,0,0,0,0,0,0,0,0,0,0,0,0,0,0,0,0,0,0,0,0,0,0,0,0,0,0,0,0,0,0,0,0,0,0,0,0,0,0,0,0,0,0,0,0,0,0,0,0,0,0,0,0,0,0,0,0,0,0,0,0,0,0,0,0,0,0,0,0,0,0,0,0,0,0,0,0,0,0,0,0,0,0,0,0,0,0,0,0,0,0,0,0,0,0,0,0,0,0,0,0,0,0
CED701,14,0,1002,48,496,13,0,509,0,557,4,24,39,0,63,0,67,0,0,0,0,0,0,0,52,520,52,0,572,0,624,0,0,0,0,0,5,5,1040,534,52,0,586,5,1631,132,5,0,0,5,0,137,9,81,3,0,84,0,93,0,4,6,0,10,0,10,0,0,0,0,0,0,0,9,85,9,0,94,0,103,0,0,0,0,0,0,0,141,90,9,0,99,0,240,30,0,0,0,0,0,30,3,19,0,0,19,0,22,0,0,3,0,3,0,3,0,0,0,0,0,0,0,3,19,3,0,22,0,25,0,0,0,0,0,0,0,33,19,3,0,22,0,55,9983,306,10,7,323,6,10312,605,7621,287,7,7915,23,8543,23,286,434,0,720,14,757,18,3,0,164,167,6,191,646,7910,721,171,8802,43,9491,3,26,0,3,29,71,103,10632,8242,731,181,9154,120,19906
CED702,28,0,1229,90,331,21,0,352,0,442,4,24,34,0,58,0,62,4,3,0,0,3,0,7,98,358,55,0,413,0,511,0,0,0,0,0,4,4,1299,386,55,0,441,4,1744,160,3,0,0,3,0,163,11,99,6,0,105,0,116,0,17,16,0,33,0,33,0,0,3,0,3,0,3,11,116,25,0,141,0,152,0,0,0,0,0,0,0,171,119,25,0,144,0,315,59,0,0,0,0,0,59,9,42,5,0,47,0,56,0,0,0,0,0,0,0,0,0,0,0,0,0,0,9,42,5,0,47,0,56,0,0,0,0,0,0,0,68,42,5,0,47,0,115,11157,410,6,20,436,0,11593,821,2897,159,3,3059,3,3883,35,276,264,0,540,3,578,38,18,3,30,51,0,89,894,3191,426,33,3650,6,4550,5,11,0,0,11,13,29,12056,3612,432,53,4097,19,16172
CED794,0,0,0,0,0,0,0,0,0,0,0,0,0,0,0,0,0,0,0,0,0,0,0,0,0,0,0,0,0,0,0,0,0,0,0,0,0,0,0,0,0,0,0,0,0,0,0,0,0,0,0,0,0,0,0,0,0,0,0,0,0,0,0,0,0,0,0,0,0,0,0,0,0,0,0,0,0,0,0,0,0,0,0,0,0,0,0,0,0,0,0,0,0,0,0,0,0,0,0,0,0,0,0,0,0,0,0,0,0,0,0,0,0,0,0,0,0,0,0,0,0,0,0,0,0,0,0,0,0,0,0,0,0,0,0,0,0,0,0,0,0,0,0,0,0,0,0,0,0,0,0,0,0,0,0,0,0,0,0,0,0,0,0,0,0,0,0,0,0,0,0,0,0,0,0,0,0,0,0,0,0,0,0,0,0,0,0,0,0,0,0,0
CED797,0,0,0,0,0,0,0,0,0,0,0,0,0,0,0,0,0,0,0,0,0,0,0,0,0,0,0,0,0,0,0,0,0,0,0,0,0,0,0,0,0,0,0,0,0,0,0,0,0,0,0,0,0,0,0,0,0,0,0,0,0,0,0,0,0,0,0,0,0,0,0,0,0,0,0,0,0,0,0,0,0,0,0,0,0,0,0,0,0,0,0,0,0,0,0,0,0,0,0,0,0,0,0,0,0,0,0,0,0,0,0,0,0,0,0,0,0,0,0,0,0,0,0,0,0,0,0,0,0,0,0,0,0,0,0,0,0,0,0,0,0,0,0,0,0,0,0,0,0,0,0,0,0,0,0,0,0,0,0,0,0,0,0,0,0,0,0,0,0,0,0,0,0,0,0,0,0,0,0,0,0,0,0,0,0,0,0,0,0,0,0,0
CED801,93,0,3640,131,507,13,0,520,3,654,0,32,41,0,73,0,73,3,0,0,0,0,0,3,134,539,54,0,593,3,730,0,5,0,0,5,0,5,3681,630,57,4,691,3,4375,1391,37,0,3,40,0,1431,66,299,10,0,309,3,378,3,23,19,0,42,0,45,3,0,0,0,0,0,3,72,322,29,0,351,3,426,0,4,0,0,4,0,4,1463,363,29,3,395,3,1861,655,12,0,3,15,0,670,25,173,6,0,179,0,204,0,7,21,0,28,0,28,0,0,0,0,0,0,0,25,180,27,0,207,0,232,0,0,0,0,0,0,0,680,192,27,3,222,0,902,24445,762,6,37,805,0,25250,1237,4074,105,3,4182,9,5428,19,267,169,0,436,0,455,36,9,0,18,27,0,63,1292,4350,274,21,4645,9,5946,6,31,3,0,34,10,50,25743,5143,283,58,5484,19,31246
CED802,75,0,2749,127,695,33,0,728,0,855,0,38,58,0,96,0,96,4,0,0,0,0,0,4,131,733,91,0,824,0,955,0,4,0,0,4,3,7,2805,809,91,3,903,3,3711,923,20,3,0,23,0,946,58,363,18,0,381,3,442,3,27,42,0,69,0,72,3,0,0,0,0,0,3,64,390,60,0,450,3,517,0,3,0,0,3,0,3,987,413,63,0,476,3,1466,415,7,0,0,7,0,422,33,163,8,0,171,0,204,0,12,10,0,22,0,22,0,0,0,0,0,0,0,33,175,18,0,193,0,226,0,0,0,0,0,0,0,448,182,18,0,200,0,648,23289,715,11,25,751,6,24046,1343,6321,229,8,6558,14,7915,21,410,323,0,733,3,757,33,9,0,20,29,0,62,1397,6740,552,28,7320,17,8734,6,35,3,0,38,15,59,24692,7490,566,53,8109,38,32839
CED894,0,0,0,0,0,0,0,0,0,0,0,0,0,0,0,0,0,0,0,0,0,0,0,0,0,0,0,0,0,0,0,0,0,0,0,0,0,0,0,0,0,0,0,0,0,0,0,0,0,0,0,0,0,0,0,0,0,0,0,0,0,0,0,0,0,0,0,0,0,0,0,0,0,0,0,0,0,0,0,0,0,0,0,0,0,0,0,0,0,0,0,0,0,0,0,0,0,0,0,0,0,0,0,0,0,0,0,0,0,0,0,0,0,0,0,0,0,0,0,0,0,0,0,0,0,0,0,0,0,0,0,0,0,0,0,0,0,0,0,0,0,0,0,0,0,0,0,0,0,0,0,0,0,0,0,0,0,0,0,0,0,0,0,0,0,0,0,0,0,0,0,0,0,0,0,0,0,0,0,0,0,0,0,0,0,0,0,0,0,0,0,0
CED897,0,0,0,0,0,0,0,0,0,0,0,0,0,0,0,0,0,0,0,0,0,0,0,0,0,0,0,0,0,0,0,0,0,0,0,0,0,0,0,0,0,0,0,0,0,0,0,0,0,0,0,0,0,0,0,0,0,0,0,0,0,0,0,0,0,0,0,0,0,0,0,0,0,0,0,0,0,0,0,0,0,0,0,0,0,0,0,0,0,0,0,0,0,0,0,0,0,0,0,0,0,0,0,0,0,0,0,0,0,0,0,0,0,0,0,0,0,0,0,0,0,0,0,0,0,0,0,0,0,0,0,0,0,0,0,0,0,0,0,0,0,0,0,0,0,0,0,0,0,0,0,0,0,0,0,0,0,0,0,0,0,0,0,0,0,0,0,0,0,0,0,0,0,0,0,0,0,0,0,0,0,0,0,0,0,0,0,0,0,0,0,0
CED994,0,0,0,0,0,0,0,0,0,0,0,0,0,0,0,0,0,0,0,0,0,0,0,0,0,0,0,0,0,0,0,0,0,0,0,0,0,0,0,0,0,0,0,0,0,0,0,0,0,0,0,0,0,0,0,0,0,0,0,0,0,0,0,0,0,0,0,0,0,0,0,0,0,0,0,0,0,0,0,0,0,0,0,0,0,0,0,0,0,0,0,0,0,0,0,0,0,0,0,0,0,0,0,0,0,0,0,0,0,0,0,0,0,0,0,0,0,0,0,0,0,0,0,0,0,0,0,0,0,0,0,0,0,0,0,0,0,0,0,0,0,0,0,0,0,0,0,0,0,0,0,0,0,0,0,0,0,0,0,0,0,0,0,0,0,0,0,0,0,0,0,0,0,0,0,0,0,0,0,0,0,0,0,0,0,0,0,0,0,0,0,0
CED997,0,0,0,0,0,0,0,0,0,0,0,0,0,0,0,0,0,0,0,0,0,0,0,0,0,0,0,0,0,0,0,0,0,0,0,0,0,0,0,0,0,0,0,0,0,0,0,0,0,0,0,0,0,0,0,0,0,0,0,0,0,0,0,0,0,0,0,0,0,0,0,0,0,0,0,0,0,0,0,0,0,0,0,0,0,0,0,0,0,0,0,0,0,0,0,0,0,0,0,0,0,0,0,0,0,0,0,0,0,0,0,0,0,0,0,0,0,0,0,0,0,0,0,0,0,0,0,0,0,0,0,0,0,0,0,0,0,0,0,0,0,0,0,0,0,0,0,0,0,0,0,0,0,0,0,0,0,0,0,0,0,0,0,0,0,0,0,0,0,0,0,0,0,0,0,0,0,0,0,0,0,0,0,0,0,0,0,0,0,0,0,0
