CED_CODE_2016,NegNil_Inc_BE_WFT,NegNil_Inc_BE_WPT,NegNil_Inc_BE_BAW,NegNil_Inc_1EFT_OthPT,NegNil_Inc_1EFT_OthAW,NegNil_Inc_1EFT_OthNW,NegNil_Inc_1EPT_OthAW,NegNil_Inc_1EPT_OthNW,NegNil_Inc_1AW_OthNW,NegNil_Inc_BNW,NegNil_Inc_LFsta_NS,NegNil_Inc_Tot,I_1_149_BE_WFT,I_1_149_BE_WPT,I_1_149_BE_BAW,I_1_149_1EFT_OthPT,I_1_149_1EFT_OthAW,I_1_149_1EFT_OthNW,I_1_149_1EPT_OthAW,I_1_149_1EPT_OthNW,I_1_149_1AW_OthNW,I_1_149_BNW,I_1_149_LFsta_NS,I_1_149_Tot,I_150_299_BE_WFT,I_150_299_BE_WPT,I_150_299_BE_BAW,I_150_299_1EFT_OthPT,I_150_299_1EFT_OthAW,I_150_299_1EFT_OthNW,I_150_299_1EPT_OthAW,I_150_299_1EPT_OthNW,I_150_299_1AW_OthNW,I_150_299_BNW,I_150_299_LFsta_NS,I_150_299_Tot,I_300_399_BE_WFT,I_300_399_BE_WPT,I_300_399_BE_BAW,I_300_399_1EFT_OthPT,I_300_399_1EFT_OthAW,I_300_399_1EFT_OthNW,I_300_399_1EPT_OthAW,I_300_399_1EPT_OthNW,I_300_399_1AW_OthNW,I_300_399_BNW,I_300_399_LFsta_NS,I_300_399_Tot,I_400_499_BE_WFT,I_400_499_BE_WPT,I_400_499_BE_BAW,I_400_499_1EFT_OthPT,I_400_499_1EFT_OthAW,I_400_499_1EFT_OthNW,I_400_499_1EPT_OthAW,I_400_499_1EPT_OthNW,I_400_499_1AW_OthNW,I_400_499_BNW,I_400_499_LFsta_NS,I_400_499_Tot,I_500_649_BE_WFT,I_500_649_BE_WPT,I_500_649_BE_BAW,I_500_649_1EFT_OthPT,I_500_649_1EFT_OthAW,I_500_649_1EFT_OthNW,I_500_649_1EPT_OthAW,I_500_649_1EPT_OthNW,I_500_649_1AW_OthNW,I_500_649_BNW,I_500_649_LFsta_NS,I_500_649_Tot,I_650_799_BE_WFT,I_650_799_BE_WPT,I_650_799_BE_BAW,I_650_799_1EFT_OthPT,I_650_799_1EFT_OthAW,I_650_799_1EFT_OthNW,I_650_799_1EPT_OthAW,I_650_799_1EPT_OthNW,I_650_799_1AW_OthNW,I_650_799_BNW,I_650_799_LFsta_NS,I_650_799_Tot,I_800_999_BE_WFT,I_800_999_BE_WPT,I_800_999_BE_BAW,I_800_999_1EFT_OthPT,I_800_999_1EFT_OthAW,I_800_999_1EFT_OthNW,I_800_999_1EPT_OthAW,I_800_999_1EPT_OthNW,I_800_999_1AW_OthNW,I_800_999_BNW,I_800_999_LFsta_NS,I_800_999_Tot,I_1000_1249_BE_WFT,I_1000_1249_BE_WPT,I_1000_1249_BE_BAW,I_1000_1249_1EFT_OthPT,I_1000_1249_1EFT_OthAW,I_1000_1249_1EFT_OthNW,I_1000_1249_1EPT_OthAW,I_1000_1249_1EPT_OthNW,I_1000_1249_1AW_OthNW,I_1000_1249_BNW,I_1000_1249_LFsta_NS,I_1000_1249_Tot,I_1250_1499_BE_WFT,I_1250_1499_BE_WPT,I_1250_1499_BE_BAW,I_1250_1499_1EFT_OthPT,I_1250_1499_1EFT_OthAW,I_1250_1499_1EFT_OthNW,I_1250_1499_1EPT_OthAW,I_1250_1499_1EPT_OthNW,I_1250_1499_1AW_OthNW,I_1250_1499_BNW,I_1250_1499_LFsta_NS,I_1250_1499_Tot,I_1500_1749_BE_WFT,I_1500_1749_BE_WPT,I_1500_1749_BE_BAW,I_1500_1749_1EFT_OthPT,I_1500_1749_1EFT_OthAW,I_1500_1749_1EFT_OthNW,I_1500_1749_1EPT_OthAW,I_1500_1749_1EPT_OthNW,I_1500_1749_1AW_OthNW,I_1500_1749_BNW,I_1500_1749_LFsta_NS,I_1500_1749_Tot,I_1750_1999_BE_WFT,I_1750_1999_BE_WPT,I_1750_1999_BE_BAW,I_1750_1999_1EFT_OthPT,I_1750_1999_1EFT_OthAW,I_1750_1999_1EFT_OthNW,I_1750_1999_1EPT_OthAW,I_1750_1999_1EPT_OthNW,I_1750_1999_1AW_OthNW,I_1750_1999_BNW,I_1750_1999_LFsta_NS,I_1750_1999_Tot,I_2000_2499_BE_WFT,I_2000_2499_BE_WPT,I_2000_2499_BE_BAW,I_2000_2499_1EFT_OthPT,I_2000_2499_1EFT_OthAW,I_2000_2499_1EFT_OthNW,I_2000_2499_1EPT_OthAW,I_2000_2499_1EPT_OthNW,I_2000_2499_1AW_OthNW,I_2000_2499_BNW,I_2000_2499_LFsta_NS,I_2000_2499_Tot,I_2500_2999_BE_WFT,I_2500_2999_BE_WPT,I_2500_2999_BE_BAW,I_2500_2999_1EFT_OthPT,I_2500_2999_1EFT_OthAW,I_2500_2999_1EFT_OthNW,I_2500_2999_1EPT_OthAW,I_2500_2999_1EPT_OthNW,I_2500_2999_1AW_OthNW,I_2500_2999_BNW,I_2500_2999_LFsta_NS,I_2500_2999_Tot,I_3000_3499_BE_WFT,I_3000_3499_BE_WPT,I_3000_3499_BE_BAW,I_3000_3499_1EFT_OthPT,I_3000_3499_1EFT_OthAW,I_3000_3499_1EFT_OthNW,I_3000_3499_1EPT_OthAW,I_3000_3499_1EPT_OthNW,I_3000_3499_1AW_OthNW,I_3000_3499_BNW,I_3000_3499_LFsta_NS,I_3000_3499_Tot,I_3500_3999_BE_WFT,I_3500_3999_BE_WPT,I_3500_3999_BE_BAW,I_3500_3999_1EFT_OthPT,I_3500_3999_1EFT_OthAW,I_3500_3999_1EFT_OthNW,I_3500_3999_1EPT_OthAW,I_3500_3999_1EPT_OthNW,I_3500_3999_1AW_OthNW,I_3500_3999_BNW,I_3500_3999_LFsta_NS,I_3500_3999_Tot,I_4000more_BE_WFT,I_4000more_BE_WPT,I_4000more_BE_BAW,I_4000more_1EFT_OthPT,I_4000more_1EFT_OthAW,I_4000more_1EFT_OthNW,I_4000more_1EPT_OthAW,I_4000more_1EPT_OthNW
CED101,4,3,0,3,0,10,0,3,0,80,0,99,0,0,0,0,0,0,0,4,0,19,0,30,0,0,0,3,0,3,0,25,4,43,0,80,0,3,0,3,0,3,0,24,0,31,0,62,0,8,0,4,0,21,0,54,4,73,0,161,6,14,4,13,3,79,0,101,8,98,0,320,10,28,0,28,0,161,3,118,11,139,0,493,16,34,4,59,5,271,3,131,15,163,3,698,45,98,0,197,18,427,15,149,20,230,0,1189,110,84,14,328,19,439,9,124,22,203,4,1360,140,70,9,356,28,425,10,94,21,156,7,1314,244,58,9,406,38,402,14,72,15,136,8,1385,787,121,18,920,119,705,30,137,21,240,13,3110,785,92,18,881,88,278,16,65,6,130,3,2360,604,38,15,629,99,163,18,44,10,74,3,1700,481,31,5,303,60,268,5,36,11,44,0,1249,1261,61,24,1036,117,357,31,68
CED102,3,0,0,5,3,5,0,4,0,111,0,134,0,0,0,3,0,4,0,9,3,40,0,58,0,0,0,3,0,9,0,44,5,43,0,99,0,3,0,0,0,9,0,45,5,39,0,96,3,13,0,10,0,23,0,68,7,88,5,216,7,20,3,13,0,75,5,142,13,110,0,374,7,53,0,13,0,182,3,146,13,181,3,612,24,76,0,78,5,344,4,165,24,187,3,920,47,83,12,193,12,480,25,154,26,247,8,1283,132,104,14,352,29,454,13,131,30,227,8,1492,165,72,11,377,29,409,10,89,28,217,6,1407,247,77,13,393,34,370,3,82,9,173,0,1402,711,104,28,857,99,687,28,126,31,273,7,2949,733,83,13,759,88,275,20,71,13,118,5,2185,615,50,20,539,88,157,16,35,15,96,0,1638,458,36,10,258,63,252,7,25,12,33,4,1160,1105,64,22,744,126,284,19,56
CED103,0,0,0,0,0,13,0,6,0,146,4,175,4,0,0,3,0,0,0,8,0,29,0,50,0,4,0,3,0,7,0,15,3,36,0,62,0,0,0,0,0,6,3,25,0,29,0,59,4,6,0,0,0,19,0,39,3,82,0,155,0,16,3,11,0,66,4,71,11,89,0,266,4,39,0,31,3,121,0,100,4,119,0,428,22,52,4,67,7,215,6,123,17,125,0,635,47,87,3,148,10,402,10,118,21,191,4,1044,107,89,6,239,12,405,15,118,19,124,0,1131,116,70,9,299,29,476,8,75,19,127,5,1240,193,58,9,325,33,440,9,75,22,118,0,1281,590,100,20,848,98,953,26,127,28,210,3,3008,704,77,18,888,100,322,22,70,18,133,0,2350,743,50,16,696,98,188,17,49,10,90,0,1970,649,37,14,338,87,451,7,36,17,50,3,1688,2113,102,36,1594,167,593,33,86
CED104,7,0,0,7,0,5,0,3,0,35,0,64,6,0,0,3,0,0,0,3,0,7,0,25,0,0,0,0,0,3,0,9,0,31,0,45,0,0,0,0,0,0,0,12,4,13,0,32,0,3,0,3,0,16,0,12,0,44,0,83,3,9,0,5,3,23,3,40,0,36,0,122,11,16,0,10,0,47,0,49,5,66,3,212,22,17,0,58,3,117,3,68,8,64,0,364,42,59,7,117,9,173,5,64,7,119,4,595,69,65,3,211,17,230,13,79,13,106,0,811,79,67,7,262,17,278,8,71,14,101,0,899,146,59,4,351,31,299,3,67,4,86,4,1047,441,131,11,910,76,822,17,100,33,170,4,2710,666,96,17,1072,70,319,14,85,11,110,4,2470,753,59,8,923,90,181,21,55,9,74,3,2185,687,47,9,484,74,621,11,39,11,59,4,2045,2706,121,47,2238,199,862,36,117
CED105,8,3,0,0,0,3,0,11,3,257,3,294,0,0,0,0,0,4,0,6,4,55,0,80,3,3,0,3,0,16,0,49,8,151,5,236,0,3,0,3,0,21,0,59,4,79,3,173,0,11,0,8,0,60,4,155,17,321,9,581,3,24,4,15,0,175,4,290,35,330,7,890,15,61,12,36,0,312,7,308,47,420,14,1226,21,88,8,88,4,608,12,404,68,435,12,1755,85,83,13,203,16,819,15,330,58,497,9,2141,157,115,17,352,15,686,19,242,41,393,13,2050,194,68,22,301,30,602,14,143,35,290,11,1701,239,69,15,316,34,453,8,101,25,217,8,1485,664,85,7,568,75,685,23,169,36,334,7,2656,535,53,20,448,58,293,18,87,14,167,5,1694,393,18,11,268,40,170,12,34,16,108,4,1068,295,12,6,110,24,157,7,25,10,70,5,719,518,27,11,265,35,171,12,44
CED106,6,0,0,7,0,16,0,13,0,125,0,169,3,0,0,0,0,0,0,0,0,24,0,35,0,0,0,4,0,3,0,19,0,23,0,52,0,3,0,0,0,3,0,14,0,21,0,42,0,11,0,8,0,17,0,29,4,45,0,114,3,8,0,6,0,40,0,50,7,54,0,172,10,23,0,18,3,72,4,52,6,60,0,247,14,33,0,42,0,137,3,57,11,70,0,365,36,66,5,95,11,230,6,81,11,98,0,632,65,61,0,161,14,262,7,76,8,103,0,760,68,51,4,188,9,305,9,56,9,84,0,779,107,50,0,235,21,305,8,56,10,84,3,875,390,71,10,530,51,837,16,124,20,158,4,2224,467,74,13,739,73,264,14,59,8,105,0,1810,556,56,12,627,65,134,16,66,3,88,0,1622,540,46,17,324,50,1072,15,71,24,89,0,2249,3363,177,42,3302,277,1434,56,183
CED107,3,0,3,5,0,0,0,0,0,26,0,48,4,0,0,4,3,0,0,3,0,12,0,24,0,7,0,4,0,5,0,4,0,20,0,47,3,0,0,0,0,0,0,5,0,14,0,25,7,8,0,10,0,10,0,19,5,71,0,133,7,9,0,17,0,29,3,36,10,78,0,177,20,16,4,29,3,61,3,65,12,175,3,386,26,32,8,84,13,150,7,112,19,147,3,593,58,76,14,224,28,315,13,104,34,194,7,1059,149,68,3,445,44,334,9,80,13,112,6,1275,151,64,14,458,44,309,18,56,17,78,5,1221,219,60,3,504,40,277,22,33,16,50,5,1241,629,99,20,1038,104,475,24,51,27,54,5,2529,649,51,25,838,115,171,22,24,9,34,7,1952,564,26,14,495,74,57,20,15,4,14,3,1286,370,13,9,201,60,123,5,7,8,6,0,810,640,22,13,548,73,121,13,13
CED108,3,3,0,3,0,11,0,4,0,115,0,139,0,0,0,0,0,7,0,7,0,35,0,45,0,0,0,0,0,9,0,33,5,58,0,110,0,0,0,0,0,7,0,25,4,40,3,79,0,0,0,0,0,28,3,51,6,163,0,261,3,8,3,8,0,87,0,103,20,167,7,409,6,23,3,27,0,188,0,132,13,270,4,679,11,53,7,61,3,471,8,184,33,254,9,1088,43,90,10,198,19,730,15,195,45,344,12,1712,181,91,18,380,37,732,21,166,45,282,10,1966,253,61,16,453,44,694,16,97,34,195,6,1888,420,67,14,509,56,557,9,84,22,197,8,1939,1354,111,31,968,138,866,42,137,34,267,13,3954,1160,64,22,640,100,345,22,58,15,122,4,2550,815,25,18,321,65,181,9,40,7,88,0,1561,471,15,6,155,31,169,4,13,14,26,0,912,748,21,13,264,54,167,7,14
CED109,4,0,0,3,0,5,0,0,0,32,0,49,0,0,0,0,0,0,0,0,0,13,0,22,3,0,0,6,0,4,0,8,0,27,0,48,0,3,0,0,0,0,0,13,0,9,0,27,0,5,0,3,0,9,0,9,3,31,0,59,0,13,0,6,0,18,0,20,3,26,0,98,3,16,0,15,0,35,0,40,0,55,0,174,8,21,3,48,5,116,0,69,3,75,0,347,19,41,7,130,8,200,9,62,13,108,0,596,62,58,4,230,17,203,10,60,17,97,4,753,73,50,8,275,19,232,12,57,11,87,4,828,121,39,10,361,27,255,11,42,10,87,3,962,463,75,14,893,100,530,17,106,20,134,0,2359,566,72,12,986,108,209,37,62,8,92,4,2164,588,40,14,708,104,123,12,48,9,56,0,1699,448,35,17,374,63,367,11,52,14,50,0,1424,1560,82,49,1636,186,493,37,92
CED110,3,4,0,3,0,8,0,0,0,29,3,53,3,0,0,3,0,6,0,0,0,18,0,26,0,0,0,0,0,3,0,10,0,27,0,47,0,0,0,0,0,3,0,0,0,11,0,14,9,7,0,4,0,3,0,27,4,74,3,134,5,8,0,14,3,27,3,50,3,55,3,174,11,29,0,33,0,67,6,85,3,180,4,429,31,69,3,78,4,171,5,146,13,189,7,715,50,130,11,260,17,312,28,172,24,251,9,1268,129,129,9,421,38,316,11,118,27,183,7,1392,165,92,8,463,39,233,19,102,19,108,4,1260,232,76,12,448,45,210,21,55,10,68,0,1167,600,113,23,825,71,325,33,57,17,93,8,2159,498,68,15,558,57,110,15,31,3,32,6,1381,345,30,5,292,35,41,13,15,0,14,0,802,208,10,5,110,20,88,8,5,4,3,0,470,318,31,9,248,26,64,7,15
CED111,0,0,3,3,0,0,0,3,0,48,0,55,3,0,0,0,0,0,0,3,0,5,0,15,3,4,0,0,0,5,0,7,0,24,0,44,0,0,0,0,0,3,0,3,0,19,0,28,4,3,0,3,0,4,0,28,0,117,3,159,3,13,0,7,0,18,0,46,3,88,0,190,5,25,3,9,0,59,3,78,10,125,0,321,13,30,0,59,7,125,4,85,15,177,3,514,25,58,7,131,12,237,6,92,29,213,8,818,66,73,4,283,19,263,12,77,20,222,4,1042,82,49,3,359,36,301,17,65,9,120,0,1040,133,69,9,465,38,305,10,51,11,115,0,1208,426,118,12,1080,104,580,28,84,25,147,4,2612,553,68,28,1112,101,242,22,71,15,83,5,2308,496,54,14,722,94,144,27,33,7,49,0,1633,421,25,13,323,71,212,7,15,17,17,0,1123,973,66,20,979,115,242,26,38
CED112,6,0,0,0,0,4,0,0,0,25,0,41,3,3,0,3,0,3,0,6,0,6,0,23,0,3,0,3,0,3,0,13,3,14,0,33,0,0,0,0,0,0,0,4,3,14,0,22,3,0,0,4,4,6,0,13,0,49,0,83,0,3,0,9,0,18,0,40,8,46,0,122,8,11,0,15,0,61,7,48,6,119,3,293,21,36,4,68,7,180,9,108,11,139,3,586,26,76,4,187,17,333,8,136,29,220,6,1047,84,82,12,441,45,377,17,123,23,161,3,1367,126,76,12,508,45,441,22,80,25,139,0,1471,239,56,13,587,58,353,17,52,17,87,5,1493,618,102,33,1248,109,523,38,73,25,119,4,2891,641,67,28,923,130,206,31,28,14,64,0,2132,498,33,11,511,55,83,8,19,10,40,6,1270,333,21,3,222,49,128,5,5,4,11,0,789,541,32,11,473,56,151,4,17
CED113,4,3,3,3,0,0,3,0,3,30,3,51,0,0,0,3,0,0,0,7,0,7,0,23,4,3,0,3,3,3,0,0,0,12,0,28,0,0,0,0,0,10,0,3,0,9,0,24,12,4,0,8,0,3,0,11,0,47,0,79,9,8,0,7,0,24,3,36,3,52,0,144,17,21,0,21,4,50,0,54,6,91,3,272,19,43,8,63,8,143,7,84,8,93,3,485,67,81,11,192,9,255,19,84,18,138,6,881,114,88,10,360,25,243,16,65,14,91,5,1027,127,58,7,399,31,219,14,37,16,62,3,971,206,44,8,419,40,200,17,48,19,56,6,1062,650,73,26,804,115,363,30,48,24,85,3,2221,610,58,28,688,126,133,35,35,10,41,4,1769,538,42,13,494,114,91,15,19,3,26,0,1362,526,21,8,230,48,116,11,8,9,9,3,987,1197,42,31,598,99,194,17,20
CED114,10,0,0,5,0,3,0,4,0,40,4,72,4,4,0,4,0,8,0,4,0,14,0,35,7,3,0,3,0,15,0,10,4,16,0,48,0,0,0,3,0,0,0,3,0,7,0,20,5,4,0,13,4,20,0,26,4,63,3,139,6,13,0,22,4,30,3,57,8,70,5,224,23,21,0,44,9,99,5,61,13,136,0,395,40,44,0,124,5,233,13,87,20,159,3,728,96,78,13,340,35,373,13,111,16,155,10,1258,197,70,23,609,47,360,22,84,23,133,15,1573,213,57,9,585,60,298,26,51,18,68,3,1389,286,49,14,592,58,228,26,46,11,45,8,1351,712,97,22,1115,122,329,46,58,19,67,9,2601,626,45,21,717,106,134,19,12,3,34,6,1719,409,27,11,458,46,60,13,12,0,12,0,1052,268,17,13,142,28,61,3,10,0,11,3,547,414,30,12,346,34,88,17,12
CED115,10,0,0,0,0,7,0,10,3,217,3,255,3,3,0,0,0,11,0,13,0,64,0,97,0,0,0,0,0,8,3,55,6,117,0,199,0,0,0,3,0,8,0,70,3,68,0,153,0,12,0,0,0,37,3,124,15,355,7,549,3,24,3,13,0,84,0,196,16,309,0,651,12,50,3,32,4,263,5,213,30,478,5,1087,18,53,3,78,7,500,3,222,35,500,10,1426,78,93,10,158,11,658,14,257,51,564,21,1913,152,85,15,277,16,639,8,186,35,435,13,1860,181,75,9,284,18,491,10,128,29,355,3,1577,248,44,9,293,20,418,3,104,31,305,3,1477,700,78,20,538,75,587,16,126,33,419,5,2602,524,40,14,432,63,271,11,98,25,239,3,1724,414,23,8,247,36,171,12,48,8,144,0,1112,282,17,3,147,27,141,6,34,16,59,0,739,526,33,16,294,35,172,5,32
CED116,0,0,0,0,0,0,0,0,0,18,0,26,0,3,0,0,0,0,0,7,0,9,0,21,3,0,0,4,0,9,0,13,0,16,0,47,0,0,0,0,0,4,0,7,4,6,0,25,6,5,0,6,0,5,3,25,0,70,0,122,3,10,0,17,0,22,0,47,3,57,5,170,18,33,3,23,0,55,0,92,13,159,3,398,21,61,3,86,6,145,8,116,12,157,3,618,48,107,10,248,24,271,10,114,23,241,11,1108,99,95,7,441,40,293,19,122,21,173,8,1325,131,86,8,410,22,277,8,71,19,98,0,1129,174,59,15,453,53,223,17,56,9,99,3,1157,419,91,16,796,81,315,18,82,28,90,8,1932,399,45,19,608,72,126,11,27,7,48,5,1366,305,24,5,334,58,50,14,28,0,29,0,843,229,8,3,135,21,83,3,7,5,11,0,501,365,32,8,332,45,86,13,17
CED117,7,0,0,3,0,4,0,3,3,45,0,61,3,0,0,0,0,6,0,3,0,13,0,34,0,0,0,0,0,3,0,9,0,19,0,39,0,0,0,0,0,0,0,5,0,5,0,14,3,3,0,4,0,6,0,24,0,28,4,70,3,8,0,5,0,12,0,34,0,33,0,96,3,15,0,0,3,39,0,38,9,71,0,187,8,20,0,17,3,89,3,44,4,60,0,249,18,30,0,67,4,148,3,62,10,112,0,455,45,53,3,145,14,146,7,44,4,106,3,561,55,50,0,148,10,187,5,43,9,70,4,573,89,28,0,187,11,175,6,44,4,70,4,627,290,85,7,483,42,414,10,61,19,136,4,1558,367,61,13,595,70,162,21,41,3,60,3,1403,384,45,8,565,105,104,10,39,3,44,0,1309,408,30,10,348,85,468,10,25,9,28,0,1428,2253,102,52,1825,370,528,27,60
CED118,8,0,0,0,0,3,0,5,3,85,3,119,0,0,0,0,0,5,0,7,0,37,0,52,0,0,0,0,0,3,0,12,7,36,0,60,0,0,0,0,0,9,3,20,0,17,0,48,7,4,0,3,0,28,3,54,7,78,0,178,0,12,0,7,0,85,0,68,11,80,5,273,3,14,3,21,7,162,0,104,13,110,4,437,14,43,3,60,4,354,8,115,23,140,3,770,40,74,7,198,13,583,17,142,28,157,3,1263,138,85,15,441,35,595,10,117,23,168,3,1621,209,67,4,497,32,639,21,93,22,139,5,1740,351,63,17,585,65,607,16,73,10,145,5,1937,1261,113,28,1298,155,1185,43,119,39,201,12,4449,1358,68,30,1217,182,423,29,49,17,123,3,3502,1225,60,16,843,138,212,24,43,16,70,0,2648,936,24,21,325,88,389,5,36,5,33,0,1866,1718,55,35,806,136,347,10,27
CED119,0,0,0,5,0,6,0,0,0,23,0,43,0,0,0,3,0,0,0,0,3,12,0,14,0,0,0,0,0,3,0,6,0,12,0,25,0,0,0,0,0,0,0,3,0,4,0,14,4,3,0,0,0,3,0,17,0,37,0,74,0,3,0,12,0,17,0,41,4,27,0,106,6,10,0,13,0,39,0,37,0,47,3,152,11,27,0,37,3,124,5,62,6,73,0,351,30,39,3,134,4,233,10,66,12,123,0,653,68,57,3,292,20,267,12,41,17,98,0,881,93,58,7,399,26,312,7,58,18,95,0,1083,167,58,4,532,41,359,10,46,13,79,0,1313,620,99,22,1290,131,671,40,99,20,158,3,3151,852,100,26,1502,147,279,28,67,19,103,3,3132,847,60,27,1046,143,183,32,52,13,66,4,2472,707,33,12,516,89,355,12,43,9,33,0,1803,1782,78,33,1729,164,472,27,58
CED120,9,0,0,5,0,4,0,0,0,31,0,54,3,0,0,3,0,3,0,3,3,8,0,20,3,0,0,8,0,3,0,8,0,20,0,41,0,0,0,0,0,3,0,8,0,8,0,23,3,3,0,10,0,8,0,13,0,36,0,78,5,5,0,12,7,33,0,29,4,36,4,137,5,20,0,18,0,51,5,52,15,80,0,244,13,32,0,69,9,147,3,70,10,110,9,468,43,47,3,187,22,316,12,82,20,155,5,896,94,54,10,379,48,338,8,84,21,97,5,1142,155,57,12,479,37,411,15,67,14,104,6,1358,235,56,6,572,56,367,14,51,28,67,4,1458,826,110,37,1266,151,615,51,74,31,106,7,3278,827,68,24,1134,151,264,44,43,14,51,3,2622,771,40,25,671,108,128,24,25,3,39,6,1830,582,16,9,316,67,191,6,10,13,10,0,1226,1073,37,19,683,93,221,26,26
CED121,8,0,0,3,4,3,0,3,0,34,0,48,0,0,3,0,0,4,0,3,0,18,0,30,0,0,0,3,0,0,0,11,4,23,0,35,0,0,0,0,0,3,0,0,0,11,0,22,5,4,0,4,0,4,0,10,6,64,0,96,3,10,0,10,0,20,0,38,5,67,0,153,7,21,3,15,4,53,6,62,11,162,0,346,10,35,5,62,3,163,4,110,19,187,0,599,45,65,0,179,20,344,16,124,26,259,4,1087,86,62,6,394,45,398,19,91,21,185,3,1318,115,68,6,515,36,393,15,82,15,132,5,1386,179,62,11,553,55,349,21,58,20,82,3,1406,592,111,28,1063,105,709,40,97,37,108,6,2896,563,75,17,1025,105,217,32,38,14,63,3,2160,486,22,15,537,74,97,20,17,12,34,0,1319,321,12,10,207,31,171,0,9,9,13,3,782,581,27,21,593,81,177,21,19
CED122,3,0,0,3,0,14,0,3,0,73,0,91,0,0,0,4,0,0,0,3,0,12,0,18,0,0,0,4,0,0,0,13,0,18,0,38,0,0,0,0,0,0,0,8,4,9,0,28,3,6,0,0,0,16,0,31,0,27,0,88,4,7,0,5,0,48,0,51,3,60,0,179,4,26,0,22,0,65,0,57,0,82,0,250,21,34,0,45,7,138,7,87,8,91,6,443,32,56,3,130,7,251,3,93,12,143,6,733,78,68,3,202,20,245,3,75,13,126,0,824,99,38,5,253,21,259,8,74,6,117,4,881,139,44,7,307,27,251,14,55,14,101,3,962,483,105,10,721,93,492,15,71,25,164,4,2193,590,92,14,765,99,220,10,41,9,86,8,1934,610,49,20,602,116,112,19,44,3,68,0,1649,499,29,16,317,100,452,12,30,20,40,7,1522,1950,104,38,1582,230,553,24,66
CED123,8,0,0,3,0,3,0,0,0,45,3,69,0,0,0,4,0,3,0,4,3,8,0,24,3,0,0,7,0,0,0,5,0,22,0,39,0,0,0,0,0,3,0,10,0,14,0,36,0,7,0,4,0,3,0,23,3,57,0,101,0,0,0,9,0,35,0,36,8,62,0,157,11,15,0,24,0,103,3,52,20,118,7,350,15,24,0,55,4,275,3,101,14,124,3,611,41,54,3,198,18,485,7,122,20,170,9,1132,126,63,16,408,36,558,5,107,27,142,0,1493,140,62,11,485,55,548,15,68,16,135,3,1537,285,55,10,597,78,465,17,56,21,112,6,1692,1023,87,28,1208,185,746,38,86,30,148,7,3595,973,73,32,1032,163,329,34,54,15,84,13,2806,805,24,21,611,116,150,15,28,14,38,3,1819,600,15,10,267,71,170,8,7,10,13,3,1179,1105,21,16,590,77,238,16,19
CED124,4,4,0,3,0,4,0,3,0,26,3,46,6,0,0,3,0,0,0,3,0,7,0,24,0,0,0,3,0,0,0,9,0,17,0,34,3,0,0,0,0,3,0,3,0,8,0,22,8,7,0,9,0,7,0,30,0,90,0,155,7,7,0,21,0,16,0,43,5,66,3,179,20,21,0,28,3,57,8,76,12,190,4,418,28,56,10,72,6,165,11,131,31,180,4,692,84,95,13,243,9,250,14,142,22,294,14,1168,101,108,13,423,40,292,29,112,26,189,3,1332,150,74,9,425,40,229,15,86,23,106,8,1175,170,54,5,389,38,206,13,40,11,80,0,1017,451,96,18,718,62,276,19,61,23,83,4,1812,390,34,20,565,55,97,14,19,13,32,0,1244,303,27,7,271,40,32,7,7,0,13,0,723,216,12,10,87,19,70,3,8,4,5,0,434,344,23,16,268,33,91,10,13
CED125,4,0,3,0,0,10,0,5,4,62,0,88,0,0,0,0,0,3,0,0,0,23,0,29,0,0,0,3,0,8,0,17,3,43,0,67,0,0,0,0,0,7,0,16,4,21,0,50,0,4,0,0,0,26,0,39,8,108,3,188,0,6,0,5,4,75,4,76,7,101,5,288,11,18,0,17,5,137,0,113,17,170,3,500,17,38,3,54,4,386,10,136,20,200,3,875,41,55,9,204,18,598,12,159,34,256,4,1387,130,83,11,430,33,570,9,131,34,198,8,1647,213,60,8,507,50,622,15,99,27,159,3,1759,301,51,19,543,60,534,20,59,33,144,4,1762,1015,120,44,1028,144,776,33,87,33,179,8,3473,982,58,26,825,123,317,24,73,8,101,7,2539,759,45,18,516,102,177,17,37,5,48,3,1731,514,25,14,242,54,173,4,12,14,16,0,1078,902,35,16,483,71,214,12,26
CED126,9,0,0,6,0,3,0,0,3,34,3,65,6,0,0,3,0,0,0,0,3,8,0,25,0,0,0,0,0,3,0,10,0,10,0,35,0,0,0,0,0,0,0,7,0,13,0,20,0,0,0,0,0,7,0,21,3,20,0,62,0,3,0,4,0,16,5,12,0,26,0,71,8,13,0,15,0,37,0,37,3,38,0,159,11,32,4,53,8,56,0,52,7,41,3,266,23,60,0,168,6,149,4,53,4,92,0,561,79,51,0,246,13,180,8,60,18,95,3,753,76,66,7,303,17,213,11,43,12,76,0,841,149,62,10,420,23,219,11,37,9,78,0,1013,463,125,11,1019,71,480,22,118,23,143,4,2480,562,102,27,1142,124,202,33,64,5,91,4,2353,656,84,14,906,84,126,24,36,4,51,3,1995,483,47,13,428,80,606,12,39,19,36,0,1764,1989,128,36,2297,176,613,35,115
CED127,6,0,0,5,0,3,0,0,4,23,0,44,0,0,0,0,0,3,0,0,0,7,0,14,6,0,0,0,0,8,0,0,0,3,0,21,0,0,0,0,0,0,0,4,0,10,0,17,0,8,0,3,0,10,0,11,3,36,3,74,4,7,0,11,0,16,0,40,0,36,3,115,6,13,0,19,0,41,0,49,0,59,0,191,18,33,0,63,0,122,4,68,11,84,0,408,26,62,3,181,11,246,11,99,19,141,0,806,72,98,0,326,25,314,11,79,19,120,4,1068,110,66,11,436,29,388,11,64,26,87,3,1231,150,55,7,501,40,354,12,50,11,73,0,1262,570,118,27,1093,121,598,24,74,26,100,4,2748,686,86,14,1062,106,247,31,43,19,59,3,2360,603,34,12,630,87,142,26,23,3,29,3,1590,524,25,6,310,46,190,9,21,3,16,8,1149,1034,37,23,720,74,224,20,37
CED128,8,0,4,3,0,5,0,10,0,203,0,228,0,0,0,0,0,3,0,10,3,56,0,73,0,3,0,3,0,11,0,35,3,90,0,150,3,3,0,3,0,12,0,34,4,45,0,106,0,11,0,3,0,20,0,69,4,332,3,450,3,14,3,16,6,83,4,145,21,300,3,588,4,33,0,34,0,189,3,185,26,487,9,975,20,45,3,76,9,403,3,254,26,440,8,1290,49,74,3,175,10,612,12,223,34,495,10,1711,116,83,6,326,32,607,19,160,40,380,14,1785,145,53,9,376,25,494,13,100,30,277,9,1524,261,53,14,412,42,452,15,88,27,274,0,1643,836,79,23,815,108,740,23,131,45,344,5,3139,817,58,21,689,81,343,21,86,16,182,0,2324,595,39,16,433,63,202,12,42,13,117,9,1529,434,14,17,184,32,203,4,21,6,64,0,987,760,35,10,438,78,227,7,37
CED129,14,0,0,9,3,3,0,4,7,58,0,91,4,0,0,0,0,6,0,3,3,20,0,38,3,3,0,0,0,8,0,12,0,26,0,52,0,0,0,0,0,3,0,9,0,14,0,35,0,10,0,3,0,7,0,17,0,25,0,65,7,10,0,15,0,44,0,43,6,54,0,173,10,20,0,14,0,77,0,67,3,77,4,275,13,40,3,56,0,159,0,60,23,73,0,436,40,87,4,124,14,279,8,96,12,106,5,773,88,66,3,248,17,321,8,85,14,102,0,961,112,60,3,327,23,378,9,76,12,110,4,1112,172,63,7,444,30,417,7,72,16,101,0,1318,721,114,25,1046,98,1054,21,111,23,208,3,3414,885,86,19,1318,116,375,28,56,16,117,5,3019,1080,59,21,1031,110,226,17,58,10,72,3,2681,883,33,11,512,79,653,12,44,15,45,3,2299,2788,107,37,1871,196,732,37,84
CED130,9,0,0,4,0,3,0,3,0,32,4,64,7,0,0,8,0,3,0,6,0,20,0,47,5,0,3,7,0,8,0,5,0,12,0,47,3,0,0,0,0,0,0,3,3,11,0,21,17,4,0,13,0,16,0,23,3,89,0,168,13,8,0,18,3,33,3,39,6,75,0,200,25,22,3,34,4,76,3,53,10,162,3,385,43,39,3,105,10,220,0,102,19,140,3,692,95,73,10,301,21,344,20,112,20,175,5,1177,200,79,10,467,41,323,21,60,22,128,3,1358,209,59,14,468,42,274,13,62,12,75,7,1236,263,50,13,472,62,197,20,41,10,42,7,1161,654,88,18,830,98,325,34,42,14,63,4,2170,537,53,21,591,63,106,22,10,11,22,0,1433,412,21,13,337,36,45,9,4,0,19,0,892,269,0,7,127,28,74,4,7,3,10,0,526,448,25,11,256,41,67,9,9
CED131,0,0,0,4,0,0,0,0,0,31,0,40,0,0,0,0,0,0,0,0,0,15,0,20,0,0,0,0,0,3,0,11,0,22,0,38,0,0,0,0,0,0,0,0,0,7,0,17,0,0,0,7,0,5,4,18,3,67,0,101,3,7,0,4,0,12,0,35,6,52,5,118,6,18,0,11,3,35,0,63,7,97,3,239,11,33,0,48,11,108,3,92,14,125,0,440,23,56,0,142,8,221,0,93,17,169,7,727,63,79,11,275,25,237,18,85,25,145,0,963,84,67,10,366,33,294,9,58,13,89,0,1020,127,55,8,444,31,279,20,47,8,71,5,1106,460,104,16,971,115,483,29,94,25,111,0,2415,507,68,16,1067,118,174,27,44,9,57,0,2081,463,47,13,728,90,102,20,14,7,33,4,1517,353,28,10,299,53,184,4,9,11,19,0,971,773,73,16,915,98,216,16,39
CED132,10,3,0,3,0,13,0,0,3,70,0,104,0,0,0,0,0,6,0,5,0,14,0,25,0,0,0,0,0,3,0,9,0,17,0,35,0,0,0,3,0,3,0,14,0,18,0,31,0,3,3,0,0,10,0,10,4,30,0,63,0,4,0,6,0,25,0,34,4,26,0,101,11,14,0,18,0,48,4,30,7,51,0,183,10,22,0,35,3,74,5,44,10,32,0,230,23,34,3,62,3,127,0,44,15,67,0,386,41,37,3,132,4,174,6,43,11,70,0,525,43,26,3,147,9,210,0,26,3,58,4,533,74,31,6,169,22,232,6,38,14,55,0,640,292,64,10,430,67,617,18,85,13,97,3,1708,358,66,10,528,76,181,18,47,10,73,0,1364,409,46,9,485,87,110,13,31,3,47,0,1243,408,22,4,271,95,888,12,64,23,51,3,1850,2835,155,64,2714,403,1272,50,181
CED133,13,0,0,8,0,3,0,6,0,28,3,58,3,0,0,5,3,3,0,7,0,12,0,34,0,5,0,3,4,3,0,4,3,34,0,61,0,0,0,0,0,0,0,12,0,14,3,29,3,11,0,15,0,3,0,38,9,70,0,146,7,20,0,16,3,31,3,55,8,87,3,222,21,44,0,25,0,104,3,114,16,167,0,491,37,60,3,93,10,184,17,138,15,210,6,772,81,138,12,295,32,390,17,189,31,260,4,1448,169,121,17,472,47,361,17,115,14,183,0,1528,166,103,7,505,51,272,26,98,16,131,4,1375,253,83,12,523,50,223,18,59,14,72,0,1319,584,112,15,832,85,290,31,62,19,89,6,2117,503,55,19,515,46,111,22,26,4,32,3,1346,335,36,11,268,27,53,9,7,3,18,3,769,195,8,5,102,23,66,5,9,4,12,0,427,289,18,5,214,17,55,13,9
CED134,13,0,0,9,0,7,0,0,0,21,0,65,12,0,0,7,0,11,0,0,0,14,0,38,3,0,0,9,0,10,0,4,3,20,0,51,4,3,0,0,0,3,0,3,0,15,0,31,7,3,3,11,0,13,0,16,3,95,3,155,13,9,3,22,0,28,3,33,7,72,3,196,23,16,7,34,3,75,4,49,11,149,0,369,57,24,3,94,8,152,4,83,23,158,7,611,96,55,13,263,16,301,8,82,24,169,5,1036,185,71,12,374,41,286,9,69,22,117,6,1204,152,35,9,444,52,276,19,33,25,60,3,1124,242,47,4,438,60,244,16,28,15,49,5,1151,640,68,27,771,100,329,23,36,20,39,3,2064,601,30,11,592,86,112,25,16,7,21,3,1507,432,17,9,327,71,51,15,5,3,9,0,946,259,8,9,134,30,91,5,11,3,0,0,536,459,11,14,318,43,53,17,11
CED135,3,0,0,0,0,13,0,7,9,181,3,219,0,3,0,0,0,3,0,10,3,45,0,64,5,3,0,0,0,5,0,35,0,79,0,128,0,3,0,3,0,7,0,44,4,48,0,106,6,10,0,3,3,27,0,86,16,212,0,360,4,17,4,11,0,124,7,147,13,158,5,491,10,46,3,42,3,270,0,199,20,265,11,868,32,64,5,77,4,453,5,243,41,258,4,1182,55,110,5,265,20,734,17,219,45,297,7,1778,165,116,12,420,28,775,24,151,38,248,10,1995,211,79,9,461,34,873,11,120,18,175,12,1993,355,66,10,408,46,797,14,112,28,141,5,1986,971,91,21,842,118,1334,31,148,48,244,9,3856,919,65,25,725,108,333,26,73,13,142,0,2434,754,37,15,457,88,150,11,53,8,87,0,1653,540,26,9,222,69,332,3,21,11,46,0,1292,1107,44,22,557,119,283,13,49
CED136,5,0,0,0,0,0,0,4,3,28,0,47,0,0,0,0,0,0,0,0,0,4,0,10,0,4,0,0,0,3,0,9,0,19,0,42,0,3,0,3,0,0,0,8,0,15,0,29,0,3,0,0,0,9,0,26,0,59,0,101,0,10,0,4,0,15,0,41,8,66,0,155,7,12,0,25,0,44,3,73,8,167,3,339,10,32,0,49,8,183,12,105,17,184,0,603,26,70,3,201,24,362,10,127,27,250,5,1097,91,94,17,432,49,465,10,106,23,184,7,1468,139,67,12,560,39,420,18,75,20,100,3,1452,189,67,8,574,49,396,14,63,20,82,4,1467,632,79,22,1083,127,555,43,73,29,120,9,2772,643,53,21,940,115,212,31,42,15,57,0,2129,468,31,14,454,74,92,7,15,4,22,0,1194,327,10,6,173,18,133,4,11,8,16,3,729,550,29,25,470,53,150,6,20
CED137,0,0,0,3,0,7,0,11,5,125,0,156,0,3,0,3,0,3,0,3,0,31,0,35,0,3,0,3,0,12,0,19,5,30,0,76,0,0,0,0,0,9,0,23,3,18,0,56,0,9,0,3,0,19,0,51,7,76,0,168,0,10,0,10,0,59,6,85,10,66,0,261,11,38,0,22,0,143,4,100,17,124,3,445,15,71,7,49,12,261,6,127,18,118,3,674,57,73,6,167,16,408,6,127,11,180,5,1056,105,99,5,252,22,364,16,104,24,167,4,1154,119,48,3,267,15,401,13,61,15,147,3,1096,191,57,4,265,34,356,15,63,11,124,0,1123,594,101,19,693,99,784,21,119,23,212,4,2657,621,78,13,663,85,265,27,63,11,119,4,1941,617,41,14,515,91,152,20,43,12,78,3,1590,536,34,9,317,87,515,11,41,9,48,4,1598,2082,118,32,1530,240,612,30,107
CED138,3,0,0,3,0,7,0,4,0,24,0,43,0,0,0,3,0,5,0,3,0,3,3,15,0,3,0,6,0,5,0,10,0,23,0,44,0,0,0,0,0,4,0,9,0,5,0,25,6,8,3,6,0,7,0,20,3,67,0,124,8,23,0,12,0,19,3,42,8,55,0,174,23,37,4,28,0,61,3,101,4,111,3,375,26,77,0,70,8,144,6,142,8,146,9,632,49,142,4,267,21,300,14,149,30,204,3,1178,116,137,10,379,29,292,13,129,18,147,14,1280,129,116,17,495,39,247,14,92,13,103,7,1272,187,86,11,449,44,222,20,65,15,80,0,1174,459,156,30,928,77,322,43,66,21,103,9,2213,414,70,14,651,44,113,24,51,9,36,0,1428,318,45,7,353,35,61,18,14,6,21,3,873,180,23,3,129,25,106,3,19,5,10,0,508,347,47,14,402,34,99,19,29
CED139,12,0,3,3,0,5,0,0,0,29,0,56,0,0,0,4,0,0,0,0,0,10,0,21,7,3,0,3,0,3,0,5,3,21,0,58,3,0,0,0,0,4,0,15,3,12,0,31,11,11,0,10,0,10,0,17,4,88,0,150,13,4,0,15,5,27,5,32,0,77,0,173,15,16,3,34,8,65,5,56,8,132,5,335,35,28,4,98,9,194,12,90,17,153,4,640,83,66,5,300,18,348,12,84,29,176,9,1137,153,81,6,515,45,328,17,70,17,120,5,1357,181,68,17,551,44,267,12,56,12,70,3,1279,273,59,12,560,66,249,14,37,17,48,0,1324,730,57,20,974,133,344,24,49,21,58,5,2415,660,45,17,668,84,113,16,22,5,24,0,1663,475,28,11,387,60,54,11,9,5,13,0,1057,294,4,9,133,32,80,4,10,8,3,3,585,473,22,16,336,35,82,7,10
CED140,6,0,0,5,0,3,0,0,3,25,0,39,0,0,3,3,0,3,0,6,0,14,0,31,0,0,0,3,0,3,0,9,0,15,0,39,0,0,0,0,0,4,0,4,0,6,0,20,0,0,0,4,0,7,0,12,0,52,0,74,0,8,0,12,0,18,0,30,3,49,3,128,6,22,0,15,3,50,3,47,7,78,0,228,12,36,0,50,7,131,12,71,12,110,3,451,36,65,6,188,9,249,13,103,23,144,3,846,65,77,8,313,27,338,6,101,21,130,0,1093,86,68,7,429,30,329,6,66,16,105,5,1135,170,54,7,438,48,339,8,56,18,83,4,1213,480,107,15,1070,118,535,40,92,35,109,4,2600,524,65,14,924,80,215,32,45,9,59,3,1973,475,45,24,579,68,94,15,20,8,22,5,1361,355,20,11,252,49,216,5,26,8,17,0,955,675,39,13,677,83,202,9,28
CED141,4,0,0,6,0,3,0,0,0,15,0,26,0,3,3,3,0,0,0,0,0,13,0,24,0,0,0,6,0,0,0,0,0,20,0,32,0,0,0,0,0,0,0,3,0,13,0,19,0,0,0,3,0,11,0,10,0,41,0,66,0,7,0,7,0,7,0,27,3,68,0,119,6,10,0,26,4,41,8,70,7,116,3,280,10,35,5,49,6,119,7,84,3,129,3,458,27,62,4,144,16,280,5,112,18,210,7,886,74,79,5,396,30,286,9,79,21,173,3,1157,95,67,8,446,43,279,17,63,16,123,3,1152,133,65,6,537,36,291,15,57,20,128,6,1296,504,112,24,1163,101,500,35,59,24,136,0,2649,563,70,15,1065,110,212,30,61,15,59,0,2194,473,46,17,649,83,97,18,23,7,51,0,1454,359,21,6,281,50,139,11,14,8,9,3,900,640,37,11,690,74,217,18,36
CED142,0,0,0,0,0,0,0,4,3,45,0,54,0,0,0,0,0,0,0,0,0,16,0,20,0,0,0,0,0,3,0,10,0,17,0,37,0,0,0,0,0,3,0,6,0,13,0,21,0,9,0,3,0,8,3,23,3,35,0,80,0,3,0,0,0,17,0,42,3,38,0,104,3,16,0,7,0,44,0,39,4,55,0,173,3,15,3,20,0,87,0,37,8,51,0,219,14,31,0,39,3,137,0,54,4,58,0,338,28,31,0,68,4,120,4,30,6,56,3,365,38,20,0,85,8,136,0,35,0,37,0,382,63,19,3,103,11,126,7,27,4,41,0,394,182,36,8,307,42,293,7,40,17,50,0,992,208,33,15,323,58,110,19,16,5,37,0,815,227,22,12,241,65,75,11,18,4,26,0,706,221,22,8,145,62,274,3,12,10,18,0,777,1085,66,29,785,252,351,24,31
CED143,10,0,0,6,0,11,0,0,0,34,0,60,3,0,0,4,0,4,0,3,0,8,0,19,3,0,0,0,0,0,0,6,0,8,0,21,0,0,0,0,0,0,0,3,3,5,0,19,3,3,0,0,0,0,0,14,3,18,0,41,0,3,0,9,3,8,0,16,0,16,0,56,3,9,0,11,3,25,4,33,0,24,0,105,6,21,0,32,0,64,3,25,3,33,0,194,25,28,5,70,3,112,10,48,7,56,0,353,44,39,0,124,13,119,8,39,6,49,0,446,45,23,3,164,11,170,3,50,9,47,0,516,67,28,3,236,10,145,15,46,6,61,0,622,256,78,19,553,47,466,16,68,14,84,3,1604,303,74,12,762,80,145,11,61,11,72,0,1529,375,64,11,527,71,99,20,41,3,48,3,1274,355,31,8,359,88,1014,10,49,23,43,3,1987,2374,167,55,2870,354,1223,52,181
CED144,8,0,3,0,0,14,0,9,12,225,4,266,0,3,0,0,0,6,0,15,3,57,0,87,0,3,0,0,0,10,0,64,11,110,0,196,0,3,0,0,0,23,0,63,5,47,0,143,3,22,3,0,0,58,0,133,16,259,5,494,4,17,0,9,0,176,3,248,39,240,9,754,12,58,4,33,3,332,3,282,35,374,12,1143,25,100,3,89,10,649,8,349,56,326,10,1623,87,155,9,264,19,861,16,317,50,405,12,2181,144,103,13,364,37,698,18,197,37,348,5,1964,196,82,8,360,29,536,29,144,38,241,11,1667,256,62,9,350,30,449,23,103,21,210,6,1523,649,103,20,709,86,645,28,139,29,326,3,2745,506,67,18,525,61,246,5,82,11,163,5,1697,454,38,16,376,54,145,13,49,8,116,0,1277,315,25,11,175,39,182,4,34,10,60,0,848,800,46,22,557,69,259,11,37
CED145,8,0,0,7,0,3,0,0,0,35,0,52,3,3,0,0,0,0,0,0,0,5,0,13,0,0,0,0,0,0,0,6,0,10,0,23,0,0,0,0,0,0,0,3,0,11,0,20,0,0,0,0,0,3,0,8,0,12,0,24,3,5,0,3,0,7,0,9,3,12,0,41,3,5,0,10,0,7,0,17,0,18,0,81,3,20,0,19,0,53,0,32,3,24,0,154,14,23,0,52,0,84,5,38,10,34,0,268,34,35,0,86,5,74,3,32,6,47,0,315,36,31,3,116,4,91,3,21,5,38,0,353,53,21,3,120,14,107,10,28,8,20,3,382,171,66,10,332,35,284,8,57,13,60,3,1029,237,50,9,441,42,121,7,32,3,40,3,989,256,37,12,400,59,90,12,40,3,26,0,929,256,29,8,220,56,736,6,51,24,45,3,1433,2020,151,37,2243,373,1042,48,157
CED146,3,0,8,0,0,3,0,10,0,134,4,161,0,0,0,3,0,0,0,10,4,38,0,54,0,3,0,4,0,11,0,38,3,76,0,140,0,0,0,0,0,0,0,22,6,46,0,86,0,8,0,0,0,37,0,60,12,205,3,328,3,13,0,11,0,91,0,142,23,235,0,525,7,34,4,23,0,209,0,175,23,343,6,826,31,60,7,69,4,413,11,225,34,337,6,1188,60,93,10,219,15,700,14,249,49,429,3,1843,152,111,6,403,36,676,19,155,36,371,4,1968,226,84,17,461,39,623,16,151,39,283,8,1940,329,71,7,499,37,549,15,110,27,220,3,1865,1096,127,22,929,125,871,26,141,36,336,17,3713,1059,57,25,757,115,419,22,80,13,157,7,2711,789,31,15,440,70,216,8,44,9,117,3,1742,514,25,9,233,51,177,5,23,7,69,0,1120,995,48,18,483,68,233,11,34
CED147,10,0,0,3,0,3,0,3,3,34,3,60,0,0,0,3,0,3,0,4,0,15,0,28,3,0,0,0,0,11,0,3,0,20,0,42,0,0,0,0,0,0,0,4,0,9,0,24,0,3,0,3,0,6,0,23,4,66,0,108,5,14,0,12,0,23,0,32,3,59,3,144,6,20,0,29,0,55,3,71,9,140,3,331,8,36,0,49,5,149,5,117,20,167,0,556,30,71,4,215,11,360,6,132,20,228,3,1087,89,91,6,416,37,389,20,115,17,175,5,1358,140,61,7,532,54,405,19,72,20,162,3,1470,206,61,14,610,51,363,31,59,14,107,3,1522,653,107,17,1265,119,582,39,100,26,151,8,3071,586,56,20,1033,108,233,31,40,18,66,3,2190,480,30,21,537,56,114,20,28,9,41,0,1335,353,9,14,219,38,155,10,23,15,11,0,847,590,30,21,558,69,169,19,19
CED194,0,0,0,0,0,0,0,0,0,0,0,0,0,0,0,0,0,0,0,0,0,0,0,0,0,0,0,0,0,0,0,0,0,0,0,0,0,0,0,0,0,0,0,0,0,0,0,0,0,0,0,0,0,0,0,0,0,0,0,0,0,0,0,0,0,0,0,0,0,0,0,0,0,0,0,0,0,0,0,0,0,0,0,0,0,0,0,0,0,0,0,0,0,0,0,0,0,0,0,0,0,0,0,0,0,0,0,0,0,0,0,0,0,0,0,0,0,0,0,0,0,0,0,0,0,0,0,0,0,0,0,0,0,0,0,0,0,0,0,0,0,0,0,0,0,0,0,0,0,0,0,0,0,0,0,0,0,0,0,0,0,0,0,0,0,0,0,0,0,0,0,0,0,0,0,0,0,0,0,0,0,0,0,0,0,0,0,0,0,0,0,0,0,0,0,0,0,0,0,0
CED197,0,0,0,0,0,0,0,0,0,0,0,0,0,0,0,0,0,0,0,0,0,0,0,0,0,0,0,0,0,0,0,0,0,0,0,0,0,0,0,0,0,0,0,0,0,0,0,0,0,0,0,0,0,0,0,0,0,0,0,0,0,0,0,0,0,0,0,0,0,0,0,0,0,0,0,0,0,0,0,0,0,0,0,0,0,0,0,0,0,0,0,0,0,0,0,0,0,0,0,0,0,0,0,0,0,0,0,0,0,0,0,0,0,0,0,0,0,0,0,0,0,0,0,0,0,0,0,0,0,0,0,0,0,0,0,0,0,0,0,0,0,0,0,0,0,0,0,0,0,0,0,0,0,0,0,0,0,0,0,0,0,0,0,0,0,0,0,0,0,0,0,0,0,0,0,0,0,0,0,0,0,0,0,0,0,0,0,0,0,0,0,0,0,0,0,0,0,0,0,0
CED201,3,0,0,5,0,9,0,4,3,51,0,82,0,0,0,7,0,0,0,8,0,9,0,27,3,0,0,0,0,6,0,9,0,18,0,50,0,0,0,0,0,3,0,14,0,7,0,31,0,4,0,8,0,19,0,23,3,58,0,121,4,21,0,14,0,44,0,66,6,44,0,199,8,31,0,30,0,84,4,85,7,108,3,365,11,56,3,72,4,216,3,114,12,98,4,594,37,81,4,211,11,403,9,133,15,176,3,1081,104,88,3,385,25,458,12,103,24,155,7,1360,131,58,4,463,35,447,21,74,14,128,0,1376,207,70,12,556,56,404,9,76,17,101,4,1503,709,91,22,1278,122,676,24,109,23,145,3,3195,710,72,15,1095,134,258,24,60,19,64,0,2452,543,59,14,630,76,134,6,31,9,48,4,1554,447,13,13,284,54,207,15,16,6,18,3,1071,821,38,9,743,83,273,8,25
CED202,0,0,3,11,0,0,0,0,0,29,0,50,0,6,0,0,0,8,0,0,0,12,0,29,0,4,0,3,0,6,0,11,5,25,0,49,0,0,0,3,0,3,0,10,0,15,0,22,7,3,0,9,0,7,0,25,3,49,0,106,5,14,0,12,4,31,3,51,3,64,0,183,14,24,0,37,0,80,6,76,9,123,0,373,25,51,0,93,10,208,8,125,17,143,0,686,60,82,9,277,28,379,21,113,36,174,8,1187,98,105,11,531,29,379,27,97,27,125,11,1436,128,90,18,586,67,394,12,61,20,95,0,1474,169,63,7,665,60,299,17,37,18,59,5,1396,559,87,32,1246,114,460,35,64,14,82,3,2706,520,61,22,859,101,179,18,24,12,28,4,1821,445,31,18,469,54,72,16,10,11,19,4,1144,246,16,11,195,21,120,0,10,4,6,3,637,487,29,0,497,55,145,16,29
CED203,3,0,0,5,0,3,0,3,0,86,3,105,0,0,0,0,0,3,0,10,4,18,0,36,0,0,0,3,0,8,0,21,4,40,0,76,0,0,0,0,0,5,0,19,3,20,0,44,3,7,0,3,0,11,0,44,0,89,3,166,4,7,0,21,0,56,0,76,12,99,0,282,12,32,3,24,0,102,3,87,10,137,3,423,21,59,3,58,3,213,6,127,25,182,9,700,45,81,9,158,5,372,14,123,20,217,8,1052,82,95,9,315,26,318,21,74,15,237,8,1194,87,73,7,320,19,308,16,90,14,193,9,1141,142,73,10,374,33,250,19,44,11,146,5,1100,364,144,17,887,87,523,25,93,32,172,8,2349,423,102,12,881,98,176,22,44,11,83,5,1856,354,45,8,646,89,93,11,21,7,55,0,1335,289,27,15,292,79,256,4,25,9,33,0,1029,892,74,23,1176,146,291,21,32
CED204,9,3,0,0,0,5,0,0,0,19,0,39,4,0,0,3,0,0,0,4,0,12,0,16,0,0,0,8,0,4,0,7,0,12,0,32,0,0,0,0,0,0,0,7,0,7,0,15,6,8,0,9,0,7,0,22,3,81,4,137,3,9,0,13,0,29,3,47,3,50,0,152,14,24,0,29,0,72,0,81,11,121,4,355,23,59,0,98,5,202,9,109,12,149,4,674,53,83,7,250,27,364,24,126,29,173,6,1135,93,133,14,500,25,390,25,113,13,118,3,1432,133,89,14,583,25,342,29,73,24,82,3,1389,178,75,7,595,60,295,19,58,3,60,4,1348,501,135,30,1076,138,403,47,49,16,62,3,2477,516,71,11,821,100,144,25,30,5,28,0,1761,327,30,6,478,58,59,17,3,4,18,0,1015,258,13,6,177,27,142,11,8,12,5,0,660,397,49,9,424,43,109,19,18
CED205,3,3,0,4,0,12,0,11,4,198,0,238,0,0,0,3,0,8,0,15,6,52,0,84,0,5,0,3,0,9,0,35,3,61,0,116,4,0,0,4,0,12,0,34,3,59,0,118,0,14,0,10,0,34,0,77,5,188,3,326,8,20,0,11,0,91,4,115,13,166,0,424,13,48,3,45,6,211,3,165,22,216,3,729,26,83,6,108,4,413,9,170,40,234,7,1087,73,118,5,230,18,583,16,202,31,298,14,1594,142,92,10,330,43,510,16,117,14,235,4,1529,170,78,18,392,25,483,14,96,26,173,3,1475,248,59,14,396,20,387,12,79,12,181,3,1400,696,127,10,760,74,698,22,104,29,258,11,2789,595,47,9,711,56,266,17,56,9,138,0,1923,471,36,5,415,47,137,9,34,4,71,4,1247,352,19,3,176,30,243,4,29,9,36,0,898,823,45,13,590,52,277,17,32
CED206,3,0,0,0,0,12,0,15,8,197,4,238,3,0,0,0,0,4,0,13,3,55,0,83,0,3,0,0,0,13,0,32,6,113,3,172,3,0,0,3,0,11,0,25,11,65,0,119,0,9,0,11,0,47,0,85,14,386,3,551,0,12,3,21,0,100,0,177,24,303,4,645,16,28,0,31,4,224,3,219,39,423,13,989,27,56,6,95,12,471,6,262,41,443,14,1423,68,112,3,266,25,693,9,259,46,540,12,2031,146,96,11,417,36,593,19,193,33,373,12,1919,173,82,13,459,27,549,15,129,21,268,8,1743,270,58,8,468,47,421,17,109,24,241,3,1666,684,91,22,995,99,659,29,142,35,334,7,3095,669,58,18,718,68,301,22,57,22,143,3,2076,470,33,9,444,60,147,6,40,12,83,0,1300,345,17,9,221,37,198,3,16,9,35,3,892,603,41,15,453,52,217,18,36
CED207,3,0,3,4,0,3,0,3,0,22,3,41,0,0,3,0,0,3,0,3,0,19,0,29,0,0,0,3,0,5,0,10,0,15,0,42,0,0,0,0,0,4,0,10,0,16,0,32,0,6,3,3,0,14,0,12,0,31,0,76,9,3,0,11,0,29,0,36,3,46,4,144,10,24,0,23,0,68,3,57,3,80,0,280,16,40,0,98,13,194,7,106,14,91,3,575,52,74,8,280,19,398,16,91,22,158,11,1126,96,92,19,562,41,429,19,84,25,102,7,1478,112,80,13,648,60,426,15,79,24,110,3,1568,192,80,12,679,62,374,26,51,12,85,3,1584,572,123,35,1377,174,617,29,85,35,93,4,3132,599,74,27,1141,119,239,38,44,13,50,0,2337,443,32,12,548,65,101,14,22,3,30,3,1271,310,14,4,272,49,134,9,14,11,9,0,818,548,26,21,569,50,186,10,28
CED208,11,0,0,7,0,10,0,9,0,133,0,170,0,0,0,0,0,8,0,11,0,29,0,53,0,4,0,3,0,7,0,30,0,49,0,92,0,0,0,0,0,12,0,25,0,26,0,61,5,7,0,7,3,16,3,39,4,63,0,157,4,17,0,14,0,47,5,81,11,82,3,260,15,38,0,29,0,103,0,105,5,112,8,415,25,56,0,70,3,212,12,122,17,147,0,671,44,86,3,163,8,366,10,144,14,201,0,1055,73,89,11,286,15,346,7,92,12,148,0,1085,94,66,8,294,21,370,7,73,13,120,0,1059,151,61,7,372,38,338,9,54,10,107,3,1165,461,119,26,891,76,697,19,97,25,174,7,2598,538,67,19,949,83,271,18,60,5,92,4,2092,534,61,10,654,75,105,10,23,7,56,3,1543,489,18,4,324,60,333,6,33,11,29,3,1313,1311,79,22,1362,132,420,15,54
CED209,6,3,3,12,0,10,0,3,0,15,0,51,7,4,0,8,0,0,0,7,0,12,0,36,6,3,0,0,0,4,0,9,0,11,0,36,0,0,0,0,0,3,0,10,0,8,0,23,6,3,0,10,0,3,0,20,3,36,0,87,9,11,0,14,0,19,3,44,4,35,0,143,18,28,8,36,0,62,7,58,6,73,6,302,20,45,0,86,10,145,8,89,9,97,3,503,50,99,7,260,27,305,13,121,19,126,6,1028,106,108,11,485,40,365,14,78,25,97,6,1337,121,75,13,610,52,359,10,86,21,63,8,1420,182,88,11,715,70,364,20,50,28,50,3,1572,573,128,32,1414,139,570,36,71,24,79,4,3065,495,80,28,1202,139,196,21,49,3,31,3,2239,415,29,24,684,101,88,12,18,5,14,7,1392,284,18,10,257,40,193,6,16,8,9,0,838,551,42,20,701,71,211,13,27
CED210,4,0,0,4,0,3,0,0,0,35,0,53,0,0,3,0,0,0,0,5,0,17,0,31,5,3,0,5,0,4,3,15,5,21,0,55,0,3,0,3,0,5,0,11,0,13,0,33,4,6,0,3,0,14,0,27,3,78,0,141,3,10,0,6,0,38,3,61,7,78,3,209,11,24,5,16,0,108,3,75,9,158,4,414,14,35,0,80,6,185,4,112,16,169,4,627,45,71,6,186,16,373,9,143,24,199,8,1070,60,86,14,407,39,386,30,105,17,148,5,1290,113,76,11,510,52,359,28,61,17,93,3,1311,159,64,13,557,51,308,16,43,16,87,3,1307,449,93,32,1088,94,466,33,68,23,116,5,2465,422,52,17,768,110,158,20,29,14,52,7,1655,334,25,17,431,59,75,9,21,6,31,3,1018,227,8,8,194,26,112,5,11,7,8,0,616,410,26,11,537,51,158,15,16
CED211,5,3,0,3,0,7,0,3,0,67,0,98,0,3,0,0,0,5,0,6,0,17,0,34,0,4,0,4,0,7,0,22,0,26,0,62,0,0,0,0,0,8,0,20,0,21,0,49,0,11,0,4,0,18,0,34,0,79,0,147,6,15,0,8,3,49,3,55,3,62,0,207,6,32,0,14,0,115,6,82,10,98,0,370,15,54,0,66,8,226,7,104,14,99,3,586,49,74,5,201,8,353,3,115,14,160,3,982,65,95,4,332,31,358,20,94,11,130,6,1145,97,56,3,395,34,363,14,70,15,108,0,1143,153,75,6,504,32,415,13,49,12,99,3,1358,522,114,18,1174,121,729,28,92,18,133,3,2960,534,77,11,1298,121,240,32,50,9,94,0,2464,523,37,15,808,102,130,32,33,4,49,3,1726,417,30,5,313,61,310,5,27,12,32,3,1205,907,55,18,1004,125,323,22,36
CED212,4,0,0,3,0,8,0,0,0,41,0,61,3,0,0,3,0,4,0,5,0,7,0,26,3,0,0,4,0,0,0,11,0,26,0,47,0,3,0,0,0,4,0,7,0,6,0,18,3,5,0,0,0,6,0,15,0,46,0,77,3,4,0,10,0,27,0,38,3,47,0,143,7,20,0,26,0,59,0,56,0,88,0,256,17,32,3,69,14,163,3,73,14,102,3,493,33,69,3,186,15,324,8,101,26,144,8,924,56,73,3,400,44,365,12,70,16,114,3,1163,86,74,8,531,52,360,15,61,22,91,5,1294,151,54,21,563,49,322,8,49,11,78,3,1306,516,97,29,1208,106,512,34,72,21,101,4,2692,507,56,16,1006,100,209,22,55,6,42,3,2029,471,45,14,562,70,103,18,17,0,31,0,1325,316,19,5,247,34,205,5,9,11,21,0,882,656,40,11,713,58,229,14,32
CED213,11,0,0,6,0,3,0,0,0,31,0,54,0,0,0,3,0,0,0,9,0,14,0,22,3,3,0,4,0,3,0,11,0,13,0,34,0,0,0,0,0,3,0,6,0,10,0,20,3,6,0,7,0,5,0,20,3,35,0,93,3,16,3,12,3,26,5,41,6,35,3,150,9,24,0,32,7,66,0,58,7,89,3,302,22,51,4,81,6,159,6,109,14,109,3,582,52,96,7,258,18,318,10,132,17,147,3,1055,94,106,17,489,31,375,16,100,20,119,3,1384,106,77,6,593,44,357,29,89,14,78,3,1403,174,74,17,705,42,307,9,62,14,69,4,1484,507,117,27,1201,129,465,41,71,27,85,5,2670,506,80,19,955,90,173,25,26,9,43,4,1913,408,39,16,452,61,75,9,23,8,27,4,1112,219,11,14,183,24,167,9,9,7,4,0,654,475,32,10,542,50,165,13,30
CED214,7,0,0,0,0,12,3,5,0,106,0,136,3,0,0,0,0,3,0,5,0,36,0,42,0,3,0,4,0,13,3,25,3,61,0,109,0,4,0,0,0,4,0,31,4,40,0,83,3,4,0,5,0,14,0,50,5,148,3,232,10,17,0,10,0,63,0,93,10,101,0,304,7,37,0,27,3,112,3,111,14,159,8,482,22,44,4,72,3,272,7,151,17,190,5,790,27,80,8,148,11,391,7,132,25,230,5,1080,89,89,10,287,11,392,15,111,19,212,3,1238,111,70,5,312,19,397,22,85,8,159,4,1199,161,62,6,382,35,333,9,60,10,130,4,1199,477,107,17,817,98,587,25,83,28,166,5,2416,496,81,16,927,136,217,20,45,20,81,0,2046,475,48,10,733,118,125,18,20,9,53,3,1617,365,26,9,333,98,310,13,25,10,28,3,1218,1047,56,30,1041,178,335,25,37
CED215,13,0,0,5,0,3,0,0,0,29,3,52,3,3,0,0,0,7,0,4,0,7,0,21,0,4,0,3,0,0,0,11,0,31,0,52,3,0,0,0,0,3,0,10,0,13,0,21,3,4,0,6,4,11,0,32,6,75,0,142,3,16,0,14,0,23,3,40,3,64,3,165,23,27,6,23,3,82,5,70,10,162,0,417,15,51,5,106,5,161,9,107,20,168,4,662,63,72,11,260,16,339,21,117,26,155,5,1085,108,69,9,431,39,311,26,83,27,108,8,1215,114,49,4,490,37,254,29,48,16,99,0,1143,171,56,7,479,46,232,20,41,8,49,4,1116,386,65,25,868,115,351,34,54,25,77,5,1997,343,42,17,668,74,97,28,30,10,24,3,1336,253,25,14,305,43,66,13,9,0,17,3,744,160,6,8,151,23,123,10,10,4,13,0,503,287,20,14,363,41,136,30,16
CED216,10,0,0,10,0,4,0,5,0,50,0,81,3,0,0,3,0,8,0,7,0,16,0,33,0,0,0,0,0,4,0,3,0,14,0,25,0,0,0,0,0,3,0,5,0,8,0,17,0,6,0,0,0,0,0,19,0,23,0,54,5,0,0,3,0,11,6,34,0,36,0,102,12,16,0,15,3,36,0,40,3,64,4,186,12,19,3,32,0,71,3,48,0,49,0,239,34,59,0,98,6,133,7,63,7,85,0,487,42,56,5,148,6,178,3,53,5,76,0,576,66,47,4,193,15,189,9,64,4,58,3,657,94,42,0,251,12,210,11,44,10,73,0,746,288,95,9,670,55,538,17,99,10,104,3,1891,377,88,17,912,83,191,14,75,7,88,3,1859,458,52,12,787,90,128,11,55,6,48,0,1653,426,32,7,411,45,867,4,53,18,59,0,1926,2246,144,31,2934,250,1016,48,128
CED217,5,3,5,4,0,15,0,5,4,160,8,207,3,0,3,3,0,3,0,9,0,57,0,83,0,6,0,3,0,9,0,24,8,87,0,140,0,0,0,0,0,8,0,26,3,41,0,81,4,14,0,8,0,41,0,69,13,184,3,325,3,19,3,26,0,107,3,134,13,152,4,451,18,35,4,36,6,218,3,146,18,270,3,759,18,65,9,126,23,521,17,222,35,285,9,1334,69,123,7,359,23,895,15,236,57,357,15,2152,222,110,23,645,50,907,39,186,56,274,10,2520,263,91,15,743,70,793,28,131,42,188,10,2367,390,75,22,753,85,659,18,104,39,153,5,2301,1245,141,46,1464,195,981,40,126,37,218,14,4503,1109,73,35,1079,158,339,38,49,27,108,5,3024,785,48,16,541,98,166,18,28,8,49,0,1741,483,21,7,202,48,208,3,17,11,22,4,1019,672,32,10,427,58,188,13,24
CED218,7,0,0,3,4,13,0,3,3,50,0,78,0,0,0,3,0,3,0,6,0,14,0,34,0,0,0,4,0,9,0,11,0,17,0,40,0,0,0,0,0,3,0,6,0,7,0,17,4,3,0,6,0,4,0,14,3,33,0,67,0,3,0,8,0,18,0,29,0,21,0,83,6,8,0,15,0,47,0,27,3,48,0,157,10,16,0,40,7,88,3,45,10,49,0,264,30,41,0,56,0,152,9,54,12,65,0,409,59,38,3,119,10,131,7,52,3,75,0,489,41,32,4,144,16,212,5,48,3,70,0,571,71,26,7,147,11,236,6,32,3,56,5,603,196,52,8,468,47,463,13,60,16,102,0,1424,277,52,5,556,58,152,12,44,11,50,0,1213,300,47,8,504,79,99,8,30,3,36,0,1113,322,29,10,272,61,601,4,36,10,33,3,1382,1754,144,37,2409,240,938,36,124
CED219,9,0,7,7,0,17,0,15,0,153,0,204,0,3,0,4,0,5,0,7,0,37,0,65,0,4,0,5,0,22,0,42,3,76,0,150,0,0,0,0,0,11,0,33,0,38,0,90,7,9,0,9,0,37,0,73,8,189,4,337,7,22,0,24,0,118,7,167,18,174,3,547,15,46,7,43,6,336,3,183,35,261,8,940,32,72,10,155,9,716,14,281,25,294,11,1623,89,152,16,422,36,1135,25,262,61,355,3,2564,274,131,15,794,77,1040,37,221,51,252,11,2885,387,117,19,883,73,900,33,140,30,213,10,2799,504,93,28,865,80,650,24,96,17,156,7,2520,1535,176,42,1561,209,895,34,115,42,199,8,4819,1109,77,13,956,143,333,24,54,17,80,5,2818,648,22,7,452,61,169,7,23,3,42,5,1438,375,19,14,162,30,145,3,18,8,14,3,796,515,18,7,351,47,148,3,19
CED220,3,3,0,7,3,10,0,5,3,126,0,154,3,0,0,3,0,3,0,11,0,29,0,54,0,11,0,3,0,9,0,30,5,53,0,117,3,0,0,0,0,4,0,23,3,35,0,71,0,10,0,11,0,24,0,67,3,109,0,220,3,21,3,12,3,74,0,74,12,114,0,324,13,31,0,31,3,151,3,92,21,185,5,538,27,67,10,85,5,312,3,145,25,190,6,864,68,99,10,226,11,443,13,145,25,259,5,1308,143,72,8,352,23,400,18,104,26,235,7,1386,162,56,6,410,24,334,16,91,17,182,4,1301,255,51,8,479,31,345,7,66,21,157,3,1427,701,110,17,944,75,603,22,101,16,212,9,2826,668,66,15,961,103,263,20,62,17,100,3,2287,541,35,12,646,92,129,20,28,10,58,0,1565,412,27,4,270,54,280,6,15,9,23,0,1101,940,41,8,880,104,255,11,39
CED221,6,0,3,7,0,6,0,4,0,10,0,33,5,0,0,0,0,3,0,0,0,8,0,27,7,3,0,3,0,3,0,4,0,17,0,34,0,0,0,0,0,0,0,12,0,14,0,28,9,3,0,10,0,4,0,12,0,53,0,103,7,16,0,17,3,23,0,42,11,51,4,177,21,19,3,40,3,63,12,54,9,97,6,325,34,50,5,87,8,186,12,73,18,114,5,594,82,74,11,280,30,339,15,93,20,115,10,1065,131,95,15,496,52,354,18,72,24,115,10,1373,148,72,19,553,45,259,21,51,21,56,3,1242,216,62,16,560,53,207,14,32,17,44,4,1223,591,97,21,927,100,275,43,42,21,59,11,2182,524,59,12,693,102,98,21,20,3,22,3,1561,306,25,15,332,45,45,18,13,3,9,0,803,209,10,3,123,23,65,3,4,0,12,0,464,281,13,9,244,23,56,10,10
CED222,15,0,0,5,0,11,0,3,8,87,0,125,0,0,0,3,0,4,0,13,0,35,0,54,0,9,0,3,3,6,3,10,0,51,0,86,0,0,0,0,0,3,0,13,0,39,0,58,0,5,0,7,0,12,0,32,3,91,0,157,4,11,0,10,0,62,0,73,9,90,4,263,13,26,3,40,0,157,0,98,9,131,0,496,18,55,0,76,6,261,8,116,20,159,5,713,52,81,3,216,16,479,11,137,16,206,0,1215,137,99,7,450,21,510,17,100,19,174,9,1540,162,80,12,481,41,409,16,79,14,116,4,1399,276,67,18,558,50,408,13,54,18,91,7,1560,754,105,26,1225,127,717,37,91,25,139,15,3262,746,71,34,1086,122,254,35,53,14,77,4,2483,563,43,22,681,78,139,17,25,7,32,0,1603,442,16,12,287,63,272,5,20,19,28,0,1165,951,37,21,820,87,270,19,24
CED223,5,3,3,9,0,3,0,3,4,49,0,84,0,0,0,0,0,0,0,5,0,21,0,25,0,0,0,3,0,4,0,15,0,13,0,31,0,0,0,0,0,0,0,7,0,18,0,30,0,3,0,5,0,4,0,12,0,36,0,73,3,12,0,6,0,22,0,56,3,34,0,135,11,14,0,21,4,54,3,49,6,69,3,227,17,24,3,31,6,115,7,77,6,73,0,361,26,70,0,147,15,230,3,84,4,125,3,714,58,70,6,240,10,255,14,61,17,123,0,866,66,79,6,357,19,294,14,62,5,100,0,1012,82,53,5,411,45,317,18,57,18,115,3,1122,385,139,21,1198,119,662,43,97,19,133,6,2808,507,78,24,1240,126,261,33,64,7,62,5,2406,485,57,20,918,105,132,22,45,12,42,0,1832,424,35,16,429,55,353,7,39,10,27,0,1399,1195,91,17,1597,164,485,35,61
CED224,11,3,3,8,0,10,0,8,0,101,0,145,0,0,0,10,0,7,0,3,0,19,0,45,0,0,0,3,0,9,0,15,0,26,0,60,0,3,0,0,0,14,0,10,3,15,0,44,0,0,0,6,3,10,0,15,0,36,0,82,9,8,0,14,0,29,0,49,8,54,0,159,15,15,0,16,0,43,3,55,7,42,0,191,19,20,0,34,7,90,0,55,4,70,0,294,33,52,3,92,4,162,7,60,3,100,0,521,49,59,3,121,6,151,8,47,9,84,0,535,62,21,3,160,4,161,8,54,5,62,0,546,81,29,9,206,16,202,3,57,13,60,3,672,229,70,5,444,43,470,12,76,16,141,6,1515,316,70,13,608,62,218,10,67,9,76,0,1442,330,62,4,504,52,123,17,53,7,47,0,1191,353,25,3,323,42,598,10,45,16,55,0,1465,2180,182,33,2833,246,1073,49,161
CED225,9,5,0,16,0,4,0,3,0,62,0,96,0,0,0,7,0,3,0,5,3,4,0,23,0,0,0,4,0,7,0,10,0,27,0,56,0,0,0,0,0,4,0,10,0,10,0,30,0,3,4,10,0,9,0,33,3,57,0,123,3,5,0,15,3,34,0,52,7,58,0,181,16,30,0,24,0,104,3,74,16,67,4,341,13,54,3,91,7,211,4,93,11,109,3,606,41,96,4,267,21,453,17,145,22,179,7,1268,108,103,14,544,43,535,18,114,22,109,3,1615,144,97,7,655,53,519,24,86,20,89,3,1709,271,75,15,812,57,529,12,60,18,101,3,1949,874,135,26,1679,151,863,35,129,19,125,11,4046,857,99,23,1425,131,297,38,47,16,49,4,2986,707,27,10,754,100,145,15,23,10,22,0,1816,535,16,11,328,41,276,11,18,13,20,3,1283,912,33,23,870,82,296,22,33
CED226,12,0,3,3,0,12,0,9,10,164,3,220,5,7,0,3,0,9,0,14,7,58,0,104,3,9,0,3,0,12,0,35,6,104,3,178,0,0,0,0,0,19,0,47,4,50,3,126,4,8,3,11,0,32,0,105,8,237,0,414,12,21,4,25,3,157,3,163,17,165,3,571,19,59,3,58,6,306,9,229,40,238,6,969,40,107,8,133,14,771,16,277,54,277,4,1693,123,137,12,420,37,1170,29,268,54,295,16,2561,247,184,15,742,64,1145,35,193,59,264,23,2972,360,100,31,865,83,1120,35,137,29,185,9,2953,520,90,26,843,102,913,27,104,33,143,5,2807,1564,136,48,1724,245,1521,45,141,46,197,6,5675,1318,75,30,1331,185,447,37,64,21,80,5,3580,1042,40,21,709,128,222,18,40,7,39,5,2268,644,13,6,305,67,423,11,17,11,25,0,1528,1115,47,14,674,101,279,16,24
CED227,15,0,0,18,0,6,0,4,0,34,0,85,7,0,0,12,3,6,0,3,0,23,0,55,9,3,0,19,0,8,0,10,0,31,0,81,0,0,0,3,0,3,0,6,0,16,0,29,14,4,0,23,0,11,0,23,0,90,0,168,11,8,0,18,7,48,6,42,7,63,3,216,34,22,5,51,6,95,10,73,10,141,5,442,44,44,5,129,15,240,7,102,19,149,11,772,92,78,7,364,36,347,14,94,21,155,10,1225,164,60,13,566,51,309,20,84,21,91,9,1379,169,60,11,524,50,238,15,45,11,67,11,1198,232,54,11,527,44,202,19,28,12,44,9,1190,527,69,25,872,98,226,23,45,12,47,8,1957,444,39,17,481,63,77,19,16,5,20,0,1182,275,14,9,252,28,25,10,5,3,11,0,625,169,7,0,92,8,43,3,3,0,0,3,331,224,10,8,216,21,72,5,4
CED228,4,0,5,3,0,7,0,6,3,126,0,162,0,4,0,0,0,4,0,5,0,38,0,59,3,3,0,0,0,12,0,29,3,78,4,135,0,0,0,0,0,7,0,45,0,43,0,100,3,4,0,10,0,14,0,45,4,166,3,262,0,14,0,13,0,69,3,105,14,141,0,360,8,45,4,30,4,173,8,136,24,203,4,640,11,44,7,75,6,339,4,165,27,216,10,905,55,80,7,208,15,469,11,155,32,268,7,1296,124,79,12,297,22,448,13,114,24,250,15,1382,133,67,9,323,25,374,10,95,17,190,4,1250,187,61,14,376,28,317,7,63,16,176,7,1244,568,86,15,761,98,601,23,116,27,248,7,2558,522,67,16,807,109,247,19,59,11,118,3,1985,433,39,20,547,82,125,13,37,5,76,0,1388,390,22,16,326,53,279,10,15,14,40,0,1145,1062,75,23,1079,126,361,22,49
CED229,8,0,3,3,0,10,0,0,3,96,0,127,0,0,0,8,0,8,0,7,3,21,3,51,6,5,0,10,0,15,3,24,3,37,3,100,3,0,0,0,0,11,3,8,3,20,0,47,3,3,0,12,0,17,0,44,7,131,3,224,7,10,0,25,3,79,3,90,22,119,3,358,15,33,3,47,3,194,4,115,14,165,4,603,33,67,7,125,6,468,13,165,27,183,3,1093,63,133,12,361,44,800,24,216,46,220,12,1919,175,122,14,713,67,831,33,129,38,187,5,2319,233,117,12,965,104,796,38,110,28,153,11,2568,405,113,31,1021,120,716,38,113,26,132,8,2719,1221,164,47,2100,294,1070,74,126,45,164,23,5313,1073,82,29,1588,203,385,42,60,13,64,5,3548,848,43,26,792,116,174,13,33,7,24,0,2089,545,24,17,343,62,300,8,27,10,19,3,1359,871,46,18,798,83,263,33,36
CED230,9,3,4,10,0,4,0,3,5,47,3,88,4,0,0,3,0,3,0,3,0,12,5,35,5,0,0,6,0,0,0,19,5,33,0,68,3,0,0,0,0,9,0,4,0,18,0,39,9,10,0,9,0,15,0,37,0,72,0,156,12,25,0,15,3,45,0,51,3,53,0,214,21,30,0,44,7,82,9,83,12,130,0,418,35,49,7,127,12,300,12,139,29,168,3,877,78,100,20,351,38,537,24,170,43,184,8,1560,141,126,14,620,69,559,31,129,28,140,10,1860,154,82,18,710,66,470,23,87,17,85,5,1717,258,75,17,772,66,395,24,58,15,60,5,1760,613,102,25,1242,151,502,32,65,31,67,7,2840,551,61,23,889,93,174,19,29,11,33,5,1897,354,23,8,416,42,80,15,16,3,10,3,974,218,13,5,163,31,101,4,4,10,7,3,550,379,34,12,391,30,130,24,10
CED231,5,0,0,3,0,4,0,8,0,67,0,94,4,0,0,0,0,0,0,0,0,23,0,35,4,0,3,0,0,7,0,14,3,49,3,86,0,0,0,0,0,3,0,16,0,14,0,34,0,8,3,8,0,11,0,30,5,121,0,181,6,3,0,3,0,25,0,61,8,66,0,172,6,14,0,14,0,55,0,63,9,83,3,256,13,24,0,34,3,95,0,69,8,87,5,332,24,26,0,56,0,144,5,66,11,94,4,439,36,40,3,85,8,141,9,34,9,100,0,475,46,38,4,94,12,237,6,41,11,75,3,563,51,24,4,104,11,201,4,26,3,55,0,484,214,59,12,381,43,436,9,47,9,78,4,1295,240,44,10,468,72,117,18,29,6,35,0,1034,263,40,11,373,78,71,10,11,6,26,3,883,238,13,13,223,74,271,3,21,13,21,3,888,1137,97,35,1044,199,365,23,39
CED232,12,0,0,0,0,8,0,0,3,52,3,80,0,0,0,0,0,0,0,4,0,16,0,26,6,3,0,0,0,6,0,13,0,16,0,38,0,0,0,0,0,8,0,3,0,12,0,21,3,3,0,4,0,8,0,15,0,31,0,60,4,16,0,9,0,13,0,21,0,25,0,89,6,11,4,13,0,37,0,34,3,35,0,149,8,17,0,24,0,67,3,45,7,47,0,212,22,39,3,82,6,111,12,56,5,72,0,411,27,49,3,95,13,135,3,49,9,66,0,456,33,23,4,128,8,152,9,31,4,44,0,432,50,31,0,153,11,159,6,28,6,40,3,503,202,66,7,358,48,394,4,57,11,74,3,1232,223,48,5,477,58,121,22,21,7,37,4,1027,240,30,3,374,55,81,11,24,5,30,3,861,221,23,3,209,72,413,8,20,9,24,0,1010,1316,91,43,1555,235,589,37,96
CED233,3,0,0,4,0,10,0,5,4,105,0,144,3,0,0,0,0,7,0,7,0,33,0,62,0,6,0,0,0,5,0,23,3,39,0,79,0,0,0,0,0,15,0,18,0,31,0,66,3,3,0,13,0,17,0,27,0,50,0,120,0,16,0,11,0,38,0,49,9,59,0,190,13,38,0,30,0,81,4,73,13,114,0,366,13,50,0,74,3,198,3,89,13,126,4,574,49,64,7,193,10,259,5,109,15,164,0,873,85,96,8,272,17,289,8,73,10,168,3,1029,78,71,10,331,17,334,14,86,16,132,6,1099,121,76,4,430,26,334,10,58,18,111,5,1200,409,101,9,910,76,687,23,119,16,192,3,2557,493,100,17,1001,79,264,22,73,18,101,9,2176,538,63,4,662,78,144,19,34,4,78,0,1622,415,26,0,363,44,392,9,39,7,61,6,1367,1251,108,29,1403,124,588,29,86
CED234,16,3,7,10,0,10,0,4,0,38,3,91,10,0,0,4,0,7,0,3,4,9,0,44,10,3,0,10,0,5,0,8,3,33,0,77,0,0,0,3,0,4,0,13,0,16,0,41,17,4,0,12,0,23,0,27,4,104,0,187,8,8,0,25,0,45,0,40,11,89,0,230,42,21,0,55,3,62,3,66,17,150,3,415,51,47,4,110,18,184,3,97,30,150,4,697,90,69,11,310,20,362,5,107,33,172,6,1198,175,73,14,481,61,340,22,84,21,121,5,1392,166,63,15,517,46,276,18,55,28,71,5,1276,253,54,5,598,56,189,24,39,7,71,3,1310,609,80,32,933,109,273,43,43,24,59,3,2215,480,30,21,606,69,91,18,19,7,15,3,1360,338,11,6,305,37,31,12,14,0,7,0,766,174,7,4,113,15,52,3,3,0,3,0,388,296,13,8,253,29,61,6,20
CED235,10,0,0,3,4,10,0,0,3,130,0,166,0,0,0,0,0,8,3,10,3,50,0,78,0,5,0,4,0,13,0,30,0,69,5,124,0,0,0,0,0,11,0,19,4,37,0,81,3,7,0,9,0,25,0,61,3,236,0,338,3,20,0,9,3,112,4,109,15,157,4,436,12,42,4,39,0,234,9,139,27,300,7,805,24,67,3,97,12,478,10,175,38,286,9,1201,67,125,10,286,23,692,22,197,38,374,11,1847,158,124,16,470,38,624,24,159,24,314,3,1954,215,95,15,632,64,529,13,102,34,231,10,1939,296,77,24,610,55,442,17,87,27,208,6,1851,848,116,32,1304,150,766,33,110,46,264,9,3682,729,76,26,1045,130,305,35,70,16,100,5,2533,585,46,14,615,92,141,19,35,9,66,7,1627,372,18,7,263,39,208,3,25,12,28,0,966,679,28,22,628,67,234,13,24
CED236,19,0,3,6,0,7,0,0,0,29,4,73,13,0,0,0,0,4,0,3,0,11,0,35,8,0,3,11,0,7,0,11,0,20,4,52,4,0,0,0,0,0,3,3,0,11,0,24,20,4,0,12,0,13,0,22,3,54,0,134,13,20,3,21,0,19,3,27,8,44,0,168,30,21,3,42,5,64,3,66,9,119,3,365,53,46,5,115,10,181,14,99,20,139,3,683,94,76,7,343,27,339,17,111,28,138,3,1184,127,78,6,507,56,274,28,80,19,91,7,1272,143,79,20,522,46,248,15,41,23,70,8,1202,191,53,12,537,32,176,18,28,15,44,4,1113,458,85,24,901,80,235,31,42,18,50,0,1927,381,35,24,573,75,89,24,17,8,23,5,1258,252,20,9,298,45,41,7,0,3,3,0,676,141,12,7,107,18,52,6,0,6,4,0,361,231,23,10,264,24,66,8,7
CED237,0,0,0,0,0,9,0,3,3,98,3,125,0,0,0,0,0,3,0,12,0,20,0,40,0,0,0,0,0,4,0,15,4,41,0,74,0,0,0,0,0,11,0,21,0,32,0,68,0,0,0,4,0,29,4,51,11,104,0,208,0,21,0,8,3,58,0,87,13,114,5,306,10,24,0,26,0,122,7,106,3,182,4,487,8,56,0,62,4,254,3,135,23,179,3,735,30,85,0,164,12,396,7,150,29,248,11,1129,67,88,8,289,20,385,24,108,24,179,10,1209,94,52,8,341,32,401,16,67,21,183,4,1215,128,70,8,389,32,359,7,59,5,134,3,1201,428,128,21,926,106,650,18,62,34,198,4,2575,425,90,13,949,123,231,24,62,24,68,8,2012,483,57,8,696,101,133,14,31,3,54,3,1588,375,20,13,286,73,242,7,29,11,30,0,1081,838,63,22,964,152,255,27,39
CED294,0,0,0,0,0,0,0,0,0,0,0,0,0,0,0,0,0,0,0,0,0,0,0,0,0,0,0,0,0,0,0,0,0,0,0,0,0,0,0,0,0,0,0,0,0,0,0,0,0,0,0,0,0,0,0,0,0,0,0,0,0,0,0,0,0,0,0,0,0,0,0,0,0,0,0,0,0,0,0,0,0,0,0,0,0,0,0,0,0,0,0,0,0,0,0,0,0,0,0,0,0,0,0,0,0,0,0,0,0,0,0,0,0,0,0,0,0,0,0,0,0,0,0,0,0,0,0,0,0,0,0,0,0,0,0,0,0,0,0,0,0,0,0,0,0,0,0,0,0,0,0,0,0,0,0,0,0,0,0,0,0,0,0,0,0,0,0,0,0,0,0,0,0,0,0,0,0,0,0,0,0,0,0,0,0,0,0,0,0,0,0,0,0,0,0,0,0,0,0,0
CED297,0,0,0,0,0,0,0,0,0,0,0,0,0,0,0,0,0,0,0,0,0,0,0,0,0,0,0,0,0,0,0,0,0,0,0,0,0,0,0,0,0,0,0,0,0,0,0,0,0,0,0,0,0,0,0,0,0,0,0,0,0,0,0,0,0,0,0,0,0,0,0,0,0,0,0,0,0,0,0,0,0,0,0,0,0,0,0,0,0,0,0,0,0,0,0,0,0,0,0,0,0,0,0,0,0,0,0,0,0,0,0,0,0,0,0,0,0,0,0,0,0,0,0,0,0,0,0,0,0,0,0,0,0,0,0,0,0,0,0,0,0,0,0,0,0,0,0,0,0,0,0,0,0,0,0,0,0,0,0,0,0,0,0,0,0,0,0,0,0,0,0,0,0,0,0,0,0,0,0,0,0,0,0,0,0,0,0,0,0,0,0,0,0,0,0,0,0,0,0,0
CED301,0,3,0,3,0,9,0,4,0,24,0,45,3,3,0,0,0,0,0,6,0,10,0,25,0,0,0,0,0,3,0,8,4,19,0,40,3,0,0,0,0,3,0,10,0,14,0,29,0,3,0,4,0,7,0,22,4,81,0,127,5,8,0,8,0,26,3,43,4,78,0,181,6,14,0,21,0,86,0,76,12,176,3,400,18,43,0,54,6,259,3,147,20,222,4,768,36,45,3,215,27,579,14,166,29,262,3,1379,121,74,6,410,34,642,15,132,37,173,4,1649,162,51,9,524,50,496,14,82,18,108,3,1512,301,63,9,517,52,418,26,58,26,87,6,1563,912,79,24,939,134,519,26,79,30,131,6,2889,711,57,16,683,113,171,28,41,11,47,5,1878,538,28,12,347,61,71,13,12,12,16,0,1115,302,12,3,144,42,80,3,7,0,8,3,606,423,18,7,255,25,91,12,12
CED302,4,0,0,3,0,7,0,3,0,53,0,72,0,0,0,0,0,3,0,5,0,13,0,26,0,4,0,0,0,0,0,10,3,23,0,42,0,0,0,0,0,5,0,7,0,5,0,23,3,0,0,8,0,10,0,17,0,43,3,75,0,9,0,8,3,11,0,53,0,45,0,135,13,24,3,18,0,58,3,58,3,80,0,267,9,22,0,47,3,148,8,87,23,86,3,434,41,54,3,116,13,275,4,96,9,155,5,771,75,51,6,278,21,331,12,70,21,128,3,1001,106,46,8,333,27,280,12,55,15,105,0,981,172,58,3,422,38,330,16,65,16,98,8,1234,676,117,22,982,125,630,33,89,19,138,9,2825,771,76,26,1091,136,230,25,51,10,66,3,2487,774,59,14,721,112,141,22,32,6,37,0,1925,617,23,12,319,81,306,9,28,9,30,0,1433,1375,58,15,1213,143,415,25,61
CED303,0,0,0,3,0,0,0,0,0,15,0,26,0,0,0,5,0,3,0,4,0,7,0,19,0,0,0,0,0,5,0,4,0,10,0,28,0,0,0,0,0,5,0,3,0,10,0,15,3,4,0,3,0,5,0,9,0,34,3,61,5,11,0,4,0,18,3,33,3,36,3,116,13,16,3,18,0,44,0,49,4,66,0,215,19,19,0,38,3,112,5,75,14,105,3,398,44,56,0,154,13,295,6,99,15,157,3,844,87,59,3,357,29,330,13,77,20,128,3,1116,127,55,10,478,28,323,9,68,15,91,3,1216,246,41,13,549,52,310,12,53,14,81,3,1382,791,106,24,1197,123,564,31,74,22,99,3,3038,801,69,15,1078,125,240,31,41,19,40,0,2472,696,31,10,607,80,113,16,23,9,23,0,1611,571,17,9,273,46,219,3,9,11,17,0,1181,979,49,6,740,71,267,25,18
CED304,5,0,0,0,0,11,0,4,0,54,0,80,0,0,0,0,0,3,0,3,0,10,0,18,0,4,3,0,0,0,0,7,0,12,0,31,0,0,0,0,0,0,0,10,0,9,0,19,0,4,0,0,0,3,0,9,3,34,0,50,0,0,0,3,0,11,0,22,3,33,0,82,8,18,0,9,3,44,0,42,3,35,0,161,11,22,0,25,0,88,0,39,5,42,4,241,21,36,3,45,6,133,7,47,7,60,0,357,41,30,5,108,6,135,3,53,8,73,3,466,54,29,0,126,13,193,9,26,6,73,0,529,56,35,3,161,15,181,10,35,7,58,0,555,234,66,7,407,51,418,9,63,16,69,4,1339,298,39,8,536,72,162,13,41,11,46,3,1226,357,36,4,472,93,102,13,27,5,30,4,1139,376,25,14,281,72,496,9,28,18,25,4,1346,1709,126,40,1934,234,687,38,81
CED305,16,0,3,4,0,11,0,0,0,31,0,69,4,0,0,5,0,0,0,8,0,5,0,21,4,0,0,0,0,0,0,8,0,15,0,32,0,0,0,3,0,4,0,9,0,10,0,31,5,3,0,5,0,9,0,19,3,55,0,99,7,3,0,13,3,15,0,33,7,54,0,132,18,17,3,16,0,48,0,55,8,113,0,278,20,23,4,40,8,165,4,70,12,127,0,458,44,39,6,158,10,302,8,86,22,134,3,809,91,66,6,300,31,326,11,61,16,106,0,1028,141,46,4,385,25,328,14,77,23,61,0,1107,214,54,15,435,46,336,14,39,22,54,0,1217,605,61,14,834,109,734,41,69,54,70,12,2602,606,42,24,861,85,186,32,24,17,27,6,1924,512,34,8,448,81,75,17,15,8,18,0,1217,350,6,9,149,42,266,6,19,29,7,0,881,618,40,30,586,78,181,19,12
CED306,6,0,3,3,0,16,0,0,3,36,0,67,3,0,0,3,0,0,0,4,0,18,0,31,7,0,0,7,0,3,0,11,0,25,0,54,0,0,0,0,0,0,0,9,0,7,0,13,8,4,0,3,0,6,0,20,0,49,0,87,0,8,0,9,0,21,0,32,3,68,0,140,14,12,0,27,0,64,3,50,4,105,0,278,16,30,0,62,9,149,6,82,16,133,5,498,47,52,5,181,12,316,10,104,17,146,4,890,109,62,8,367,28,316,16,62,17,85,0,1078,138,54,11,431,31,332,9,53,16,64,3,1153,209,35,18,483,51,341,15,43,18,60,3,1266,656,63,27,979,104,551,26,63,34,65,4,2570,654,51,27,853,103,205,28,31,13,26,3,1989,572,27,16,473,59,87,14,16,7,16,0,1290,364,6,11,170,34,186,7,10,11,6,0,808,659,34,26,586,80,165,21,14
CED307,3,0,0,4,0,0,0,0,0,23,0,40,0,3,0,0,0,0,0,3,0,7,0,11,0,0,0,0,0,0,0,3,0,14,0,21,0,0,0,0,0,3,0,9,0,13,0,23,5,3,0,0,0,11,0,18,0,45,0,79,0,3,0,8,0,22,0,30,0,55,0,121,7,15,0,13,0,55,0,50,9,63,0,210,7,26,3,45,6,156,4,70,14,122,3,457,36,38,4,194,8,313,7,96,20,146,0,867,83,62,11,348,26,442,14,84,23,114,7,1213,152,64,4,506,38,444,14,83,23,114,0,1448,236,61,11,546,60,397,15,56,23,83,0,1492,769,100,30,1374,165,676,36,96,41,116,8,3414,841,93,22,1215,145,242,39,62,21,67,4,2753,792,35,14,723,112,134,19,26,7,27,3,1885,560,29,10,354,72,253,13,17,11,17,0,1324,1049,52,18,908,93,302,22,36
CED308,9,4,0,6,0,7,0,7,0,53,0,85,3,0,0,3,0,7,0,0,3,14,0,33,0,0,0,3,0,5,0,12,0,18,0,41,0,0,0,0,0,0,0,10,0,16,0,34,3,6,0,9,0,5,0,33,9,70,3,141,3,10,0,14,0,33,0,82,0,73,3,219,8,38,0,22,3,76,3,78,9,114,3,355,24,39,4,71,9,250,6,129,16,148,0,693,45,104,5,196,24,425,12,163,27,193,8,1202,120,100,9,462,34,531,16,124,26,144,6,1565,171,75,10,528,41,422,7,94,20,114,3,1492,287,77,15,611,41,369,17,52,19,83,7,1584,856,125,18,1120,114,566,33,80,30,123,4,3067,783,74,21,894,103,215,18,43,16,43,5,2201,609,30,8,518,59,106,12,26,8,29,5,1402,426,16,5,203,36,221,0,17,9,17,0,957,818,56,9,612,49,196,13,20
CED309,7,0,0,0,0,4,0,3,0,32,0,54,4,3,0,3,0,3,0,3,0,9,0,26,0,6,0,4,0,0,0,12,0,22,0,40,0,4,0,3,0,5,0,6,0,10,0,26,12,6,0,6,0,9,0,21,0,38,0,96,6,14,0,15,0,22,3,53,3,61,0,178,14,24,0,41,3,61,4,70,6,86,0,324,26,49,4,79,3,177,3,134,11,136,4,631,49,114,5,258,18,341,14,132,25,166,5,1132,117,118,12,489,31,394,22,131,15,130,5,1467,165,83,9,533,24,355,15,73,19,96,4,1365,190,88,9,629,35,292,12,64,10,78,0,1402,596,136,13,1129,103,472,53,68,22,80,3,2670,529,83,22,842,85,148,20,39,11,50,0,1831,477,47,6,458,54,73,9,22,7,18,0,1181,268,14,6,184,32,178,4,17,8,10,0,730,481,37,14,549,46,155,13,23
CED310,7,0,0,10,0,10,0,0,3,28,0,51,0,0,0,0,0,6,0,4,0,8,0,27,0,0,0,0,0,0,0,10,0,14,0,30,0,0,0,0,0,8,0,8,0,11,0,23,3,4,0,3,0,9,0,16,0,39,3,78,8,10,0,7,0,31,0,37,4,42,0,143,5,28,0,13,0,43,0,65,10,84,0,260,15,57,4,74,5,136,8,107,15,108,0,532,42,88,4,195,21,298,15,125,22,155,0,970,98,103,8,416,23,302,18,106,20,147,3,1252,121,85,3,477,27,306,16,74,23,85,5,1215,178,70,13,467,37,258,16,57,13,66,6,1176,584,114,17,914,93,396,26,71,31,93,8,2352,539,64,18,725,69,131,26,29,12,41,0,1650,385,39,14,391,51,68,8,20,3,24,3,1006,261,12,3,159,24,135,4,22,13,11,3,638,418,43,15,426,50,150,22,26
CED311,29,0,0,6,0,11,0,3,6,37,0,84,8,0,0,8,0,4,0,6,0,33,0,53,12,0,0,6,0,8,0,12,0,26,0,62,5,0,0,3,0,0,0,7,0,9,0,28,6,7,0,13,0,10,0,19,3,106,0,168,12,12,0,16,3,32,3,39,3,76,0,196,25,15,3,22,3,67,8,55,10,190,7,402,40,21,0,61,9,163,9,104,15,160,10,587,65,40,10,180,15,342,7,103,19,204,4,985,138,72,9,294,30,386,17,77,23,101,14,1164,132,44,3,361,32,393,22,53,22,66,3,1126,218,25,11,416,47,383,18,51,20,49,4,1238,555,63,19,824,84,917,34,79,68,71,8,2715,499,44,20,904,96,196,36,27,18,36,4,1874,467,25,17,420,63,74,22,17,12,19,3,1136,283,10,12,134,32,378,6,12,30,28,0,935,647,29,26,656,87,244,16,26
CED312,3,0,3,3,0,9,0,3,3,58,0,86,0,3,0,0,0,0,0,0,0,15,0,22,0,0,0,0,0,4,0,10,0,37,0,54,0,0,0,0,0,4,0,8,0,23,0,35,0,4,4,5,0,8,0,17,0,83,0,122,3,10,0,13,3,35,0,70,6,84,0,217,10,28,0,23,0,109,0,78,12,150,0,417,12,46,3,52,7,281,7,114,20,204,4,755,43,66,13,220,18,522,18,184,36,225,9,1352,160,109,14,452,44,671,20,134,32,169,3,1811,219,75,4,570,48,545,11,104,31,119,4,1729,376,63,22,645,62,464,29,66,20,88,4,1842,1074,113,32,1147,138,638,43,89,31,116,0,3421,946,66,23,868,135,259,27,41,10,42,3,2416,683,41,6,494,74,111,23,17,10,25,0,1493,372,14,9,214,48,140,11,8,19,13,0,838,669,22,14,376,64,173,13,24
CED313,5,0,0,0,0,6,0,0,0,43,0,59,0,0,0,0,0,0,0,3,3,14,0,24,3,0,0,3,0,0,0,7,0,17,0,26,0,0,0,0,0,0,0,7,3,5,0,17,4,3,0,4,0,12,0,15,0,52,0,92,3,3,0,10,0,19,0,23,0,36,0,88,8,16,0,13,0,54,4,37,4,55,0,188,12,23,0,32,0,93,0,59,7,52,3,286,21,39,0,75,10,168,4,81,5,76,0,483,46,43,3,157,16,177,5,55,10,59,0,577,63,26,3,209,10,205,11,46,13,68,0,646,112,29,3,260,23,226,5,25,6,47,3,730,339,87,16,653,61,488,22,43,19,92,5,1807,441,52,11,806,120,187,19,38,9,36,3,1727,496,50,13,683,91,91,17,20,4,24,0,1497,451,21,8,375,88,476,3,16,17,23,4,1491,1619,97,27,1730,218,559,28,41
CED314,12,0,0,0,0,6,0,3,0,25,0,52,6,0,0,7,0,0,0,4,0,8,0,29,3,0,0,3,0,3,0,3,0,14,0,30,0,0,0,0,0,3,0,9,0,10,0,23,7,0,3,5,0,7,0,12,4,77,0,115,6,10,0,12,4,26,3,35,3,68,3,163,8,18,0,24,0,79,3,62,9,129,0,336,22,24,0,72,4,196,5,97,14,139,3,596,44,57,4,216,23,378,12,128,12,163,0,1039,121,77,5,416,35,417,16,72,24,120,0,1302,139,56,8,475,45,408,16,50,15,88,4,1304,237,46,8,515,41,351,8,45,23,62,3,1349,722,86,20,968,130,463,46,63,26,80,0,2603,667,59,11,787,103,151,27,35,9,25,0,1890,483,22,10,441,45,63,13,12,0,15,0,1109,336,5,3,173,22,119,9,9,6,8,0,694,539,18,17,479,39,137,17,12
CED315,3,3,0,7,0,0,0,3,0,46,0,60,0,0,0,3,0,3,0,3,0,13,0,27,0,4,0,0,0,0,0,10,0,17,0,34,0,0,0,0,0,3,0,4,0,9,0,16,4,0,0,0,0,3,0,16,0,82,0,119,0,10,0,4,0,23,0,50,3,79,0,175,3,12,3,15,3,69,3,70,14,137,0,319,17,28,0,49,5,153,3,103,17,173,0,553,35,55,8,174,7,339,13,123,24,174,3,945,114,66,6,293,34,423,15,94,25,137,3,1210,134,69,3,386,36,428,24,76,29,104,6,1291,239,48,8,443,53,345,14,53,23,70,3,1298,803,73,16,899,144,427,50,76,38,103,0,2628,804,49,24,778,112,207,30,41,8,39,3,2092,625,27,12,413,83,85,9,11,11,13,0,1288,428,12,12,161,43,103,10,6,5,14,0,794,587,25,16,387,52,113,11,18
CED316,3,3,0,3,0,3,0,3,3,37,0,51,4,3,0,3,0,3,0,0,0,11,0,21,0,3,0,0,0,3,0,4,4,34,0,56,0,0,0,0,0,4,0,7,0,16,0,32,0,3,0,4,0,3,3,28,4,85,0,138,4,9,0,15,0,22,0,56,6,100,0,212,17,23,3,28,3,83,5,104,16,208,3,483,24,55,0,52,3,166,8,168,19,235,0,735,60,95,3,185,16,318,11,147,32,306,8,1182,132,85,10,383,30,332,19,119,29,168,0,1315,135,48,4,394,18,246,14,86,16,113,5,1084,210,49,10,356,30,193,14,52,14,69,4,982,477,80,13,669,70,259,32,45,15,70,4,1736,405,24,18,434,43,81,19,23,9,24,3,1088,318,23,3,202,27,33,3,3,5,16,0,636,159,12,3,72,15,67,0,6,5,13,0,351,234,15,13,195,25,47,7,8
CED317,23,3,0,4,0,8,0,3,3,22,0,75,9,3,0,3,0,6,0,3,0,29,0,55,3,3,0,3,0,3,0,10,3,36,3,67,0,0,0,3,0,3,0,9,0,23,3,45,9,11,0,8,5,13,3,27,6,110,3,184,7,8,0,16,0,35,3,49,11,82,0,211,25,21,3,42,3,89,4,63,13,177,3,446,40,34,3,73,8,224,7,109,30,162,3,691,93,76,4,209,16,329,14,124,32,193,3,1102,151,78,17,415,21,319,14,96,32,134,10,1281,187,46,9,439,31,268,15,65,23,93,10,1181,245,40,9,458,28,232,19,37,17,48,3,1142,628,72,21,745,100,381,28,55,28,72,10,2137,552,49,30,616,67,122,23,16,14,21,8,1521,432,22,15,308,58,51,20,15,4,14,3,937,242,12,9,112,30,90,3,3,9,5,0,520,477,21,11,296,47,82,9,11
CED318,5,0,0,0,0,0,0,4,11,46,3,69,0,3,0,6,0,0,0,4,3,21,0,41,3,0,0,7,0,5,0,11,0,47,0,71,0,4,0,0,0,11,0,8,0,21,3,48,8,8,0,6,0,17,0,39,3,156,0,238,5,8,0,14,0,44,0,58,7,151,0,294,15,31,0,37,6,105,6,93,16,189,3,491,29,45,3,76,3,233,16,145,22,208,0,781,60,89,9,224,8,366,12,127,21,194,11,1121,163,119,12,417,25,385,20,95,10,130,5,1381,175,72,10,453,40,324,25,74,22,68,5,1270,304,74,17,450,51,269,23,48,15,61,3,1315,789,94,28,893,112,403,34,89,34,73,13,2558,685,57,17,666,104,131,31,24,14,22,4,1748,553,38,18,323,64,60,11,22,5,12,0,1102,363,18,9,171,24,129,4,8,10,14,0,754,567,29,17,366,60,124,15,15
CED319,0,0,0,0,0,3,0,3,0,46,0,54,0,0,0,0,0,0,0,3,0,15,0,23,0,0,0,0,0,0,0,12,0,12,0,31,0,0,0,0,0,5,0,10,0,8,0,22,3,3,0,3,0,6,0,19,4,46,0,85,3,4,0,4,0,25,0,28,3,52,3,120,0,11,0,20,4,70,0,65,6,83,0,268,10,23,3,43,3,148,7,89,17,106,3,453,38,52,0,116,13,309,10,99,18,128,3,789,104,67,6,255,22,339,9,79,19,126,7,1035,110,65,0,344,23,296,5,79,14,92,0,1039,175,47,9,423,49,339,14,50,18,69,3,1207,639,104,23,924,124,623,23,86,28,123,3,2687,707,66,21,1041,145,223,32,42,13,50,3,2357,664,43,16,696,120,124,22,23,6,36,0,1748,492,25,9,332,78,250,9,26,8,20,0,1249,1147,64,24,982,148,330,24,40
CED320,10,0,0,3,0,4,0,4,3,31,0,48,0,3,0,0,0,3,0,4,0,18,0,31,0,6,0,3,0,3,0,7,3,17,0,42,0,0,0,3,0,0,0,4,0,15,0,26,6,3,0,5,0,8,0,31,4,84,0,141,6,6,0,10,0,22,0,51,9,87,0,192,6,7,0,24,0,85,3,54,18,169,4,371,16,35,3,48,6,231,13,126,20,233,0,729,45,67,6,214,16,497,13,166,32,259,11,1333,124,90,10,416,46,590,14,115,32,191,3,1647,185,61,17,505,53,520,32,105,28,124,6,1644,299,55,11,604,47,398,16,50,16,101,3,1610,852,104,27,1017,136,572,33,92,36,138,6,3007,659,58,13,762,103,213,34,36,8,51,4,1939,538,32,13,379,49,96,14,23,7,31,0,1185,324,12,4,158,19,113,5,9,13,6,0,665,457,24,11,294,37,135,11,11
CED321,25,0,0,3,0,4,0,4,0,17,3,67,14,0,0,4,0,7,0,3,0,12,3,43,5,4,0,6,0,8,0,10,3,23,0,68,4,0,0,3,0,3,0,7,0,10,0,38,23,3,0,9,4,15,0,24,0,88,0,170,13,10,0,29,3,28,4,42,0,85,3,215,35,28,4,57,10,101,4,52,15,185,3,489,55,32,3,104,9,228,7,88,13,170,4,720,113,75,7,311,26,410,10,118,20,201,7,1285,202,72,17,463,42,389,21,82,13,130,4,1447,214,54,11,465,40,312,17,48,14,85,3,1258,263,45,15,484,50,232,13,32,13,48,0,1188,642,56,20,731,101,341,44,42,31,61,8,2070,494,43,10,554,67,110,20,8,8,15,7,1340,319,26,6,263,49,40,14,6,7,10,0,737,195,7,5,93,21,71,7,0,8,3,0,421,322,14,18,228,26,65,10,5
CED322,6,6,0,4,0,8,0,0,3,40,0,67,0,0,0,0,0,0,0,3,0,14,0,25,3,0,0,4,0,6,0,6,4,13,0,37,0,0,0,0,0,3,0,5,0,11,0,25,4,3,0,6,0,8,0,23,0,41,0,89,9,9,0,12,3,26,0,46,3,48,0,148,18,33,0,18,0,52,3,69,7,74,0,284,19,49,4,69,3,164,7,103,10,104,8,535,56,91,0,241,19,311,20,109,22,164,3,1047,88,136,12,393,19,356,16,87,18,125,0,1251,121,79,8,469,31,332,13,67,23,95,3,1254,200,70,5,597,50,311,10,55,11,72,8,1403,626,120,26,1089,114,517,31,73,23,89,5,2711,695,71,20,871,112,201,30,49,11,51,7,2110,519,39,13,523,69,89,25,20,3,23,0,1316,339,21,9,199,35,190,14,23,4,10,0,847,631,60,16,641,55,160,14,28
CED323,5,0,4,4,0,8,0,8,3,65,0,97,4,0,0,0,0,3,0,9,0,20,3,45,0,3,0,3,0,7,0,15,0,25,0,46,0,0,0,0,0,4,0,18,0,15,0,45,3,4,0,4,0,9,0,28,3,76,0,127,3,8,0,8,0,45,0,54,8,56,0,190,10,35,3,21,4,83,3,88,4,93,5,355,18,54,0,68,4,194,0,111,18,102,0,579,62,98,6,211,13,316,9,122,18,139,4,995,98,88,8,369,24,300,8,89,21,115,0,1131,111,77,3,370,27,269,12,73,9,95,0,1046,210,47,4,383,27,249,8,53,11,66,3,1065,509,99,12,754,83,386,24,63,12,91,3,2034,498,41,7,601,71,128,16,25,9,40,3,1447,406,36,5,335,40,77,6,14,7,18,0,953,236,22,3,155,27,142,0,12,11,18,0,628,598,47,9,560,44,177,14,32
CED324,3,0,0,3,0,4,0,0,3,108,0,120,0,0,0,0,0,7,0,5,0,33,0,52,0,10,0,0,0,5,0,23,6,53,0,101,0,0,0,0,0,8,0,26,0,23,0,61,0,12,0,5,0,20,0,43,6,122,0,208,0,9,3,13,0,68,3,94,8,96,3,294,7,26,0,28,0,133,0,101,13,156,5,470,17,78,4,56,5,252,13,124,8,155,0,712,58,93,0,172,8,382,12,130,17,222,10,1100,114,87,7,304,33,380,13,96,18,154,4,1219,111,59,6,327,29,376,12,69,20,108,0,1116,192,67,12,370,34,314,15,63,4,117,4,1182,547,126,17,816,101,593,23,91,20,173,3,2512,598,75,13,856,106,215,19,52,14,72,0,2039,505,53,13,604,74,122,14,28,9,49,0,1463,401,32,4,281,54,318,5,28,12,42,0,1178,1060,63,11,967,111,356,25,57
CED325,3,0,0,4,0,5,0,8,6,100,0,121,0,0,0,0,0,3,0,11,0,25,3,46,0,3,0,7,0,8,0,13,4,55,0,87,0,0,0,0,0,6,0,16,0,31,0,61,6,9,0,5,0,20,0,47,7,157,0,245,0,9,0,3,0,64,0,93,21,139,3,339,11,23,0,17,0,137,3,102,13,187,0,503,25,53,4,69,5,272,3,151,26,240,4,856,61,74,8,187,15,517,17,167,32,221,7,1310,183,103,8,352,49,588,23,144,35,181,9,1673,185,84,10,429,46,565,17,88,22,121,8,1584,280,76,14,508,49,442,10,53,20,102,3,1552,1026,98,33,1038,151,634,33,100,40,114,9,3282,874,80,17,901,140,240,27,46,12,63,0,2393,719,31,21,555,91,136,17,20,4,36,3,1635,486,12,5,243,54,193,7,13,6,24,0,1042,869,29,20,600,77,184,25,21
CED326,4,0,0,3,0,3,0,0,0,41,0,54,0,0,0,0,0,0,0,0,3,17,0,21,3,0,0,0,0,7,0,9,0,18,0,37,0,0,0,0,0,3,0,14,0,9,0,26,3,5,0,4,0,4,0,15,3,64,0,100,5,10,0,12,0,23,0,45,9,51,0,158,7,15,0,13,4,76,7,87,5,124,4,335,6,33,4,52,8,198,7,106,24,160,0,597,34,54,3,160,14,464,14,130,24,185,9,1085,130,74,11,388,38,516,18,101,31,165,5,1468,172,71,14,512,44,514,19,99,30,114,0,1570,294,54,11,569,58,437,24,51,20,117,4,1628,853,97,37,1113,134,636,37,91,43,109,3,3160,834,64,27,844,134,235,29,47,20,48,3,2287,697,37,12,531,94,106,25,29,8,40,4,1584,395,13,3,221,47,195,5,27,9,18,0,928,696,36,17,511,64,180,24,21
CED327,8,0,0,4,0,5,0,8,0,128,3,155,3,4,0,0,0,4,0,6,3,48,0,72,0,3,0,3,0,7,0,23,7,56,0,97,0,0,0,0,0,8,0,25,0,38,0,69,4,4,0,3,0,18,0,57,9,210,0,301,4,9,0,8,4,63,3,94,20,164,3,375,11,31,0,28,3,184,5,131,8,215,0,624,28,57,3,70,4,438,8,176,28,287,7,1110,53,98,0,254,22,759,13,212,52,297,9,1772,225,123,14,506,43,723,25,189,40,220,7,2119,240,81,7,538,50,604,25,115,37,147,0,1847,372,71,10,547,71,461,22,96,30,147,9,1832,1073,137,41,1155,141,694,37,113,32,181,9,3615,937,54,25,861,120,272,31,53,21,77,0,2452,628,44,15,417,78,123,22,16,10,37,0,1384,433,16,9,179,41,159,7,17,3,17,0,888,522,21,14,346,44,174,9,23
CED328,7,0,0,0,0,7,0,3,4,57,0,72,3,3,0,0,0,0,0,7,0,5,0,19,0,0,0,0,0,3,0,7,0,13,0,27,0,0,0,0,0,3,0,17,0,11,0,31,0,7,0,3,0,7,0,24,3,30,0,73,0,4,0,4,0,14,0,23,8,48,0,102,3,16,0,21,3,31,0,42,3,51,0,175,17,23,3,23,0,85,0,66,13,75,0,304,20,47,5,86,5,182,10,72,5,98,0,530,43,55,3,170,17,233,3,65,13,90,0,694,67,43,3,228,27,281,9,62,17,76,0,804,96,39,0,275,36,320,7,50,7,56,0,897,356,85,5,791,76,650,28,74,30,124,0,2227,513,85,17,992,116,240,21,56,12,65,0,2133,670,53,16,785,88,119,29,36,4,42,0,1837,567,38,3,338,98,536,6,35,26,37,3,1685,1847,97,22,1979,194,719,33,104
CED329,3,3,3,4,0,4,0,3,0,24,0,50,3,0,0,3,0,3,0,0,0,9,0,29,3,4,0,3,0,4,0,3,4,22,0,42,3,0,0,0,0,3,0,3,0,14,0,28,3,5,0,8,0,7,3,29,0,83,3,135,9,10,0,17,0,35,6,42,7,105,0,225,27,44,4,40,4,66,3,71,19,230,0,511,39,42,4,91,9,178,11,143,21,255,6,782,78,98,6,227,12,322,18,169,25,285,5,1247,129,107,6,376,26,329,17,126,19,184,8,1324,137,85,6,383,38,267,17,83,9,102,3,1137,175,60,10,445,19,206,17,51,13,80,3,1085,451,78,21,685,69,242,23,75,23,81,5,1749,379,47,9,439,53,113,19,20,10,33,4,1128,278,25,3,250,27,54,7,9,3,21,3,681,173,9,5,98,10,77,0,4,6,7,0,388,218,34,11,238,18,67,15,20
CED330,6,3,3,3,0,9,0,9,0,41,0,70,6,0,0,0,0,0,0,8,0,11,0,28,4,7,0,3,0,3,0,4,0,17,0,40,0,0,0,0,0,5,0,5,0,12,0,27,8,10,0,5,0,11,3,21,7,70,0,133,10,10,0,21,3,38,4,41,3,70,0,188,19,19,0,33,4,64,4,66,11,133,3,342,24,51,0,60,13,201,3,112,21,174,4,672,69,92,6,218,13,400,8,141,28,233,8,1225,150,87,10,444,38,447,16,112,32,178,4,1522,209,77,11,548,50,471,20,77,30,101,3,1600,314,66,18,628,34,390,11,50,25,94,6,1645,881,113,32,1197,145,584,33,83,31,101,7,3205,870,71,28,928,125,215,31,34,15,46,3,2347,659,38,17,509,79,88,20,18,13,25,3,1467,433,29,10,215,40,143,7,14,10,14,0,915,636,39,11,430,36,174,11,30
CED394,0,0,0,0,0,0,0,0,0,0,0,0,0,0,0,0,0,0,0,0,0,0,0,0,0,0,0,0,0,0,0,0,0,0,0,0,0,0,0,0,0,0,0,0,0,0,0,0,0,0,0,0,0,0,0,0,0,0,0,0,0,0,0,0,0,0,0,0,0,0,0,0,0,0,0,0,0,0,0,0,0,0,0,0,0,0,0,0,0,0,0,0,0,0,0,0,0,0,0,0,0,0,0,0,0,0,0,0,0,0,0,0,0,0,0,0,0,0,0,0,0,0,0,0,0,0,0,0,0,0,0,0,0,0,0,0,0,0,0,0,0,0,0,0,0,0,0,0,0,0,0,0,0,0,0,0,0,0,0,0,0,0,0,0,0,0,0,0,0,0,0,0,0,0,0,0,0,0,0,0,0,0,0,0,0,0,0,0,0,0,0,0,0,0,0,0,0,0,0,0
CED397,0,0,0,0,0,0,0,0,0,0,0,0,0,0,0,0,0,0,0,0,0,0,0,0,0,0,0,0,0,0,0,0,0,0,0,0,0,0,0,0,0,0,0,0,0,0,0,0,0,0,0,0,0,0,0,0,0,0,0,0,0,0,0,0,0,0,0,0,0,0,0,0,0,0,0,0,0,0,0,0,0,0,0,0,0,0,0,0,0,0,0,0,0,0,0,0,0,0,0,0,0,0,0,0,0,0,0,0,0,0,0,0,0,0,0,0,0,0,0,0,0,0,0,0,0,0,0,0,0,0,0,0,0,0,0,0,0,0,0,0,0,0,0,0,0,0,0,0,0,0,0,0,0,0,0,0,0,0,0,0,0,0,0,0,0,0,0,0,0,0,0,0,0,0,0,0,0,0,0,0,0,0,0,0,0,0,0,0,0,0,0,0,0,0,0,0,0,0,0,0
CED401,0,0,0,0,3,3,0,3,3,112,3,125,3,0,0,3,0,4,0,5,3,27,0,42,0,8,0,0,0,3,0,11,4,44,3,76,0,0,0,0,0,11,0,21,0,24,0,55,0,3,0,5,0,14,0,47,4,82,0,154,7,10,3,10,0,45,0,72,6,110,3,264,13,40,0,23,4,85,3,112,8,106,0,383,17,46,4,43,6,173,4,128,15,114,0,553,37,96,6,155,17,299,9,114,17,144,0,899,79,94,5,270,16,262,12,86,17,122,4,968,86,74,6,274,9,272,5,61,12,93,3,894,139,66,6,330,28,212,8,43,8,71,3,911,383,100,11,742,89,394,17,94,17,101,3,1961,372,70,18,777,93,168,22,45,12,45,0,1625,423,59,13,558,77,75,15,23,6,23,0,1273,346,30,5,307,43,274,10,22,9,16,0,1055,1103,107,28,1312,136,380,27,47
CED402,15,0,0,14,0,4,0,4,0,30,3,66,6,5,0,8,0,4,0,3,0,12,0,41,9,3,0,8,0,15,0,10,0,12,0,54,4,0,0,0,0,3,0,3,0,3,0,18,10,10,0,16,3,9,0,32,6,78,0,168,20,9,3,24,0,41,3,46,10,76,4,227,17,33,3,51,5,126,3,65,8,139,3,463,41,48,9,145,10,246,14,121,18,168,4,812,84,86,19,352,28,415,17,127,37,156,6,1335,164,82,20,624,53,344,26,89,26,106,8,1531,211,74,17,637,49,295,24,54,20,64,6,1458,229,77,8,619,45,213,13,37,9,52,3,1302,642,84,30,1032,106,228,28,47,16,45,7,2272,451,48,13,635,69,110,23,20,4,23,4,1393,311,19,4,306,25,36,11,7,0,10,0,736,176,7,0,96,21,35,0,7,3,6,3,356,283,18,9,211,26,59,11,6
CED403,3,3,0,0,0,0,0,4,0,42,0,54,0,0,0,3,0,0,0,14,0,18,0,35,0,0,0,0,0,3,0,22,0,21,0,44,0,0,0,0,0,0,0,13,0,14,0,31,4,8,0,3,0,3,0,22,0,54,0,98,0,8,0,7,0,19,0,61,5,60,0,165,9,25,0,18,0,54,3,57,3,94,3,267,12,38,0,34,5,107,0,112,9,87,3,419,31,72,9,142,9,242,9,115,10,123,0,770,66,102,4,288,27,248,19,84,9,134,0,991,75,80,16,390,24,286,16,93,13,119,0,1109,122,95,9,498,33,282,16,62,7,90,3,1215,506,128,25,1210,125,447,33,82,24,107,0,2693,579,99,28,1180,128,193,35,51,14,67,3,2375,554,47,14,819,102,106,23,27,3,33,3,1729,426,27,3,344,55,186,13,13,10,9,0,1096,925,86,20,1010,91,298,33,33
CED404,13,3,0,13,0,6,0,0,0,9,0,39,3,0,0,3,0,5,0,3,0,21,0,31,3,3,0,4,0,3,0,9,0,20,0,48,0,0,0,7,0,3,0,3,3,8,0,21,13,7,3,10,0,14,0,18,3,116,3,191,5,12,0,18,0,34,0,40,7,89,0,206,20,33,4,42,0,59,0,82,5,179,6,441,45,43,0,96,10,168,7,104,16,189,4,688,58,86,15,267,29,274,11,113,28,198,4,1076,102,83,20,382,39,272,13,79,25,105,3,1113,99,50,5,407,32,241,15,46,14,57,7,977,138,45,9,412,45,204,8,27,12,57,0,962,400,55,22,841,86,340,38,57,30,47,6,1912,371,49,23,625,81,94,25,21,3,15,0,1301,292,17,7,323,32,29,13,7,0,5,3,741,176,11,3,104,22,91,4,3,4,10,0,427,303,32,4,294,37,62,12,13
CED405,5,0,0,3,0,8,0,5,0,63,0,75,0,0,0,0,0,0,0,3,0,18,0,24,3,0,0,3,0,0,0,13,3,27,3,54,0,0,0,3,0,7,0,10,0,14,0,37,0,3,0,4,0,12,0,42,3,58,0,130,6,10,0,12,0,41,0,70,7,64,0,208,8,39,3,21,0,92,3,75,9,111,5,372,5,53,3,74,7,151,5,120,17,130,0,567,36,97,15,166,8,275,10,123,20,179,4,928,70,82,4,315,23,277,14,90,14,159,0,1060,80,82,12,392,30,266,21,72,16,108,0,1070,139,63,16,430,43,261,20,60,9,82,7,1135,487,87,16,1031,103,415,28,85,25,129,5,2417,499,80,23,1017,121,159,27,28,10,49,0,2018,460,42,9,645,93,81,13,25,7,36,0,1411,335,25,9,282,43,163,7,22,3,26,3,917,704,55,22,720,99,185,22,29
CED406,3,0,3,5,0,5,0,3,0,24,0,45,0,0,0,0,0,0,0,0,0,15,0,26,0,3,0,3,0,4,3,8,0,14,0,42,0,0,0,0,0,3,0,14,3,10,0,20,3,4,0,0,0,7,0,21,0,74,0,122,3,10,0,12,0,24,3,54,10,70,3,180,3,23,0,29,8,80,4,99,16,163,3,414,14,44,3,79,3,228,5,185,14,202,7,776,32,102,14,303,31,486,21,184,23,227,0,1420,87,131,9,601,50,519,28,111,33,172,6,1758,132,93,13,682,51,444,26,95,20,102,3,1664,214,79,19,712,63,315,21,50,30,64,3,1572,707,136,30,1277,164,405,51,82,16,80,7,2946,620,59,34,818,118,145,24,25,4,30,4,1877,391,30,16,434,49,72,13,19,3,13,0,1039,217,8,5,150,25,59,10,4,9,6,0,482,267,15,3,218,32,50,4,10
CED407,4,0,0,3,0,4,0,3,3,54,0,79,3,3,0,5,0,3,0,6,0,19,0,37,0,0,0,7,0,8,0,12,0,27,0,58,0,0,0,0,0,3,0,16,0,23,0,42,3,10,0,4,0,13,0,39,5,94,0,171,0,17,0,11,0,30,0,76,4,93,0,235,9,22,0,22,0,100,8,79,10,123,3,364,12,49,3,82,13,231,11,113,21,161,3,689,38,80,5,219,11,437,12,163,21,210,5,1208,88,102,13,490,42,467,23,130,28,163,6,1539,150,77,16,665,52,404,20,90,23,114,0,1608,259,69,8,658,57,367,16,57,16,95,0,1600,671,120,24,1317,144,521,29,81,18,127,6,3057,674,57,21,1002,128,199,22,39,12,60,0,2224,507,30,13,557,66,83,18,15,0,28,0,1313,348,16,5,228,29,85,8,15,4,6,0,758,505,25,8,388,47,116,16,14
CED408,6,3,0,3,0,6,0,0,0,12,0,29,4,3,0,4,0,3,0,4,0,10,0,29,5,3,0,11,0,0,0,9,0,19,0,47,0,0,0,3,0,0,0,4,0,10,0,12,3,4,0,8,0,3,0,20,3,48,0,87,3,17,0,12,0,13,0,47,8,40,0,152,14,23,0,31,0,46,4,60,5,78,0,272,28,48,5,80,9,121,7,110,16,95,4,523,62,114,13,238,20,288,25,126,21,147,6,1057,83,124,15,448,53,305,13,97,13,114,3,1266,106,79,16,461,52,283,20,79,8,66,7,1176,161,95,16,565,35,272,16,55,12,46,0,1269,461,114,29,1081,116,388,26,73,23,70,14,2400,508,92,30,871,108,155,29,26,12,39,5,1877,408,43,23,542,43,61,15,10,9,19,0,1175,271,13,18,236,29,154,9,13,7,11,0,770,603,40,18,618,64,161,30,35
CED409,3,0,0,3,0,7,0,3,0,112,4,134,0,0,0,3,0,3,0,3,0,29,0,42,5,0,0,3,0,6,0,25,0,62,4,107,0,0,0,0,0,6,0,20,0,36,0,59,0,9,0,0,0,13,0,57,6,236,3,337,4,12,0,14,0,58,3,92,6,174,4,366,5,43,4,31,6,173,3,150,23,293,3,737,22,71,7,93,11,358,6,221,34,302,8,1131,44,120,11,287,23,554,24,205,40,316,4,1631,161,142,11,516,39,477,22,141,42,241,6,1796,190,95,15,563,48,426,16,102,21,166,3,1646,285,83,15,533,65,335,19,59,12,132,6,1546,759,109,39,1018,129,428,39,79,23,158,4,2779,646,57,18,733,104,184,25,48,15,70,4,1909,422,30,9,364,62,60,15,20,0,36,3,1020,259,11,10,146,29,85,3,12,3,12,0,563,308,15,9,208,23,67,10,14
CED410,6,0,0,5,0,4,0,5,0,84,0,105,3,0,0,3,0,7,0,12,0,19,0,43,0,7,0,5,0,4,0,12,4,24,0,60,0,3,0,0,0,8,0,19,0,17,0,47,3,14,0,4,0,17,0,31,0,77,0,138,7,6,0,9,0,35,0,76,4,79,0,217,7,37,0,28,7,90,6,91,3,115,3,384,17,61,3,57,4,231,3,125,10,138,3,653,47,98,4,200,7,319,10,130,14,176,4,1016,81,95,10,382,24,325,18,83,11,131,0,1163,99,79,7,442,28,306,9,63,4,108,3,1152,163,65,5,466,28,327,3,64,12,81,0,1221,490,136,20,1101,100,460,40,101,17,123,5,2575,494,68,15,956,102,204,29,70,9,62,5,2012,494,56,10,686,94,88,17,24,3,35,3,1515,359,27,8,304,53,207,8,22,3,17,0,1007,944,87,20,1025,105,304,19,44
CED411,5,3,0,3,4,8,0,3,7,75,3,107,3,0,0,5,0,7,0,6,0,19,0,37,5,5,0,5,0,10,0,16,3,36,0,73,0,0,0,0,0,8,0,13,0,27,0,49,4,9,0,9,0,11,0,36,0,236,0,308,7,12,0,7,3,43,5,84,4,174,0,342,11,18,0,28,3,130,3,115,16,305,3,627,30,37,3,86,6,300,6,182,40,305,0,1009,56,100,9,300,24,596,24,188,28,318,10,1646,138,108,10,565,51,573,19,139,33,194,4,1835,162,71,16,621,54,476,28,75,32,149,4,1693,267,82,14,606,69,381,15,53,24,99,3,1613,670,115,32,1081,128,437,44,73,22,98,10,2719,578,39,15,648,85,152,20,29,13,48,0,1627,389,23,19,380,47,69,20,17,3,20,3,982,241,12,11,143,17,55,0,10,7,5,0,499,319,6,5,229,30,59,11,10
CED494,0,0,0,0,0,0,0,0,0,0,0,0,0,0,0,0,0,0,0,0,0,0,0,0,0,0,0,0,0,0,0,0,0,0,0,0,0,0,0,0,0,0,0,0,0,0,0,0,0,0,0,0,0,0,0,0,0,0,0,0,0,0,0,0,0,0,0,0,0,0,0,0,0,0,0,0,0,0,0,0,0,0,0,0,0,0,0,0,0,0,0,0,0,0,0,0,0,0,0,0,0,0,0,0,0,0,0,0,0,0,0,0,0,0,0,0,0,0,0,0,0,0,0,0,0,0,0,0,0,0,0,0,0,0,0,0,0,0,0,0,0,0,0,0,0,0,0,0,0,0,0,0,0,0,0,0,0,0,0,0,0,0,0,0,0,0,0,0,0,0,0,0,0,0,0,0,0,0,0,0,0,0,0,0,0,0,0,0,0,0,0,0,0,0,0,0,0,0,0,0
CED497,0,0,0,0,0,0,0,0,0,0,0,0,0,0,0,0,0,0,0,0,0,0,0,0,0,0,0,0,0,0,0,0,0,0,0,0,0,0,0,0,0,0,0,0,0,0,0,0,0,0,0,0,0,0,0,0,0,0,0,0,0,0,0,0,0,0,0,0,0,0,0,0,0,0,0,0,0,0,0,0,0,0,0,0,0,0,0,0,0,0,0,0,0,0,0,0,0,0,0,0,0,0,0,0,0,0,0,0,0,0,0,0,0,0,0,0,0,0,0,0,0,0,0,0,0,0,0,0,0,0,0,0,0,0,0,0,0,0,0,0,0,0,0,0,0,0,0,0,0,0,0,0,0,0,0,0,0,0,0,0,0,0,0,0,0,0,0,0,0,0,0,0,0,0,0,0,0,0,0,0,0,0,0,0,0,0,0,0,0,0,0,0,0,0,0,0,0,0,0,0
CED501,3,3,0,0,0,8,0,3,4,51,0,84,3,3,0,0,0,0,0,4,0,19,0,25,0,3,0,3,0,5,0,14,0,31,0,50,0,0,0,0,0,0,0,4,0,11,0,29,0,4,0,3,0,10,0,21,4,73,0,124,0,8,0,0,0,35,0,52,16,66,0,186,8,19,0,9,0,64,3,64,7,111,0,287,9,27,0,37,5,197,11,112,16,134,3,547,23,39,9,134,14,483,14,134,36,164,0,1042,61,73,8,332,30,542,18,107,25,132,3,1338,85,44,11,455,30,614,20,83,34,105,3,1495,160,50,12,529,55,575,12,75,38,69,3,1578,610,90,22,1122,124,1074,49,104,71,121,5,3387,592,56,21,1031,108,296,38,56,38,41,8,2283,544,37,12,489,100,152,16,15,9,18,0,1389,371,12,11,221,43,346,6,19,34,16,3,1077,678,38,30,588,91,263,39,53
CED502,9,3,0,4,0,7,0,4,0,121,0,147,0,0,0,3,0,0,0,9,0,28,0,38,0,0,0,8,3,5,0,21,0,45,0,85,0,0,0,0,0,5,0,21,0,26,0,57,0,4,0,6,0,21,0,48,8,135,0,224,7,19,0,10,0,56,0,84,10,125,3,315,9,20,0,15,3,147,0,97,12,173,3,488,15,46,3,52,0,300,12,148,21,168,4,772,28,91,5,192,17,639,18,193,34,182,0,1401,93,121,17,429,34,706,11,158,38,189,4,1788,135,80,12,523,30,698,17,110,33,133,8,1776,180,67,12,564,58,575,12,68,29,111,0,1674,761,143,21,1219,120,1118,45,114,43,138,8,3737,785,63,26,998,118,320,34,72,17,63,4,2490,589,48,10,554,92,154,25,39,13,34,3,1545,408,21,11,244,45,326,5,29,21,26,6,1139,760,42,17,616,86,248,23,35
CED503,3,0,0,6,0,6,0,0,3,50,0,73,3,0,0,4,0,0,0,9,0,14,0,38,3,0,0,6,0,0,0,10,3,23,0,39,0,0,0,0,0,5,0,11,3,13,0,37,0,5,0,3,0,9,6,24,0,74,0,122,3,10,0,9,0,20,0,36,3,62,0,140,6,11,0,16,0,51,0,50,11,97,0,240,10,25,0,35,4,139,0,98,19,136,0,464,25,43,3,143,10,268,12,121,14,155,3,805,59,66,3,247,24,361,15,96,29,94,3,999,70,55,4,306,24,393,8,67,21,64,3,1021,110,51,3,379,28,395,7,49,33,53,3,1113,379,80,25,915,77,744,34,71,74,92,0,2497,423,63,16,872,72,235,37,44,12,34,3,1807,374,30,8,483,53,112,24,22,13,22,0,1137,293,21,7,244,31,299,11,28,32,15,0,977,637,55,18,614,74,263,39,37
CED504,3,4,0,0,0,14,0,7,3,95,0,126,0,0,0,0,0,4,0,6,0,26,0,43,0,5,0,8,0,6,0,18,8,47,0,92,0,0,0,0,0,5,0,20,4,22,0,52,0,3,3,4,0,18,3,26,6,113,0,174,5,12,0,7,0,45,4,72,12,100,4,258,10,35,0,20,0,118,3,96,6,164,3,456,20,51,8,54,6,242,3,132,12,176,4,712,48,110,3,208,14,433,10,145,29,166,0,1165,96,107,5,390,34,457,13,110,21,165,3,1410,132,84,16,483,46,498,24,86,24,110,3,1499,178,88,10,597,46,423,19,69,28,108,3,1568,678,122,30,1237,116,785,40,118,19,140,9,3299,657,83,23,1082,101,290,41,57,12,68,9,2424,581,50,19,620,77,153,21,36,11,36,0,1606,368,18,10,294,46,253,15,22,17,23,0,1066,661,29,21,617,83,230,23,32
CED505,9,0,0,3,0,8,0,7,0,50,0,81,0,0,0,0,0,3,0,3,0,14,0,23,0,0,0,0,0,0,0,11,0,20,0,27,0,0,0,3,0,4,0,9,0,8,0,25,4,0,0,3,0,5,0,12,8,26,0,54,3,3,0,5,0,6,0,21,0,32,0,81,6,20,0,7,0,23,3,37,3,41,0,140,10,28,3,20,0,60,0,37,0,34,0,199,12,42,0,56,0,99,0,64,5,59,0,344,21,52,3,107,8,117,0,51,5,53,0,417,25,16,3,113,11,156,3,37,3,45,0,415,55,40,3,166,9,207,5,43,7,27,0,555,156,84,10,417,30,465,9,80,17,58,0,1321,193,82,8,620,53,159,17,62,6,67,4,1270,245,46,10,518,45,96,16,45,7,23,0,1059,252,51,9,307,62,873,11,47,35,50,0,1679,1671,212,35,2811,239,1223,46,179
CED506,11,0,0,11,3,6,0,3,3,23,0,65,4,0,0,5,0,5,0,3,0,23,0,41,0,0,0,3,0,6,0,7,4,48,0,75,0,0,0,3,0,3,0,6,0,25,0,34,17,8,0,3,0,9,0,29,3,185,0,248,13,10,3,13,0,35,4,32,6,131,3,249,17,18,0,21,3,72,3,41,8,216,3,398,28,26,5,50,3,145,3,63,15,157,6,495,50,49,6,126,19,261,10,83,27,142,4,762,77,51,14,242,20,269,12,61,19,81,3,849,81,36,12,301,25,306,18,39,25,48,3,887,153,18,14,378,20,311,16,29,18,34,4,1007,463,83,21,754,80,808,30,68,84,68,13,2473,501,51,33,807,92,196,39,27,28,14,0,1780,495,39,20,458,88,84,29,9,11,9,0,1248,349,10,14,177,65,464,16,18,31,16,6,1171,913,61,40,847,145,325,42,32
CED507,7,3,0,3,0,0,0,4,3,20,0,46,0,4,0,4,0,0,0,7,0,16,0,28,0,7,0,3,0,5,0,7,3,22,0,51,3,0,0,0,0,3,0,3,0,10,0,26,5,6,0,7,0,6,4,17,0,60,0,109,4,7,3,16,0,20,0,38,8,38,0,134,19,25,0,25,3,43,3,80,9,96,5,299,24,36,6,60,3,142,9,111,8,97,0,492,32,86,4,185,14,319,8,119,22,88,3,882,65,97,8,366,26,364,25,73,24,70,4,1121,70,98,4,460,34,416,15,76,34,64,5,1284,159,78,15,522,33,377,19,57,22,51,4,1336,414,110,27,1036,92,649,49,69,53,73,7,2581,423,84,27,925,79,177,45,37,12,33,3,1858,373,35,17,515,71,79,25,23,10,11,3,1162,232,13,3,214,40,222,8,17,27,29,0,806,437,44,29,571,28,154,37,29
CED508,0,0,0,3,0,4,0,3,0,58,0,65,3,0,0,3,0,3,0,8,0,18,0,33,3,0,0,6,0,0,0,16,0,24,0,50,0,0,0,0,0,0,0,13,0,15,0,24,3,7,0,3,0,0,0,24,3,47,0,91,0,6,0,8,0,30,0,44,4,46,0,131,4,15,0,23,0,48,4,54,3,96,0,254,7,27,0,33,0,121,3,69,7,100,7,374,30,44,0,129,5,274,5,96,22,118,3,721,61,58,0,257,14,321,8,75,19,98,3,916,66,69,6,335,19,340,8,62,26,79,3,1027,98,55,11,431,40,374,4,48,20,67,0,1156,396,121,11,1048,96,772,34,100,37,100,0,2703,475,85,29,1084,108,261,31,57,22,55,3,2213,487,63,17,753,93,135,27,36,11,28,0,1633,375,36,12,330,62,440,10,32,22,27,3,1351,903,73,28,1150,140,392,41,48
CED509,4,0,3,4,0,3,0,3,6,52,5,77,0,0,0,0,0,4,0,6,0,24,0,36,0,0,0,0,0,9,0,9,0,27,0,49,0,3,0,0,0,5,0,12,3,21,0,46,0,4,0,3,0,4,0,32,0,83,3,127,0,3,0,4,0,24,0,39,10,60,0,149,6,25,0,11,0,65,5,67,13,90,0,281,16,23,3,49,3,197,3,84,22,103,4,510,20,64,3,155,11,362,8,111,25,157,4,920,51,59,3,254,19,391,4,95,19,134,3,1049,85,71,9,397,38,433,12,63,18,103,3,1227,166,59,6,458,39,381,11,62,26,84,7,1291,465,93,14,965,82,726,32,108,52,126,11,2677,511,75,15,872,91,251,37,58,22,63,4,1993,403,44,9,534,79,127,19,21,9,22,3,1270,316,16,12,261,42,290,11,21,12,15,0,1000,688,61,26,677,85,283,32,45
CED510,3,0,0,4,0,8,0,4,0,45,0,66,0,0,0,0,0,0,0,4,0,18,0,20,0,0,0,5,0,0,0,12,0,15,0,28,0,0,0,0,0,0,0,7,0,14,0,27,3,0,0,0,0,3,0,23,0,31,0,65,7,0,0,6,0,10,0,31,3,35,0,95,0,4,0,7,0,23,3,49,9,45,0,147,5,21,0,19,3,68,3,55,4,77,0,254,13,37,0,89,4,175,4,79,15,87,3,513,45,65,4,175,14,246,5,74,11,108,0,749,48,51,4,302,18,307,8,78,13,75,4,928,65,52,13,394,29,341,17,53,16,58,0,1037,334,124,12,1109,87,828,36,114,39,115,3,2798,492,96,25,1402,96,299,33,81,17,57,3,2602,579,54,12,947,83,153,37,35,6,43,0,1962,487,34,14,461,72,608,14,32,27,34,0,1783,1284,99,36,1783,158,608,59,90
CED511,9,3,0,9,0,3,3,3,0,14,0,44,6,0,0,4,0,6,0,6,0,6,0,32,0,3,0,3,0,3,0,7,0,22,0,43,0,0,0,4,0,4,0,4,0,9,0,28,6,0,0,14,0,11,0,23,4,85,0,160,12,12,0,22,8,29,0,19,6,77,4,192,17,15,0,34,7,64,3,70,10,130,9,362,39,41,6,97,7,156,3,88,21,118,0,572,63,62,4,249,14,289,18,113,28,135,9,979,85,79,16,337,21,362,18,78,17,85,3,1099,99,58,14,374,27,363,14,69,26,48,5,1100,143,39,17,449,25,342,16,43,23,56,8,1154,440,80,18,867,74,628,32,67,44,55,8,2329,439,60,29,861,91,165,37,25,16,20,3,1744,404,38,19,463,64,72,16,17,6,13,0,1103,266,7,10,175,41,200,3,14,18,12,0,752,562,29,29,579,72,141,20,16
CED512,7,3,0,8,0,8,0,3,8,66,0,93,3,4,3,7,0,0,0,6,0,20,0,45,5,0,0,7,0,12,0,5,0,37,0,66,0,0,0,3,0,7,0,7,0,18,0,39,10,6,0,6,0,11,3,24,3,69,0,131,3,4,0,7,3,53,0,56,9,82,0,220,13,25,0,29,0,78,5,72,13,114,3,346,13,41,3,54,0,207,10,108,24,117,3,590,34,67,10,199,23,481,11,131,25,154,3,1135,115,105,15,418,35,587,30,130,33,118,3,1590,131,82,14,576,37,605,28,83,41,80,8,1680,210,78,20,656,65,541,24,96,41,76,8,1813,829,154,37,1435,172,1019,51,95,75,93,3,3966,773,76,31,1219,141,300,52,55,22,27,10,2714,684,52,25,666,85,131,27,26,12,26,0,1726,426,28,16,280,52,399,17,25,34,30,3,1299,779,61,24,753,85,261,39,31
CED513,6,0,0,4,0,8,0,8,0,65,0,89,0,0,0,3,0,3,0,3,0,19,0,31,3,0,0,0,0,4,0,11,0,28,0,54,0,0,0,0,0,0,0,13,0,20,0,28,3,3,0,0,0,7,3,24,0,48,0,99,0,7,0,11,0,24,0,36,0,56,0,135,3,12,0,17,0,60,0,72,13,61,0,237,11,38,0,46,3,149,3,81,6,95,0,428,34,53,3,95,7,231,11,82,10,124,3,648,41,50,7,178,13,239,11,62,10,102,3,715,34,56,10,210,19,264,7,60,20,71,0,753,105,42,3,267,22,252,13,43,13,69,0,826,306,85,8,673,59,597,15,79,31,101,0,1961,343,64,11,707,75,189,24,40,9,46,3,1521,326,48,19,562,95,107,11,23,9,33,0,1224,297,22,10,256,65,395,10,31,21,34,3,1143,920,98,28,1248,165,430,36,47
CED514,3,0,0,7,0,5,4,12,0,103,0,131,0,0,0,0,0,3,0,11,0,23,0,45,0,3,0,0,0,6,0,23,0,40,0,70,0,3,0,0,0,11,0,15,3,18,0,50,0,3,0,3,0,7,3,26,0,118,0,170,3,12,3,3,0,50,0,68,4,110,0,259,4,29,3,21,0,100,0,103,13,135,0,411,13,34,3,45,3,225,3,108,12,126,6,577,26,79,4,149,16,345,15,117,18,155,3,926,66,84,7,254,19,340,10,85,20,145,4,1021,85,54,11,316,22,314,8,70,22,102,5,1004,124,54,8,323,29,289,3,57,18,82,4,985,339,107,14,767,75,572,32,101,22,119,7,2161,354,54,23,777,75,186,30,45,9,51,0,1611,316,41,10,599,77,94,16,35,10,37,0,1229,244,22,10,270,56,364,11,27,12,28,0,1034,858,88,18,1083,149,415,29,68
CED515,7,3,3,10,0,11,0,8,4,103,0,134,0,3,0,0,0,3,0,3,0,15,0,31,0,5,0,4,0,4,0,16,0,42,5,77,0,0,0,0,0,3,0,19,0,17,0,46,5,8,0,3,0,11,0,51,3,97,0,181,0,13,0,10,0,35,0,81,5,78,0,220,5,25,0,13,0,81,3,66,9,112,0,321,10,43,0,47,6,221,6,90,15,123,0,560,22,58,4,129,11,359,4,123,27,122,3,862,51,69,3,208,16,316,17,77,14,111,0,890,76,51,3,271,26,377,13,61,17,99,3,980,136,53,3,308,19,332,15,54,21,87,0,1023,396,77,15,642,69,664,30,79,29,103,4,2102,370,69,15,641,64,197,22,39,6,54,4,1483,340,48,13,513,59,116,13,31,3,38,0,1176,300,26,3,210,65,401,9,24,21,34,0,1083,842,65,21,962,111,376,21,81
CED516,4,0,0,8,0,10,0,3,0,87,0,112,0,0,0,0,0,3,0,4,0,21,0,29,4,0,0,0,0,3,0,18,0,34,0,65,0,0,0,0,0,5,0,12,0,17,0,42,0,0,0,3,0,8,0,25,4,42,0,81,0,11,0,5,0,27,0,48,4,77,0,177,4,13,3,12,0,51,0,71,7,75,0,239,15,41,0,33,0,107,0,94,13,81,3,381,29,66,0,104,3,238,4,92,17,111,0,670,44,58,0,181,8,250,5,90,10,90,0,745,63,62,0,212,12,291,15,78,16,101,0,848,81,63,4,285,22,293,11,57,5,93,3,909,278,88,9,751,59,730,27,104,31,144,4,2213,385,73,12,937,58,273,20,74,17,88,0,1931,414,61,11,660,57,149,16,41,5,57,0,1466,385,43,8,378,50,577,15,55,15,62,0,1578,1305,116,24,1763,144,656,40,112
CED594,0,0,0,0,0,0,0,0,0,0,0,0,0,0,0,0,0,0,0,0,0,0,0,0,0,0,0,0,0,0,0,0,0,0,0,0,0,0,0,0,0,0,0,0,0,0,0,0,0,0,0,0,0,0,0,0,0,0,0,0,0,0,0,0,0,0,0,0,0,0,0,0,0,0,0,0,0,0,0,0,0,0,0,0,0,0,0,0,0,0,0,0,0,0,0,0,0,0,0,0,0,0,0,0,0,0,0,0,0,0,0,0,0,0,0,0,0,0,0,0,0,0,0,0,0,0,0,0,0,0,0,0,0,0,0,0,0,0,0,0,0,0,0,0,0,0,0,0,0,0,0,0,0,0,0,0,0,0,0,0,0,0,0,0,0,0,0,0,0,0,0,0,0,0,0,0,0,0,0,0,0,0,0,0,0,0,0,0,0,0,0,0,0,0,0,0,0,0,0,0
CED597,0,0,0,0,0,0,0,0,0,0,0,0,0,0,0,0,0,0,0,0,0,0,0,0,0,0,0,0,0,0,0,0,0,0,0,0,0,0,0,0,0,0,0,0,0,0,0,0,0,0,0,0,0,0,0,0,0,0,0,0,0,0,0,0,0,0,0,0,0,0,0,0,0,0,0,0,0,0,0,0,0,0,0,0,0,0,0,0,0,0,0,0,0,0,0,0,0,0,0,0,0,0,0,0,0,0,0,0,0,0,0,0,0,0,0,0,0,0,0,0,0,0,0,0,0,0,0,0,0,0,0,0,0,0,0,0,0,0,0,0,0,0,0,0,0,0,0,0,0,0,0,0,0,0,0,0,0,0,0,0,0,0,0,0,0,0,0,0,0,0,0,0,0,0,0,0,0,0,0,0,0,0,0,0,0,0,0,0,0,0,0,0,0,0,0,0,0,0,0,0
CED601,3,3,0,0,0,0,0,0,3,21,0,28,0,0,0,3,0,4,0,3,0,10,0,22,0,0,0,0,0,0,0,4,3,16,0,30,0,0,0,0,0,0,0,4,0,8,0,21,3,3,0,3,0,6,0,15,0,84,0,120,0,4,0,3,0,15,0,43,5,72,0,148,7,21,0,23,0,59,0,69,5,150,6,346,10,31,3,59,7,142,9,97,12,131,7,508,31,66,4,178,15,274,12,88,17,133,10,820,53,72,15,329,25,252,15,53,24,96,7,942,73,56,8,374,33,221,17,36,17,53,3,882,131,51,0,394,31,168,11,34,10,48,4,872,356,71,13,692,68,209,26,39,7,47,9,1528,310,33,17,532,59,72,17,12,5,18,4,1073,240,15,6,241,33,26,12,11,3,12,0,589,140,3,3,95,22,35,4,6,4,3,0,315,197,19,4,247,22,63,7,5
CED602,3,0,0,3,0,0,0,0,0,12,0,24,3,0,0,3,0,3,0,3,0,7,0,21,0,0,0,4,0,0,0,6,0,12,0,22,0,0,0,0,0,0,0,0,0,0,0,6,3,3,0,7,0,4,0,18,3,66,0,99,3,12,0,4,0,17,3,35,7,68,6,157,4,20,0,17,0,39,6,57,7,117,4,265,14,41,3,56,6,147,11,94,14,133,4,525,32,57,4,219,17,255,13,116,18,160,6,903,81,64,4,339,36,267,8,70,23,90,3,989,90,48,9,350,27,184,16,48,12,57,3,847,110,44,4,355,31,156,16,28,12,35,8,805,353,42,16,638,73,216,15,30,22,37,6,1449,282,23,16,397,45,74,16,15,3,15,4,875,185,12,8,220,20,28,4,7,0,9,0,498,105,6,4,68,20,49,3,7,4,0,0,267,153,5,5,145,18,35,6,3
CED603,0,0,0,0,0,0,0,0,0,36,0,34,0,0,0,0,0,0,0,0,0,4,0,9,0,0,0,0,0,0,0,6,4,17,0,30,0,3,0,0,0,3,0,5,0,8,0,22,0,6,0,0,0,4,0,13,0,62,0,88,3,11,0,4,0,19,0,37,3,74,0,159,5,16,0,11,3,46,5,54,10,77,0,230,10,29,5,35,7,98,6,72,10,83,0,362,13,68,7,124,13,181,14,88,10,105,0,626,59,79,3,230,23,175,14,73,16,80,0,749,66,50,3,217,22,169,9,39,8,49,0,642,108,50,6,274,24,156,11,37,6,47,3,719,307,102,9,608,70,194,27,42,15,58,3,1438,315,56,12,497,72,90,15,15,4,34,5,1115,240,49,8,345,39,33,15,14,4,10,3,759,214,12,3,168,32,87,3,10,0,9,0,538,402,49,14,498,42,115,3,20
CED604,0,0,0,4,0,3,0,0,0,17,0,27,0,3,0,5,0,0,0,0,0,8,0,14,0,0,0,3,0,0,0,0,0,4,0,17,0,0,0,0,0,4,0,7,0,4,0,13,3,4,0,0,0,3,0,12,0,35,0,61,0,3,0,12,0,10,3,43,3,53,0,126,7,21,0,19,3,42,4,58,0,80,0,227,13,32,0,48,5,110,10,95,17,114,4,446,32,77,0,143,14,218,14,90,16,108,3,723,60,76,4,321,24,226,15,85,15,102,6,936,92,65,3,416,42,218,16,51,8,56,4,971,128,56,5,413,35,143,20,34,10,56,3,908,404,124,18,881,107,265,31,71,13,74,4,1993,367,79,17,670,88,106,23,36,7,35,0,1426,327,24,11,406,51,42,11,19,0,17,0,902,249,18,3,179,12,44,7,10,3,3,0,532,343,22,7,317,41,81,10,7
CED605,3,0,0,3,0,3,0,0,0,17,0,28,4,0,0,0,0,0,0,3,0,3,0,19,6,0,0,3,0,5,0,8,0,16,0,32,3,0,0,0,0,0,0,3,0,10,0,19,11,4,4,8,0,9,0,13,8,76,3,139,3,7,0,7,0,19,6,42,4,59,0,157,13,19,3,26,3,46,6,85,12,153,3,370,29,52,0,81,6,162,8,112,35,160,3,644,47,81,7,211,18,303,9,132,17,181,5,1023,96,85,12,369,31,253,19,78,21,123,4,1108,96,59,12,424,38,195,19,51,14,56,4,969,145,47,15,383,37,158,22,24,18,48,4,902,367,59,20,574,62,167,28,38,10,55,7,1402,271,26,13,394,43,65,11,23,3,13,6,874,168,8,9,175,27,24,6,4,3,14,0,442,118,10,3,65,10,30,3,0,3,6,0,242,137,4,5,113,13,27,3,7
CED694,0,0,0,0,0,0,0,0,0,0,0,0,0,0,0,0,0,0,0,0,0,0,0,0,0,0,0,0,0,0,0,0,0,0,0,0,0,0,0,0,0,0,0,0,0,0,0,0,0,0,0,0,0,0,0,0,0,0,0,0,0,0,0,0,0,0,0,0,0,0,0,0,0,0,0,0,0,0,0,0,0,0,0,0,0,0,0,0,0,0,0,0,0,0,0,0,0,0,0,0,0,0,0,0,0,0,0,0,0,0,0,0,0,0,0,0,0,0,0,0,0,0,0,0,0,0,0,0,0,0,0,0,0,0,0,0,0,0,0,0,0,0,0,0,0,0,0,0,0,0,0,0,0,0,0,0,0,0,0,0,0,0,0,0,0,0,0,0,0,0,0,0,0,0,0,0,0,0,0,0,0,0,0,0,0,0,0,0,0,0,0,0,0,0,0,0,0,0,0,0
CED697,0,0,0,0,0,0,0,0,0,0,0,0,0,0,0,0,0,0,0,0,0,0,0,0,0,0,0,0,0,0,0,0,0,0,0,0,0,0,0,0,0,0,0,0,0,0,0,0,0,0,0,0,0,0,0,0,0,0,0,0,0,0,0,0,0,0,0,0,0,0,0,0,0,0,0,0,0,0,0,0,0,0,0,0,0,0,0,0,0,0,0,0,0,0,0,0,0,0,0,0,0,0,0,0,0,0,0,0,0,0,0,0,0,0,0,0,0,0,0,0,0,0,0,0,0,0,0,0,0,0,0,0,0,0,0,0,0,0,0,0,0,0,0,0,0,0,0,0,0,0,0,0,0,0,0,0,0,0,0,0,0,0,0,0,0,0,0,0,0,0,0,0,0,0,0,0,0,0,0,0,0,0,0,0,0,0,0,0,0,0,0,0,0,0,0,0,0,0,0,0
CED701,3,0,0,0,0,8,0,5,3,25,0,41,3,0,3,0,0,12,0,11,0,132,4,161,4,4,0,0,0,11,0,14,5,205,7,254,0,0,0,0,0,10,0,3,0,56,0,72,3,13,10,4,0,38,0,58,11,554,11,698,0,6,3,5,0,60,0,46,4,201,5,341,6,17,3,9,0,85,5,66,8,264,3,470,22,18,0,17,7,132,3,77,17,251,7,550,33,34,10,63,4,136,3,68,8,163,7,529,71,26,7,91,9,171,6,40,14,98,3,521,74,9,3,128,11,151,8,26,12,54,3,491,97,21,9,143,17,146,8,19,5,44,4,525,424,36,19,325,53,275,14,22,21,37,6,1224,439,30,24,330,55,74,17,17,7,10,3,1009,407,27,11,191,56,40,9,8,4,12,3,755,326,13,12,86,32,81,8,6,7,6,0,579,579,24,17,225,73,83,15,10
CED702,4,0,0,0,0,3,0,0,3,22,0,39,0,0,0,3,0,0,0,0,0,8,0,14,0,0,0,4,0,3,0,7,3,6,0,23,0,0,0,0,0,0,0,5,0,3,0,11,0,0,0,0,0,0,0,11,0,31,0,48,3,3,0,0,0,20,0,17,0,31,0,80,4,9,0,9,3,44,0,27,0,50,0,140,3,16,4,17,6,87,3,41,3,48,3,229,25,25,0,68,4,198,0,43,14,56,0,430,53,30,3,111,15,247,5,49,13,42,5,574,86,11,5,170,17,249,0,27,14,44,0,624,151,27,5,211,21,251,7,26,25,30,4,763,572,52,22,451,98,477,20,39,35,59,4,1827,639,32,19,466,76,169,19,22,7,37,3,1485,625,19,22,333,80,89,8,10,6,24,0,1228,507,17,8,140,74,402,8,14,29,11,0,1206,1211,34,42,598,155,239,29,29
CED794,0,0,0,0,0,0,0,0,0,0,0,0,0,0,0,0,0,0,0,0,0,0,0,0,0,0,0,0,0,0,0,0,0,0,0,0,0,0,0,0,0,0,0,0,0,0,0,0,0,0,0,0,0,0,0,0,0,0,0,0,0,0,0,0,0,0,0,0,0,0,0,0,0,0,0,0,0,0,0,0,0,0,0,0,0,0,0,0,0,0,0,0,0,0,0,0,0,0,0,0,0,0,0,0,0,0,0,0,0,0,0,0,0,0,0,0,0,0,0,0,0,0,0,0,0,0,0,0,0,0,0,0,0,0,0,0,0,0,0,0,0,0,0,0,0,0,0,0,0,0,0,0,0,0,0,0,0,0,0,0,0,0,0,0,0,0,0,0,0,0,0,0,0,0,0,0,0,0,0,0,0,0,0,0,0,0,0,0,0,0,0,0,0,0,0,0,0,0,0,0
CED797,0,0,0,0,0,0,0,0,0,0,0,0,0,0,0,0,0,0,0,0,0,0,0,0,0,0,0,0,0,0,0,0,0,0,0,0,0,0,0,0,0,0,0,0,0,0,0,0,0,0,0,0,0,0,0,0,0,0,0,0,0,0,0,0,0,0,0,0,0,0,0,0,0,0,0,0,0,0,0,0,0,0,0,0,0,0,0,0,0,0,0,0,0,0,0,0,0,0,0,0,0,0,0,0,0,0,0,0,0,0,0,0,0,0,0,0,0,0,0,0,0,0,0,0,0,0,0,0,0,0,0,0,0,0,0,0,0,0,0,0,0,0,0,0,0,0,0,0,0,0,0,0,0,0,0,0,0,0,0,0,0,0,0,0,0,0,0,0,0,0,0,0,0,0,0,0,0,0,0,0,0,0,0,0,0,0,0,0,0,0,0,0,0,0,0,0,0,0,0,0
CED801,3,0,0,5,0,0,0,3,0,24,0,46,3,0,0,3,0,0,0,9,0,8,0,23,0,4,0,0,0,3,0,3,0,14,0,31,0,0,0,0,0,3,0,9,0,9,0,18,0,0,0,3,0,8,0,18,0,39,0,66,3,3,0,9,0,8,0,19,4,33,0,83,0,14,0,9,7,37,0,45,7,55,0,185,14,23,3,23,3,108,3,57,9,55,3,294,30,52,3,108,8,195,5,70,19,72,5,563,69,55,3,171,23,257,10,60,16,95,0,759,80,41,3,227,26,290,17,62,16,85,4,849,165,46,15,319,33,266,14,46,18,64,5,979,601,113,38,830,143,634,40,82,30,181,6,2710,779,110,36,1002,183,259,38,63,14,109,0,2596,902,100,23,899,171,180,24,46,6,67,5,2435,877,53,23,588,152,323,22,44,14,43,4,2154,3085,135,74,1803,356,549,47,94
CED802,0,0,0,5,0,4,0,3,0,51,0,71,3,0,0,0,0,0,0,3,3,13,0,22,0,0,0,0,0,0,0,9,0,18,0,39,0,0,0,0,0,4,0,14,0,10,0,39,0,3,0,0,0,4,0,24,3,59,0,102,5,4,0,7,0,35,0,54,6,55,0,177,4,21,3,15,0,67,4,55,11,73,3,263,11,36,0,28,6,163,5,79,12,87,0,428,30,54,6,137,11,325,4,110,14,123,0,811,77,77,7,256,29,394,14,83,23,103,3,1059,122,67,8,314,34,426,8,63,21,82,3,1152,169,67,7,428,33,399,18,62,17,82,3,1286,750,104,21,1091,174,854,40,94,32,135,13,3309,1002,147,43,1326,257,296,59,68,11,96,8,3312,1080,126,49,1093,232,193,41,39,8,69,9,2928,1096,63,35,679,192,344,27,29,8,37,0,2511,2746,116,49,1462,316,458,53,57
CED894,0,0,0,0,0,0,0,0,0,0,0,0,0,0,0,0,0,0,0,0,0,0,0,0,0,0,0,0,0,0,0,0,0,0,0,0,0,0,0,0,0,0,0,0,0,0,0,0,0,0,0,0,0,0,0,0,0,0,0,0,0,0,0,0,0,0,0,0,0,0,0,0,0,0,0,0,0,0,0,0,0,0,0,0,0,0,0,0,0,0,0,0,0,0,0,0,0,0,0,0,0,0,0,0,0,0,0,0,0,0,0,0,0,0,0,0,0,0,0,0,0,0,0,0,0,0,0,0,0,0,0,0,0,0,0,0,0,0,0,0,0,0,0,0,0,0,0,0,0,0,0,0,0,0,0,0,0,0,0,0,0,0,0,0,0,0,0,0,0,0,0,0,0,0,0,0,0,0,0,0,0,0,0,0,0,0,0,0,0,0,0,0,0,0,0,0,0,0,0,0
CED897,0,0,0,0,0,0,0,0,0,0,0,0,0,0,0,0,0,0,0,0,0,0,0,0,0,0,0,0,0,0,0,0,0,0,0,0,0,0,0,0,0,0,0,0,0,0,0,0,0,0,0,0,0,0,0,0,0,0,0,0,0,0,0,0,0,0,0,0,0,0,0,0,0,0,0,0,0,0,0,0,0,0,0,0,0,0,0,0,0,0,0,0,0,0,0,0,0,0,0,0,0,0,0,0,0,0,0,0,0,0,0,0,0,0,0,0,0,0,0,0,0,0,0,0,0,0,0,0,0,0,0,0,0,0,0,0,0,0,0,0,0,0,0,0,0,0,0,0,0,0,0,0,0,0,0,0,0,0,0,0,0,0,0,0,0,0,0,0,0,0,0,0,0,0,0,0,0,0,0,0,0,0,0,0,0,0,0,0,0,0,0,0,0,0,0,0,0,0,0,0
CED994,0,0,0,0,0,0,0,0,0,0,0,0,0,0,0,0,0,0,0,0,0,0,0,0,0,0,0,0,0,0,0,0,0,0,0,0,0,0,0,0,0,0,0,0,0,0,0,0,0,0,0,0,0,0,0,0,0,0,0,0,0,0,0,0,0,0,0,0,0,0,0,0,0,0,0,0,0,0,0,0,0,0,0,0,0,0,0,0,0,0,0,0,0,0,0,0,0,0,0,0,0,0,0,0,0,0,0,0,0,0,0,0,0,0,0,0,0,0,0,0,0,0,0,0,0,0,0,0,0,0,0,0,0,0,0,0,0,0,0,0,0,0,0,0,0,0,0,0,0,0,0,0,0,0,0,0,0,0,0,0,0,0,0,0,0,0,0,0,0,0,0,0,0,0,0,0,0,0,0,0,0,0,0,0,0,0,0,0,0,0,0,0,0,0,0,0,0,0,0,0
CED997,0,0,0,0,0,0,0,0,0,0,0,0,0,0,0,0,0,0,0,0,0,0,0,0,0,0,0,0,0,0,0,0,0,0,0,0,0,0,0,0,0,0,0,0,0,0,0,0,0,0,0,0,0,0,0,0,0,0,0,0,0,0,0,0,0,0,0,0,0,0,0,0,0,0,0,0,0,0,0,0,0,0,0,0,0,0,0,0,0,0,0,0,0,0,0,0,0,0,0,0,0,0,0,0,0,0,0,0,0,0,0,0,0,0,0,0,0,0,0,0,0,0,0,0,0,0,0,0,0,0,0,0,0,0,0,0,0,0,0,0,0,0,0,0,0,0,0,0,0,0,0,0,0,0,0,0,0,0,0,0,0,0,0,0,0,0,0,0,0,0,0,0,0,0,0,0,0,0,0,0,0,0,0,0,0,0,0,0,0,0,0,0,0,0,0,0,0,0,0,0