CED_CODE_2016,P_AdvDi_Di_AdvDi_AsDe_Mng,P_AdvDi_Di_AdvDi_AsDe_Pro,P_AdvDi_Di_AdvDi_AsDe_TTW,P_AdvDi_Di_AdvDi_AsDe_CPS,P_AdvDi_Di_AdvDi_AsDe_CA,P_AdvDi_Di_AdvDi_AsDe_Sal,P_AdvDi_Di_AdvDi_AsDe_MOD,P_AdvDi_Di_AdvDi_AsDe_Lab,P_AdvDi_Di_AdvDi_AsDe_IDNS,P_AdvDi_Di_AdvDi_AsDe_Tot,P_AdvDi_Di_Dip_Mng,P_AdvDi_Di_Dip_Pro,P_AdvDi_Di_Dip_TTW,P_AdvDi_Di_Dip_CPS,P_AdvDi_Di_Dip_CA,P_AdvDi_Di_Dip_Sal,P_AdvDi_Di_Dip_MOD,P_AdvDi_Di_Dip_Lab,P_AdvDi_Di_Dip_IDNS,P_AdvDi_Di_Dip_Tot,P_Cert_CertIII_IV_Mng,P_Cert_CertIII_IV_Pro,P_Cert_CertIII_IV_TTW,P_Cert_CertIII_IV_CPS,P_Cert_CertIII_IV_CA,P_Cert_CertIII_IV_Sal,P_Cert_CertIII_IV_MOD,P_Cert_CertIII_IV_Lab,P_Cert_CertIII_IV_IDNS,P_Cert_CertIII_IV_Tot,P_Cert_CertI_II_Mng,P_Cert_CertI_II_Pro,P_Cert_CertI_II_TTW,P_Cert_CertI_II_CPS,P_Cert_CertI_II_CA,P_Cert_CertI_II_Sal,P_Cert_CertI_II_MOD,P_Cert_CertI_II_Lab,P_Cert_CertI_II_IDNS,P_Cert_CertI_II_Tot,P_Cert_Cert_nfd_Mng,P_Cert_Cert_nfd_Pro,P_Cert_Cert_nfd_TTW,P_Cert_Cert_nfd_CPS,P_Cert_Cert_nfd_CA,P_Cert_Cert_nfd_Sal,P_Cert_Cert_nfd_MOD,P_Cert_Cert_nfd_Lab,P_Cert_Cert_nfd_IDNS,P_Cert_Cert_nfd_Tot,P_LE_ID_Mng,P_LE_ID_Pro,P_LE_ID_TTW,P_LE_ID_CPS,P_LE_ID_CA,P_LE_ID_Sal,P_LE_ID_MOD,P_LE_ID_Lab,P_LE_ID_IDNS,P_LE_ID_Tot,P_LE_NS_Mng,P_LE_NS_Pro,P_LE_NS_TTW,P_LE_NS_CPS,P_LE_NS_CA,P_LE_NS_Sal,P_LE_NS_MOD,P_LE_NS_Lab,P_LE_NS_IDNS,P_LE_NS_Tot,P_Tot_Mng,P_Tot_Pro,P_Tot_TTW,P_Tot_CPS,P_Tot_CA,P_Tot_Sal,P_Tot_MOD,P_Tot_Lab,P_Tot_IDNS,P_Tot_Tot
CED101,604,849,424,434,734,321,161,205,41,3777,714,721,603,872,1078,449,173,263,75,4964,1162,599,4166,1159,1362,680,740,760,189,10809,65,43,50,121,218,97,51,56,9,723,186,161,150,246,544,208,113,131,19,1756,123,188,71,61,187,75,57,62,16,841,101,174,125,148,204,114,107,131,154,1264,6727,15574,6738,4626,7681,3446,1942,2434,835,49998
CED102,618,869,521,522,724,400,201,268,57,4178,764,847,772,957,987,617,219,365,86,5609,915,567,3607,1099,1149,631,715,776,189,9646,83,52,37,68,198,121,48,60,8,670,180,153,154,238,458,207,114,194,21,1714,116,205,107,95,186,98,64,138,20,1037,113,185,168,146,191,134,118,238,236,1518,7273,18438,7131,5542,8056,4362,2281,3887,1078,58051
CED103,698,1053,465,425,797,333,114,163,48,4092,749,869,578,705,899,424,119,206,66,4615,969,588,2975,948,1050,574,390,522,134,8149,62,52,47,68,179,81,18,52,13,569,175,179,123,202,462,185,60,97,13,1497,159,295,88,80,198,69,31,47,21,981,111,210,99,109,181,90,52,95,169,1113,9635,25818,6200,4474,9001,3858,1285,2050,995,63320
CED104,847,1193,367,412,875,239,84,122,53,4183,805,831,405,658,943,366,65,140,49,4267,1564,695,3664,900,1107,634,419,606,133,9722,68,58,55,70,208,94,19,44,6,618,285,180,127,197,512,181,61,106,25,1661,154,245,59,42,192,56,13,18,12,798,132,212,85,82,195,79,38,54,135,1020,10145,20951,5826,3729,7618,2871,952,1523,711,54322
CED105,318,424,404,364,455,235,216,220,56,2696,484,545,526,996,791,409,244,350,71,4417,680,363,3504,1078,919,510,815,831,191,8892,52,33,70,97,153,86,62,102,12,670,104,66,138,248,315,127,162,152,19,1332,76,111,133,76,128,80,86,105,34,828,87,132,212,146,161,113,138,228,201,1409,3575,9314,6104,4464,5124,2838,2440,2994,884,37738
CED106,818,1082,272,337,674,321,63,112,65,3760,671,755,302,492,715,361,63,122,46,3529,690,453,1465,549,536,365,162,262,70,4537,52,49,40,44,91,45,13,23,5,357,206,188,79,178,334,188,40,62,19,1307,170,326,43,52,175,64,19,30,21,905,119,265,58,82,137,71,19,45,116,919,12547,27082,3521,3347,7399,3325,619,1207,1014,60064
CED107,534,769,209,491,446,143,83,102,40,2814,642,615,434,1022,686,234,113,206,38,3988,2187,770,6502,2283,1891,1072,2021,1711,221,18651,153,54,108,161,305,188,92,187,10,1255,256,119,150,294,462,201,145,203,23,1838,66,90,28,59,85,50,37,60,11,477,247,141,184,189,192,163,189,283,138,1721,6232,10805,8075,5407,5174,2371,2811,3024,596,44494
CED108,294,455,399,389,444,182,303,226,40,2731,464,626,526,1007,882,414,390,291,76,4665,842,612,4242,1678,1541,688,1631,1229,231,12679,63,46,71,114,251,134,154,140,17,1001,110,91,126,284,369,153,258,224,33,1652,67,136,84,89,134,54,114,81,12,785,75,134,184,182,208,112,243,296,190,1619,3583,9546,6807,5346,6837,2727,4139,3364,877,43225
CED109,840,1116,342,549,816,374,89,104,36,4269,1013,890,499,934,1116,486,96,143,63,5238,1921,778,5167,1241,1561,847,736,789,216,13258,101,62,43,119,239,109,26,52,10,758,253,207,149,255,633,258,101,107,34,1998,109,187,62,64,204,80,30,39,18,790,176,218,108,146,237,127,62,88,143,1304,8553,14930,6968,4513,7047,3237,1326,1605,771,48955
CED110,472,823,173,491,439,156,48,97,26,2720,543,718,306,1009,803,325,62,191,59,4021,1729,794,5263,2428,1816,1206,977,1622,231,16054,70,45,87,180,269,227,57,204,9,1151,170,108,112,376,384,219,87,201,26,1687,35,89,33,57,86,31,16,48,11,403,149,147,181,221,179,146,100,236,125,1479,4690,10619,6479,5590,4882,2598,1418,2803,594,39676
CED111,500,854,330,542,519,207,63,108,40,3167,708,866,609,1130,905,293,122,183,63,4878,1385,770,5666,1832,1704,837,1267,1172,197,14831,63,59,52,139,251,133,53,105,6,864,158,138,109,307,475,178,86,144,23,1619,54,138,57,52,115,49,34,48,15,553,73,154,129,141,145,116,100,129,122,1115,6029,16516,7660,5627,5948,2515,1906,2282,679,49170
CED112,467,741,232,520,458,169,64,93,36,2776,695,762,443,1182,808,353,104,175,64,4580,1773,1029,6366,2390,2023,1198,1209,1608,271,17871,95,66,74,135,226,194,63,134,17,1007,134,143,140,354,404,200,104,179,28,1687,53,103,52,54,115,41,30,50,9,505,130,138,173,195,195,163,120,224,134,1472,4807,9718,7820,5674,5123,2695,1808,2641,655,40951
CED113,711,712,256,485,564,160,53,134,49,3119,812,720,421,899,921,275,81,183,75,4390,2245,795,5748,1848,1845,917,1167,1532,255,16344,128,72,74,164,270,131,55,168,5,1081,272,149,111,258,406,158,82,171,29,1630,85,74,44,58,94,46,17,43,9,465,245,146,179,191,212,157,138,243,131,1640,8136,10978,7354,5034,6078,2294,1706,2840,795,45207
CED114,641,715,211,430,358,138,59,144,37,2734,736,651,343,1002,687,229,107,262,43,4071,2860,743,6150,2034,1885,1093,1523,1990,256,18532,167,58,82,168,276,145,83,215,12,1204,289,101,102,321,379,207,105,221,22,1747,63,67,44,50,73,41,34,80,10,456,347,178,197,244,176,188,214,437,141,2126,7263,9771,7509,5057,4819,2298,2249,3790,611,43371
CED115,298,408,331,321,431,158,175,162,43,2333,418,480,537,881,793,351,247,255,81,4051,732,431,3487,1158,1034,508,940,932,209,9431,51,43,68,87,179,99,80,134,14,757,114,72,141,226,315,149,184,178,32,1397,54,102,84,62,133,67,74,66,19,671,73,123,181,135,137,120,170,233,191,1365,3028,7828,5567,3757,4854,2169,2302,2444,798,32740
CED116,501,787,253,472,373,139,40,104,37,2705,564,655,408,928,603,229,78,161,54,3682,1746,798,6021,2258,1545,1070,991,1418,232,16080,85,47,72,179,247,176,42,138,3,986,158,114,135,334,359,209,77,172,10,1568,44,74,46,44,99,43,30,32,7,417,153,141,154,193,158,162,90,193,124,1371,4933,9549,7455,5276,4208,2323,1408,2445,600,38204
CED117,777,1198,362,377,526,287,71,135,49,3789,880,1167,549,704,867,431,68,202,69,4936,919,723,2601,866,951,521,350,430,129,7485,78,72,43,78,130,70,23,32,10,532,203,232,101,184,308,137,49,91,19,1320,101,239,69,61,122,57,17,40,16,727,115,215,115,99,112,75,54,85,161,1035,11785,29134,5250,4593,7526,3338,940,1770,945,65274
CED118,621,898,467,483,771,274,252,206,46,4010,844,984,664,1037,1140,479,330,270,79,5817,1418,748,4877,1507,1741,850,1091,985,232,13447,80,57,55,118,241,107,76,104,11,846,181,170,143,238,451,180,169,170,26,1718,113,218,96,70,190,68,82,83,23,940,119,206,134,157,222,111,167,173,181,1457,7388,17263,7912,5402,8904,3393,3162,2836,975,57243
CED119,758,1162,389,579,840,288,86,115,38,4250,988,1042,551,1060,1343,407,108,138,72,5710,1977,961,6274,1612,2025,973,945,981,232,15982,83,68,58,101,293,102,43,40,10,796,224,176,152,274,671,205,104,127,28,1960,97,169,61,66,239,56,22,43,14,767,113,176,73,117,226,108,56,75,145,1091,8121,16367,8263,5184,7980,2996,1582,1786,790,53056
CED120,637,882,260,548,510,181,72,97,50,3239,790,758,468,1308,1005,325,133,184,59,5037,2504,916,7493,2177,2165,1122,1986,1548,297,20210,98,59,82,147,314,176,84,138,14,1109,224,132,145,285,517,189,166,172,31,1860,77,73,58,41,139,33,33,46,11,515,199,135,192,178,249,138,171,218,123,1605,6735,10446,9097,5685,5974,2541,2762,2642,736,46617
CED121,445,705,287,389,404,134,86,66,34,2553,551,700,497,929,650,262,186,158,44,3965,1619,856,7705,2277,2086,1069,2777,1672,322,20381,89,37,83,184,252,208,114,196,5,1182,166,121,124,278,405,161,166,175,20,1617,46,67,40,53,86,42,35,52,5,425,108,129,151,187,150,133,171,238,123,1400,4468,8645,9267,4952,4827,2292,3638,2754,654,41498
CED122,733,1056,407,544,665,387,114,139,52,4106,891,958,519,854,988,440,119,244,61,5071,1195,596,4153,1200,1157,580,599,739,168,10400,58,48,44,102,189,84,38,54,3,622,177,177,131,257,428,214,71,129,27,1607,127,248,95,83,172,85,39,57,24,925,138,233,130,175,204,126,73,128,167,1379,10062,24335,6791,5473,7993,3971,1628,2394,1030,63669
CED123,456,739,258,490,547,163,136,105,51,2952,784,846,546,1221,1147,390,212,196,73,5419,1830,1004,6962,2151,2737,1172,1973,1490,312,19631,99,62,71,138,363,148,92,146,8,1127,190,155,142,319,525,176,194,189,33,1913,67,97,51,63,160,50,75,91,20,677,107,123,146,168,257,119,223,198,166,1508,5393,10727,8730,5771,7398,2808,3265,2790,795,47672
CED124,358,742,183,392,357,141,56,95,23,2353,502,580,281,841,533,236,73,149,33,3225,1759,743,5335,1968,1488,1081,1210,1563,196,15353,100,59,80,119,231,198,60,163,8,1024,193,105,119,313,355,195,89,180,15,1570,61,75,22,38,80,33,10,36,4,360,162,145,160,191,179,167,159,246,97,1517,4381,8037,6418,4410,3863,2261,1715,2579,463,34126
CED125,422,712,316,462,514,179,174,125,48,2965,696,776,519,1161,1014,437,262,229,88,5199,1504,798,5858,1962,2171,1056,1771,1375,273,16774,88,45,72,124,304,152,111,133,15,1044,176,110,136,311,465,219,206,193,25,1838,63,131,77,78,174,67,81,66,13,745,113,145,166,200,230,165,234,232,152,1643,4749,9985,7864,5518,6587,2981,3340,2815,787,44628
CED126,1043,1529,409,583,871,388,92,149,61,5130,998,1030,521,843,1067,486,103,161,63,5268,1967,829,5252,1226,1328,820,553,773,164,12921,103,86,61,92,230,102,26,56,7,769,336,276,159,278,602,289,73,92,32,2133,156,192,67,68,167,70,26,46,20,810,168,234,124,148,235,137,60,98,131,1330,10632,17345,7408,4706,6937,3466,1185,1813,809,54308
CED127,594,1068,316,539,559,188,60,111,25,3453,789,834,527,1057,949,359,100,228,53,4887,1940,945,6512,1869,1950,950,1275,1336,281,17063,85,50,84,103,248,127,57,110,6,874,214,161,155,280,438,149,102,153,13,1673,54,109,57,57,121,37,24,44,7,515,99,157,128,147,201,88,112,147,114,1195,6431,13867,8379,5326,5928,2366,1871,2443,686,47298
CED128,360,493,321,366,565,191,154,150,44,2651,623,645,616,907,969,392,253,220,86,4723,1121,549,4860,1405,1659,734,1237,1069,243,12889,59,53,73,105,255,105,71,94,10,823,154,114,143,270,452,163,163,158,36,1651,74,138,82,73,156,64,63,79,19,741,105,152,199,148,248,119,193,205,150,1527,4263,9159,7033,4303,6488,2534,2601,2457,827,39664
CED129,939,1253,390,474,916,348,112,144,70,4636,985,1052,469,723,1091,457,98,163,54,5096,1602,788,3893,999,1414,770,498,603,199,10768,87,65,50,88,223,109,30,40,4,705,274,209,127,220,566,199,77,111,33,1821,128,237,77,70,191,89,33,43,32,892,157,216,94,101,224,107,42,67,134,1146,10368,20958,6254,4078,8442,3457,1249,1604,975,57392
CED130,658,747,172,402,380,125,59,116,34,2695,655,604,267,876,616,200,80,239,46,3572,2342,761,5362,1949,1690,957,1389,1782,221,16458,169,57,83,148,260,175,76,199,13,1185,261,86,144,283,382,202,123,256,12,1746,77,73,39,53,70,47,25,96,5,477,335,155,211,199,201,154,169,357,157,1931,6490,9996,6627,4710,4531,2138,2005,3512,589,40598
CED131,477,959,317,451,533,182,69,93,50,3136,607,929,539,1049,901,333,117,174,54,4704,1352,868,5464,2049,1903,1002,1141,1162,193,15131,56,62,70,161,221,134,57,109,3,867,125,129,125,233,373,160,81,145,21,1394,49,131,44,65,113,38,25,34,9,510,72,185,109,150,145,77,69,127,124,1057,5746,18961,7402,5606,6115,2577,1701,2195,654,50946
CED132,958,1274,302,352,750,388,53,95,56,4224,867,1111,401,541,820,423,60,125,46,4395,921,585,1679,587,670,457,159,251,83,5396,58,62,34,51,136,56,8,19,7,431,260,244,83,166,347,170,35,39,19,1360,184,382,68,59,157,72,17,32,21,984,159,265,59,67,150,77,14,42,146,979,15040,33597,3923,3710,8236,3874,580,1134,1134,71228
CED133,391,779,172,468,388,133,63,113,31,2548,492,569,315,998,654,239,59,186,35,3542,1832,780,5250,2385,1775,1064,1212,1904,226,16435,108,54,73,181,227,202,64,235,10,1157,206,118,109,347,400,217,113,246,26,1770,61,68,26,42,87,41,31,66,10,433,207,158,135,191,157,181,146,287,146,1602,4928,9837,6477,5514,4672,2325,1763,3361,585,39457
CED134,590,584,114,454,290,101,45,88,31,2301,740,528,247,994,604,191,88,155,47,3589,2459,745,5358,2002,1724,901,1606,1465,244,16503,195,61,68,173,270,149,83,182,12,1193,302,90,101,273,331,175,119,161,24,1569,69,74,37,49,72,32,29,39,10,403,387,171,194,230,210,177,223,334,168,2094,6749,8791,6378,4983,4262,1992,2292,2712,621,38777
CED135,508,671,501,415,662,290,271,260,64,3631,712,770,726,976,988,493,327,362,98,5444,834,524,3311,1102,1138,551,719,800,166,9157,51,46,50,95,165,74,56,87,8,627,133,133,145,249,370,134,114,156,24,1464,110,343,118,98,168,82,77,97,29,1117,118,213,161,118,211,98,125,192,184,1409,7050,21949,7081,5446,8756,4017,2988,3522,1174,61984
CED136,391,708,290,439,401,128,55,87,37,2534,580,703,542,1023,794,280,135,156,61,4284,1565,929,7611,2487,2204,1163,2078,1577,292,19909,96,46,94,189,259,210,102,181,8,1191,149,119,121,274,372,175,126,176,19,1530,39,75,48,50,89,37,27,62,10,438,101,130,133,189,136,126,148,220,109,1295,4245,8567,9178,5317,5033,2393,2794,2654,599,40783
CED137,833,951,456,410,759,415,125,210,82,4230,938,908,729,838,1012,537,142,300,94,5497,1107,578,2890,905,971,609,353,558,150,8133,70,58,56,77,175,87,31,54,12,624,235,175,132,206,445,227,83,101,28,1639,189,335,112,89,202,127,35,66,31,1194,151,213,126,123,181,120,51,133,206,1297,11149,26270,6231,4864,9060,4799,1444,2658,1303,67782
CED138,473,857,260,549,411,183,53,137,36,2965,566,649,389,1157,671,348,87,233,54,4162,1660,697,5610,2055,1434,1012,891,1522,228,15099,75,51,57,135,145,136,36,152,9,792,208,132,123,348,338,215,91,191,17,1655,46,110,50,64,75,56,11,49,10,475,159,171,160,235,165,161,101,221,131,1501,5288,11399,7161,5745,4380,2647,1379,2912,647,41551
CED139,605,666,195,447,312,105,47,116,17,2500,719,577,287,971,607,191,81,157,38,3636,2730,848,5895,2250,1884,1158,1447,1738,237,18188,183,52,86,177,305,195,86,203,13,1310,331,115,110,325,412,178,121,189,15,1808,70,68,49,38,80,34,21,45,8,418,349,151,183,202,176,201,175,295,117,1839,7060,9941,7252,5147,4636,2325,2032,3059,542,41990
CED140,547,938,282,522,534,225,65,109,40,3270,706,907,432,996,884,353,81,156,58,4571,1710,988,5473,1939,1775,1037,821,1229,208,15180,89,65,53,142,215,140,46,121,8,885,171,174,131,308,429,206,83,147,11,1651,75,123,52,57,123,56,22,41,15,559,137,165,143,160,189,123,81,161,142,1303,5673,12548,7072,5114,5478,2656,1278,2227,663,42699
CED141,421,887,276,417,483,142,55,74,13,2765,593,760,490,955,793,275,93,142,31,4136,1472,891,6401,2110,1950,1015,1315,1433,247,16834,70,45,53,146,257,178,51,135,8,942,152,102,140,287,463,200,110,131,16,1595,50,111,39,50,106,32,24,47,5,457,67,137,114,163,183,127,97,165,94,1139,4650,11375,7896,4960,5351,2341,1841,2276,521,41213
CED142,920,1218,576,688,585,507,85,276,64,4920,1090,1305,935,1199,865,680,99,500,107,6788,1084,783,2872,970,824,550,219,484,129,7923,89,85,58,104,125,90,12,43,4,613,256,250,103,219,266,177,46,105,23,1436,160,329,116,123,138,84,23,93,28,1097,201,276,165,196,115,113,46,171,255,1539,15628,38514,7133,7501,9231,5580,972,3437,1474,89462
CED143,1060,1405,270,444,751,342,59,99,56,4491,924,1011,440,683,842,414,72,121,68,4568,1117,605,3045,812,826,589,282,425,109,7821,81,59,43,71,128,78,14,40,5,522,246,242,102,191,409,197,40,70,27,1523,163,287,54,67,186,75,20,36,18,900,142,268,78,106,177,90,35,64,126,1083,13893,24679,5047,4160,6918,3684,728,1333,1017,61455
CED144,414,536,434,445,608,273,272,227,55,3270,577,605,601,980,855,492,298,332,78,4809,781,451,3452,1137,941,588,722,820,162,9064,49,60,55,103,167,89,45,83,16,662,144,112,140,264,371,208,150,136,25,1546,79,172,99,102,154,91,81,108,19,898,98,190,176,148,193,143,137,211,211,1515,5020,12710,6314,5101,6175,3672,2853,3166,947,45961
CED145,898,1193,247,375,542,385,47,92,58,3828,810,854,400,600,597,411,48,128,66,3908,795,468,1994,643,503,418,136,329,65,5350,64,55,29,59,86,60,12,11,4,378,251,236,75,197,279,186,24,70,27,1341,164,330,52,70,136,89,9,43,31,927,203,328,94,129,135,114,26,77,144,1248,13864,29512,3873,4089,6295,4004,524,1327,1080,64577
CED146,441,571,410,367,639,216,219,174,58,3092,549,728,556,1011,1040,426,277,226,110,4920,1104,559,4825,1380,1575,752,1359,1136,240,12928,79,43,67,119,259,117,100,125,19,934,151,116,152,287,449,165,185,202,35,1741,74,152,72,71,159,65,87,70,17,768,117,168,204,138,237,138,183,221,211,1603,4429,10156,7090,4516,6694,2674,2943,2627,904,42033
CED147,420,720,257,538,424,166,71,113,37,2729,609,696,557,1255,800,298,147,170,59,4585,1606,848,7005,2294,1972,1118,1688,1618,243,18398,89,59,72,160,275,159,82,140,9,1040,209,120,120,371,452,213,135,183,31,1842,60,86,44,70,113,44,31,53,8,510,113,149,166,179,192,163,128,240,134,1466,4730,9298,8663,5753,5236,2556,2389,2715,636,41985
CED194,14,27,7,18,14,4,10,7,3,100,12,28,19,48,25,14,12,30,6,198,45,38,246,70,38,31,82,93,6,657,4,0,3,8,3,7,7,14,0,46,9,6,5,16,3,13,6,13,0,67,3,8,0,0,3,3,3,5,3,29,3,14,15,16,11,8,9,21,25,117,200,562,348,285,168,119,144,278,58,2162
CED197,0,0,0,0,0,0,0,0,0,3,0,0,0,3,0,0,0,0,0,6,0,0,12,3,3,3,4,3,0,33,0,0,0,0,0,0,0,0,0,0,0,0,0,0,0,0,0,0,0,4,0,0,0,0,0,0,0,0,0,0,0,0,0,0,0,0,0,0,0,3,0,18,14,7,11,6,7,8,3,74
CED201,544,854,376,421,584,283,104,139,47,3351,766,745,570,1077,988,456,133,215,57,5008,1345,644,5422,1506,1391,862,869,971,188,13197,52,40,73,104,164,98,38,70,6,636,118,118,103,248,310,164,68,102,10,1239,74,128,58,56,107,54,16,41,11,544,99,155,138,139,162,106,88,122,122,1132,6016,13185,7718,4856,6243,3153,1599,2150,627,45544
CED202,531,796,283,502,470,183,87,129,38,3011,604,739,469,1098,809,319,93,198,71,4400,1727,664,6181,2139,1663,1043,1233,1515,219,16383,77,42,84,145,210,170,53,155,8,945,119,82,122,298,216,138,90,135,12,1214,45,80,49,45,57,34,25,23,7,365,163,169,203,177,140,157,131,228,115,1490,5634,12726,7963,5717,4967,2569,1868,2735,658,44838
CED203,510,858,477,440,547,321,121,175,56,3513,687,849,734,959,797,427,145,308,57,4966,859,552,3435,1236,963,680,495,767,122,9110,36,37,50,106,122,78,28,80,12,552,98,103,96,218,251,130,53,100,15,1058,73,171,77,56,66,42,19,56,15,575,108,170,169,141,132,128,79,158,173,1257,7914,22876,6445,5613,6704,3507,1482,2761,852,58150
CED204,435,817,264,504,392,167,51,105,27,2771,578,728,412,1045,629,253,81,224,50,3992,1753,671,5835,2204,1458,1015,1121,1591,191,15843,79,53,72,139,163,140,59,161,4,878,153,81,118,286,216,144,92,184,22,1305,46,107,41,45,52,30,22,51,12,418,179,185,170,217,144,151,119,241,114,1522,5650,12978,7460,5631,4413,2386,1657,2953,564,43687
CED205,435,600,510,378,524,247,226,295,54,3278,524,553,687,920,756,424,297,376,62,4601,683,380,3071,1159,784,484,806,899,129,8388,40,19,55,88,100,78,54,111,8,547,108,61,97,236,211,111,96,125,24,1057,87,181,92,74,106,71,48,72,19,747,85,155,161,134,128,95,136,188,168,1257,5377,13634,6006,4546,5790,2962,2269,3116,816,44517
CED206,413,526,380,436,551,245,201,181,52,2990,586,604,573,1072,891,424,291,277,73,4803,1030,486,4865,1584,1208,754,1224,1241,203,12591,61,37,64,134,153,106,71,93,10,738,125,71,119,306,291,161,150,146,14,1395,63,105,71,53,94,49,68,52,18,576,116,159,207,220,205,170,174,198,153,1597,4256,8619,7010,5094,5358,2774,2791,2864,723,39493
CED207,542,803,368,603,582,226,74,130,42,3363,820,828,579,1270,963,385,128,233,55,5264,2100,746,8189,2038,1687,1045,1186,1584,285,18860,82,37,90,131,209,116,54,105,8,828,140,106,144,301,287,163,71,118,13,1345,46,88,63,44,67,33,28,30,8,403,162,145,225,231,154,138,113,209,130,1510,6029,10534,10200,5757,5402,2679,1788,2751,663,45806
CED208,546,815,404,422,544,274,99,181,44,3322,645,736,655,877,788,452,135,295,57,4636,784,437,2692,949,733,493,355,577,104,7127,57,39,45,82,92,69,22,61,3,471,121,108,76,160,232,133,48,74,18,970,93,185,75,54,67,61,21,41,18,608,100,158,104,107,122,85,54,92,128,951,7989,21211,5585,4703,6864,3622,1167,2376,806,54326
CED209,674,991,385,605,538,254,79,146,44,3716,779,849,580,1094,774,369,113,248,63,4871,1942,665,6354,2151,1443,1070,994,1543,224,16380,76,44,72,136,162,121,52,129,11,797,159,104,123,248,224,155,86,150,20,1273,52,109,40,59,56,38,18,26,12,407,212,208,189,225,139,135,85,191,135,1519,6971,14845,8442,6057,5008,2901,1582,2929,698,49428
CED210,463,777,376,505,407,172,89,130,33,2946,552,712,523,1108,794,329,140,213,51,4421,1307,641,5651,2427,1449,994,1178,1668,243,15552,52,42,82,161,130,138,57,144,4,823,111,87,113,333,216,149,104,139,18,1274,42,93,56,50,47,27,29,36,7,378,115,151,183,199,139,147,168,248,146,1503,4631,11022,7538,6020,4525,2523,1971,2912,671,41807
CED211,560,956,406,505,601,280,102,163,42,3610,710,942,589,943,834,439,133,212,46,4857,1217,601,4101,1389,1161,698,525,842,128,10659,41,41,63,87,138,85,37,54,4,549,124,121,117,233,260,126,50,100,9,1139,65,159,64,58,81,37,19,33,15,524,81,171,108,148,130,103,54,107,114,1020,7181,18349,6664,5066,6545,3058,1202,2037,652,50746
CED212,558,872,364,570,561,256,90,139,45,3454,827,865,539,1206,907,484,103,239,62,5231,1705,691,6669,2015,1584,1048,977,1362,203,16247,71,43,78,142,157,118,55,87,9,762,165,104,138,345,297,172,74,120,23,1432,64,86,49,60,74,43,32,39,16,454,145,191,197,213,189,141,117,178,141,1503,5972,11620,8562,5659,5146,2971,1596,2462,637,44631
CED213,643,812,374,487,517,271,58,147,45,3351,718,752,541,1133,772,394,108,243,52,4712,2165,702,7738,2016,1434,1098,1082,1689,233,18153,78,45,99,168,186,147,39,123,8,894,171,98,146,371,278,191,84,160,16,1517,52,82,67,53,82,42,19,43,8,450,191,191,258,264,194,198,106,213,146,1766,6080,9647,9672,5467,4415,2860,1579,2868,613,43198
CED214,563,828,473,460,529,269,148,210,41,3521,769,888,717,1014,932,440,214,327,79,5386,1112,600,3963,1299,1125,647,886,960,181,10767,52,40,41,95,114,80,60,91,9,591,141,134,117,240,242,134,108,112,18,1257,75,140,58,75,82,53,43,59,9,604,105,188,161,151,135,85,115,183,154,1277,8312,19045,6826,5336,6695,3247,2130,3104,882,55569
CED215,422,589,227,378,290,93,51,91,20,2155,571,709,399,970,637,227,87,179,54,3838,1898,577,6082,1981,1471,919,1413,1689,237,16273,99,43,77,168,176,146,46,143,15,916,148,62,121,274,188,133,83,157,15,1181,54,52,49,40,38,21,21,55,9,348,232,161,176,239,142,147,155,294,140,1687,4860,8320,7468,4864,3686,1910,1937,2814,572,36441
CED216,865,1205,331,392,642,336,51,99,51,3966,872,855,406,631,784,421,66,120,46,4201,1060,460,2338,831,707,550,219,411,88,6675,62,35,24,81,101,53,14,29,3,404,178,166,72,196,258,143,31,43,11,1095,125,219,49,48,86,63,5,18,18,640,145,231,93,84,156,109,27,34,112,996,11988,22449,4219,3896,6168,3431,604,1182,755,54685
CED217,534,544,440,539,658,279,254,228,42,3514,761,758,716,1379,1195,488,396,350,92,6132,1366,584,6250,2177,1875,1008,1915,1759,288,17215,74,37,79,141,209,163,128,134,15,965,154,102,153,420,352,197,229,216,40,1864,56,106,79,69,96,45,77,53,15,612,124,166,242,242,224,191,273,255,205,1915,5384,11015,8956,6495,7539,3463,4018,3661,934,51469
CED218,798,1100,310,380,585,398,52,82,39,3746,746,933,501,660,766,454,52,132,59,4306,931,517,2027,775,698,555,151,333,93,6086,57,48,27,65,80,72,10,30,3,385,157,145,62,171,246,150,20,58,11,1013,139,254,45,44,91,61,10,30,22,693,135,257,82,102,118,94,27,64,131,1004,12451,29590,4353,4219,7410,4288,574,1459,1008,65352
CED219,554,702,677,580,685,298,365,348,44,4258,819,867,919,1792,1173,561,505,504,77,7210,1405,682,7175,2571,1871,1183,1995,2045,294,19222,91,53,96,178,220,172,131,161,14,1105,150,71,164,399,323,185,235,215,25,1771,80,123,95,86,122,66,98,82,20,772,130,182,284,252,238,159,248,335,241,2073,5302,10946,10574,7735,7272,3816,4408,4635,953,55642
CED220,539,749,448,434,569,276,161,200,33,3408,664,719,720,847,903,460,237,292,59,4913,908,458,3883,1215,953,660,609,843,131,9660,41,41,55,97,116,81,35,78,9,552,139,90,111,230,246,137,83,108,6,1141,72,139,82,64,106,61,49,45,11,631,86,165,172,155,168,125,102,178,141,1284,6298,14514,6674,4667,6064,3304,1766,2573,686,46539
CED221,617,700,248,510,396,148,52,126,32,2832,778,726,426,1245,718,305,104,235,57,4599,2212,672,6023,2108,1510,1041,1367,1733,231,16893,107,32,96,155,200,139,74,158,12,969,175,67,134,281,245,148,119,175,17,1359,56,75,52,41,59,28,32,39,7,392,249,162,202,194,169,168,174,264,148,1728,6255,9471,7528,5526,4195,2294,2030,3026,613,40944
CED222,657,866,452,498,722,297,158,184,55,3879,873,950,654,1186,1037,495,209,256,78,5739,1575,669,5554,1683,1457,888,1011,1170,236,14240,58,53,60,112,160,118,61,118,8,739,185,119,143,253,341,168,114,126,15,1457,88,143,68,75,100,72,54,59,20,682,131,165,153,176,204,142,107,165,149,1383,7043,14066,7981,5462,6521,3258,2079,2580,776,49767
CED223,637,998,348,521,643,251,72,109,29,3612,726,879,544,789,803,329,85,154,50,4353,1219,614,4423,1277,1114,602,463,673,144,10529,49,37,48,95,142,70,12,41,3,498,147,108,103,227,288,121,56,91,15,1163,56,147,39,45,84,46,8,25,16,475,109,191,125,131,152,81,37,75,104,1009,7970,19791,6632,4747,6209,2603,956,1637,659,51198
CED224,684,920,238,323,535,314,37,94,34,3186,636,616,313,486,646,366,45,124,42,3273,767,372,1491,598,547,452,103,231,73,4652,52,29,22,62,75,48,5,19,4,321,137,114,54,137,195,107,26,30,17,807,134,257,38,50,84,49,7,19,17,657,137,220,52,70,121,71,9,42,107,836,10981,26276,3270,3495,6454,3378,449,1176,836,56313
CED225,713,953,494,558,724,272,150,183,42,4087,983,1035,768,1277,1146,505,212,273,69,6262,2066,870,7358,1868,1802,1081,1165,1386,223,17823,68,52,72,128,208,118,42,85,13,788,208,134,155,298,327,187,101,111,18,1532,81,145,64,53,102,49,46,37,12,583,142,169,201,170,223,162,108,142,145,1454,7307,14191,9964,5759,6683,3205,2116,2655,720,52600
CED226,675,816,708,711,744,319,371,248,71,4669,1047,1002,1037,1982,1478,646,659,471,111,8440,1534,819,6385,2468,2071,1136,2102,1874,274,18662,75,46,80,161,205,136,118,159,8,982,185,123,159,376,343,175,280,196,29,1876,137,183,107,114,148,86,109,92,30,1003,167,175,262,248,242,164,311,226,239,2020,8121,17708,10512,8835,9839,4759,5271,4512,1202,70751
CED227,580,630,138,427,244,115,55,112,29,2333,628,589,266,923,544,194,67,193,39,3443,2715,605,4590,1886,1259,936,1081,1547,203,14832,120,37,59,153,204,180,70,142,12,982,217,76,89,288,192,148,81,166,9,1268,55,59,23,34,34,26,21,58,9,303,336,186,189,215,144,186,163,332,152,1902,6084,7983,5582,4604,3203,1949,1593,2780,521,34303
CED228,540,738,438,459,574,241,168,179,60,3389,736,758,705,935,886,428,258,338,72,5122,1035,510,3847,1305,1063,719,815,972,149,10418,60,30,41,121,139,93,54,86,15,634,114,100,89,266,265,164,93,113,34,1235,71,152,73,79,100,42,62,56,11,639,113,185,198,151,162,131,140,216,174,1470,6894,15754,6517,5032,6385,3260,2137,2922,902,49805
CED229,795,1040,541,720,783,332,217,211,51,4690,1120,1094,835,1893,1471,597,343,343,80,7772,2360,958,9933,2987,2457,1368,2103,2023,336,24525,99,71,112,187,299,178,91,170,10,1212,208,138,195,470,422,234,169,178,27,2042,83,142,97,98,126,51,68,61,17,741,212,215,302,297,321,226,230,252,170,2224,8003,14768,12860,8531,8336,3974,3756,3805,927,64960
CED230,538,691,298,474,445,168,94,172,32,2917,711,776,505,1312,843,354,142,278,62,4986,2485,676,7635,2373,1862,1227,1778,2184,263,20483,98,47,97,177,216,155,69,174,10,1045,175,69,130,352,243,178,141,151,27,1461,59,89,42,44,63,38,35,63,9,442,269,143,240,238,173,197,160,277,166,1862,6095,9506,9380,5963,4897,2749,2544,3656,680,45477
CED231,729,1062,403,488,520,348,51,165,56,3814,878,1084,788,1074,784,515,111,325,67,5619,871,604,2328,1125,882,584,231,489,116,7226,55,51,46,126,112,77,23,65,0,552,161,175,116,220,198,142,41,94,19,1168,116,286,64,94,82,62,17,50,21,806,156,269,121,168,121,84,51,126,157,1252,13034,39844,5958,7307,8835,4957,944,2807,1219,84894
CED232,876,1176,401,476,575,338,58,106,49,4056,1060,1156,575,860,839,499,64,155,62,5272,1098,683,2617,937,935,603,221,426,102,7612,78,73,44,78,97,65,14,40,3,484,224,215,101,199,252,162,30,52,19,1249,149,322,53,65,80,62,13,38,22,803,182,344,109,99,143,99,23,59,179,1236,13841,31541,5345,5282,7825,4310,655,1718,1144,71660
CED233,639,911,342,410,577,300,55,121,40,3392,706,680,446,660,725,385,74,154,43,3886,1196,487,3282,967,862,618,353,579,100,8443,53,24,44,68,123,63,13,41,6,438,180,110,89,184,272,150,29,72,19,1100,91,167,49,65,99,58,12,25,5,566,150,198,106,133,157,116,43,67,113,1086,8068,16287,5359,3869,5876,3225,821,1491,676,45679
CED234,618,638,178,367,280,106,68,147,15,2412,703,651,324,1038,608,198,80,256,33,3889,2425,543,5117,1860,1238,952,1221,2025,202,15583,97,39,68,140,154,122,44,178,4,852,195,66,105,264,166,125,74,161,17,1179,59,60,42,32,48,19,16,68,7,353,317,166,198,207,123,170,167,376,175,1902,6065,8266,6340,4591,3276,1924,1745,3509,530,36255
CED235,539,698,490,534,598,301,222,205,41,3614,629,694,707,1288,960,486,303,309,72,5444,1203,514,5700,1873,1414,907,1103,1226,197,14146,53,50,73,124,210,104,79,95,10,797,138,100,144,310,304,156,136,163,25,1487,77,110,94,66,93,61,66,66,16,647,121,175,211,240,198,173,170,233,165,1683,5244,11901,8391,6156,6196,3341,2732,3056,766,47785
CED236,670,600,167,402,255,112,59,117,33,2419,643,486,270,900,509,213,77,198,38,3337,2514,505,4876,1936,1114,833,1176,1746,185,14888,124,38,65,160,146,111,58,181,6,884,209,65,87,291,159,129,89,175,6,1201,69,53,39,31,30,21,20,43,8,313,366,151,197,212,128,131,161,317,132,1786,6263,7960,6002,4621,3003,1793,1701,3071,501,34907
CED237,525,889,507,496,552,313,132,164,36,3609,724,998,844,953,897,444,167,302,62,5382,997,610,4026,1325,1088,624,557,800,160,10179,50,56,51,115,134,65,34,66,3,574,128,123,119,221,271,140,52,86,17,1166,68,201,76,71,71,46,42,37,14,635,115,211,156,160,179,114,88,143,188,1361,8116,24505,7468,6000,7342,3566,1697,2765,952,62395
CED294,10,16,3,12,8,5,4,6,0,65,10,25,18,32,14,7,3,15,3,119,34,19,158,42,23,23,32,59,6,383,0,4,5,3,0,0,3,0,0,15,0,3,6,7,3,3,5,3,0,33,0,8,4,0,0,0,0,0,0,20,3,11,14,5,0,3,9,13,15,72,132,367,223,181,112,65,72,142,34,1337
CED297,0,0,0,0,0,0,0,0,0,0,0,0,0,0,0,0,0,0,0,3,0,0,9,0,0,0,0,4,0,12,0,0,0,0,0,0,0,0,0,0,0,0,0,0,0,0,0,0,0,0,0,0,0,0,0,0,0,0,0,0,0,0,0,0,0,0,0,0,0,0,0,4,9,0,0,0,0,4,0,22
CED301,290,505,203,343,305,78,68,81,21,1889,663,711,514,1340,933,330,154,260,82,4983,1484,735,6250,2742,2080,1102,1676,1839,256,18158,73,42,89,157,214,202,106,218,12,1114,119,96,145,355,299,154,141,193,26,1525,35,48,56,47,48,37,31,46,10,371,109,103,182,172,126,110,205,299,156,1469,3985,8133,7826,6018,4964,2343,2509,3213,672,39663
CED302,561,862,352,323,504,186,71,135,34,3026,899,948,562,1018,1166,456,165,252,58,5528,1459,814,4761,1523,1574,872,839,1077,181,13104,54,46,65,109,162,125,48,92,7,708,154,142,85,207,320,163,89,153,16,1327,74,143,61,59,100,48,35,33,14,569,106,171,120,118,147,99,79,130,120,1085,7355,17323,6879,4793,6814,2901,1590,2380,708,50750
CED303,543,828,339,422,538,175,64,114,39,3062,935,889,530,1214,1208,410,125,224,68,5594,1980,879,6976,2134,2146,1172,1200,1593,235,18301,78,59,68,126,212,170,50,154,4,919,183,104,132,313,360,198,112,158,23,1583,54,88,52,45,99,39,29,54,7,465,125,139,171,141,161,123,91,166,122,1238,6160,10872,8733,5382,6092,2798,1789,2731,621,45175
CED304,630,957,298,330,478,227,69,130,38,3152,962,1141,671,974,1066,539,120,332,91,5894,1309,799,3389,1304,1399,885,403,690,148,10325,65,69,59,130,149,110,32,83,8,704,166,160,100,192,243,142,49,102,15,1179,87,219,75,67,94,67,23,81,13,721,138,223,103,118,139,87,25,112,156,1096,11149,30416,6060,5527,8040,3934,1021,2858,966,69969
CED305,295,470,239,290,218,58,84,59,13,1729,516,491,410,845,617,166,155,138,41,3390,1648,682,8287,1856,1769,853,2514,1433,226,19271,74,39,97,162,177,188,130,209,6,1085,132,69,129,259,222,116,198,139,21,1286,37,68,47,43,40,18,53,40,8,347,143,119,236,155,122,130,282,274,137,1599,4208,8842,9928,4330,3984,1712,3578,2524,524,39634
CED306,395,615,241,348,257,118,81,95,19,2181,769,630,486,1002,727,216,163,226,47,4255,2072,861,8536,1986,1830,1046,2389,1713,275,20701,99,64,81,191,169,179,81,164,11,1035,177,97,128,251,228,145,185,206,13,1438,57,75,52,45,58,22,40,82,7,442,168,135,238,181,114,166,214,327,138,1688,5340,10157,10264,4882,4295,2193,3310,3163,598,44210
CED307,573,846,300,465,538,164,72,81,33,3077,1019,969,606,1308,1283,438,129,187,64,6003,1761,910,6552,2203,2155,1070,1128,1284,203,17268,76,50,82,117,202,148,73,109,6,866,166,123,118,299,325,159,109,146,19,1459,50,106,58,59,89,37,30,42,11,489,92,144,134,137,157,105,89,141,110,1118,6535,13338,8475,5785,6707,2650,1772,2280,628,48173
CED308,642,765,325,503,525,299,71,127,52,3301,954,881,585,1502,1127,665,156,300,66,6232,2081,869,6814,2255,1963,1564,1172,1824,297,18841,72,59,89,155,185,186,75,125,15,959,224,134,180,381,427,290,121,219,26,1995,88,113,68,58,117,64,38,60,21,622,158,195,223,202,193,187,129,226,164,1675,6604,11553,8892,6223,6148,4118,1943,3225,808,49518
CED309,526,888,311,475,452,212,68,125,41,3111,784,877,573,1266,949,428,112,276,59,5319,1807,806,6807,2221,1808,1392,969,1680,216,17702,62,47,76,141,171,182,38,129,9,852,186,114,137,307,301,206,93,165,24,1527,72,102,64,61,86,53,17,47,13,511,122,158,173,171,121,141,84,139,125,1239,5633,12738,8677,5847,5328,3195,1495,2936,625,46470
CED310,435,726,235,441,389,194,64,109,25,2620,654,700,458,1119,831,442,111,227,55,4597,1728,625,6056,2006,1521,1235,992,1480,208,15852,66,53,77,137,154,176,58,125,3,849,152,114,154,296,267,216,98,163,12,1470,50,68,56,38,58,47,22,51,12,400,123,136,176,149,115,152,94,176,117,1237,4861,9985,7698,5158,4468,2943,1535,2640,549,39832
CED311,391,474,228,294,209,80,79,91,19,1868,600,474,410,778,569,185,195,226,44,3483,1861,614,8139,1754,1716,790,2728,1764,256,19617,141,57,117,133,195,188,120,255,19,1217,200,67,129,218,181,113,234,206,18,1373,46,58,51,41,25,24,71,95,5,420,234,114,199,153,134,146,280,348,139,1743,4858,7359,9775,4014,3750,1694,3872,3278,565,39166
CED312,435,563,282,384,395,160,81,123,35,2462,800,738,556,1446,1179,466,207,332,56,5782,1807,889,7434,2390,2289,1286,1712,2193,263,20260,80,45,96,151,189,193,72,210,9,1046,180,106,142,354,316,216,188,199,31,1733,56,92,73,42,106,38,50,57,13,522,121,127,225,165,167,151,179,236,194,1567,5044,8890,9298,5798,5909,3046,2681,3643,725,45038
CED313,601,982,345,368,493,200,62,106,34,3196,994,1116,693,1033,1200,510,138,296,70,6045,1425,820,4039,1211,1549,807,505,855,175,11390,71,59,72,91,138,109,29,64,6,646,169,162,106,183,276,156,52,79,16,1205,83,183,56,70,68,43,26,59,11,603,111,219,104,110,133,81,49,105,127,1024,10228,27653,6725,5284,7837,3451,1175,2587,865,65800
CED314,402,642,188,352,324,103,53,105,21,2193,685,686,514,1046,879,258,166,208,43,4479,1645,717,6218,2197,1941,1107,1211,1575,155,16767,75,34,85,125,203,192,73,227,11,1023,183,86,92,330,232,153,102,162,9,1350,31,80,36,51,51,19,16,29,6,316,122,102,154,175,128,129,123,225,106,1254,5045,11943,7805,5231,5097,2347,1851,2942,442,42698
CED315,343,570,257,427,305,89,67,64,15,2144,716,709,501,1488,890,298,145,182,64,4988,1553,812,7247,2914,2163,1132,1653,1511,246,19225,60,55,92,221,211,190,83,148,7,1053,113,96,96,302,250,139,105,127,6,1237,43,98,47,63,59,30,29,33,19,435,67,138,151,165,117,112,118,193,112,1175,4645,12484,8918,6771,5254,2368,2354,2599,591,45986
CED316,215,442,111,329,199,98,36,75,12,1513,416,463,242,995,480,206,98,182,30,3105,1270,504,4613,2158,1234,1009,989,1461,136,13373,66,33,69,147,139,210,61,172,3,909,98,81,109,276,169,122,73,152,7,1093,35,59,33,46,35,24,24,47,9,309,98,112,117,147,102,103,111,207,116,1120,3022,7495,5503,4717,2916,1933,1418,2521,383,29908
CED317,376,553,146,365,257,92,57,99,30,1971,515,496,291,915,620,195,128,225,53,3435,2140,682,6805,1917,1589,840,2006,1813,239,18022,97,48,94,147,161,163,73,218,6,1003,179,82,121,302,181,130,100,203,16,1313,41,56,57,47,35,31,34,72,4,371,261,168,225,259,153,181,211,394,153,2010,4915,7665,8056,4730,3652,1826,2699,3365,570,37473
CED318,546,989,314,617,445,217,97,172,48,3446,862,874,572,1424,969,460,171,278,80,5687,1974,1063,7077,2597,2144,1239,1386,1680,303,19478,94,90,129,240,220,239,80,226,19,1338,176,172,153,386,278,196,123,209,23,1723,83,130,69,102,76,50,30,80,9,637,180,257,248,319,210,196,197,341,205,2157,6197,13777,9210,7363,5863,3266,2255,3439,854,52214
CED319,483,846,364,453,528,176,98,121,46,3121,1010,1033,705,1146,1283,521,201,298,70,6277,1427,805,5365,1847,2015,970,928,1204,186,14738,80,51,71,122,203,136,46,133,7,848,134,131,116,250,344,143,87,149,17,1369,64,156,67,53,97,42,30,57,5,567,86,166,143,132,153,99,95,148,145,1164,7218,18337,7823,5628,7568,3058,1790,2706,737,54857
CED320,341,488,220,404,330,149,66,96,31,2118,666,668,439,1365,918,369,151,299,58,4932,1623,784,6889,2592,2157,1346,1628,2093,257,19364,72,40,87,163,212,223,79,213,10,1098,124,79,119,316,274,176,149,203,30,1479,49,62,43,57,61,36,30,103,8,445,115,127,222,173,152,157,167,257,154,1510,3933,7154,8335,5800,4963,2744,2375,3602,633,39537
CED321,630,483,144,341,220,85,71,106,26,2100,804,473,336,866,620,194,145,264,27,3731,2254,541,5333,1738,1488,804,1528,1944,193,15821,168,25,91,154,184,153,108,267,12,1151,282,72,117,271,201,145,147,213,13,1454,51,36,29,35,37,15,25,51,12,292,347,117,219,184,148,177,210,387,165,1955,6220,7025,6566,4180,3599,1776,2322,3588,504,35776
CED322,548,865,283,559,476,277,62,135,49,3256,847,937,578,1443,1022,618,138,291,82,5962,1825,785,6336,2131,1676,1398,842,1513,212,16719,66,42,71,136,159,169,33,101,9,782,184,144,121,344,329,274,71,163,22,1648,55,144,60,70,119,61,23,68,16,619,147,192,173,212,165,184,80,155,139,1445,6149,13331,8237,6218,5435,3871,1386,2779,709,48116
CED323,590,756,268,461,460,318,78,160,28,3127,891,924,663,1523,989,696,157,405,80,6330,1731,752,5674,2011,1588,1380,820,1505,229,15680,61,47,68,145,151,176,44,142,7,848,185,132,145,319,326,307,84,165,29,1698,93,138,80,89,97,85,19,64,16,674,182,193,239,182,184,212,107,228,164,1674,6513,12839,7931,6384,5568,4439,1565,3536,798,49572
CED324,372,628,331,325,422,172,121,157,30,2559,681,711,644,1000,857,432,242,386,61,5018,935,508,3543,1307,1083,665,641,959,136,9771,58,52,49,97,103,103,56,98,5,615,118,96,100,214,239,115,83,135,19,1126,80,173,69,79,97,51,41,86,12,704,101,159,130,116,106,81,85,156,124,1049,6558,20030,6173,5214,6399,3290,1860,3185,812,53529
CED325,421,620,303,419,406,153,107,128,37,2585,789,802,577,1313,1084,452,230,300,63,5611,1284,671,4931,2079,1724,897,1293,1293,226,14404,57,43,88,153,169,138,94,149,14,906,127,111,116,283,275,168,194,187,19,1479,59,120,66,58,103,31,52,48,13,547,94,125,156,145,162,91,157,203,151,1288,5278,12896,7065,5802,6090,2676,2451,2838,744,45846
CED326,460,769,324,428,469,169,90,123,39,2881,820,875,583,1501,1182,467,181,269,73,5945,1554,911,6091,2484,2151,1264,1288,1666,263,17675,85,58,65,161,206,173,86,179,9,1015,163,114,119,341,328,200,109,162,26,1566,55,119,59,53,82,45,26,52,16,505,101,152,165,169,163,134,152,200,147,1382,5338,12009,8048,6372,6370,3060,2145,3037,743,47124
CED327,374,519,327,382,388,169,132,160,29,2466,681,769,577,1326,1131,491,298,350,61,5682,1241,743,5771,2272,1979,1110,1759,1791,248,16907,75,50,96,163,207,171,125,184,14,1090,107,107,149,300,313,170,198,219,27,1584,52,126,86,85,98,50,73,80,24,664,96,130,174,182,161,115,229,250,195,1541,4648,11378,8029,6041,6539,3234,3296,3656,802,47639
CED328,543,1022,287,370,473,197,56,87,51,3079,769,901,477,854,838,385,94,186,61,4565,1089,614,3043,1298,1123,671,384,576,92,8883,38,57,36,143,128,107,26,68,4,605,120,114,75,179,258,130,38,67,6,990,63,188,49,54,88,31,12,25,17,530,97,197,63,89,106,76,27,60,89,794,9019,25996,5062,4812,6630,2836,830,1677,682,57546
CED329,406,591,207,388,321,151,45,112,25,2247,501,529,300,1007,594,241,89,218,41,3512,1574,566,5182,2024,1334,986,1101,1555,190,14511,63,34,66,137,193,161,63,199,13,923,148,82,107,292,182,196,92,159,16,1281,47,74,45,49,48,34,21,37,6,366,170,115,167,168,126,142,103,226,115,1335,4183,7477,6340,4816,3496,2210,1579,2714,494,33316
CED330,440,639,269,406,379,139,73,108,29,2484,850,716,544,1204,967,310,141,281,72,5084,2104,795,7323,2044,2001,1048,1657,2014,215,19198,88,47,106,137,221,164,84,191,15,1047,203,102,161,332,327,221,172,190,23,1724,60,71,51,36,79,32,34,84,7,457,179,146,263,178,192,155,179,269,149,1696,5615,8984,9108,5099,5205,2420,2434,3529,623,43011
CED394,13,22,11,8,3,5,6,14,3,93,15,29,13,42,20,7,8,41,0,171,49,38,242,68,52,28,72,132,14,696,0,0,7,7,0,0,0,10,0,30,6,7,4,7,3,7,5,13,0,43,3,3,0,4,3,0,5,15,5,39,3,13,17,15,4,4,11,25,22,105,163,407,308,245,129,83,129,441,58,1957
CED397,0,0,0,0,0,0,0,0,0,3,4,3,0,0,0,0,0,0,0,4,3,0,0,0,0,3,0,0,0,14,0,0,0,0,0,0,0,0,0,3,0,0,0,0,0,0,0,0,0,0,0,0,0,0,0,0,0,0,0,0,0,0,0,0,0,0,0,0,0,0,3,7,9,0,4,3,0,4,0,33
CED401,586,1045,310,457,469,234,71,115,36,3319,803,858,525,828,677,304,136,231,57,4419,1132,629,3043,1294,1222,774,413,691,123,9315,81,57,52,102,157,118,36,88,5,698,161,140,86,218,292,174,56,76,18,1208,79,214,56,76,87,58,27,55,18,673,114,207,110,113,93,120,48,113,127,1037,8141,23888,5386,5383,6153,3107,1200,2543,744,56555
CED402,558,664,107,410,261,111,60,150,23,2358,708,493,215,861,516,211,86,249,34,3375,2337,626,5351,2208,1525,1123,1258,2166,187,16777,154,56,99,157,262,234,100,333,17,1409,310,79,121,373,246,180,135,301,23,1769,65,56,40,47,35,17,32,137,6,444,301,136,192,191,131,164,192,471,127,1915,5854,7022,6345,4819,3548,2212,1927,4295,464,36486
CED403,583,1167,293,616,547,192,56,101,50,3603,744,857,539,922,826,301,75,143,47,4453,1344,718,4274,1657,1527,879,500,825,139,11864,68,46,82,133,181,133,30,91,7,770,161,139,118,260,333,151,38,75,20,1292,68,155,47,77,86,26,17,33,11,523,95,155,108,126,130,96,43,96,86,935,6619,18426,6266,5690,5933,2650,926,1946,573,49031
CED404,399,550,96,454,210,78,52,68,24,1923,505,443,249,911,414,126,105,126,39,2914,1991,620,5358,2066,1321,780,1597,1544,248,15533,148,56,90,173,196,142,110,193,18,1130,228,97,101,315,176,132,127,198,19,1388,45,46,45,41,56,23,38,59,10,352,266,141,175,195,111,134,184,274,137,1618,4717,7027,6340,4715,2951,1546,2285,2626,571,32771
CED405,551,1022,285,565,520,189,83,123,41,3382,764,858,551,983,891,348,133,232,50,4809,1471,694,4662,1768,1567,903,658,904,171,12795,73,54,71,150,186,142,35,106,11,819,165,121,111,295,366,195,67,96,34,1445,61,127,60,68,96,33,28,52,20,540,121,190,135,155,156,114,52,117,96,1146,6458,15665,6719,5943,6066,2928,1402,2446,623,48259
CED406,382,703,226,669,412,153,60,115,31,2752,669,743,495,1366,813,310,108,188,57,4738,1469,807,6963,2905,2179,1261,1103,1582,224,18493,85,43,105,190,259,277,79,212,10,1263,131,108,179,407,292,194,112,172,12,1609,42,73,72,69,62,42,31,61,17,460,83,106,173,186,131,143,96,170,123,1212,4036,8734,8663,6876,5198,2819,1717,2800,572,41418
CED407,410,776,302,596,478,145,71,101,35,2916,774,851,560,1238,920,310,129,198,63,5049,1427,772,6180,2343,2247,1158,1075,1326,240,16778,83,50,88,162,251,183,70,161,11,1073,147,109,129,348,338,172,87,130,22,1480,40,97,79,66,91,33,36,73,17,523,88,107,145,174,145,86,95,148,102,1096,4682,11108,8125,6284,5911,2689,1827,2707,618,43954
CED408,589,1032,282,580,490,177,67,121,37,3379,682,752,418,948,672,268,79,174,34,4033,1883,724,5260,1881,1465,930,878,1346,179,14540,112,49,99,149,197,202,59,168,4,1033,190,140,160,350,301,163,98,143,26,1560,77,75,65,43,57,30,15,47,12,412,213,141,164,178,163,138,98,176,96,1370,6397,12379,6955,5234,4580,2354,1371,2528,504,42299
CED409,322,621,258,519,364,131,96,131,36,2480,559,647,525,1264,754,268,163,259,68,4502,1221,699,5566,2437,1879,1048,1266,1539,218,15862,75,51,98,188,215,197,109,207,20,1151,135,114,123,371,292,131,143,204,21,1531,40,99,83,88,91,47,44,87,16,601,92,126,182,216,146,131,155,257,131,1445,3992,9764,7494,6493,5230,2574,2292,3432,645,41925
CED410,531,986,269,451,488,196,64,130,41,3151,659,818,473,781,770,317,114,197,49,4176,1081,547,3587,1265,1186,706,430,770,134,9704,57,41,53,110,162,103,30,90,10,650,146,121,90,238,304,158,44,78,6,1186,78,176,65,65,93,42,29,63,18,630,102,155,122,111,155,88,50,112,99,988,6489,18600,5712,4934,5771,2709,1107,2263,643,48224
CED411,387,632,215,503,357,105,58,87,20,2370,661,566,349,1325,639,279,127,209,52,4207,1686,746,6148,2819,1921,1146,1434,1925,286,18105,113,51,118,204,257,257,119,350,18,1487,174,82,147,361,272,162,143,230,25,1595,56,57,49,48,67,36,37,64,11,423,172,104,187,185,139,137,193,261,136,1524,4319,6965,7522,6220,4318,2379,2219,3465,604,38011
CED494,4,5,3,0,0,0,3,5,0,23,0,6,3,8,6,3,3,13,0,40,11,3,67,11,9,9,18,33,3,157,0,0,0,0,0,4,0,3,0,7,0,0,3,3,0,0,0,7,0,12,0,0,0,0,0,0,3,4,0,16,4,0,3,0,0,0,8,11,4,31,35,96,77,32,34,20,36,109,7,444
CED497,0,0,0,0,0,0,0,0,0,0,0,0,0,0,0,0,0,0,0,0,0,0,0,0,0,0,0,0,0,0,0,0,0,0,0,0,0,0,0,0,0,0,0,0,0,0,0,0,0,0,0,0,0,0,0,0,0,0,0,0,0,0,0,0,0,0,0,0,0,0,0,0,0,0,0,0,0,0,0,3
CED501,438,668,454,474,435,162,132,137,38,2936,652,690,698,1218,787,364,197,226,71,4899,1418,892,8741,2775,1815,1066,1768,1621,372,20462,94,51,148,222,244,206,96,216,17,1294,135,83,199,400,305,198,158,180,20,1680,39,79,74,74,103,42,37,53,15,519,93,127,197,230,165,139,197,241,135,1525,4249,8780,11187,6427,4946,2629,2833,3024,772,44847
CED502,391,682,470,449,486,194,186,181,39,3080,588,722,775,1090,860,403,334,298,63,5134,1304,695,6848,2218,1740,994,1596,1282,239,16923,78,44,104,200,235,212,95,188,19,1172,135,97,166,369,341,161,154,188,20,1630,57,151,96,85,119,59,59,75,6,697,84,149,195,209,189,132,177,202,140,1485,4650,11435,9726,6088,6102,3044,3212,3128,689,48083
CED503,405,672,283,398,400,140,119,119,34,2573,518,555,502,853,599,325,163,193,54,3769,1373,661,7477,1999,1453,859,1744,1336,278,17183,72,24,97,150,179,158,101,147,13,941,140,93,167,295,301,176,153,158,18,1508,32,63,44,64,62,44,36,61,5,411,111,118,177,175,183,141,166,164,97,1335,3918,7336,9228,4645,3920,2152,2671,2474,602,36951
CED504,388,673,366,485,490,202,113,172,40,2932,596,696,607,931,831,360,171,236,42,4482,1262,687,6704,2004,1629,901,1173,1295,261,15919,75,44,84,174,197,165,75,149,10,968,113,117,159,357,339,164,117,164,31,1566,73,118,92,86,111,47,40,67,14,641,86,133,211,198,183,135,125,201,143,1423,4378,9820,8947,5405,5413,2686,2134,2771,707,42259
CED505,588,1111,287,337,518,230,57,100,44,3284,587,663,407,562,513,275,64,165,44,3291,831,424,2563,734,625,386,232,405,98,6299,45,37,35,72,106,78,15,39,3,426,145,119,82,157,244,102,27,73,19,971,109,224,51,62,84,44,16,35,15,641,124,248,78,95,126,80,29,70,71,926,9396,25802,4531,3810,5505,2608,732,1646,728,54756
CED506,634,748,405,437,364,122,175,165,37,3072,749,678,657,954,680,220,287,282,61,4572,2273,1030,11205,1867,1798,756,2889,2212,469,24490,149,131,139,248,313,186,149,317,26,1660,250,157,216,306,327,143,247,264,30,1934,82,74,59,56,64,24,62,90,13,524,271,190,289,272,234,165,329,399,208,2375,6769,10613,13776,5086,4901,1916,4452,4242,982,52729
CED507,490,728,334,397,401,174,122,183,21,2849,586,503,544,827,527,268,152,262,42,3712,1621,677,7632,2048,1558,1025,1618,1722,262,18160,102,58,107,175,232,280,82,232,7,1283,205,98,169,342,318,188,138,205,15,1673,59,76,56,58,60,34,46,81,7,480,177,117,186,202,159,166,151,264,124,1543,4951,9250,9518,4855,4130,2528,2479,3592,583,41894
CED508,551,967,465,458,529,207,107,142,50,3478,687,803,668,870,774,359,175,241,63,4634,1381,790,6469,1639,1467,742,1032,1113,243,14880,63,48,100,149,185,163,45,115,10,871,146,137,183,319,343,142,85,131,14,1505,83,156,100,75,101,54,33,64,13,680,114,190,185,182,170,127,92,157,146,1363,6481,16801,9215,5125,5717,2598,1902,2436,779,51053
CED509,434,810,387,449,486,161,139,136,31,3029,559,658,635,849,716,286,218,217,53,4176,1376,724,6520,1854,1563,750,1362,1192,260,15584,62,48,85,146,203,130,80,153,9,917,134,105,157,323,355,141,142,143,20,1518,66,96,66,75,100,39,45,41,16,548,104,123,189,186,187,132,149,167,106,1343,4749,10200,8834,4982,5055,2184,2428,2481,653,41565
CED510,700,1298,481,569,682,258,84,139,60,4268,736,843,632,807,895,381,95,168,49,4613,1571,826,6695,1736,1538,814,805,1022,238,15244,46,38,83,125,195,149,19,103,9,783,169,146,134,293,445,186,61,106,24,1568,103,160,64,70,110,48,28,48,12,638,121,199,143,159,203,137,42,102,85,1193,7023,15694,9041,5055,6063,2824,1326,2040,684,49742
CED511,671,694,216,399,351,108,109,139,22,2726,621,497,358,752,524,212,191,203,37,3402,2086,667,7234,1974,1375,797,1956,1609,253,17949,152,40,118,180,248,211,129,261,18,1360,304,85,154,309,266,139,166,225,22,1681,76,73,48,62,55,31,44,70,10,473,322,115,227,210,161,161,300,349,154,1999,6187,8336,8748,4576,3730,1899,3116,3223,590,40400
CED512,658,932,468,621,600,210,183,178,46,3901,810,868,729,1510,1090,449,237,296,74,6049,1991,961,9399,2667,2185,1229,1831,1858,313,22442,115,68,116,212,320,214,109,211,16,1382,200,134,220,403,419,197,170,203,22,1978,93,124,106,111,110,48,42,104,17,743,184,184,239,243,239,218,209,238,144,1892,6138,10649,11999,7069,6498,3208,3127,3603,791,53079
CED513,602,1044,496,486,497,251,116,179,29,3708,764,813,802,945,802,393,163,299,49,5032,1090,700,4621,1334,1256,691,660,831,184,11368,56,41,56,128,142,111,48,93,9,682,161,117,135,267,316,113,78,118,20,1320,90,166,98,93,102,50,30,74,17,718,121,202,145,163,160,96,95,124,117,1226,8098,22014,7704,5509,6490,3039,1556,2683,802,57892
CED514,545,858,479,506,510,241,135,183,32,3490,671,753,797,970,754,383,245,349,59,4987,1058,561,4974,1504,1146,700,755,951,186,11843,65,45,73,109,167,122,44,102,7,729,148,135,144,307,338,171,92,126,16,1475,91,155,69,83,119,69,39,88,9,730,100,176,132,166,184,120,66,149,141,1232,6220,15741,7850,5437,5759,3013,1887,2872,693,49463
CED515,512,809,499,420,500,217,160,191,42,3348,698,736,831,1010,838,397,282,417,67,5272,1085,601,4998,1539,1217,721,925,1002,184,12267,59,36,85,143,140,114,44,110,13,746,151,136,175,234,296,130,104,115,21,1362,85,175,113,80,99,51,54,62,22,738,104,172,163,183,148,88,103,168,153,1289,6763,18315,8490,5805,6300,3122,2320,3428,797,55341
CED516,592,1121,372,412,552,213,84,139,48,3522,527,607,492,622,619,340,111,175,42,3540,1094,491,3450,1090,949,564,517,650,139,8941,38,35,48,91,138,94,35,75,0,565,118,118,103,194,338,127,62,76,12,1153,105,189,76,58,120,38,17,43,5,645,105,186,94,112,143,84,49,87,87,939,6957,18023,5680,3927,5521,2482,1231,1892,624,46331
CED594,3,18,9,0,3,3,4,9,3,49,3,15,11,16,8,0,9,22,0,84,22,13,233,38,32,17,75,69,11,508,0,3,0,3,3,3,8,7,0,34,0,0,3,9,6,3,12,12,0,49,0,5,0,0,0,3,6,4,0,22,3,7,4,0,0,0,7,10,4,41,73,214,279,110,77,41,139,193,42,1169
CED597,3,20,9,0,3,0,0,5,0,37,0,11,0,0,0,0,3,0,0,18,3,13,63,0,0,0,9,35,3,124,0,0,0,0,0,0,0,0,0,5,0,3,0,0,0,0,3,3,0,13,0,0,0,0,0,0,0,0,0,0,0,0,0,0,0,0,0,3,3,12,13,78,73,0,4,0,21,55,9,250
CED601,233,422,140,220,205,74,19,52,17,1392,348,425,248,580,445,169,51,95,36,2393,1302,387,3563,1496,1120,708,740,850,127,10291,60,15,63,140,155,146,43,147,9,770,77,46,71,246,189,118,67,101,8,935,26,62,19,37,51,21,7,22,7,250,88,88,128,128,84,80,82,161,98,947,3240,7581,4524,3496,2878,1549,1079,1640,373,26353
CED602,233,370,119,224,166,39,23,52,20,1244,338,335,216,589,394,126,47,110,30,2193,1366,405,3922,1561,1106,641,899,1142,186,11224,60,26,62,150,142,151,51,182,19,840,97,61,63,277,196,104,47,149,18,1013,19,40,12,30,29,17,16,29,5,197,123,64,111,133,91,135,129,205,75,1068,2957,4960,4629,3293,2469,1307,1254,1995,387,23263
CED603,278,461,185,242,273,79,31,44,26,1622,389,444,278,566,483,182,49,96,37,2523,863,449,2909,1418,1105,577,415,576,116,8426,27,32,54,104,114,136,19,120,13,614,74,70,56,213,159,74,35,89,25,794,35,89,26,32,58,20,14,25,10,301,73,102,89,123,82,81,50,109,69,775,3978,11636,4181,3927,3787,1622,751,1400,480,31773
CED604,346,557,193,302,323,86,23,49,28,1900,514,489,305,591,575,195,50,97,49,2872,1280,506,3990,1605,1430,630,520,798,163,10934,62,33,56,124,159,135,36,119,3,725,127,102,84,252,255,113,40,92,18,1073,33,81,37,38,55,23,14,26,0,314,95,120,116,125,105,83,68,119,81,920,4192,9033,5220,3887,4107,1577,810,1506,474,30801
CED605,336,314,115,226,189,59,33,73,14,1364,454,314,222,536,373,143,54,107,32,2240,1435,424,3956,1601,1017,621,890,1068,178,11192,64,37,80,138,160,137,52,172,8,849,124,53,88,289,188,101,61,144,20,1059,30,27,24,35,35,18,17,32,5,212,172,92,175,165,105,114,142,263,96,1319,3595,4442,4846,3390,2490,1307,1284,1989,404,23756
CED694,0,4,0,0,0,0,3,0,0,7,0,4,4,4,5,0,0,0,0,15,4,0,20,11,3,0,4,9,0,49,0,3,0,0,0,0,0,0,0,5,0,0,0,0,0,0,0,0,0,5,0,0,0,0,0,0,0,0,0,4,0,0,0,0,0,0,0,4,0,7,7,45,31,22,13,4,5,23,3,149
CED697,0,0,0,0,0,0,0,0,0,3,0,0,0,0,0,0,0,0,0,0,0,5,10,0,0,0,0,7,0,20,0,0,0,0,0,0,0,0,0,0,0,0,0,0,0,0,0,0,0,0,0,0,0,0,0,0,0,0,0,0,0,0,0,0,0,0,0,0,0,0,0,14,6,3,0,0,0,6,0,30
CED701,270,439,139,291,188,40,41,59,22,1491,476,432,296,685,455,105,65,115,37,2657,1193,698,4077,1405,1187,385,766,919,217,10852,82,112,69,215,175,90,48,141,30,965,104,112,100,245,188,66,70,113,40,1035,26,57,32,45,35,16,22,41,12,287,142,215,176,261,161,98,131,257,223,1666,3626,7052,5196,3996,3125,978,1210,1867,699,27745
CED702,416,492,263,360,297,96,66,88,27,2110,731,697,549,973,747,224,113,176,68,4275,1351,746,5460,1727,1717,617,853,936,292,13699,68,70,101,154,195,106,55,98,9,857,129,108,109,261,242,102,68,111,23,1154,55,104,87,59,62,29,24,60,14,488,111,143,185,164,143,108,89,182,178,1299,5599,11358,7582,5241,5238,1904,1517,2213,794,41448
CED794,0,3,3,3,0,0,0,6,0,19,3,3,3,7,3,3,5,5,0,37,7,12,52,12,5,3,17,25,0,136,0,0,10,3,0,0,0,0,0,13,0,0,9,7,0,3,0,3,0,22,0,3,3,3,0,0,0,0,0,7,0,3,0,0,0,0,0,7,0,16,28,102,85,54,22,12,31,54,4,387
CED797,0,0,0,0,0,0,0,0,0,0,0,0,0,0,0,0,0,0,0,0,0,0,3,0,0,0,0,0,0,3,0,0,0,0,0,0,0,0,0,0,0,0,0,0,0,0,0,0,0,0,0,0,0,0,0,0,0,0,0,0,0,0,0,0,0,0,0,4,0,3,0,4,4,0,0,0,0,7,0,18
CED801,876,1186,307,527,926,202,48,106,91,4261,1288,1309,578,994,1546,277,75,178,171,6410,1633,1096,4562,1780,2127,662,540,774,291,13464,113,99,66,172,233,123,38,79,11,932,208,202,103,251,499,151,56,89,36,1598,115,232,52,70,129,35,20,37,20,706,161,212,151,132,212,95,45,116,157,1277,13612,27943,6765,6129,11089,2399,1014,1853,1744,72556
CED802,765,1066,381,554,870,228,62,132,107,4167,1212,1286,770,1265,1521,354,101,227,178,6917,1557,1180,4607,1990,2172,742,516,774,268,13799,84,82,93,206,254,142,37,107,19,1020,182,196,92,258,427,120,48,119,36,1483,95,209,74,89,108,43,16,46,32,725,101,185,146,136,193,90,35,126,156,1164,13136,29248,7708,7465,11990,3086,1096,2447,1855,78031
CED894,0,0,3,0,0,0,0,0,0,8,0,3,0,3,3,0,0,0,3,14,0,0,5,8,9,0,3,3,0,26,0,0,0,0,0,0,0,0,0,3,0,0,0,0,0,0,0,0,0,0,0,0,0,0,0,0,0,0,0,0,0,0,0,0,0,0,0,0,3,7,11,47,11,21,29,7,3,8,9,139
CED897,0,0,0,0,0,0,0,0,0,0,0,0,0,0,0,0,0,0,0,0,0,0,0,0,0,0,0,0,0,0,0,0,0,0,0,0,0,0,0,0,0,0,0,0,0,0,0,0,0,0,0,0,0,0,0,0,0,0,0,0,0,0,0,0,0,0,0,0,0,0,0,0,0,0,0,0,0,0,0,0
CED994,0,0,0,0,0,0,0,0,0,3,0,0,0,3,0,0,0,0,0,0,0,0,0,0,0,0,0,0,0,0,0,0,0,0,0,0,0,0,0,0,0,0,0,0,0,0,0,0,0,0,0,0,0,0,0,0,0,0,0,0,0,0,0,0,0,0,0,0,0,0,0,3,0,4,0,0,0,0,0,8
CED997,0,0,0,0,0,0,0,0,0,0,0,0,0,0,0,0,0,0,0,0,0,0,0,0,0,0,0,5,0,5,0,0,0,0,0,0,0,0,0,0,0,0,0,0,0,0,0,0,0,0,0,0,0,0,0,0,0,0,0,0,0,0,0,0,0,0,0,0,0,0,0,3,0,0,0,0,0,5,0,4