CED_CODE_2016,D_15_17_FPEAW_MPEFT,D_15_17_FPEAW_MPEPT,D_15_17_FPEAW_MPEAW,D_15_17_FPEAW_MPEHNS,D_15_17_FPEAW_MPET,D_15_17_FPEAW_MPULFTW,D_15_17_FPEAW_MPULPTW,D_15_17_FPEAW_MPUT,D_15_17_FPEAW_MPTLF,D_15_17_FPEAW_MPNLF,D_15_17_FPEAW_MPLFSNS,D_15_17_FPEAW_T,D_15_17_FPHNS_MPEFT,D_15_17_FPHNS_MPEPT,D_15_17_FPHNS_MPEAW,D_15_17_FPHNS_MPEHNS,D_15_17_FPHNS_MPET,D_15_17_FPHNS_MPULFTW,D_15_17_FPHNS_MPULPTW,D_15_17_FPHNS_MPUT,D_15_17_FPHNS_MPTLF,D_15_17_FPHNS_MPNLF,D_15_17_FPHNS_MPLFSNS,D_15_17_FPHNS_T,D_15_17_FPET_MPEFT,D_15_17_FPET_MPEPT,D_15_17_FPET_MPEAW,D_15_17_FPET_MPEHNS,D_15_17_FPET_MPET,D_15_17_FPET_MPULFTW,D_15_17_FPET_MPULPTW,D_15_17_FPET_MPUT,D_15_17_FPET_MPTLF,D_15_17_FPET_MPNLF,D_15_17_FPET_MPLFSNS,D_15_17_FPET_T,D_15_17_FPULFTW_MPEFT,D_15_17_FPULFTW_MPEPT,D_15_17_FPULFTW_MPEAW,D_15_17_FPULFTW_MPEHNS,D_15_17_FPULFTW_MPET,D_15_17_FPULFTW_MPULFTW,D_15_17_FPULFTW_MPULPTW,D_15_17_FPULFTW_MPUT,D_15_17_FPULFTW_MPTLF,D_15_17_FPULFTW_MPNLF,D_15_17_FPULFTW_MPLFSNS,D_15_17_FPULFTW_T,D_15_17_FPULPTW_MPEFT,D_15_17_FPULPTW_MPEPT,D_15_17_FPULPTW_MPEAW,D_15_17_FPULPTW_MPEHNS,D_15_17_FPULPTW_MPET,D_15_17_FPULPTW_MPULFTW,D_15_17_FPULPTW_MPULPTW,D_15_17_FPULPTW_MPUT,D_15_17_FPULPTW_MPTLF,D_15_17_FPULPTW_MPNLF,D_15_17_FPULPTW_MPLFSNS,D_15_17_FPULPTW_T,D_15_17_FPUT_MPEFT,D_15_17_FPUT_MPEPT,D_15_17_FPUT_MPEAW,D_15_17_FPUT_MPEHNS,D_15_17_FPUT_MPET,D_15_17_FPUT_MPULFTW,D_15_17_FPUT_MPULPTW,D_15_17_FPUT_MPUT,D_15_17_FPUT_MPTLF,D_15_17_FPUT_MPNLF,D_15_17_FPUT_MPLFSNS,D_15_17_FPUT_T,D_15_17_FPTLF_MPEFT,D_15_17_FPTLF_MPEPT,D_15_17_FPTLF_MPEAW,D_15_17_FPTLF_MPEHNS,D_15_17_FPTLF_MPET,D_15_17_FPTLF_MPULFTW,D_15_17_FPTLF_MPULPTW,D_15_17_FPTLF_MPUT,D_15_17_FPTLF_MPTLF,D_15_17_FPTLF_MPNLF,D_15_17_FPTLF_MPLFSNS,D_15_17_FPTLF_T,D_15_17_FPNLF_MPEFT,D_15_17_FPNLF_MPEPT,D_15_17_FPNLF_MPEAW,D_15_17_FPNLF_MPEHNS,D_15_17_FPNLF_MPET,D_15_17_FPNLF_MPULFTW,D_15_17_FPNLF_MPULPTW,D_15_17_FPNLF_MPUT,D_15_17_FPNLF_MPTLF,D_15_17_FPNLF_MPNLF,D_15_17_FPNLF_MPLFSNS,D_15_17_FPNLF_T,D_15_17_FPLFSNS_MPEFT,D_15_17_FPLFSNS_MPEPT,D_15_17_FPLFSNS_MPEAW,D_15_17_FPLFSNS_MPEHNS,D_15_17_FPLFSNS_MPET,D_15_17_FPLFSNS_MPULFTW,D_15_17_FPLFSNS_MPULPTW,D_15_17_FPLFSNS_MPUT,D_15_17_FPLFSNS_MPTLF,D_15_17_FPLFSNS_MPNLF,D_15_17_FPLFSNS_MPLFSNS,D_15_17_FPLFSNS_T,D_15_17_FPT_MPEFT,D_15_17_FPT_MPEPT,D_15_17_FPT_MPEAW,D_15_17_FPT_MPEHNS,D_15_17_FPT_MPET,D_15_17_FPT_MPULFTW,D_15_17_FPT_MPULPTW,D_15_17_FPT_MPUT,D_15_17_FPT_MPTLF,D_15_17_FPT_MPNLF,D_15_17_FPT_MPLFSNS,D_15_17_FPT_T,D_18_20_FPEFT_MPEFT,D_18_20_FPEFT_MPEPT,D_18_20_FPEFT_MPEAW,D_18_20_FPEFT_MPEHNS,D_18_20_FPEFT_MPET,D_18_20_FPEFT_MPULFTW,D_18_20_FPEFT_MPULPTW,D_18_20_FPEFT_MPUT,D_18_20_FPEFT_MPTLF,D_18_20_FPEFT_MPNLF,D_18_20_FPEFT_MPLFSNS,D_18_20_FPEFT_T,D_18_20_FPEPT_MPEFT,D_18_20_FPEPT_MPEPT,D_18_20_FPEPT_MPEAW,D_18_20_FPEPT_MPEHNS,D_18_20_FPEPT_MPET,D_18_20_FPEPT_MPULFTW,D_18_20_FPEPT_MPULPTW,D_18_20_FPEPT_MPUT,D_18_20_FPEPT_MPTLF,D_18_20_FPEPT_MPNLF,D_18_20_FPEPT_MPLFSNS,D_18_20_FPEPT_T,D_18_20_FPEAW_MPEFT,D_18_20_FPEAW_MPEPT,D_18_20_FPEAW_MPEAW,D_18_20_FPEAW_MPEHNS,D_18_20_FPEAW_MPET,D_18_20_FPEAW_MPULFTW,D_18_20_FPEAW_MPULPTW,D_18_20_FPEAW_MPUT,D_18_20_FPEAW_MPTLF,D_18_20_FPEAW_MPNLF,D_18_20_FPEAW_MPLFSNS,D_18_20_FPEAW_T,D_18_20_FPHNS_MPEFT,D_18_20_FPHNS_MPEPT,D_18_20_FPHNS_MPEAW,D_18_20_FPHNS_MPEHNS,D_18_20_FPHNS_MPET,D_18_20_FPHNS_MPULFTW,D_18_20_FPHNS_MPULPTW,D_18_20_FPHNS_MPUT,D_18_20_FPHNS_MPTLF,D_18_20_FPHNS_MPNLF,D_18_20_FPHNS_MPLFSNS,D_18_20_FPHNS_T,D_18_20_FPET_MPEFT,D_18_20_FPET_MPEPT,D_18_20_FPET_MPEAW,D_18_20_FPET_MPEHNS,D_18_20_FPET_MPET,D_18_20_FPET_MPULFTW,D_18_20_FPET_MPULPTW,D_18_20_FPET_MPUT,D_18_20_FPET_MPTLF,D_18_20_FPET_MPNLF,D_18_20_FPET_MPLFSNS,D_18_20_FPET_T,D_18_20_FPULFTW_MPEFT,D_18_20_FPULFTW_MPEPT,D_18_20_FPULFTW_MPEAW,D_18_20_FPULFTW_MPEHNS,D_18_20_FPULFTW_MPET,D_18_20_FPULFTW_MPULFTW,D_18_20_FPULFTW_MPULPTW,D_18_20_FPULFTW_MPUT,D_18_20_FPULFTW_MPTLF,D_18_20_FPULFTW_MPNLF,D_18_20_FPULFTW_MPLFSNS,D_18_20_FPULFTW_T,D_18_20_FPULPTW_MPEFT,D_18_20_FPULPTW_MPEPT,D_18_20_FPULPTW_MPEAW,D_18_20_FPULPTW_MPEHNS,D_18_20_FPULPTW_MPET,D_18_20_FPULPTW_MPULFTW,D_18_20_FPULPTW_MPULPTW,D_18_20_FPULPTW_MPUT
CED101,20,3,11,0,35,0,0,0,34,0,0,34,9,0,0,24,39,0,0,0,39,0,4,36,2108,313,30,55,2507,44,14,60,2568,130,6,2700,25,9,0,0,34,4,0,4,43,9,0,45,51,17,0,0,65,7,3,13,75,3,0,81,73,31,0,0,105,11,3,12,117,8,0,127,2179,344,29,54,2609,60,21,78,2682,138,6,2825,454,110,6,18,580,11,0,13,596,141,0,740,0,0,0,0,0,0,0,0,0,0,11,9,2635,454,31,70,3189,73,22,88,3278,283,13,3577,675,93,12,4,784,11,9,21,806,52,0,859,590,113,3,3,710,14,0,11,724,34,0,752,14,4,6,0,30,0,0,0,31,9,0,35,11,3,3,20,31,0,0,0,31,0,0,30,1287,211,23,26,1555,23,10,32,1588,93,0,1678,23,9,0,4,33,3,0,3,40,3,0,41,17,15,0,0,30,3,0,4
CED102,21,4,8,0,31,0,0,0,31,4,0,33,12,0,0,22,35,0,0,0,35,3,0,33,1717,283,26,40,2067,29,11,33,2100,138,0,2240,22,3,0,0,19,5,0,5,24,6,0,27,42,15,3,0,58,3,3,5,69,3,0,74,59,15,3,0,83,11,3,13,97,7,0,101,1780,301,32,39,2145,39,11,49,2196,148,3,2345,448,118,8,23,599,17,6,21,626,165,3,797,8,0,0,3,13,0,0,0,13,0,10,20,2232,418,44,66,2762,58,15,68,2828,315,13,3163,613,96,7,0,717,7,3,14,729,56,0,787,400,113,3,3,514,7,0,11,524,50,0,577,12,0,4,0,18,0,0,0,18,4,0,22,4,3,0,18,29,0,0,0,29,0,0,35,1029,212,13,23,1285,18,3,23,1307,112,0,1422,10,0,0,0,10,9,3,13,25,0,0,32,20,9,0,3,36,0,5,6
CED103,25,8,3,0,36,3,0,3,38,0,0,38,14,3,0,15,37,0,0,0,37,0,3,44,2237,297,25,30,2592,69,19,88,2677,113,3,2794,31,8,0,0,42,7,0,7,49,4,0,49,50,10,0,0,60,9,4,7,73,6,0,76,85,15,0,0,106,11,4,14,123,5,0,125,2315,316,30,34,2691,81,20,106,2800,121,3,2926,490,88,5,16,599,22,10,28,624,108,0,738,0,0,0,3,3,0,0,0,3,0,4,12,2809,397,36,52,3298,108,30,133,3429,233,8,3670,768,94,8,0,868,25,6,31,901,66,0,963,670,125,11,3,813,12,0,13,828,39,0,872,18,7,3,0,30,0,0,0,30,0,0,30,8,0,0,12,20,0,0,0,20,0,0,22,1463,225,27,11,1732,37,15,52,1781,108,0,1888,12,3,0,0,13,0,0,0,13,0,0,19,29,5,0,0,37,11,3,13
CED104,40,5,4,0,55,0,0,0,51,5,0,54,12,3,0,11,21,0,0,0,24,4,0,30,3318,313,26,26,3681,95,10,98,3782,139,9,3933,25,4,0,0,31,6,0,6,35,0,0,35,49,8,0,0,60,0,0,3,65,4,0,68,78,17,0,0,90,5,0,8,100,4,0,108,3396,325,28,26,3774,100,10,106,3883,146,9,4034,624,66,3,8,696,20,0,24,720,72,0,797,7,0,0,0,7,0,0,0,7,0,3,8,4021,390,31,35,4475,118,12,128,4606,221,12,4840,1030,88,9,7,1129,22,3,30,1158,61,0,1223,931,128,16,8,1084,31,3,37,1123,46,0,1166,19,5,3,0,30,0,0,0,30,0,0,30,8,3,0,11,17,0,0,0,17,4,0,22,1985,224,28,25,2262,59,6,67,2330,113,0,2443,19,8,0,0,27,8,0,8,27,0,0,28,24,6,0,0,34,3,0,3
CED105,13,3,9,0,19,0,0,0,24,0,0,22,15,6,0,33,48,3,0,3,48,3,0,58,1322,285,25,55,1686,55,15,70,1754,167,3,1922,36,15,0,0,53,13,0,12,64,8,0,76,60,33,0,0,89,5,3,12,105,18,0,119,97,41,0,3,139,23,10,28,168,23,0,193,1416,334,25,56,1827,72,25,97,1923,191,3,2120,784,385,20,57,1252,52,27,82,1335,567,11,1909,3,3,0,3,12,0,0,0,12,7,11,25,2203,726,47,114,3092,128,53,179,3270,762,25,4061,549,79,4,4,631,15,12,28,662,66,0,726,318,116,7,11,442,18,7,22,467,46,4,513,15,0,6,0,22,0,0,0,23,3,0,24,12,3,0,33,38,0,0,0,38,3,0,50,882,198,22,38,1138,30,19,51,1186,123,7,1321,24,3,0,3,33,15,3,11,44,13,0,58,32,23,0,0,56,3,8,11
CED106,26,6,4,0,36,0,0,0,36,0,0,39,10,0,0,9,21,0,0,0,24,0,0,23,3150,304,37,30,3523,80,5,87,3608,162,3,3767,45,0,0,4,49,4,0,4,54,3,0,54,66,5,0,0,72,8,4,15,83,5,0,91,113,5,0,4,118,12,4,19,135,9,0,146,3259,313,37,33,3638,92,9,104,3741,167,3,3909,815,77,14,9,912,37,4,36,953,98,0,1049,0,0,0,3,4,0,0,0,4,0,3,10,4076,383,50,52,4562,126,12,141,4703,262,5,4972,877,112,11,3,1003,32,3,34,1042,74,0,1111,914,101,16,8,1039,25,4,23,1063,44,0,1108,18,6,15,3,41,0,0,0,41,0,0,41,8,0,0,13,23,0,3,3,21,0,0,25,1814,222,41,31,2106,51,13,63,2173,121,4,2295,21,0,0,0,22,0,0,0,24,3,0,29,32,5,0,0,34,6,0,6
CED107,40,0,12,3,50,3,0,3,53,3,0,58,18,0,0,13,40,0,0,0,40,3,0,42,2248,209,55,44,2557,44,3,46,2603,116,9,2727,17,6,0,0,18,5,0,3,24,4,0,27,19,0,0,0,21,7,0,7,31,10,0,38,36,3,0,0,45,13,0,14,54,13,0,69,2284,210,55,44,2593,51,6,58,2655,128,5,2789,292,43,6,12,354,29,3,30,382,131,0,520,0,0,0,0,0,0,0,0,0,0,3,5,2573,259,60,59,2954,81,5,90,3040,266,12,3312,237,16,3,0,263,11,0,10,272,16,0,284,212,22,3,3,235,3,0,9,241,11,0,247,7,0,3,0,13,0,0,0,11,0,0,14,0,0,0,7,8,0,0,0,8,0,0,8,460,39,12,4,508,16,3,17,527,25,0,547,0,0,0,0,0,4,0,4,7,0,0,8,3,0,0,0,3,0,0,0
CED108,32,4,16,0,50,0,0,0,50,4,0,49,18,3,0,25,47,0,0,0,50,5,0,56,2114,277,41,53,2476,64,16,83,2562,172,3,2743,32,19,3,3,57,18,0,19,74,13,0,83,49,15,0,0,70,6,8,14,86,15,0,96,89,35,3,8,131,23,13,28,162,27,0,182,2200,305,43,55,2604,87,25,114,2724,201,3,2922,751,188,7,26,973,53,7,57,1033,393,3,1428,9,0,0,0,9,0,0,0,9,3,14,28,2959,498,49,88,3594,135,37,173,3768,593,19,4382,795,76,8,6,886,17,6,22,907,56,4,963,362,83,3,5,453,11,3,14,471,27,0,498,15,3,0,0,19,0,0,0,20,4,0,24,8,6,0,11,24,0,0,0,24,7,0,34,1177,166,15,21,1382,31,15,43,1421,89,7,1516,18,6,3,0,32,0,0,0,29,3,0,29,21,14,0,3,37,3,0,3
CED109,32,7,7,0,46,0,0,0,46,3,0,45,13,3,0,13,34,0,0,0,34,0,0,34,2169,222,34,34,2458,39,7,43,2504,102,3,2610,12,0,0,0,10,0,0,3,17,3,0,21,37,9,0,6,49,4,0,4,50,0,0,57,43,12,0,6,63,4,0,6,67,7,0,77,2215,234,34,35,2519,45,8,49,2568,108,3,2682,375,61,3,12,443,9,0,10,454,56,0,512,0,0,0,0,0,0,0,0,0,0,6,3,2587,295,41,47,2965,53,10,58,3028,170,4,3204,605,58,14,10,687,4,0,4,686,31,0,716,560,82,4,8,649,6,3,14,664,39,0,702,23,0,6,0,34,0,0,0,34,0,4,35,10,0,0,11,21,0,0,0,21,0,0,20,1199,140,25,23,1391,13,3,17,1406,68,4,1474,9,0,0,0,9,0,0,0,9,3,0,10,5,3,0,0,17,0,3,3
CED110,26,3,10,0,40,0,0,3,39,3,0,45,17,4,0,16,32,0,0,0,32,3,0,31,1788,351,39,33,2209,29,11,45,2256,172,5,2434,19,6,0,0,22,8,0,8,33,3,0,34,28,4,0,0,31,5,0,5,38,4,0,42,43,9,0,0,51,17,0,14,67,10,0,74,1830,359,39,33,2263,43,11,56,2321,181,5,2513,209,65,9,8,287,20,0,23,309,141,4,459,3,0,0,0,4,0,0,0,4,0,0,4,2040,430,49,45,2554,65,17,85,2637,325,13,2977,168,31,4,0,201,0,3,4,203,14,0,219,160,26,4,6,197,4,0,3,201,19,0,222,0,0,0,0,3,0,0,0,3,0,0,3,0,0,0,3,5,0,0,0,5,0,0,5,329,53,10,4,403,4,4,11,410,41,0,447,3,4,0,0,3,0,0,0,5,5,0,7,4,0,0,0,4,0,0,0
CED111,29,3,9,0,43,3,0,3,49,7,0,54,4,0,0,19,21,3,0,3,21,3,0,24,2092,244,40,38,2411,32,12,48,2452,109,4,2564,16,0,0,5,25,0,0,0,24,8,0,28,27,3,0,0,36,3,0,3,40,4,0,38,48,7,0,3,54,8,0,8,63,10,0,72,2134,249,40,41,2467,37,12,49,2518,116,4,2636,351,55,8,23,435,15,8,19,459,153,3,614,0,0,0,0,0,0,0,0,0,0,4,3,2485,302,52,59,2908,52,13,65,2975,268,9,3249,431,55,5,0,495,10,3,15,506,42,0,552,521,59,7,0,579,12,3,15,594,30,0,621,13,3,11,0,22,0,0,0,22,3,0,25,0,0,0,0,5,0,0,0,5,3,0,7,959,119,20,3,1102,21,7,27,1129,81,0,1208,5,0,0,0,5,4,0,4,12,3,0,9,10,3,0,0,11,0,0,0
CED112,34,3,12,0,42,3,0,3,45,4,0,49,12,0,0,9,18,0,0,5,26,3,0,27,2067,221,34,30,2350,40,4,49,2391,137,10,2534,33,4,0,0,35,0,3,4,38,0,0,38,39,4,0,0,42,9,0,9,49,12,0,53,73,3,0,0,76,4,3,10,83,12,0,93,2136,227,34,30,2427,45,11,54,2480,144,10,2631,395,67,11,4,480,15,8,19,498,103,0,600,0,0,0,0,3,0,0,0,3,0,6,5,2531,298,41,32,2903,61,15,77,2975,250,14,3234,317,50,6,0,370,7,0,14,381,18,3,405,361,39,6,0,408,6,0,6,411,17,0,436,17,0,0,0,19,0,0,0,19,0,0,20,6,0,0,4,18,0,0,0,18,3,0,19,700,89,18,7,814,19,0,17,834,46,3,879,11,3,0,0,12,0,3,4,18,0,0,18,10,0,0,0,12,0,0,0
CED113,44,5,15,0,65,0,0,0,65,0,0,69,14,0,0,28,43,0,0,0,43,5,0,48,2242,253,64,52,2612,19,5,27,2641,140,3,2779,11,4,0,0,18,3,0,7,22,3,0,26,17,7,0,0,23,0,0,0,25,0,0,27,34,7,0,0,43,3,4,8,44,0,0,49,2274,267,64,52,2654,26,12,33,2685,138,3,2828,265,44,8,3,314,10,0,13,333,89,0,418,3,4,0,0,5,0,0,0,5,0,3,10,2536,312,68,54,2972,38,10,50,3023,225,6,3263,334,34,7,4,375,0,3,4,376,20,0,397,193,31,10,3,231,0,0,0,237,12,3,252,10,0,0,0,16,0,0,0,16,0,0,16,3,0,0,3,6,0,0,0,6,0,0,12,543,59,19,7,629,3,3,5,631,34,0,675,3,0,0,0,3,0,0,0,3,0,0,4,4,0,0,0,3,0,0,0
CED114,43,3,6,0,57,0,0,3,60,0,0,60,9,3,0,22,36,0,0,0,36,0,0,36,2279,221,55,48,2601,27,9,31,2638,100,7,2740,9,0,0,3,18,4,0,4,21,0,0,22,18,0,0,0,20,0,0,3,22,4,0,24,31,6,0,4,35,4,0,9,45,3,0,46,2306,231,57,50,2643,30,8,37,2682,103,7,2792,316,51,14,4,378,7,9,16,392,115,0,508,0,0,0,3,5,0,0,0,7,0,12,20,2624,275,67,59,3025,42,11,57,3077,217,18,3318,218,18,0,4,242,3,0,3,247,6,0,250,217,32,0,0,251,3,0,6,253,12,0,264,5,0,0,0,7,0,0,0,7,0,0,11,3,0,0,3,5,0,0,0,5,0,0,5,438,52,3,5,503,5,0,11,512,21,0,528,3,0,0,0,3,3,0,3,8,0,0,8,0,0,0,0,0,0,0,0
CED115,7,5,5,0,23,0,0,0,23,3,0,27,11,3,0,24,41,6,0,6,48,0,0,48,1360,256,18,47,1674,49,16,63,1743,197,3,1942,24,10,0,5,38,14,8,19,63,10,0,73,47,41,0,0,95,11,15,30,120,20,0,144,69,53,0,4,132,31,22,50,181,29,0,213,1431,312,14,55,1808,78,37,118,1926,226,7,2155,717,273,15,43,1058,51,27,79,1129,632,4,1769,3,0,0,6,13,0,0,0,13,0,20,34,2155,587,34,103,2877,125,62,193,3065,860,30,3955,486,58,4,8,558,19,3,24,581,70,0,655,308,119,4,6,431,10,11,21,450,75,0,520,8,3,0,0,14,0,0,0,14,0,0,15,12,0,0,20,33,3,0,4,40,4,0,42,815,174,11,35,1033,31,15,47,1080,149,3,1233,17,13,0,3,28,8,0,9,37,13,0,52,20,21,0,0,40,8,12,20
CED116,33,0,3,0,36,0,0,0,36,3,0,43,11,3,0,18,31,0,0,0,32,0,0,32,1583,286,36,34,1932,27,9,36,1969,126,8,2100,16,0,0,0,18,7,0,4,26,0,0,32,18,4,0,3,32,0,0,3,33,8,0,37,31,11,0,3,50,8,3,8,60,10,0,63,1619,295,36,37,1984,32,7,47,2025,133,8,2171,240,57,7,12,313,7,0,16,326,102,0,427,4,0,0,0,4,0,0,0,4,0,3,7,1858,348,45,45,2298,42,11,55,2357,237,14,2601,208,27,12,5,244,0,0,5,247,18,0,268,232,34,0,3,264,4,0,3,270,13,0,287,4,0,12,0,15,0,0,0,15,0,0,17,0,0,0,11,12,0,0,0,12,0,0,12,441,56,18,19,537,4,4,5,542,36,0,578,3,3,0,0,3,0,0,0,6,0,0,6,3,0,0,0,3,0,0,0
CED117,12,3,3,0,20,0,0,0,20,0,0,20,3,0,0,8,11,0,0,0,11,0,0,11,1234,155,14,14,1413,36,8,48,1457,85,4,1546,21,3,0,0,22,0,0,0,20,3,0,26,15,3,0,0,20,3,0,4,28,0,0,25,35,7,0,3,41,3,0,6,50,3,0,53,1267,161,14,15,1461,41,10,52,1505,90,4,1600,196,35,0,6,239,6,3,10,244,47,0,291,3,3,0,0,7,0,0,0,7,0,3,4,1466,195,14,22,1699,50,11,58,1755,133,5,1898,314,47,4,0,367,5,3,12,375,30,0,405,223,34,3,4,264,4,3,10,273,31,0,304,4,4,6,0,8,0,0,0,8,3,0,14,0,0,0,3,3,0,0,0,3,0,0,3,545,83,11,5,641,16,10,19,660,66,0,730,10,0,0,0,10,0,0,0,9,0,0,9,7,3,0,0,13,3,0,0
CED118,29,5,5,0,43,0,0,0,43,3,0,44,18,3,0,27,50,3,0,3,48,3,3,54,2763,242,39,60,3102,82,14,96,3203,92,15,3307,52,13,0,0,60,17,0,20,76,7,0,86,56,6,0,0,64,5,3,7,75,7,0,76,108,18,0,0,127,23,8,27,150,10,0,161,2864,258,38,61,3230,101,20,126,3356,104,15,3470,656,85,6,11,762,28,4,29,793,145,3,944,3,0,0,4,9,0,0,0,9,0,11,21,3523,344,53,79,3996,131,22,156,4149,256,27,4433,916,85,15,5,1026,38,5,42,1064,41,0,1111,514,67,10,3,592,19,3,19,612,30,0,643,17,4,6,0,32,0,0,0,30,0,0,34,8,3,0,10,25,0,0,0,25,0,3,26,1454,153,36,22,1669,50,6,61,1731,79,3,1810,25,3,0,0,27,12,0,9,34,8,0,40,29,4,0,0,35,3,3,4
CED119,35,0,4,0,47,0,0,0,48,3,0,45,14,0,0,8,24,0,0,0,24,0,0,26,2847,228,39,45,3153,37,4,42,3193,104,3,3300,12,0,0,0,17,0,0,0,17,3,0,18,41,6,0,0,41,0,0,0,43,0,0,45,57,6,0,0,61,0,0,0,60,0,0,62,2900,227,37,47,3213,36,4,46,3258,106,3,3364,440,40,7,9,489,3,0,4,495,56,0,554,0,0,0,3,3,0,0,0,3,0,4,8,3341,270,44,50,3707,43,9,50,3755,159,13,3927,729,74,11,4,818,8,0,14,835,33,0,870,724,75,13,4,813,11,7,18,828,24,0,847,17,3,7,0,25,0,0,0,30,0,0,30,5,0,0,10,19,0,0,0,19,0,0,19,1477,153,29,19,1678,21,8,32,1709,61,0,1771,9,4,0,0,16,0,0,0,16,0,0,13,11,0,0,0,12,0,0,0
CED120,32,5,8,0,45,0,0,0,45,3,0,42,16,0,0,23,40,0,0,0,40,3,0,45,2454,206,48,44,2752,33,4,37,2787,102,0,2893,42,6,0,0,41,4,0,4,46,0,0,52,52,4,0,0,58,0,0,0,53,4,0,61,88,7,0,0,96,4,0,4,101,6,0,111,2544,211,44,46,2849,35,4,42,2891,113,0,3001,438,45,9,7,504,12,6,21,522,75,3,601,0,0,0,0,0,0,0,0,0,0,0,0,2986,253,60,55,3354,47,11,59,3418,188,6,3606,404,31,6,3,445,3,0,3,445,18,0,470,380,30,10,3,418,6,3,6,421,13,0,437,16,0,0,0,13,0,0,0,13,3,0,21,6,0,0,8,15,0,0,0,15,0,0,15,798,63,11,11,888,9,3,10,902,41,0,937,5,0,0,0,6,0,0,0,6,0,0,6,17,0,0,0,18,0,0,0
CED121,28,11,7,0,51,0,0,0,50,3,0,53,21,0,0,18,41,0,0,0,37,0,0,40,2064,216,37,43,2358,46,8,57,2418,116,0,2528,14,4,0,0,21,6,0,6,29,3,0,26,32,11,0,3,48,14,0,13,60,0,0,60,49,18,0,3,71,18,0,15,88,3,0,89,2114,234,39,51,2430,66,10,69,2502,118,0,2620,438,55,10,4,506,31,0,31,536,123,0,664,0,0,0,0,0,0,0,0,0,0,4,6,2553,289,54,55,2943,94,10,103,3043,246,4,3292,264,32,3,0,300,13,0,14,310,18,0,332,279,32,8,0,322,3,3,4,331,27,0,357,9,3,3,0,13,0,0,0,13,0,0,17,5,0,0,3,7,0,0,0,7,0,0,8,561,69,13,5,649,13,4,18,666,48,0,719,10,4,0,0,11,4,0,4,14,0,0,15,9,0,0,0,10,0,0,3
CED122,35,4,6,0,47,0,0,0,47,0,3,47,12,0,0,15,22,0,0,0,23,0,0,26,1828,228,19,20,2097,27,8,39,2135,98,3,2236,26,0,0,0,26,6,0,6,27,0,0,31,31,3,0,0,29,6,0,3,33,0,0,35,53,3,0,0,53,4,0,9,65,3,0,68,1877,230,19,26,2148,34,9,50,2196,102,3,2303,300,62,8,10,372,14,0,15,391,65,0,458,0,0,0,0,3,0,0,0,3,0,3,9,2172,292,32,36,2530,52,12,62,2590,167,8,2768,585,60,6,4,659,7,3,8,666,29,0,698,387,77,5,7,479,3,3,11,485,20,0,506,16,0,3,0,21,0,0,0,21,8,0,30,0,0,0,4,8,0,0,0,8,3,0,12,989,142,14,20,1164,11,6,16,1183,57,3,1244,18,0,0,0,18,3,0,3,20,0,0,20,20,3,0,0,21,0,0,3
CED123,37,3,7,0,50,0,0,0,50,0,0,52,9,3,0,12,31,0,0,0,32,3,0,35,2387,196,39,38,2654,25,8,38,2692,131,3,2822,26,3,0,0,30,3,0,3,29,7,0,37,55,14,0,0,72,0,0,4,71,4,0,78,81,15,0,0,98,9,0,6,101,6,0,109,2468,213,39,40,2751,33,7,43,2795,135,3,2931,508,68,5,20,609,19,7,26,629,118,3,755,0,0,0,3,9,0,0,0,9,0,3,13,2975,281,45,61,3365,56,11,66,3429,256,10,3696,502,27,10,0,538,9,0,14,552,40,0,585,380,53,3,4,442,6,0,6,448,23,0,477,14,0,3,0,21,0,0,0,21,0,0,21,3,0,0,9,17,0,0,0,17,0,0,13,896,84,15,16,1015,18,0,25,1035,64,0,1102,11,0,0,0,11,0,0,0,16,0,0,18,16,3,0,0,19,0,0,0
CED124,20,3,16,0,39,0,0,0,39,3,0,39,12,0,0,18,30,0,0,0,33,6,0,33,1688,308,53,29,2079,39,13,50,2127,155,0,2285,8,6,3,0,21,7,0,5,28,8,0,31,25,4,0,0,29,3,4,4,37,4,0,41,37,12,4,0,49,9,5,12,66,7,0,74,1725,313,56,31,2128,46,16,62,2185,164,0,2355,254,48,11,17,328,22,6,21,352,148,0,501,6,0,0,0,5,0,0,0,5,0,4,11,1985,368,72,47,2468,60,20,81,2546,312,6,2870,170,21,0,4,195,0,3,3,194,17,0,218,172,50,3,0,223,3,0,3,229,5,0,236,0,0,5,0,11,0,0,0,12,0,0,14,4,0,0,0,8,0,0,0,8,0,0,8,346,74,8,7,437,3,3,6,444,27,0,472,3,3,0,0,6,3,0,3,8,0,0,10,3,0,0,0,6,0,0,0
CED125,20,3,3,0,29,0,0,0,29,4,0,32,14,3,0,27,46,3,0,3,45,8,0,51,2041,226,37,58,2352,42,15,59,2412,155,0,2572,34,4,0,0,40,11,0,10,55,6,0,60,50,11,0,3,63,8,0,8,67,5,0,72,83,15,0,6,103,11,3,15,121,13,0,132,2124,236,37,64,2462,53,18,75,2531,171,0,2705,588,118,10,20,727,26,8,39,765,214,3,986,0,0,0,4,3,0,0,0,3,0,13,19,2713,351,46,80,3196,85,25,114,3306,383,13,3704,544,44,8,5,605,11,0,11,617,45,0,664,401,49,3,5,451,14,3,13,468,38,0,505,15,0,3,0,23,0,0,0,27,5,0,33,5,4,0,15,24,0,0,0,24,4,0,31,971,100,17,22,1107,20,6,26,1135,92,0,1230,23,0,0,0,25,4,0,4,27,0,0,27,13,0,0,5,20,3,0,4
CED126,16,3,4,0,29,0,0,0,29,6,0,34,10,0,0,18,28,0,0,0,28,3,0,31,2757,311,35,35,3137,33,4,38,3172,117,5,3293,19,3,0,0,19,3,0,3,24,0,0,26,39,3,0,0,48,0,0,0,49,4,0,53,60,6,0,0,67,3,0,3,69,3,0,72,2811,317,35,38,3199,40,4,41,3241,121,5,3369,388,43,3,11,447,3,3,6,455,54,0,505,5,0,0,0,5,0,0,0,5,0,9,18,3207,359,36,48,3657,46,8,49,3706,176,15,3894,567,60,4,3,642,5,3,8,650,27,0,680,611,81,3,0,694,14,0,14,706,27,0,740,20,3,10,0,34,0,0,0,34,4,0,36,5,3,0,9,18,0,0,0,18,0,0,18,1200,141,20,8,1379,23,3,28,1404,57,0,1463,10,0,0,0,10,4,0,4,16,0,0,16,20,0,0,0,18,0,0,0
CED127,40,3,13,0,52,3,0,3,51,0,0,53,7,3,0,11,14,0,0,0,14,0,0,19,2270,264,41,24,2604,21,4,23,2629,127,7,2761,17,3,0,0,27,3,0,3,29,0,0,29,35,0,0,0,34,0,0,0,34,7,0,46,52,3,3,0,58,3,0,3,61,7,0,70,2322,271,48,24,2666,25,4,27,2696,134,7,2834,420,61,9,10,495,9,0,11,509,67,4,576,0,3,0,0,3,0,0,0,3,0,5,12,2746,333,58,32,3167,32,3,37,3204,205,14,3422,428,33,3,0,468,6,0,5,474,45,0,515,386,48,0,7,442,0,0,4,451,16,0,459,17,4,0,0,17,0,0,0,17,0,0,17,3,3,0,3,11,0,0,0,11,0,0,12,840,88,7,3,938,8,3,13,948,58,0,1009,4,3,0,0,10,3,0,3,14,0,0,14,10,0,0,0,10,0,0,0
CED128,20,4,12,0,34,3,0,3,38,3,0,45,15,0,3,24,41,4,0,4,45,13,3,58,1653,224,34,50,1958,42,11,52,2012,167,0,2179,25,12,0,0,40,9,3,12,49,13,0,61,52,12,0,0,63,4,7,10,76,31,0,104,75,22,0,0,100,19,4,22,124,39,0,162,1724,247,36,50,2057,56,15,76,2135,208,0,2347,616,241,8,41,910,35,26,65,970,553,12,1538,3,3,0,3,6,0,0,0,6,4,10,22,2346,488,51,100,2982,92,45,138,3114,769,20,3911,560,53,10,3,628,17,3,22,649,57,0,704,378,80,3,4,469,12,3,17,485,45,0,531,19,13,4,0,30,0,0,0,30,3,0,31,8,0,0,19,31,0,0,0,34,3,0,35,960,144,18,30,1157,27,9,36,1193,113,0,1307,17,4,0,0,24,4,0,4,29,14,0,41,23,9,0,4,38,5,14,17
CED129,41,4,6,0,53,0,0,0,53,4,0,54,16,3,0,20,44,0,0,0,44,0,0,49,3167,320,37,38,3558,64,3,73,3632,122,0,3757,33,0,0,0,41,4,0,6,45,3,0,54,48,6,0,0,56,7,3,6,66,0,0,63,82,13,3,3,92,15,3,17,113,4,0,116,3241,329,42,42,3659,80,7,89,3744,129,0,3874,628,81,10,14,730,17,3,19,747,65,0,813,0,0,0,4,10,0,0,0,10,0,7,18,3871,415,45,59,4396,95,15,108,4501,193,11,4703,1057,100,5,5,1173,33,0,35,1210,63,0,1271,775,77,5,3,862,19,0,25,886,24,0,910,34,10,10,0,51,0,0,0,51,3,0,51,6,0,0,15,17,0,0,0,17,3,0,22,1876,188,20,21,2100,57,3,59,2164,90,0,2249,19,0,0,0,24,0,0,0,24,0,0,29,37,3,0,0,40,3,0,3
CED130,35,10,11,0,47,0,0,0,47,0,0,51,17,0,3,17,36,3,0,3,38,7,0,46,1872,259,49,43,2217,25,10,38,2253,111,0,2362,20,0,0,0,23,10,0,10,32,8,0,35,16,4,0,3,22,5,0,5,26,5,0,28,29,5,0,3,41,14,0,14,55,19,0,70,1908,260,49,43,2259,39,10,50,2305,126,0,2433,246,43,4,5,304,12,3,13,320,138,0,460,4,0,0,0,7,0,0,0,7,3,10,22,2159,303,55,53,2565,53,11,63,2633,264,11,2912,163,14,0,0,181,0,0,3,188,12,0,200,143,25,3,0,168,0,0,0,168,8,0,180,3,3,3,0,8,0,0,0,8,0,0,7,3,0,0,3,9,0,0,0,9,0,0,10,315,40,7,3,371,5,0,3,374,24,0,397,3,0,0,0,3,3,0,3,5,3,0,7,0,0,0,0,0,0,0,0
CED131,20,4,4,0,33,0,0,0,28,0,0,31,5,0,0,10,25,0,0,0,21,0,3,26,1783,221,38,24,2065,51,3,54,2124,116,3,2244,23,4,0,0,26,3,0,3,28,0,0,28,29,3,0,0,36,3,0,3,39,7,0,46,52,9,3,0,66,4,0,9,69,7,0,77,1837,235,41,23,2132,54,4,62,2196,123,3,2318,239,39,7,11,298,8,3,11,315,70,3,381,0,0,0,3,3,0,0,0,3,0,3,6,2084,272,52,33,2436,62,10,75,2515,189,9,2712,288,36,4,0,328,9,0,13,339,25,0,365,340,49,4,3,400,12,0,13,411,25,0,433,15,0,3,0,25,0,0,0,25,3,0,26,3,0,0,3,5,3,0,3,11,0,0,11,641,86,15,13,761,24,4,27,780,53,0,834,7,0,0,0,7,5,0,5,7,3,0,12,7,0,0,0,7,0,0,0
CED132,35,3,3,0,36,0,0,0,36,3,0,39,9,3,0,7,20,0,0,0,27,0,0,25,1726,208,19,15,1972,50,14,69,2041,96,3,2136,22,6,0,0,30,3,0,3,34,0,0,33,37,6,0,0,44,0,3,4,48,3,0,50,60,13,0,0,67,3,3,6,77,3,0,80,1787,219,19,15,2040,59,15,74,2113,103,3,2216,436,68,7,6,519,13,0,13,535,65,3,601,6,0,0,3,10,0,0,0,10,0,3,12,2230,283,27,26,2573,68,21,87,2658,164,6,2829,541,61,7,0,609,17,3,22,635,44,0,681,453,77,3,0,535,14,3,17,546,34,0,579,12,3,4,0,19,0,0,0,19,0,0,20,11,0,0,10,19,0,0,0,19,0,0,19,1016,142,11,14,1189,32,5,39,1223,79,0,1301,8,0,0,0,8,3,0,3,15,0,0,15,18,3,0,0,25,0,3,4
CED133,37,19,11,0,61,0,0,0,62,15,0,72,16,0,0,22,38,0,0,0,38,9,0,44,1823,335,31,45,2240,34,16,45,2286,170,0,2459,20,7,0,0,25,9,0,10,31,6,0,41,31,9,0,0,40,6,3,5,46,3,0,55,48,15,3,0,63,16,3,20,79,14,0,94,1869,353,34,45,2303,46,18,65,2367,184,0,2548,308,68,10,9,401,12,8,23,420,170,0,593,4,4,0,0,9,0,0,0,7,4,8,18,2181,422,45,56,2707,65,25,89,2794,355,11,3165,206,28,6,0,243,0,0,3,244,19,0,263,160,42,7,0,211,3,3,3,215,30,0,252,8,3,4,0,16,0,0,0,16,0,0,16,0,0,0,0,3,0,0,0,3,3,0,3,378,78,12,6,468,5,7,9,483,48,0,529,7,0,0,0,7,0,0,0,3,5,0,8,0,4,0,0,7,3,0,3
CED134,28,3,13,3,43,0,0,0,43,0,0,43,14,0,0,20,36,0,0,0,36,0,0,34,1573,164,36,41,1822,29,4,30,1852,98,7,1951,15,3,0,0,21,11,0,9,32,7,0,35,9,0,0,0,15,0,0,0,14,3,0,18,28,5,0,0,31,11,0,10,42,9,0,52,1600,173,40,42,1852,41,3,45,1896,107,7,2006,220,28,8,10,264,18,0,18,278,105,4,385,0,0,0,0,0,0,0,0,0,0,7,7,1822,201,42,52,2114,57,3,63,2178,214,15,2401,121,12,0,0,131,0,0,0,134,6,0,139,100,15,0,0,116,0,0,0,116,6,0,123,9,0,0,0,5,0,0,0,9,0,0,9,4,0,0,0,0,0,0,0,0,0,0,6,228,28,3,0,256,3,0,3,258,12,0,278,0,0,0,0,0,0,0,0,3,0,0,5,4,0,0,0,4,0,0,0
CED135,13,3,5,0,22,0,0,0,22,0,0,22,14,0,0,17,37,3,0,3,38,0,0,40,1560,248,31,38,1875,59,11,71,1949,120,3,2071,35,5,0,0,46,9,0,9,54,7,0,65,36,19,3,0,61,12,5,15,74,5,0,85,72,23,6,0,103,18,5,29,133,12,0,144,1629,278,30,38,1981,76,23,96,2078,133,3,2218,563,155,18,25,760,27,16,37,803,258,3,1062,0,0,0,8,6,0,0,0,6,0,12,14,2193,431,50,70,2749,101,36,133,2883,393,16,3293,605,74,3,3,683,20,7,22,704,68,0,767,417,96,0,13,528,17,11,21,548,40,0,588,15,3,3,0,25,0,0,0,25,0,0,25,5,0,3,14,27,0,0,0,27,3,0,30,1037,170,11,32,1255,31,12,45,1305,107,0,1414,24,7,0,0,31,9,0,9,42,9,0,44,23,11,0,0,37,0,0,3
CED136,24,7,15,0,40,0,0,0,40,7,0,50,7,0,0,11,22,0,0,0,20,3,0,30,1986,232,54,25,2289,51,7,57,2348,105,5,2457,18,5,0,4,31,9,0,9,38,0,0,42,49,12,0,0,60,3,5,3,64,3,0,68,67,19,0,4,90,11,5,15,98,6,0,104,2050,244,55,28,2379,60,6,65,2448,115,5,2565,414,60,5,11,492,26,5,32,522,119,0,644,0,0,0,0,7,0,3,3,3,3,9,14,2465,311,59,42,2875,86,13,97,2975,234,14,3219,294,28,8,6,332,10,6,13,341,17,0,365,269,38,4,3,311,7,0,3,315,23,3,346,3,0,5,0,13,0,0,0,13,3,0,14,0,0,0,3,5,0,0,0,5,0,0,5,566,65,14,11,656,11,5,17,673,49,3,723,9,0,0,0,9,3,0,3,11,0,0,11,11,0,0,0,11,0,0,0
CED137,20,7,0,0,34,0,0,0,34,0,0,34,8,0,0,10,26,0,0,0,26,3,0,30,1837,248,24,40,2150,40,12,51,2196,122,0,2320,14,4,0,0,25,4,0,4,30,7,0,37,32,13,0,0,46,8,0,10,56,3,0,60,45,16,0,4,69,14,0,16,86,10,0,92,1887,266,23,39,2217,56,9,64,2279,130,3,2412,436,93,4,16,550,9,7,13,564,109,3,671,0,0,0,7,15,0,0,0,15,0,6,17,2324,362,29,67,2778,57,17,76,2857,237,9,3102,724,90,8,3,826,16,7,18,840,64,0,908,540,103,7,4,658,9,0,14,670,45,0,717,13,3,13,0,30,0,0,0,30,0,0,30,8,3,0,13,26,0,0,0,26,8,0,33,1290,194,25,27,1537,23,3,27,1562,114,0,1678,12,0,0,0,14,7,0,7,19,6,0,26,19,10,0,3,27,5,3,5
CED138,24,8,8,0,35,0,0,0,35,3,0,42,18,6,0,12,31,0,0,0,36,0,0,33,1662,371,34,34,2091,37,6,44,2136,138,0,2278,19,4,0,0,24,12,0,10,34,3,0,44,24,6,0,3,36,0,0,0,38,0,0,38,42,13,0,3,64,12,0,15,74,3,0,78,1702,383,31,37,2160,44,8,57,2214,142,0,2353,224,68,8,9,307,13,3,11,321,104,0,431,7,0,0,0,4,0,0,0,4,0,3,6,1935,452,44,38,2471,56,12,71,2542,245,9,2795,200,34,3,3,240,0,3,4,246,7,0,249,186,47,4,9,244,3,5,3,246,23,0,273,3,3,4,0,10,0,0,0,10,0,0,10,0,0,0,7,12,0,0,0,10,0,0,10,393,85,10,14,499,4,6,11,515,34,0,543,4,0,0,0,4,3,0,3,3,0,0,9,6,0,0,0,9,0,0,0
CED139,42,3,3,0,49,0,0,0,49,3,0,53,21,4,0,18,42,0,0,0,42,0,0,44,2044,240,39,37,2358,25,8,27,2392,106,0,2494,28,3,0,0,32,3,0,3,37,5,0,39,19,5,3,0,29,0,3,6,31,3,0,34,49,10,4,0,60,6,3,11,65,7,0,78,2091,249,43,37,2417,28,11,42,2457,110,0,2569,278,37,14,8,324,14,4,14,345,127,0,476,7,0,0,0,7,0,0,0,7,0,5,14,2369,283,53,45,2756,40,18,58,2810,243,3,3056,208,27,3,0,233,3,0,3,240,19,0,257,193,27,4,0,229,0,3,3,232,10,0,241,3,3,0,0,8,0,0,0,8,0,0,8,0,0,0,4,3,0,0,0,3,0,0,3,405,58,7,4,473,5,3,4,476,25,0,509,0,0,0,0,0,0,0,0,4,0,0,4,3,0,0,0,3,0,0,0
CED140,31,9,10,0,48,0,0,0,52,4,0,54,15,3,0,11,23,0,0,0,23,0,0,30,1927,232,39,19,2222,41,4,47,2265,106,3,2374,18,0,3,0,18,8,0,8,26,3,0,28,35,0,0,0,36,0,0,0,38,5,0,42,48,3,3,0,50,8,0,12,65,7,0,66,1981,233,40,19,2272,53,6,53,2328,116,3,2447,355,50,15,8,425,12,3,16,442,72,0,513,3,0,0,0,5,0,0,0,5,0,9,14,2337,288,50,31,2706,61,8,66,2772,185,6,2973,353,49,8,0,408,9,0,6,421,24,0,441,400,51,3,0,451,6,0,6,460,27,0,484,9,3,10,0,24,0,0,0,24,4,0,24,10,0,0,6,14,0,0,0,14,0,0,17,771,100,24,10,902,15,0,12,916,53,0,968,17,0,0,0,17,0,0,0,17,0,0,17,14,3,0,0,12,0,0,0
CED141,30,10,10,0,45,0,0,3,52,4,0,53,11,0,0,7,13,0,0,0,13,0,0,13,1986,227,39,21,2277,34,4,44,2319,119,5,2439,27,0,0,0,29,3,0,3,32,4,0,38,40,3,0,0,47,4,0,4,46,3,0,51,66,9,0,0,72,9,0,9,82,6,0,85,2051,237,39,21,2347,42,4,54,2401,126,5,2525,297,45,9,12,356,23,0,23,374,89,0,466,3,0,0,0,3,0,0,0,3,0,6,11,2352,279,45,34,2713,62,4,75,2783,211,10,2999,351,42,4,7,405,11,3,13,414,36,0,454,408,48,9,7,464,11,0,12,478,38,0,515,15,0,3,0,23,3,0,3,25,0,0,21,3,0,0,0,3,0,0,0,3,0,0,3,774,91,16,13,895,19,3,22,916,73,0,992,3,3,0,0,7,0,0,0,7,0,0,7,15,0,0,0,15,0,0,0
CED142,5,0,0,0,12,0,0,0,12,0,0,14,0,0,0,5,7,0,0,0,7,0,0,5,494,61,6,6,564,15,3,15,579,50,3,627,8,0,0,0,8,0,0,0,11,0,0,8,6,8,0,0,11,0,0,0,18,0,0,18,14,8,0,0,17,4,0,4,24,0,0,21,507,63,6,6,584,14,3,17,603,45,3,653,75,24,4,0,105,0,3,3,106,28,0,138,0,0,0,0,0,0,0,0,0,0,7,7,583,86,8,6,689,21,3,23,712,74,6,789,171,10,0,0,183,3,0,5,190,31,0,215,97,31,0,0,126,3,0,3,133,12,0,143,5,0,6,0,10,0,0,0,10,0,0,10,0,0,0,4,3,0,0,0,3,0,0,3,272,43,3,4,326,11,0,7,330,38,0,376,4,0,0,0,4,0,0,0,8,0,0,8,11,0,0,0,7,0,0,0
CED143,25,4,9,0,37,0,0,0,37,0,0,37,16,0,0,7,27,0,0,0,27,0,3,30,2009,231,23,24,2288,36,14,43,2331,102,3,2441,19,0,0,0,19,3,0,4,23,3,0,21,35,4,0,0,38,3,0,3,43,3,0,41,47,8,0,0,58,9,3,6,63,3,0,69,2057,232,23,24,2339,41,15,52,2394,105,3,2509,548,68,8,13,639,18,0,19,655,61,0,713,4,0,0,0,3,0,0,0,3,0,0,5,2607,303,37,39,2983,59,18,74,3056,167,6,3224,433,62,3,0,498,14,4,14,513,25,0,538,481,82,3,3,577,7,3,8,583,44,0,630,18,0,4,0,21,0,0,0,21,0,0,21,6,0,0,4,13,0,0,0,13,3,0,12,936,144,15,12,1107,19,9,25,1133,70,0,1208,14,0,0,0,14,0,0,3,14,4,0,16,20,0,0,0,15,3,3,6
CED144,13,4,4,0,30,3,0,3,35,3,0,37,15,5,0,30,51,0,0,0,51,3,3,57,1522,320,26,61,1925,41,19,56,1983,190,11,2177,24,14,0,0,36,9,0,9,51,8,0,56,48,31,0,7,81,10,3,15,94,10,0,107,65,46,0,6,118,22,3,28,150,17,0,167,1590,364,27,60,2042,68,24,86,2129,203,10,2346,740,301,23,52,1117,48,32,80,1203,436,7,1642,4,3,0,3,11,0,0,0,11,3,12,18,2332,672,44,118,3168,113,53,172,3340,645,28,4006,560,100,5,6,672,18,3,25,695,80,0,777,422,145,9,10,582,7,10,13,597,67,0,662,14,0,3,0,21,0,0,0,19,0,0,19,4,3,0,19,26,0,0,0,26,3,3,28,1005,245,19,28,1297,25,11,41,1337,155,3,1493,21,3,0,0,22,10,0,10,34,8,0,41,26,16,4,0,49,9,0,8
CED145,14,4,0,0,12,0,0,0,12,0,0,14,12,0,0,3,16,0,0,0,16,0,0,14,1292,167,13,12,1486,34,5,40,1527,62,0,1589,10,4,0,0,14,3,0,3,17,3,0,25,19,3,0,0,21,0,0,0,21,3,0,21,31,4,0,0,34,3,0,3,35,7,0,47,1320,179,10,12,1525,38,5,38,1562,68,0,1631,387,39,5,11,442,3,4,13,456,51,0,505,0,0,0,3,3,0,0,0,3,0,0,7,1712,222,15,24,1969,43,15,54,2026,114,5,2148,324,45,0,3,371,9,4,11,382,27,0,414,359,60,8,4,428,5,0,6,438,14,3,449,4,4,3,0,15,0,0,0,15,0,0,18,7,0,0,7,10,0,0,0,10,0,0,10,697,107,12,12,823,15,4,21,848,41,3,887,3,0,0,0,3,0,0,0,3,0,0,3,10,3,0,0,9,0,0,0
CED146,28,3,12,0,41,0,0,0,40,3,0,47,24,0,0,29,52,0,0,0,52,9,3,58,2318,342,44,54,2757,52,24,75,2828,186,4,3021,48,14,0,3,67,10,0,13,81,9,0,90,50,22,0,0,75,7,11,18,91,18,0,107,98,39,0,3,144,19,11,28,173,27,0,196,2415,381,44,60,2901,68,31,99,2999,215,4,3219,842,270,11,51,1171,56,17,70,1244,564,3,1813,3,3,0,3,11,0,0,0,9,0,18,30,3259,650,56,111,4082,126,54,176,4259,777,25,5061,922,92,12,5,1026,27,8,33,1056,67,0,1126,508,123,13,4,641,10,3,17,657,56,0,714,16,0,5,0,22,3,0,3,21,3,0,22,12,0,0,23,38,0,0,3,37,3,5,46,1449,209,30,34,1724,37,11,49,1774,130,4,1910,19,9,0,3,35,3,3,9,40,4,0,49,26,14,0,0,39,4,4,6
CED147,28,0,14,3,48,3,0,3,49,4,0,53,10,0,0,6,24,0,0,0,24,0,0,27,2051,252,41,27,2375,41,4,48,2425,146,0,2578,27,0,0,0,34,0,0,3,32,3,0,35,41,4,0,0,51,7,3,3,54,3,0,60,72,8,0,0,83,3,3,6,90,3,0,96,2126,260,41,28,2454,46,7,58,2512,152,0,2667,452,79,9,5,548,24,8,32,581,118,3,700,4,0,0,0,4,0,0,0,4,3,7,17,2581,335,57,39,3014,73,17,86,3100,276,11,3382,341,33,4,4,378,11,0,11,386,29,0,419,348,49,9,3,414,6,0,8,423,44,0,462,12,5,0,0,20,0,0,0,20,0,0,15,3,0,3,3,8,0,0,0,12,0,0,11,707,87,18,6,813,13,5,20,838,73,0,912,4,3,0,0,8,3,0,3,7,0,0,8,11,0,0,0,13,3,0,3
CED194,0,0,0,0,0,0,0,0,0,0,0,0,0,0,0,0,0,0,0,0,0,0,0,0,0,0,0,0,0,0,0,0,0,0,0,0,0,0,0,0,0,0,0,0,0,0,0,0,0,0,0,0,0,0,0,0,0,0,0,0,0,0,0,0,0,0,0,0,0,0,0,0,0,0,0,0,0,0,0,0,0,0,0,0,0,0,0,0,0,0,0,0,0,0,0,0,0,0,0,0,0,0,0,0,0,0,0,0,0,0,0,0,0,0,0,0,0,0,0,0,0,0,0,0,0,0,0,0,0,0,0,0,0,0,0,0,0,0,0,0,0,0,0,0,0,0,0,0,0,0,0,0,0,0,0,0,0,0,0,0,0,0,0,0,0,0,0,0,0,0,0,0,0,0,0,0,0,0,0,0,0,0,0,0,0,0,0,0,0,0,0,0,0,0,0,0,0,0,0,0
CED197,0,0,0,0,0,0,0,0,0,0,0,0,0,0,0,0,0,0,0,0,0,0,0,0,0,0,0,0,0,0,0,0,0,0,0,0,0,0,0,0,0,0,0,0,0,0,0,0,0,0,0,0,0,0,0,0,0,0,0,0,0,0,0,0,0,0,0,0,0,0,0,0,0,0,0,0,0,0,0,0,0,0,0,0,0,0,0,0,0,0,0,0,0,0,0,0,0,0,0,0,0,0,0,0,0,0,0,0,0,0,0,0,0,0,0,0,0,0,0,0,0,0,0,0,0,0,0,0,0,0,0,0,0,0,0,0,0,0,0,0,0,0,0,0,0,0,0,0,0,0,0,0,0,0,0,0,0,0,0,0,0,0,0,0,0,0,0,0,0,0,0,0,0,0,0,0,0,0,0,0,0,0,0,0,0,0,0,0,0,0,0,0,0,0,0,0,0,0,0,0
CED201,33,0,3,0,36,0,0,0,36,0,0,43,10,3,0,11,26,0,0,0,26,0,0,26,2298,237,37,28,2598,77,17,91,2693,121,0,2812,17,7,0,0,21,4,0,4,28,0,0,29,62,10,0,0,73,0,8,4,83,6,0,85,86,11,0,0,98,5,8,13,110,3,0,118,2377,253,38,32,2695,83,27,107,2803,128,3,2931,467,60,10,15,547,14,3,15,564,78,0,646,3,0,0,3,3,0,0,0,3,0,5,11,2846,310,44,47,3250,94,26,120,3370,207,7,3582,667,68,4,11,746,16,10,23,770,61,0,827,798,94,13,3,906,17,10,25,930,41,0,974,12,0,6,0,21,0,0,0,21,3,0,26,7,3,0,7,10,0,0,0,10,0,4,14,1487,161,28,17,1693,29,15,45,1735,104,4,1837,16,3,0,0,14,3,0,4,22,4,0,22,24,10,0,3,34,6,0,6
CED202,40,3,4,0,48,0,0,0,50,6,0,60,17,0,3,18,36,0,0,0,36,4,0,42,2137,243,29,33,2446,44,10,54,2497,125,5,2632,21,4,0,0,26,3,3,5,30,0,0,37,27,3,4,3,39,0,0,0,34,3,0,38,53,6,3,3,65,3,3,4,69,3,0,71,2190,256,31,35,2511,43,16,58,2570,130,5,2705,353,48,13,18,425,10,4,13,443,98,0,543,3,0,0,0,3,0,0,0,3,0,3,11,2544,301,46,53,2941,58,18,72,3018,227,9,3253,330,41,7,0,372,3,0,3,372,21,0,395,403,42,6,3,460,8,0,8,467,16,0,478,12,3,7,0,19,0,0,0,19,0,0,20,3,0,0,8,12,0,0,0,12,0,0,14,749,85,15,9,862,7,0,7,868,41,0,914,5,0,0,0,6,3,0,3,9,0,0,14,13,0,0,0,12,0,0,0
CED203,14,5,5,0,26,0,0,0,26,0,0,27,17,0,0,19,30,0,0,0,30,0,0,32,1501,228,19,25,1779,35,12,51,1831,96,0,1929,21,10,0,0,35,12,0,12,44,0,0,44,34,3,0,0,37,3,3,5,45,4,0,44,56,14,0,0,69,15,3,13,89,4,0,92,1559,241,24,25,1854,50,21,65,1916,101,0,2017,279,69,8,12,368,19,9,24,391,136,3,532,6,0,0,0,7,0,0,0,7,0,4,12,1845,311,31,41,2225,63,24,95,2315,239,6,2558,393,76,4,3,477,13,0,12,490,42,0,538,462,77,7,3,551,9,3,14,558,37,0,596,5,8,0,0,14,0,0,0,14,3,0,18,4,0,0,16,24,0,0,0,21,0,0,23,865,159,15,24,1062,19,4,22,1086,83,0,1168,20,0,0,0,24,8,0,7,30,0,0,30,14,4,0,0,22,4,4,7
CED204,28,15,12,0,52,0,0,0,56,0,0,56,14,3,0,23,41,0,0,0,41,0,0,38,2014,306,48,34,2402,25,4,36,2432,111,12,2551,25,0,0,0,22,5,0,5,27,3,0,29,30,9,0,0,34,3,0,3,34,4,0,40,46,9,0,0,61,3,0,3,62,4,0,70,2064,315,48,35,2460,30,4,37,2499,116,12,2624,304,59,13,5,383,21,9,24,402,92,3,500,5,0,0,0,5,0,0,0,8,0,4,15,2368,373,62,46,2843,50,13,67,2913,207,15,3134,287,41,13,5,343,3,0,3,348,21,0,369,333,57,10,3,397,5,0,3,403,26,3,429,6,9,0,0,19,0,0,0,19,3,0,23,0,3,0,9,9,0,0,0,9,0,0,9,631,103,21,18,772,8,0,11,776,55,3,830,5,0,0,0,5,0,0,0,7,0,0,7,11,0,0,0,15,0,0,0
CED205,19,4,9,0,26,0,0,0,28,3,0,35,13,3,0,13,28,3,0,3,27,0,0,31,1702,288,25,33,2048,70,8,84,2132,151,0,2286,38,4,0,0,42,19,0,24,72,15,0,81,45,9,3,0,58,14,3,13,72,6,0,79,88,10,3,0,103,33,5,40,146,20,0,159,1786,301,25,34,2148,106,14,122,2269,170,0,2445,518,125,8,17,663,27,18,42,703,278,7,991,0,0,0,3,0,0,0,0,0,0,4,6,2301,424,31,55,2814,135,31,164,2982,448,14,3446,650,84,4,4,739,31,0,30,767,56,0,827,533,133,4,3,667,20,8,28,691,40,3,737,14,11,8,0,29,3,0,3,30,3,0,41,8,0,0,18,22,4,0,4,28,0,0,27,1203,219,14,23,1464,57,6,65,1522,106,3,1633,27,5,0,0,36,11,0,14,48,12,0,59,30,14,0,0,47,16,8,18
CED206,29,9,4,0,42,0,0,0,42,4,0,47,24,3,0,38,61,4,0,4,67,3,0,69,2066,294,40,67,2465,65,10,76,2540,205,6,2758,36,14,0,0,45,15,0,15,65,9,0,71,57,23,3,4,89,9,9,14,105,12,0,118,89,40,3,4,134,22,9,29,164,24,0,192,2154,329,41,70,2604,88,17,100,2703,231,7,2946,764,243,7,45,1066,76,24,96,1163,652,4,1818,6,0,0,0,9,0,0,0,6,0,14,19,2930,574,53,123,3673,157,41,201,3876,879,33,4784,687,95,4,11,798,29,0,29,830,73,0,899,628,107,18,8,761,20,6,22,785,80,0,870,16,7,5,0,27,0,0,0,26,3,0,29,10,6,0,23,35,3,0,3,37,3,0,46,1336,216,26,48,1622,51,8,53,1677,158,3,1837,21,5,3,0,30,12,0,11,37,6,3,46,29,12,0,0,47,7,6,17
CED207,33,3,13,0,48,0,0,0,48,3,0,46,15,5,0,21,49,0,0,0,46,0,0,51,2251,238,55,44,2588,31,5,39,2630,98,4,2732,13,0,0,3,18,5,0,3,27,0,0,27,45,7,0,0,46,3,0,3,49,3,0,56,61,5,0,3,70,11,0,8,78,3,0,83,2305,244,51,49,2658,40,7,51,2703,102,4,2812,429,53,0,11,494,12,0,14,510,86,4,599,3,0,0,0,11,0,0,0,11,0,3,16,2741,304,56,61,3156,57,9,62,3225,187,9,3419,435,45,4,3,492,10,3,12,502,29,0,527,544,76,9,3,640,10,3,9,645,29,0,681,16,3,8,0,29,0,0,0,29,0,0,29,7,0,0,8,19,0,0,0,19,4,0,19,1005,120,28,12,1173,11,3,19,1193,59,0,1256,3,5,0,0,7,3,0,3,13,0,0,13,17,0,0,0,17,0,0,0
CED208,15,3,4,0,27,0,0,0,28,6,0,28,13,0,0,12,28,0,0,0,28,0,0,24,2101,249,24,24,2396,46,12,60,2456,120,0,2572,17,7,0,0,22,13,0,13,33,0,0,37,30,13,0,0,52,3,8,11,62,5,0,69,49,21,0,0,72,13,8,25,98,6,0,99,2154,268,28,19,2464,62,18,84,2548,131,0,2677,415,59,3,10,483,20,3,24,506,71,0,579,0,0,0,0,3,0,0,0,3,3,3,9,2563,329,28,29,2956,83,18,100,3060,204,7,3263,633,77,6,3,719,34,3,38,755,47,0,807,702,120,7,4,838,20,4,23,853,52,0,910,13,7,5,0,24,0,0,0,21,0,0,21,6,0,0,9,22,0,0,0,22,0,0,18,1356,199,15,19,1594,52,8,56,1658,105,4,1763,18,0,0,0,20,8,0,10,31,3,0,30,20,7,0,0,35,3,5,10
CED209,45,4,10,0,63,0,0,0,59,6,0,67,11,6,0,24,37,0,0,0,37,0,0,39,2372,293,43,55,2759,35,4,41,2794,93,3,2888,15,7,0,0,20,0,0,0,21,0,0,27,44,0,0,0,49,3,0,3,51,5,0,55,65,8,0,0,72,5,0,5,69,4,0,82,2429,298,43,55,2824,38,4,43,2868,96,3,2966,360,39,18,12,427,4,0,8,434,55,0,499,7,0,0,3,11,0,0,0,11,0,5,15,2803,335,62,65,3262,40,10,47,3315,158,9,3484,356,57,7,0,423,0,0,5,425,17,0,442,495,74,11,8,592,8,0,9,597,26,0,621,20,0,5,0,29,0,0,0,31,4,0,30,5,0,0,8,16,0,0,0,16,0,0,16,880,130,29,14,1056,12,3,15,1068,43,3,1107,7,3,0,0,12,0,0,0,12,0,0,11,12,3,0,0,17,0,0,3
CED210,32,3,7,0,44,0,0,0,45,6,0,45,11,4,0,19,24,0,0,0,24,0,0,24,1768,187,32,31,2026,29,0,29,2057,111,0,2171,18,3,0,0,26,3,0,3,28,4,0,29,27,3,0,0,32,8,3,9,40,3,0,49,50,8,0,0,57,11,3,14,71,7,0,74,1822,199,37,31,2087,36,3,40,2123,120,0,2250,347,57,5,8,414,16,4,17,435,123,0,561,0,0,0,0,0,0,0,0,0,0,3,8,2166,249,38,40,2503,51,8,59,2561,250,9,2814,333,32,3,5,369,7,0,7,378,31,0,405,405,65,8,3,486,4,3,12,489,31,0,523,20,0,6,5,30,0,0,0,30,0,0,30,7,0,0,4,17,0,0,0,17,0,0,17,767,95,19,17,904,11,3,18,920,57,0,982,10,3,0,0,12,10,0,10,23,0,0,23,10,4,0,0,19,3,0,3
CED211,23,8,7,0,40,0,0,0,38,4,3,42,20,0,0,11,33,0,0,3,33,0,0,33,2096,245,46,22,2412,54,11,65,2477,107,6,2589,17,10,0,0,29,6,0,6,34,0,0,34,39,6,0,0,45,8,0,8,58,4,0,58,55,18,0,0,75,19,0,19,90,3,0,92,2151,260,46,24,2483,69,11,83,2567,110,6,2681,397,45,3,5,457,19,0,18,474,93,0,570,7,0,0,0,6,0,0,0,6,0,0,3,2556,309,49,34,2946,85,12,100,3046,207,3,3251,538,63,9,3,609,20,6,30,639,49,0,688,714,96,6,14,823,16,5,23,843,44,0,887,17,11,4,0,32,0,0,0,32,3,0,32,5,0,0,8,14,0,0,0,14,0,0,16,1269,164,17,21,1476,39,7,50,1528,94,0,1625,8,4,0,0,10,10,0,10,21,0,0,21,25,4,0,0,30,0,0,0
CED212,26,3,6,3,36,0,0,0,36,0,0,41,18,0,0,8,21,0,0,0,26,0,0,26,1943,202,34,29,2197,34,7,45,2242,84,4,2335,22,5,0,0,21,6,0,6,30,0,0,30,34,3,0,3,34,3,0,3,42,4,0,45,50,9,0,3,60,9,0,9,68,4,0,68,1994,206,34,27,2259,46,7,51,2309,86,4,2400,331,45,8,14,402,9,0,9,408,74,5,488,0,0,0,0,4,0,0,0,4,0,4,5,2331,256,42,43,2663,53,7,64,2727,161,7,2899,364,30,4,3,407,3,4,3,408,25,0,437,437,52,14,0,503,4,0,7,510,22,0,529,17,0,3,0,18,0,0,0,18,5,0,26,7,0,0,8,11,0,0,0,17,0,0,17,827,90,22,11,941,10,6,17,960,51,0,1011,5,0,0,0,6,0,0,0,12,0,0,13,8,3,0,0,9,0,0,0
CED213,31,3,10,0,46,0,0,0,46,3,0,52,18,3,0,24,39,0,0,0,39,3,0,45,2028,268,44,45,2381,32,0,32,2413,107,4,2522,20,3,0,0,24,3,0,3,31,3,0,31,23,3,0,0,31,0,0,0,32,5,0,33,49,8,0,0,53,3,0,3,59,6,0,67,2078,274,43,45,2435,39,0,39,2477,112,4,2589,330,51,13,10,404,11,0,13,418,71,3,489,0,0,0,0,4,0,0,0,4,0,9,13,2407,322,50,60,2843,46,4,51,2897,186,11,3088,314,41,5,4,361,3,0,3,366,13,0,383,407,50,3,3,470,8,0,8,474,29,0,504,12,0,5,0,16,0,0,0,16,0,0,16,0,0,3,3,7,0,0,0,7,0,0,4,732,94,15,7,849,10,0,10,860,42,3,907,3,0,0,0,3,0,0,0,3,0,0,6,14,3,0,0,17,0,0,0
CED214,18,4,3,0,30,0,0,0,30,5,0,33,8,7,0,11,31,0,0,0,31,0,0,30,1481,244,20,26,1771,33,10,48,1819,126,3,1953,18,5,0,0,28,6,0,6,38,12,0,48,22,13,0,0,33,6,3,11,38,12,0,48,36,14,0,4,59,13,3,21,74,21,0,95,1522,261,20,32,1831,51,17,61,1899,148,3,2043,302,100,9,6,419,22,12,36,455,161,3,612,5,0,0,0,3,0,0,0,3,0,3,14,1825,364,30,38,2255,73,27,98,2351,306,12,2674,444,59,5,8,519,8,8,15,536,45,0,583,379,83,4,0,468,17,5,28,496,44,0,538,8,5,3,3,23,0,0,0,23,3,0,21,0,3,0,4,7,0,0,0,7,0,0,10,836,148,13,23,1020,29,10,40,1063,94,0,1158,17,4,0,4,21,9,0,9,31,7,0,32,11,3,0,0,19,7,3,6
CED215,32,8,8,0,40,0,0,0,47,3,0,44,9,3,0,17,34,0,0,0,37,0,0,34,1744,190,56,32,2020,42,3,44,2070,104,0,2171,19,9,0,0,27,3,0,3,31,3,0,36,13,3,0,0,24,0,0,0,24,3,0,25,36,16,0,0,46,6,0,10,60,5,0,62,1780,200,55,39,2070,54,3,54,2126,110,0,2238,292,29,19,6,348,15,5,18,364,93,0,460,3,0,0,0,6,0,0,0,3,0,10,18,2074,226,77,45,2423,67,10,77,2501,208,15,2714,171,28,0,3,202,7,3,12,207,16,0,226,222,36,7,4,272,6,0,6,275,24,0,301,8,3,3,0,14,0,0,0,14,0,0,14,4,0,0,0,9,0,0,0,9,3,0,12,410,60,13,6,492,9,3,16,509,37,0,547,5,4,0,0,7,0,0,0,8,0,0,8,15,0,0,0,16,0,0,0
CED216,32,10,7,0,45,6,0,3,52,3,0,53,24,0,0,9,38,0,0,0,38,0,0,36,2772,277,22,33,3096,62,5,72,3169,110,6,3284,31,4,0,0,34,9,0,9,40,0,0,42,45,4,0,3,50,0,0,0,57,0,0,56,78,3,0,3,85,12,0,12,92,3,0,100,2844,285,26,32,3183,76,5,80,3263,113,6,3379,521,41,5,7,580,11,0,12,594,70,0,658,0,3,0,0,7,0,0,0,7,0,0,7,3368,325,27,42,3764,87,11,91,3863,181,7,4048,678,89,11,8,786,18,0,18,808,34,0,840,904,113,7,4,1026,18,3,19,1049,41,0,1093,24,0,3,0,31,0,0,0,35,0,0,38,8,4,0,13,22,0,0,0,20,0,0,20,1620,201,21,23,1861,37,9,42,1908,83,0,1990,17,4,3,0,20,5,0,5,24,0,0,24,22,7,0,0,28,3,0,3
CED217,41,8,6,0,59,0,0,0,63,4,0,67,19,7,0,47,64,4,0,4,68,6,0,76,2502,318,34,91,2939,63,23,86,3026,190,3,3221,57,13,0,3,76,29,0,32,104,6,0,108,60,16,0,10,85,10,8,24,103,18,0,120,114,24,3,15,157,38,13,52,207,21,0,229,2620,343,37,102,3096,103,33,137,3236,211,3,3447,712,148,26,27,918,37,7,48,961,293,3,1262,4,0,0,3,5,0,0,0,5,0,13,21,3336,491,62,130,4021,144,41,185,4211,503,19,4736,730,55,16,14,816,24,5,34,843,64,0,909,590,103,6,11,705,19,0,20,725,47,0,771,18,0,8,3,32,0,0,0,32,3,0,38,8,0,0,16,33,3,0,3,35,0,0,33,1349,159,29,41,1577,47,11,60,1632,111,0,1750,21,12,0,0,34,10,0,10,51,4,0,55,40,13,0,0,51,3,8,10
CED218,15,9,9,0,25,0,0,0,25,0,0,24,29,0,0,9,38,0,0,0,38,0,0,41,1884,173,21,18,2092,38,6,46,2140,68,3,2213,18,0,0,0,22,7,0,3,23,0,0,25,40,5,0,0,48,0,0,0,48,3,0,51,61,5,0,0,70,7,0,3,73,3,0,73,1941,178,21,18,2160,43,7,49,2215,76,3,2291,419,51,9,11,482,9,3,15,497,53,5,550,3,0,0,0,4,0,0,0,4,0,0,8,2365,230,29,27,2651,56,10,62,2715,125,8,2850,540,75,6,0,614,10,3,14,628,45,0,678,636,80,3,13,728,17,3,19,746,30,3,779,10,0,5,0,14,0,0,0,14,3,0,18,11,0,0,9,21,0,0,0,21,0,0,25,1192,153,18,18,1380,31,4,31,1414,80,5,1501,17,0,0,0,16,0,0,0,18,0,0,18,23,0,0,0,23,0,5,3
CED219,32,7,7,0,44,0,0,0,43,3,0,50,18,6,0,22,46,3,4,6,51,7,0,58,2547,372,45,41,3001,59,13,75,3074,184,4,3267,63,14,0,4,74,15,3,15,94,10,3,106,74,12,0,3,93,14,3,18,106,9,0,117,132,28,0,6,164,25,8,31,199,28,3,229,2679,400,45,42,3170,84,22,106,3280,213,9,3496,832,209,11,34,1086,60,11,72,1161,400,3,1560,5,3,0,0,11,0,0,0,11,0,13,24,3519,610,52,74,4265,146,33,184,4448,611,28,5083,699,88,8,3,798,23,11,35,830,56,0,890,576,114,10,7,713,17,0,17,731,60,4,795,18,6,5,0,33,0,0,0,33,3,0,35,11,4,0,13,25,4,0,4,29,9,0,38,1312,216,21,27,1568,38,10,52,1621,127,4,1751,36,0,0,4,37,11,0,11,52,9,0,55,36,9,0,0,46,3,6,7
CED220,22,5,3,0,29,0,0,0,31,8,0,37,10,0,0,20,29,0,0,0,36,4,7,42,1856,249,21,35,2166,59,9,68,2232,130,8,2372,23,9,0,0,32,7,0,7,47,4,0,48,44,3,0,0,51,4,0,7,60,3,0,60,72,18,0,0,88,16,0,20,101,4,0,108,1924,267,23,35,2253,71,11,84,2333,137,8,2481,407,78,4,13,503,19,3,23,527,157,0,684,0,3,0,5,10,0,0,0,10,0,3,14,2336,348,27,47,2760,94,15,112,2872,295,14,3185,627,68,5,6,708,16,6,23,731,63,0,788,512,96,4,3,623,15,0,17,643,58,0,699,16,3,3,0,24,0,0,0,24,0,0,24,4,0,0,24,26,0,0,0,26,0,0,27,1161,170,14,31,1375,35,3,41,1420,116,0,1542,15,6,0,0,17,10,0,10,27,0,0,27,22,9,3,0,41,3,0,3
CED221,38,6,12,0,52,0,0,0,52,3,0,53,19,3,0,16,40,0,0,0,40,0,0,40,1981,233,53,40,2304,11,8,13,2316,102,7,2428,19,0,0,0,18,5,0,3,20,3,0,25,29,5,0,0,37,0,0,3,43,5,0,43,46,4,3,0,59,7,3,4,63,8,0,66,2031,236,53,39,2362,15,10,22,2383,108,7,2494,257,39,10,16,325,9,3,10,336,109,3,445,7,0,0,3,8,0,0,0,8,0,3,15,2296,271,62,57,2688,19,11,35,2722,214,18,2951,216,17,3,3,238,0,0,0,240,10,0,250,205,29,3,0,244,0,0,0,248,8,0,257,4,4,0,0,6,0,0,0,6,3,0,13,4,0,0,3,7,0,0,0,7,0,0,7,433,51,9,7,495,3,0,3,498,24,0,522,4,0,0,0,4,3,0,3,8,0,0,8,6,0,0,0,7,0,0,0
CED222,22,6,13,0,44,0,0,0,42,3,0,46,14,3,0,18,36,0,0,0,32,3,0,35,2119,261,45,36,2461,41,8,49,2511,110,3,2625,21,8,0,0,32,5,0,5,39,7,0,39,31,11,0,0,41,6,3,9,54,7,0,65,57,11,0,0,73,13,3,18,91,16,0,106,2176,279,40,34,2533,56,15,70,2602,128,3,2732,454,72,7,24,562,20,6,31,596,161,3,759,4,4,0,3,7,0,0,0,12,0,6,16,2629,356,48,66,3104,76,22,102,3205,288,9,3509,627,58,8,0,693,21,3,23,721,30,0,749,552,98,8,10,665,12,3,21,688,43,0,732,20,4,6,0,34,0,0,0,34,3,0,39,7,0,0,16,24,0,0,0,24,0,0,22,1208,165,18,28,1417,33,13,46,1462,76,0,1541,12,3,0,0,12,8,0,8,22,3,0,30,20,0,0,0,21,4,5,6
CED223,34,3,10,0,43,0,0,0,50,0,0,47,13,0,0,8,21,0,0,0,21,3,0,23,2265,218,33,25,2543,41,6,43,2585,110,0,2694,17,9,0,0,28,0,0,0,24,0,0,26,32,5,0,0,38,3,0,3,46,0,0,47,45,11,0,0,65,3,0,3,69,3,0,74,2311,236,32,29,2607,44,6,52,2653,110,0,2767,417,49,7,7,477,10,0,8,489,72,0,558,10,0,0,0,6,0,0,0,6,3,0,13,2737,284,35,38,3093,54,7,59,3155,183,0,3342,622,68,3,5,696,11,4,18,713,33,0,750,799,73,12,4,889,16,0,17,907,47,0,950,23,0,4,0,27,0,0,0,27,0,0,26,11,0,0,4,22,0,0,0,22,0,0,22,1453,150,18,16,1635,28,3,29,1662,85,0,1749,13,3,0,0,15,0,0,0,11,0,0,18,25,4,0,0,29,0,0,0
CED224,23,3,4,0,31,0,0,0,31,0,0,33,10,3,0,16,31,0,0,0,30,0,0,35,2521,255,25,35,2833,57,9,72,2906,149,0,3055,18,0,0,0,18,6,0,6,24,3,0,31,52,5,0,0,58,6,3,10,68,5,0,71,73,5,0,0,76,12,3,13,92,6,0,98,2593,254,25,35,2909,70,9,83,2992,156,0,3154,557,73,12,6,649,22,3,31,681,97,0,781,3,0,0,3,5,0,0,0,5,0,3,9,3155,331,39,42,3568,95,15,115,3678,256,4,3943,786,88,6,3,884,25,9,36,917,73,0,992,982,136,9,3,1122,23,3,27,1149,42,3,1198,19,10,8,0,38,0,0,0,45,0,0,45,15,0,0,9,30,0,0,0,30,4,0,34,1806,230,27,17,2086,48,7,60,2140,126,3,2267,7,3,0,0,9,7,0,10,19,0,0,19,21,3,0,0,29,4,0,3
CED225,41,8,11,0,62,0,0,0,62,3,0,59,15,4,0,22,37,0,0,0,35,0,0,37,3165,335,49,46,3593,47,7,58,3646,117,3,3770,29,3,0,0,36,8,0,8,43,3,0,43,42,6,0,0,53,10,3,12,63,8,0,66,73,9,0,0,85,12,3,15,103,5,0,112,3241,340,49,44,3679,64,11,73,3750,126,3,3879,653,85,16,7,756,16,9,23,781,101,3,878,10,0,0,3,9,0,0,0,9,0,5,21,3897,423,67,55,4448,79,16,96,4541,227,13,4780,693,78,11,7,783,13,3,19,804,33,0,837,795,118,15,4,937,5,0,8,940,31,0,973,24,7,10,3,40,0,0,0,40,0,0,41,0,0,0,11,16,0,0,0,16,3,0,19,1520,204,35,17,1775,16,5,27,1799,69,3,1871,21,0,0,0,24,3,0,3,23,3,0,28,27,0,0,0,27,3,0,3
CED226,41,9,14,0,61,0,0,3,58,4,0,67,16,0,0,28,47,0,0,0,47,0,0,48,2710,356,51,49,3176,78,18,97,3268,176,4,3454,64,12,0,6,81,27,4,32,114,8,0,121,83,9,0,3,98,11,5,12,113,9,0,119,147,22,0,8,175,37,6,45,224,21,0,243,2859,380,51,57,3351,116,26,146,3498,196,4,3695,865,130,16,30,1039,52,9,67,1103,246,4,1353,3,0,0,6,15,3,0,3,17,4,9,31,3729,515,63,93,4404,173,39,212,4619,444,25,5086,785,97,12,0,897,29,0,32,925,55,3,980,602,102,3,3,715,13,5,18,734,50,0,780,22,3,11,0,32,0,0,0,38,0,0,36,9,3,0,10,27,0,0,0,27,0,0,27,1425,199,20,16,1668,41,5,47,1714,106,3,1820,21,3,0,0,26,6,0,10,40,7,0,41,34,11,0,0,44,7,0,7
CED227,48,3,5,0,60,0,0,0,58,4,0,63,19,0,0,23,42,0,0,0,42,3,0,42,2042,226,50,41,2356,35,3,40,2398,118,10,2521,14,0,0,0,17,6,0,6,27,5,0,27,27,0,0,0,25,7,5,7,38,12,0,46,45,4,0,0,43,11,5,16,60,14,0,78,2087,225,50,41,2405,45,9,56,2459,131,10,2598,306,54,3,12,376,19,0,19,392,144,3,539,8,0,0,0,8,0,0,0,8,0,7,18,2402,281,51,50,2791,63,9,68,2860,277,17,3160,194,18,4,0,219,3,0,3,222,16,0,240,202,33,3,3,243,3,0,6,253,15,0,268,7,4,3,0,9,0,0,0,9,0,0,9,0,3,0,0,6,0,0,0,6,3,0,6,403,61,14,7,480,8,0,4,490,31,3,522,7,0,0,0,7,3,0,3,5,0,0,11,4,0,0,0,4,0,0,0
CED228,21,7,9,0,37,0,0,0,38,0,0,36,7,0,0,16,28,3,0,3,34,5,4,37,1926,245,25,39,2225,52,10,60,2285,147,9,2446,29,19,0,4,46,13,3,15,59,7,0,70,48,19,0,3,68,4,9,15,82,7,0,88,74,37,0,3,115,20,9,26,145,17,0,162,1996,274,25,40,2345,72,16,93,2433,161,9,2599,502,100,6,22,629,29,6,35,660,179,4,846,3,3,0,3,7,0,0,0,7,0,9,19,2503,376,30,69,2981,101,25,127,3106,343,25,3467,619,65,8,3,701,17,0,17,717,56,0,772,627,119,4,9,755,15,4,20,770,48,3,822,14,3,6,0,21,0,0,0,20,0,0,23,10,0,0,8,15,0,0,0,15,8,0,24,1265,189,19,24,1488,35,4,36,1528,107,5,1643,23,5,0,0,28,7,4,10,34,8,0,42,21,8,0,0,33,4,7,10
CED229,64,6,12,7,91,0,0,0,92,3,0,92,21,3,0,22,49,3,0,3,50,6,0,61,3229,391,70,75,3758,75,9,87,3844,179,3,4025,65,9,0,0,80,6,0,6,83,8,0,85,67,8,0,4,81,7,0,7,91,6,0,95,139,17,4,3,163,13,0,13,176,8,0,183,3371,407,73,77,3922,82,9,96,4013,188,3,4208,697,115,16,19,848,30,8,39,884,188,3,1077,5,0,0,0,9,0,0,0,9,0,10,17,4070,524,92,91,4777,112,22,129,4909,376,19,5303,704,57,8,7,777,23,3,27,806,51,0,854,686,104,16,11,811,14,0,19,828,34,0,859,25,4,3,4,33,3,0,3,33,3,0,38,22,0,0,3,26,0,0,0,26,0,0,28,1432,156,25,27,1645,42,8,49,1689,86,0,1776,27,3,0,0,25,8,0,8,31,3,0,37,24,3,0,0,29,0,3,3
CED230,53,5,20,0,80,0,0,0,77,6,0,88,9,6,0,39,50,0,0,0,50,0,0,53,2275,243,55,64,2640,37,7,47,2683,142,4,2826,17,0,0,0,20,4,0,4,27,0,0,28,35,8,0,0,40,3,3,8,48,7,0,52,48,11,0,0,65,14,3,13,74,7,0,83,2327,256,55,64,2698,45,8,58,2760,149,4,2913,419,86,10,11,523,19,3,18,542,103,0,642,7,0,0,3,13,0,0,0,13,3,4,17,2745,340,65,83,3233,67,13,77,3313,257,12,3574,276,25,8,3,310,6,0,5,312,21,0,340,432,53,10,7,508,4,0,8,515,16,0,531,20,0,11,0,26,0,0,0,32,4,0,28,0,0,0,11,15,0,0,0,15,3,0,13,728,79,26,22,859,15,0,17,874,41,0,918,4,0,0,0,10,3,0,3,13,0,0,11,7,3,0,0,11,0,0,0
CED231,5,0,3,0,8,0,0,0,8,0,0,10,3,0,0,7,11,0,0,0,7,0,0,7,767,118,10,10,904,13,15,30,928,71,3,1004,13,3,0,0,11,0,0,3,18,3,0,17,10,6,0,0,21,4,0,3,24,4,0,30,18,14,0,0,32,3,3,8,42,8,0,44,791,129,10,12,934,22,17,32,969,77,3,1045,139,41,3,6,189,10,4,14,207,64,0,269,0,0,0,0,0,0,0,0,0,0,3,4,934,170,11,21,1128,33,16,51,1179,137,9,1320,290,38,0,0,326,8,0,6,333,28,0,366,191,37,3,0,231,5,0,4,234,32,0,263,3,0,8,0,13,0,0,0,13,3,0,14,0,0,0,3,11,0,0,0,11,0,0,9,485,76,12,7,575,8,3,13,590,63,0,655,10,0,0,5,12,7,0,7,19,0,0,22,0,4,0,0,11,0,0,4
CED232,12,5,4,0,21,3,0,3,20,0,0,20,9,3,0,0,17,0,0,0,16,0,0,16,1079,154,13,4,1255,25,0,20,1276,58,3,1338,7,0,0,0,10,3,0,3,15,0,0,15,19,0,0,0,20,0,0,0,23,0,0,23,29,0,0,0,33,3,0,3,33,0,0,37,1109,154,13,9,1282,26,0,26,1313,61,3,1371,224,44,3,6,282,9,0,9,292,44,0,337,0,0,0,3,5,0,0,0,5,0,4,6,1337,197,14,16,1565,36,3,38,1604,108,6,1720,329,26,0,0,360,5,0,8,367,30,0,394,297,36,5,3,343,9,0,9,347,9,0,360,8,4,4,0,15,0,0,0,15,0,0,19,3,0,0,7,6,0,0,0,6,0,0,6,637,63,13,6,724,11,0,12,736,39,0,773,4,0,0,0,4,0,0,0,9,0,0,9,15,0,0,0,18,0,0,0
CED233,41,3,7,0,52,0,0,0,52,3,0,54,14,0,0,18,31,0,0,0,28,0,0,30,2344,312,33,41,2728,63,12,74,2806,125,3,2931,27,0,0,0,29,7,0,7,34,3,0,41,48,9,0,3,58,4,3,8,63,6,0,69,80,7,0,3,83,8,3,13,99,13,0,114,2419,319,33,43,2814,78,13,93,2902,137,3,3048,558,67,6,3,641,16,3,22,661,96,0,760,0,0,0,0,0,0,0,0,0,0,5,8,2987,384,37,46,3455,95,16,112,3568,237,8,3806,747,94,12,5,852,26,3,29,875,49,0,931,860,152,8,13,1027,21,6,21,1052,46,3,1095,26,6,10,0,40,0,0,0,38,0,0,38,9,0,0,7,13,0,0,0,15,4,0,21,1640,243,24,25,1933,40,6,51,1983,97,3,2085,16,3,0,0,15,9,0,10,23,0,0,30,37,3,0,0,37,4,0,3
CED234,43,4,13,3,63,0,0,0,63,3,0,68,24,0,0,24,48,0,0,0,48,6,0,50,2213,216,55,44,2527,31,10,36,2564,106,6,2680,14,3,0,0,18,6,0,6,27,0,0,31,23,7,0,0,29,0,3,4,35,3,0,35,43,9,0,0,52,6,3,11,58,6,0,64,2250,223,52,44,2577,39,11,47,2626,115,6,2742,299,61,17,11,384,25,5,34,415,185,0,600,3,0,0,0,3,0,0,0,3,0,6,10,2551,280,69,58,2966,60,21,79,3046,298,11,3356,255,30,5,0,293,3,0,4,292,9,0,307,254,38,9,4,302,3,0,3,311,16,0,325,10,0,4,0,17,0,0,0,17,0,0,15,6,0,0,0,12,0,0,0,12,0,0,12,526,68,20,7,618,4,0,6,629,29,0,658,0,3,0,3,5,0,0,0,8,3,0,13,8,0,0,0,8,0,0,0
CED235,40,4,6,0,46,0,0,0,46,0,0,50,15,6,0,23,48,0,0,0,44,5,5,51,2224,284,42,47,2590,53,13,60,2657,136,4,2798,32,3,0,0,38,12,0,17,53,7,0,60,44,14,0,4,54,3,8,9,68,3,0,74,79,12,0,4,98,20,5,26,119,8,0,129,2295,302,43,54,2689,72,16,85,2777,152,4,2928,591,125,10,30,755,39,10,56,810,316,3,1136,4,0,0,6,10,0,0,0,10,0,14,29,2891,430,52,85,3460,109,29,137,3596,469,28,4090,651,54,6,4,719,18,0,17,739,58,0,798,726,116,10,6,859,24,4,24,882,50,0,934,21,0,3,0,24,0,0,0,25,0,0,25,7,0,0,18,26,0,0,0,27,3,0,30,1405,176,21,29,1627,43,4,45,1679,109,3,1786,25,0,0,0,33,8,0,5,37,0,0,35,20,8,0,0,28,8,5,6
CED236,36,3,16,0,50,0,0,0,50,5,0,56,10,0,0,29,40,0,0,0,39,5,0,45,1917,217,58,42,2236,23,3,28,2264,101,0,2367,7,3,0,0,13,8,3,4,20,3,0,26,17,3,0,4,27,3,0,3,25,3,0,31,32,3,0,4,34,6,3,8,46,5,0,54,1947,216,58,51,2273,29,7,34,2308,104,3,2420,296,46,10,16,374,4,3,8,383,104,0,487,7,0,0,0,10,0,0,0,10,0,5,12,2252,269,75,67,2658,40,12,47,2703,213,9,2924,204,15,3,0,225,4,0,4,226,20,0,247,219,25,6,0,248,4,0,0,253,12,0,268,14,0,0,0,13,0,0,0,13,0,0,13,6,0,0,3,9,0,0,0,9,0,0,9,437,37,12,6,499,3,0,3,504,29,0,535,0,0,0,0,3,0,0,0,4,4,0,7,4,0,0,0,4,0,0,0
CED237,17,0,3,0,22,3,0,3,26,0,0,26,15,0,0,10,25,0,0,0,25,4,0,29,1465,219,33,24,1738,30,10,36,1777,106,7,1885,21,0,0,0,22,3,0,3,20,0,0,25,30,13,0,3,43,0,3,4,50,8,0,54,51,13,0,3,63,4,3,12,73,6,0,82,1511,230,33,24,1804,38,13,50,1852,117,7,1968,354,87,9,23,478,15,7,22,498,185,0,688,7,0,0,0,9,0,0,0,9,0,9,19,1870,317,49,51,2292,49,25,70,2357,294,14,2674,376,39,3,3,418,14,3,13,436,35,0,468,442,66,7,4,523,6,3,8,529,27,0,561,15,3,3,0,15,0,0,0,17,4,0,24,5,0,0,10,11,0,0,0,14,0,0,19,835,111,15,15,974,22,3,26,998,76,0,1073,16,0,0,0,16,5,0,5,22,0,0,25,23,5,0,0,26,0,3,3
CED294,0,0,0,0,0,0,0,0,0,0,0,0,0,0,0,0,0,0,0,0,0,0,0,0,0,0,0,0,0,0,0,0,0,0,0,0,0,0,0,0,0,0,0,0,0,0,0,0,0,0,0,0,0,0,0,0,0,0,0,0,0,0,0,0,0,0,0,0,0,0,0,0,0,0,0,0,0,0,0,0,0,0,0,0,0,0,0,0,0,0,0,0,0,0,0,0,0,0,0,0,0,0,0,0,0,0,0,0,0,0,0,0,0,0,0,0,0,0,0,0,0,0,0,0,0,0,0,0,0,0,0,0,0,0,0,0,0,0,0,0,0,0,0,0,0,0,0,0,0,0,0,0,0,0,0,0,0,0,0,0,0,0,0,0,0,0,0,0,0,0,0,0,0,0,0,0,0,0,0,0,0,0,0,0,0,0,0,0,0,0,0,0,0,0,0,0,0,0,0,0
CED297,0,0,0,0,0,0,0,0,0,0,0,0,0,0,0,0,0,0,0,0,0,0,0,0,0,0,0,0,0,0,0,0,0,0,0,0,0,0,0,0,0,0,0,0,0,0,0,0,0,0,0,0,0,0,0,0,0,0,0,0,0,0,0,0,0,0,0,0,0,0,0,0,0,0,0,0,0,0,0,0,0,0,0,0,0,0,0,0,0,0,0,0,0,0,0,0,0,0,0,0,0,0,0,0,0,0,0,0,0,0,0,0,0,0,0,0,0,0,0,0,0,0,0,0,0,0,0,0,0,0,0,0,0,0,0,0,0,0,0,0,0,0,0,0,0,0,0,0,0,0,0,0,0,0,0,0,0,0,0,0,0,0,0,0,0,0,0,0,0,0,0,0,0,0,0,0,0,0,0,0,0,0,0,0,0,0,0,0,0,0,0,0,0,0,0,0,0,0,0,0
CED301,38,7,9,3,59,0,0,0,63,3,0,63,13,3,0,14,28,0,0,0,28,0,0,34,1824,173,42,34,2069,32,5,41,2113,140,7,2250,37,4,0,0,46,13,0,13,61,11,0,72,34,8,0,0,46,7,0,7,49,3,0,49,74,15,0,3,90,16,0,16,112,12,0,125,1899,185,38,35,2162,48,5,52,2219,152,7,2374,407,81,13,19,520,24,3,26,546,162,0,713,0,0,0,0,0,0,0,0,0,0,7,9,2311,271,55,53,2689,69,13,82,2769,316,17,3098,304,22,5,4,332,6,0,7,340,31,0,375,206,33,0,3,242,4,0,7,248,17,0,267,7,3,4,0,15,0,0,0,15,3,0,19,0,0,0,3,6,0,0,0,6,0,0,4,523,58,10,13,596,8,0,13,615,56,0,666,10,0,0,0,11,3,0,3,14,0,0,16,6,0,0,0,3,0,0,0
CED302,37,11,3,0,54,0,0,0,53,0,0,53,8,0,0,8,16,0,0,0,16,3,0,14,2404,251,28,22,2704,68,6,82,2782,115,0,2894,31,0,0,0,29,9,0,9,38,3,0,42,30,3,0,0,36,4,0,9,44,5,0,50,55,5,0,0,67,16,0,16,83,10,0,94,2464,256,28,21,2765,88,11,95,2863,124,0,2990,379,63,8,13,463,16,3,18,490,87,3,577,3,0,0,3,3,0,0,0,3,0,5,10,2842,319,34,35,3237,102,12,115,3354,208,9,3574,668,50,8,0,724,27,3,29,759,38,0,796,470,55,5,0,531,22,0,24,562,21,0,581,14,5,11,0,23,0,0,0,23,0,0,26,6,0,0,10,14,0,0,0,14,0,0,19,1158,110,25,11,1303,49,9,53,1355,66,3,1430,14,0,0,0,18,3,0,3,20,0,0,18,16,3,0,0,18,0,0,0
CED303,30,6,7,0,46,0,0,0,46,3,0,48,6,0,0,19,28,0,0,0,28,0,0,28,2571,247,53,27,2911,55,8,63,2973,97,3,3073,41,3,0,0,48,3,0,3,51,8,0,54,46,8,0,4,52,0,0,0,52,3,0,62,84,10,0,4,97,3,0,3,105,10,0,111,2659,257,56,34,3007,56,8,70,3077,104,3,3182,401,47,12,8,469,14,0,14,479,58,0,539,3,0,0,0,3,0,0,0,3,0,0,3,3065,310,68,40,3479,71,8,78,3557,169,3,3727,515,36,10,0,564,13,0,13,581,22,0,600,396,37,10,3,443,9,4,9,452,18,3,471,17,4,4,0,27,0,0,0,27,3,0,28,0,0,0,3,6,0,0,0,6,0,0,6,931,79,19,8,1040,23,4,26,1063,38,3,1107,11,0,0,0,11,0,0,0,13,0,0,13,19,0,0,0,19,0,0,0
CED304,18,0,5,0,24,0,0,0,24,0,0,28,8,0,0,7,15,0,0,0,15,3,0,18,1637,154,12,22,1829,30,7,34,1860,87,0,1949,11,0,0,0,9,0,0,0,9,0,0,15,18,0,0,0,17,0,0,0,21,0,0,24,28,0,0,0,29,4,0,4,37,3,0,36,1670,153,12,21,1855,33,7,42,1894,85,0,1986,256,33,3,5,292,9,0,9,306,43,0,346,0,0,0,0,0,0,0,0,0,0,0,0,1924,184,18,31,2153,41,7,45,2201,127,0,2331,454,32,6,0,500,12,3,18,513,23,0,533,424,46,3,5,481,4,0,4,489,24,0,510,6,0,4,0,11,0,0,0,11,0,0,11,3,0,0,9,11,0,0,0,11,0,0,13,893,82,12,15,1005,22,3,25,1027,47,0,1075,8,0,0,0,4,0,0,0,4,0,0,8,19,0,0,0,19,4,0,4
CED305,22,6,8,0,37,0,0,3,39,0,0,43,11,0,0,16,23,0,0,0,25,3,0,27,1876,156,50,34,2115,52,6,55,2175,100,3,2275,31,3,0,0,39,11,0,11,47,5,0,47,47,3,0,0,48,5,3,4,56,3,0,62,83,7,4,0,89,15,3,15,103,8,0,112,1960,161,51,34,2202,66,13,74,2280,104,3,2386,349,31,26,11,414,20,3,20,435,66,0,505,3,0,0,0,7,0,0,0,7,0,6,7,2313,197,75,40,2627,83,13,92,2716,173,7,2898,169,28,4,3,200,0,0,0,198,12,0,217,119,9,3,3,137,0,0,3,139,16,0,155,7,3,4,0,14,0,0,0,14,4,0,15,0,0,0,0,3,0,0,0,3,0,0,3,291,39,15,5,352,3,0,4,353,30,0,385,3,0,0,0,3,0,0,0,3,0,0,3,3,0,0,0,4,0,0,0
CED306,33,3,21,0,55,0,0,0,58,4,0,64,16,0,0,18,36,0,0,3,35,0,0,39,2142,185,71,36,2433,56,6,63,2498,70,0,2568,40,6,0,0,49,10,0,10,57,10,0,65,48,3,0,0,56,3,0,3,58,4,0,61,89,8,0,0,102,15,0,15,114,12,0,129,2231,198,70,37,2536,73,6,79,2611,79,5,2696,345,36,5,17,397,18,0,18,409,62,0,478,3,0,0,0,3,0,0,0,3,0,4,11,2580,226,79,50,2933,88,6,94,3027,145,15,3182,182,13,4,0,195,3,0,3,201,9,0,213,162,13,3,0,174,3,0,3,180,4,0,184,7,0,3,0,8,0,0,0,8,0,0,8,0,0,0,0,0,0,0,0,4,0,0,3,350,24,9,0,379,11,3,7,389,16,0,411,3,0,0,3,5,3,0,3,12,0,0,12,10,0,0,0,9,0,0,0
CED307,33,5,3,0,45,0,0,0,45,3,0,49,10,4,0,21,37,0,0,0,35,3,0,44,2588,237,44,32,2902,55,8,68,2973,143,0,3111,36,3,3,0,46,3,0,3,50,3,0,51,46,4,0,3,58,0,0,0,60,3,0,59,86,11,3,3,102,5,0,9,109,6,0,111,2668,245,49,39,3005,62,13,77,3076,149,0,3223,459,58,11,10,536,12,0,16,553,65,0,621,0,0,0,0,3,0,0,0,3,0,8,8,3136,301,64,45,3541,76,15,93,3633,218,8,3851,486,51,3,0,542,12,4,18,560,40,0,607,497,66,3,6,570,13,0,13,587,22,0,612,5,3,8,0,19,0,0,0,15,0,0,15,7,0,0,3,12,0,0,0,12,0,0,11,999,119,15,11,1147,27,7,37,1180,65,0,1245,10,3,3,0,16,0,0,0,20,0,0,20,13,0,0,3,20,0,0,0
CED308,33,11,5,0,49,0,0,0,53,4,0,57,10,0,0,9,21,0,0,0,22,0,0,21,2151,305,27,18,2501,48,9,57,2560,118,0,2680,34,4,0,0,41,5,0,5,52,3,0,56,47,23,0,4,75,7,0,7,77,3,0,82,79,27,0,3,115,17,0,17,128,6,0,135,2230,335,27,23,2622,63,9,75,2695,124,3,2815,418,83,17,11,525,13,9,26,551,107,0,653,3,0,0,0,8,0,0,0,8,0,11,13,2648,418,42,32,3149,81,19,96,3248,232,10,3486,385,47,9,0,441,10,3,19,460,30,0,491,311,74,3,3,391,8,0,9,400,15,0,420,12,0,7,0,15,0,0,0,15,0,0,15,3,0,0,6,14,0,0,0,14,0,3,13,710,125,18,16,865,23,7,29,892,45,0,946,15,3,0,0,14,3,0,3,18,0,0,17,10,4,0,0,9,4,0,6
CED309,20,4,8,0,37,0,0,0,37,0,0,36,9,0,0,14,24,0,0,0,30,4,0,29,1958,333,47,40,2376,53,9,63,2439,94,0,2532,21,4,0,0,28,7,0,7,33,3,0,39,49,13,0,0,63,3,0,4,66,5,0,71,72,19,3,0,88,9,0,9,98,8,0,108,2033,351,46,39,2462,60,11,69,2533,104,0,2639,316,60,14,9,399,20,6,27,424,77,0,500,3,0,0,0,3,0,0,0,3,0,3,3,2351,412,60,47,2865,83,17,93,2962,183,5,3145,207,35,3,0,245,3,0,10,252,17,0,267,244,36,6,6,289,4,0,4,291,16,0,309,6,0,5,0,11,0,0,0,11,0,0,11,0,0,0,3,3,0,0,0,3,0,0,0,459,68,13,6,551,9,0,9,561,32,0,589,0,3,0,0,6,3,0,3,11,0,0,8,6,3,0,0,10,0,0,0
CED310,32,0,8,0,45,0,0,0,46,3,0,48,11,0,0,14,27,0,0,0,27,3,0,26,1898,267,48,35,2252,49,5,53,2309,91,0,2401,26,4,0,3,31,13,0,13,42,3,0,43,46,3,0,0,43,0,0,3,51,5,0,55,65,8,0,3,75,14,0,15,88,10,0,95,1970,279,48,38,2331,60,8,69,2395,100,0,2498,259,39,10,7,316,10,3,17,329,66,5,399,6,0,0,0,5,0,0,0,5,3,0,13,2230,317,62,46,2650,70,13,82,2734,170,5,2909,223,22,4,3,252,5,0,5,258,8,0,262,201,40,3,0,248,8,0,11,251,19,0,272,5,0,3,0,11,0,0,0,11,0,0,11,3,0,0,0,3,0,0,0,3,0,0,6,433,62,13,4,509,5,4,16,526,30,0,550,6,3,0,0,8,0,0,0,8,0,0,8,10,3,0,0,8,0,0,0
CED311,32,4,10,0,51,3,0,3,51,6,0,53,19,3,0,32,51,0,0,0,51,0,0,58,1908,150,41,59,2161,74,4,79,2241,87,4,2335,36,7,0,3,54,21,0,21,71,13,0,87,56,3,0,0,54,6,0,6,64,4,0,64,90,13,0,5,105,28,0,28,138,20,0,155,2002,167,41,62,2268,104,4,105,2377,109,4,2490,389,39,18,21,462,26,0,30,489,97,0,592,0,0,0,0,0,0,0,0,3,0,6,11,2390,201,57,81,2734,129,3,139,2870,205,14,3088,61,4,0,0,68,0,0,0,65,6,0,72,50,9,0,0,55,4,0,4,63,9,0,66,0,0,0,0,0,0,0,0,0,0,0,0,0,0,0,3,3,0,0,0,3,0,0,3,107,15,0,6,129,4,0,4,130,15,0,149,3,0,0,0,3,0,0,0,3,0,0,6,3,0,0,0,3,0,0,0
CED312,30,12,11,0,53,5,0,5,51,3,0,55,16,4,0,17,36,0,0,0,38,0,0,37,2125,280,44,39,2483,67,10,72,2557,163,3,2717,42,16,0,4,58,11,0,9,69,0,0,72,59,9,0,0,65,7,0,7,78,9,0,83,100,19,0,4,128,20,0,17,144,8,0,159,2220,300,41,40,2608,84,9,93,2696,171,5,2876,502,73,12,19,602,30,3,30,631,162,0,793,3,0,0,0,3,0,0,0,3,0,5,11,2726,373,51,60,3213,111,17,123,3337,329,9,3676,361,30,6,3,396,11,0,11,404,29,0,433,232,47,4,0,286,7,0,9,294,13,0,309,12,5,3,0,17,0,0,0,17,0,0,20,3,0,0,9,14,0,0,0,14,0,0,14,607,81,16,17,709,14,0,20,731,41,0,773,7,0,0,0,7,7,0,7,12,0,0,11,18,0,0,0,23,0,0,0
CED313,18,3,3,0,23,0,0,0,23,0,0,22,17,0,0,7,27,3,0,3,24,0,0,24,1859,194,27,13,2091,43,6,49,2136,100,3,2242,15,4,0,0,16,8,0,5,23,0,0,27,33,3,0,3,36,0,0,0,35,4,0,40,48,8,0,3,55,8,0,12,64,0,0,65,1903,197,24,17,2148,46,8,53,2199,102,3,2313,303,18,3,8,334,9,0,9,345,46,0,395,4,0,0,0,3,0,0,0,3,0,6,11,2206,217,35,25,2484,64,8,67,2553,151,8,2708,483,50,6,5,539,16,0,16,554,34,0,593,419,54,4,7,483,8,4,8,489,12,0,498,17,0,5,0,25,0,0,0,25,4,0,31,9,0,0,3,8,0,0,0,8,0,0,9,929,99,14,12,1058,26,4,28,1079,54,0,1138,6,0,0,0,6,3,0,3,13,0,0,13,11,0,0,0,19,0,0,3
CED314,26,3,9,0,43,5,0,5,44,4,0,48,11,0,0,12,23,3,0,3,30,0,3,27,2147,215,42,37,2435,50,15,61,2495,114,4,2615,26,3,0,3,32,0,0,0,38,0,0,40,47,0,0,0,50,3,0,3,55,4,0,56,74,12,0,3,89,6,0,6,90,4,0,94,2219,222,42,36,2523,50,15,63,2585,120,4,2705,360,62,14,14,440,16,4,20,463,75,0,546,0,0,0,0,0,0,0,0,0,0,4,7,2577,286,53,49,2969,68,15,83,3053,193,12,3260,201,21,3,0,219,8,0,10,229,12,0,241,153,21,4,0,183,3,0,3,183,10,0,192,12,0,0,0,11,0,0,0,11,0,0,11,3,0,0,3,8,3,0,3,8,0,0,10,368,43,6,7,425,11,0,12,435,19,0,453,5,0,0,0,5,0,0,0,6,0,0,12,6,0,0,3,11,0,0,0
CED315,23,5,11,0,37,0,0,0,35,6,0,43,11,0,0,14,28,0,0,0,29,0,0,29,1811,227,55,28,2121,87,8,94,2215,128,3,2345,30,5,0,0,36,24,0,24,56,5,0,69,33,6,0,0,41,5,0,5,47,7,0,49,62,14,3,3,80,23,0,23,105,12,0,115,1869,241,55,27,2201,112,8,120,2318,140,3,2461,260,32,12,9,310,24,3,29,339,99,0,440,0,0,0,3,3,0,0,0,3,0,6,7,2128,275,68,41,2510,140,14,154,2658,244,5,2909,320,27,8,3,354,23,4,22,374,11,0,391,185,27,8,0,215,16,0,12,229,19,0,252,6,0,3,0,11,0,0,0,11,0,0,8,0,0,0,3,4,0,0,0,4,0,0,10,513,53,10,7,581,34,4,39,622,32,3,654,3,5,0,0,10,7,0,7,18,0,0,15,6,0,0,0,5,0,0,0
CED316,21,5,8,0,34,3,0,3,39,3,0,48,10,0,0,5,18,0,0,0,18,0,0,18,1428,224,39,21,1709,62,12,74,1782,146,4,1932,16,7,0,0,29,11,0,13,39,8,0,47,22,8,0,0,32,4,4,5,43,9,0,50,38,22,0,0,62,15,3,23,80,14,0,98,1465,245,42,19,1771,77,15,95,1868,161,4,2029,226,63,12,12,311,29,3,35,343,163,3,509,3,0,0,0,4,0,0,0,4,0,5,14,1687,308,52,35,2087,102,21,126,2210,329,13,2552,63,6,0,0,72,0,0,0,78,9,0,81,79,17,0,3,97,0,0,5,101,17,0,115,3,0,0,0,6,0,0,0,6,0,0,6,0,0,3,0,3,0,0,0,3,3,0,7,145,24,5,6,177,0,3,7,185,27,0,211,0,0,0,0,0,0,0,0,3,0,0,4,0,3,0,0,3,0,0,0
CED317,22,8,6,0,34,0,0,0,39,0,0,38,11,0,0,17,29,0,0,0,29,6,0,33,1687,233,56,44,2017,43,17,59,2073,113,0,2192,22,3,4,0,27,18,0,18,46,13,0,58,15,3,0,0,20,4,0,7,27,3,0,26,36,10,3,0,51,24,0,25,74,11,0,83,1723,236,58,45,2068,64,14,79,2146,130,0,2277,256,29,14,20,316,31,0,27,347,127,0,476,3,0,0,5,9,0,0,0,9,0,0,5,1982,266,72,73,2389,90,16,112,2503,258,3,2763,80,9,0,0,90,0,0,0,89,3,0,98,62,11,0,0,69,0,0,0,69,4,0,77,7,0,0,0,5,0,0,0,8,0,0,8,0,0,0,0,0,0,0,0,0,3,0,4,146,17,0,4,172,0,3,3,175,9,0,183,4,0,0,0,4,0,0,0,3,0,0,3,0,0,0,0,0,0,0,0
CED318,34,3,6,0,39,3,0,3,42,5,0,51,15,5,0,18,37,0,3,4,37,5,0,44,1823,268,40,34,2169,53,8,59,2235,147,9,2380,22,6,0,0,23,12,0,12,38,9,0,45,31,7,0,3,47,3,5,7,52,5,0,59,58,10,0,3,69,19,5,23,89,13,0,101,1879,283,40,33,2237,77,13,83,2326,154,9,2489,266,49,8,7,331,16,7,27,358,138,3,497,0,0,0,0,0,0,0,0,0,3,6,15,2144,330,51,47,2572,93,19,105,2682,293,21,2997,134,13,3,0,147,3,0,3,148,8,0,159,88,16,0,3,109,0,0,5,111,4,0,122,8,0,7,0,16,0,0,0,16,0,0,17,3,0,0,6,3,0,0,0,3,0,0,10,234,27,12,4,276,5,0,8,280,22,0,301,0,0,0,0,0,4,0,4,3,0,0,5,0,0,0,0,8,0,0,0
CED319,24,0,4,0,29,0,0,0,29,0,0,36,15,0,0,13,24,3,0,3,24,0,0,25,1969,213,22,15,2221,62,7,68,2284,108,0,2396,25,8,0,0,31,4,0,8,32,3,0,39,31,7,0,0,34,3,0,3,43,3,0,43,53,7,0,0,67,11,0,8,77,3,0,80,2023,222,24,19,2286,70,5,75,2364,108,0,2470,297,45,8,9,358,14,0,12,376,91,0,468,0,0,0,0,5,0,0,0,5,0,3,7,2318,267,35,29,2650,80,7,90,2741,202,7,2949,523,48,5,3,575,17,0,19,600,25,0,626,369,50,0,0,419,12,3,14,435,29,0,464,13,0,5,0,21,0,0,0,25,0,0,25,3,0,0,9,15,0,0,0,11,0,0,15,907,106,15,11,1037,29,3,37,1072,61,0,1133,12,0,0,0,17,0,0,3,16,3,0,23,19,0,0,0,24,3,3,5
CED320,42,8,8,0,60,3,0,0,65,3,0,69,10,0,0,24,35,3,0,3,39,4,0,47,2004,218,58,44,2328,51,5,61,2388,156,5,2543,29,5,3,0,45,8,0,8,51,3,0,56,66,9,0,4,80,3,0,5,80,13,0,95,92,18,5,3,121,15,0,18,136,15,0,152,2102,235,62,46,2448,68,13,79,2522,167,5,2696,423,79,11,16,525,30,7,36,559,128,3,692,4,0,0,3,7,0,0,0,7,0,3,6,2525,319,77,62,2980,99,15,113,3091,300,10,3395,306,26,6,3,339,11,0,9,348,26,0,374,234,42,7,0,282,12,0,12,287,22,0,306,14,0,8,0,23,0,0,0,24,0,0,24,3,0,0,8,14,0,0,0,14,0,0,10,562,67,18,6,653,19,0,18,671,48,0,720,9,0,0,0,9,0,0,0,13,0,0,13,15,0,0,0,15,0,0,0
CED321,25,0,10,0,33,0,0,0,33,4,0,40,12,0,0,17,34,0,0,0,34,0,0,41,1626,204,37,37,1902,20,9,27,1934,110,3,2051,14,0,0,0,18,11,0,11,28,6,0,34,14,4,0,0,19,0,0,0,20,3,0,22,31,3,3,0,35,8,0,11,48,9,0,56,1655,208,40,36,1938,33,9,39,1980,123,3,2103,317,46,7,8,381,15,3,16,399,134,0,530,3,0,0,0,5,0,0,0,5,0,3,7,1976,253,45,50,2323,44,9,58,2382,256,8,2643,40,7,0,0,43,0,0,0,43,5,0,50,59,11,0,0,69,0,0,0,75,3,0,73,4,0,0,0,4,0,0,0,4,0,0,4,3,0,0,0,5,0,0,0,5,0,0,5,105,13,0,3,119,0,0,0,120,3,0,124,0,0,0,0,0,0,0,0,0,0,0,3,0,0,0,0,0,0,0,0
CED322,23,7,6,0,39,0,0,0,39,0,0,39,22,0,0,19,43,0,0,4,46,4,0,51,1901,271,50,45,2261,40,8,46,2304,108,4,2414,22,3,0,3,30,3,0,3,33,0,0,36,34,10,0,3,46,0,0,0,47,3,0,46,57,14,0,4,70,3,0,3,79,5,0,77,1955,279,50,48,2329,46,8,50,2380,108,4,2492,351,37,9,8,406,15,0,21,427,76,3,507,8,0,0,0,9,3,0,3,9,0,0,12,2307,326,58,52,2740,64,9,74,2812,188,7,3007,351,41,7,0,400,16,3,13,415,23,0,434,297,61,9,0,361,9,3,11,375,27,0,402,6,3,9,0,14,0,0,0,14,0,0,14,5,0,0,3,10,0,0,0,10,4,0,11,660,103,21,6,782,20,9,27,816,52,0,864,5,3,0,0,7,3,0,3,10,0,0,11,11,7,0,0,14,0,0,0
CED323,17,3,5,0,31,0,0,0,34,3,0,35,11,3,0,10,16,0,0,0,23,0,0,18,1444,229,34,15,1722,36,12,49,1770,87,0,1854,24,9,3,0,36,4,0,5,43,3,0,43,26,4,0,0,33,0,0,3,37,3,0,41,52,11,3,0,70,3,0,9,78,7,0,84,1494,242,36,14,1793,37,16,52,1845,98,0,1941,291,52,3,3,348,14,4,17,371,70,0,437,0,0,0,3,3,0,0,0,3,4,3,9,1788,294,39,21,2144,53,21,72,2219,170,3,2387,294,45,9,0,346,12,3,10,358,20,3,379,243,46,5,3,291,4,3,4,300,27,0,327,3,0,0,0,6,0,0,0,6,0,0,11,6,0,0,0,8,0,0,0,8,0,0,7,541,93,12,7,652,16,3,19,666,46,3,720,6,0,0,0,8,5,3,5,13,0,0,13,8,0,0,0,7,0,0,0
CED324,30,3,6,0,43,0,0,0,43,3,0,43,12,0,0,10,24,0,0,0,21,0,0,21,1804,249,28,19,2107,79,9,81,2192,115,0,2305,22,6,0,0,31,10,0,15,48,3,0,46,18,14,0,4,35,4,0,7,44,4,0,48,43,21,0,4,64,20,4,18,87,8,0,93,1851,275,28,24,2171,97,8,105,2279,121,0,2402,374,100,8,17,499,43,10,54,551,175,0,725,3,0,0,0,7,0,0,0,7,0,0,4,2229,377,37,37,2673,134,20,160,2835,298,3,3133,522,72,8,0,603,29,0,29,636,40,0,675,417,102,7,3,527,26,3,31,560,30,0,593,16,0,3,0,20,0,0,0,20,0,0,20,12,0,0,5,20,0,0,0,20,0,0,20,963,179,18,9,1170,63,3,67,1235,72,0,1311,13,0,0,0,16,8,0,6,22,0,0,20,17,7,0,0,24,0,0,0
CED325,41,9,8,0,57,0,0,0,57,4,0,64,16,3,0,10,35,0,0,0,34,3,0,37,2149,282,46,38,2525,74,8,86,2608,166,4,2784,40,12,5,8,56,19,3,22,78,15,0,93,37,14,0,0,51,8,4,14,61,5,0,68,79,20,5,9,113,26,3,31,142,20,0,166,2232,310,51,42,2634,100,17,117,2754,191,4,2948,493,96,10,20,619,35,11,46,669,226,9,899,3,0,0,0,3,0,0,0,3,0,6,10,2729,408,62,64,3261,142,25,171,3429,411,17,3862,573,57,4,4,640,24,8,34,671,44,0,718,348,70,5,0,428,14,5,21,446,30,0,472,11,3,3,0,19,0,0,0,19,4,0,22,8,0,0,10,17,0,0,0,17,0,0,22,937,131,15,17,1101,38,17,50,1153,81,3,1229,15,6,0,3,25,11,0,11,31,3,0,35,18,0,0,0,23,4,3,6
CED326,31,0,6,0,42,4,0,4,48,0,0,50,6,3,0,12,27,3,0,3,27,3,0,32,2024,225,50,29,2328,62,10,76,2399,130,0,2527,47,3,0,0,49,10,0,12,56,5,0,67,48,6,0,0,56,9,0,9,64,7,0,69,93,13,0,0,111,17,0,15,123,15,0,137,2122,231,50,32,2432,81,9,88,2521,144,0,2666,378,55,5,18,461,20,3,21,482,101,0,585,0,0,0,0,5,0,0,0,5,3,3,13,2502,289,57,50,2895,98,14,109,3006,248,8,3262,365,49,14,4,430,15,0,16,453,29,0,478,297,52,6,3,353,10,0,9,370,15,0,384,15,0,11,0,23,0,0,0,23,0,0,26,0,5,0,8,12,3,0,3,9,0,0,14,677,104,22,9,823,27,0,29,851,52,0,905,5,3,0,0,9,0,0,0,9,0,0,12,17,0,3,0,20,0,0,0
CED327,32,8,12,0,51,0,0,0,49,5,0,55,16,5,0,23,49,0,0,0,47,3,3,56,1982,294,47,46,2367,62,19,80,2447,155,6,2610,49,12,0,3,63,25,4,28,91,8,0,97,68,19,0,0,85,0,3,6,84,6,0,91,117,25,0,3,145,27,3,33,179,17,0,194,2095,320,46,48,2509,91,26,110,2620,170,10,2804,591,148,12,11,766,37,5,43,806,301,0,1109,0,0,0,3,6,0,0,0,6,0,15,20,2690,463,61,69,3280,121,30,150,3429,475,18,3927,460,51,3,3,522,11,0,12,535,39,0,568,331,63,3,3,400,19,5,27,427,28,4,462,17,3,5,0,17,0,0,0,24,0,0,23,10,0,0,9,25,0,0,0,25,5,0,30,816,122,10,17,967,35,10,40,1006,75,4,1079,21,3,0,0,22,10,0,10,32,5,0,41,22,3,0,0,24,5,4,7
CED328,37,3,10,0,48,0,0,3,45,3,0,53,14,3,0,14,31,0,0,0,32,0,0,35,2492,254,37,30,2816,72,10,82,2893,97,0,2992,43,3,0,0,50,3,0,4,50,3,0,58,41,3,0,0,51,6,6,10,62,0,0,62,85,7,0,3,105,5,8,10,113,3,0,114,2580,261,40,33,2916,74,15,95,3006,102,0,3111,456,43,13,12,526,17,0,15,542,44,0,587,3,0,0,3,3,0,0,0,3,0,0,5,3038,305,51,44,3442,93,19,109,3554,147,0,3704,723,50,7,3,788,17,6,23,810,45,3,853,607,72,4,4,682,27,3,28,709,29,0,745,15,0,4,0,26,0,0,0,23,7,0,26,3,0,0,3,8,0,0,0,6,0,0,6,1353,116,18,12,1497,43,11,50,1551,75,3,1633,16,0,0,0,16,3,0,3,20,8,0,27,28,5,0,0,35,3,0,3
CED329,19,5,4,0,33,0,0,0,35,3,0,41,3,3,0,24,30,0,0,0,31,0,0,32,1463,266,31,33,1798,46,7,48,1850,156,0,2005,27,6,0,4,31,15,4,19,49,13,0,59,34,3,0,0,36,8,5,11,41,6,0,50,61,7,0,4,66,19,6,28,91,17,0,108,1524,273,31,36,1863,66,16,75,1939,177,0,2117,252,73,17,11,347,29,4,33,380,184,6,561,3,0,0,0,3,0,0,0,3,0,8,7,1780,338,45,47,2209,86,18,109,2320,358,8,2692,95,11,0,0,109,0,0,3,114,10,0,118,95,23,0,0,122,3,0,3,126,11,0,142,3,0,0,0,3,0,0,0,3,3,0,6,0,0,0,3,0,0,0,0,0,0,0,0,199,36,4,4,238,3,0,3,248,23,0,269,4,0,0,0,4,0,0,0,9,0,0,9,3,0,0,0,3,3,0,3
CED330,42,3,15,0,60,0,0,0,62,11,0,72,15,0,0,29,51,0,0,0,51,11,0,61,2432,282,59,62,2835,57,11,60,2897,158,3,3058,29,7,0,4,39,9,0,9,46,5,0,50,43,5,3,5,57,0,0,0,60,6,0,63,74,13,0,3,98,8,0,8,106,10,0,114,2502,295,62,68,2933,66,11,69,3002,168,3,3175,506,90,21,13,637,9,4,18,651,143,3,799,8,0,0,3,15,0,0,0,15,0,10,25,3022,385,81,91,3581,73,9,89,3666,311,19,3998,350,28,11,0,390,14,0,14,404,16,0,415,238,51,3,4,296,0,3,4,300,21,0,323,16,0,3,0,23,0,0,0,23,3,0,26,4,0,0,10,14,0,0,0,14,0,0,13,608,85,12,12,716,14,3,13,731,41,0,778,3,0,0,0,9,4,0,4,13,0,0,13,8,0,0,0,8,0,0,0
CED394,0,0,0,0,0,0,0,0,0,0,0,0,0,0,0,0,0,0,0,0,0,0,0,0,0,0,0,0,0,0,0,0,0,0,0,0,0,0,0,0,0,0,0,0,0,0,0,0,0,0,0,0,0,0,0,0,0,0,0,0,0,0,0,0,0,0,0,0,0,0,0,0,0,0,0,0,0,0,0,0,0,0,0,0,0,0,0,0,0,0,0,0,0,0,0,0,0,0,0,0,0,0,0,0,0,0,0,0,0,0,0,0,0,0,0,0,0,0,0,0,0,0,0,0,0,0,0,0,0,0,0,0,0,0,0,0,0,0,0,0,0,0,0,0,0,0,0,0,0,0,0,0,0,0,0,0,0,0,0,0,0,0,0,0,0,0,0,0,0,0,0,0,0,0,0,0,0,0,0,0,0,0,0,0,0,0,0,0,0,0,0,0,0,0,0,0,0,0,0,0
CED397,0,0,0,0,0,0,0,0,0,0,0,0,0,0,0,0,0,0,0,0,0,0,0,0,0,0,0,0,0,0,0,0,0,0,0,0,0,0,0,0,0,0,0,0,0,0,0,0,0,0,0,0,0,0,0,0,0,0,0,0,0,0,0,0,0,0,0,0,0,0,0,0,0,0,0,0,0,0,0,0,0,0,0,0,0,0,0,0,0,0,0,0,0,0,0,0,0,0,0,0,0,0,0,0,0,0,0,0,0,0,0,0,0,0,0,0,0,0,0,0,0,0,0,0,0,0,0,0,0,0,0,0,0,0,0,0,0,0,0,0,0,0,0,0,0,0,0,0,0,0,0,0,0,0,0,0,0,0,0,0,0,0,0,0,0,0,0,0,0,0,0,0,0,0,0,0,0,0,0,0,0,0,0,0,0,0,0,0,0,0,0,0,0,0,0,0,0,0,0,0
CED401,6,4,6,0,19,0,0,0,23,0,0,22,8,3,0,5,12,0,0,0,14,0,0,14,1593,251,25,16,1882,34,11,38,1921,92,0,2016,26,6,0,0,36,4,0,4,49,9,0,53,26,10,0,3,39,0,4,4,39,4,0,39,55,17,0,3,74,4,4,6,85,10,0,91,1649,273,22,13,1957,38,9,47,2010,102,0,2113,291,59,4,5,358,31,5,38,396,123,0,522,6,3,0,0,8,0,0,0,9,0,0,10,1943,332,25,22,2321,70,17,93,2412,225,0,2638,489,59,4,4,564,15,0,17,575,32,0,608,477,86,6,3,567,13,0,16,589,36,0,625,10,4,3,0,17,0,0,0,17,0,0,18,4,0,0,3,17,0,0,0,16,0,0,16,989,148,16,14,1160,33,0,36,1194,70,0,1262,12,4,0,0,16,4,3,6,21,7,0,21,10,6,0,0,13,0,0,0
CED402,33,4,14,0,48,0,0,0,55,7,0,57,10,0,0,14,26,0,0,0,26,4,0,29,2085,237,47,31,2403,36,5,38,2442,110,5,2555,15,7,0,0,26,9,0,13,35,8,0,41,27,3,0,0,38,4,0,4,39,3,0,45,42,10,3,3,65,16,0,13,77,6,0,85,2125,249,51,32,2465,44,9,52,2520,115,5,2638,316,53,8,10,390,16,4,20,411,128,3,542,3,3,0,5,4,0,0,0,4,0,0,13,2444,310,63,45,2859,61,8,74,2938,243,10,3188,162,13,3,5,184,0,0,0,184,12,0,194,175,29,3,0,209,0,0,3,208,10,0,223,3,0,5,0,13,0,0,0,13,0,0,13,3,0,0,0,4,0,0,0,4,0,0,4,351,47,7,8,407,0,0,7,415,20,0,433,3,0,0,0,3,0,0,0,4,0,0,4,6,3,0,0,7,0,0,0
CED403,29,3,9,0,42,0,0,0,41,10,0,46,8,0,0,4,15,0,0,0,15,5,0,18,2326,304,49,15,2691,55,6,68,2763,129,0,2890,28,0,0,0,30,10,0,11,37,0,0,37,36,4,0,0,37,3,0,3,44,6,0,46,63,4,0,0,70,8,3,10,79,6,0,82,2384,306,47,22,2758,70,12,78,2837,131,0,2972,288,54,3,0,343,7,0,13,354,87,0,445,0,0,0,0,3,0,0,0,3,0,0,4,2681,355,53,18,3109,77,13,90,3203,217,3,3421,573,72,3,3,655,19,0,24,674,42,0,717,606,93,15,3,719,11,0,17,735,20,0,756,21,3,3,0,29,3,3,3,37,8,0,41,6,0,0,9,15,0,0,0,15,0,0,12,1203,170,24,15,1419,31,4,42,1456,69,3,1528,15,4,0,0,17,0,0,3,18,0,0,18,4,3,0,0,9,4,0,4
CED404,16,4,10,0,28,0,0,0,27,8,0,35,10,0,4,10,28,0,0,0,28,3,0,29,1614,190,41,32,1880,42,10,56,1934,105,4,2046,20,10,0,0,23,17,0,17,36,7,0,42,18,3,0,0,26,3,3,4,26,0,0,26,40,11,0,0,51,17,3,22,64,7,0,71,1648,202,45,33,1931,59,11,75,2003,114,4,2120,221,38,8,7,268,17,3,17,286,156,0,447,6,0,0,0,6,0,0,0,6,0,8,10,1871,241,51,36,2200,78,20,96,2297,272,10,2576,72,7,4,0,85,0,0,0,88,7,0,94,108,25,0,0,137,3,0,4,141,14,0,152,0,3,0,0,3,0,0,0,3,0,0,3,0,0,0,0,3,0,0,0,3,0,0,3,188,30,4,0,222,3,0,3,233,21,0,250,3,0,0,0,5,3,0,3,7,0,0,7,0,0,0,0,0,0,0,0
CED405,30,5,3,0,37,0,0,0,37,3,0,40,9,0,0,10,23,0,0,0,23,0,0,25,1859,238,33,17,2145,35,6,46,2191,83,0,2277,9,3,0,0,16,4,3,8,26,3,0,30,23,4,0,0,27,0,0,3,29,0,0,34,34,7,0,0,45,9,0,10,60,5,0,58,1896,244,36,22,2198,47,10,52,2248,87,0,2334,231,62,3,8,301,13,3,15,315,76,0,397,3,0,0,0,6,0,0,0,6,0,5,9,2124,311,39,24,2500,60,13,72,2570,165,5,2744,462,37,14,3,519,14,3,17,536,33,0,572,489,89,10,4,589,6,0,6,603,29,0,627,12,4,6,0,23,0,0,0,23,3,0,26,13,3,0,3,15,0,0,0,15,0,0,15,975,132,35,8,1152,27,3,32,1177,63,0,1241,9,3,0,0,18,7,0,3,18,0,0,18,15,8,0,0,19,3,0,3
CED406,26,7,9,0,43,0,0,3,48,7,0,51,3,0,3,6,12,0,0,0,12,3,0,16,1767,281,46,22,2125,55,6,57,2178,135,0,2314,28,5,0,0,33,6,0,3,39,4,0,44,31,9,4,0,41,3,3,9,50,3,0,50,61,14,4,0,76,7,6,14,86,10,0,92,1832,291,49,22,2193,64,7,69,2269,139,0,2410,343,70,12,5,435,21,0,18,455,108,0,571,0,0,0,0,3,0,0,0,3,0,0,6,2182,361,66,33,2638,79,10,88,2730,252,6,2987,300,46,5,3,361,10,0,10,372,30,0,400,352,60,11,3,425,9,0,9,435,37,0,475,5,3,4,0,12,0,0,0,12,0,0,19,3,0,0,0,5,0,0,0,5,0,0,7,660,110,25,4,798,22,0,22,822,74,0,896,6,0,0,0,11,0,0,0,13,3,0,12,10,0,0,0,14,0,0,0
CED407,33,4,9,0,47,0,0,0,49,0,0,51,14,0,0,6,27,0,0,0,27,9,0,29,2049,205,48,29,2329,56,13,64,2397,101,3,2506,34,6,0,0,40,14,0,12,52,4,0,59,52,12,0,0,65,12,0,8,75,8,0,78,80,18,3,0,104,24,3,22,128,8,0,140,2131,223,47,29,2437,79,14,90,2522,112,3,2642,380,73,10,7,472,20,10,31,505,151,0,656,3,0,0,0,4,0,0,0,4,0,3,10,2517,297,59,39,2907,103,24,123,3029,263,7,3301,485,50,9,0,553,18,7,21,571,37,0,610,481,69,7,3,555,8,0,10,565,30,0,596,19,0,5,0,28,0,0,0,28,0,0,30,4,3,0,3,7,0,0,0,7,0,0,7,990,119,22,5,1141,30,7,36,1176,70,0,1243,8,4,0,0,15,6,0,6,23,0,0,22,18,3,0,0,19,3,3,9
CED408,45,12,20,3,76,0,0,0,75,8,0,79,16,0,0,22,41,0,0,0,43,0,0,44,2148,343,72,43,2605,57,11,64,2669,118,3,2794,17,3,0,0,22,6,0,6,26,0,0,25,30,3,0,0,32,3,0,3,34,3,0,37,45,10,0,0,50,6,0,7,63,3,0,66,2195,349,72,40,2660,64,8,69,2727,126,3,2860,312,62,8,11,399,9,0,13,409,71,0,480,4,0,0,0,4,0,0,0,4,0,9,9,2511,414,78,56,3062,73,14,79,3146,193,16,3354,386,37,9,4,433,8,3,12,442,29,0,472,396,73,11,5,481,4,0,5,490,32,0,520,20,7,10,0,34,0,0,0,34,3,0,40,10,0,0,10,13,0,0,0,13,0,0,13,808,115,21,10,967,12,3,15,981,63,3,1044,4,0,0,0,8,0,0,0,7,3,0,10,14,0,0,0,14,0,0,0
CED409,26,3,5,0,35,3,0,3,35,0,0,36,17,3,0,12,30,0,0,0,36,3,0,38,1531,297,26,32,1884,52,15,63,1945,165,0,2115,36,7,3,0,43,10,0,11,58,5,0,69,43,14,0,0,54,10,0,13,69,11,0,82,78,26,3,0,100,19,4,21,130,14,0,148,1610,320,30,32,1991,72,13,88,2072,179,3,2259,368,110,12,14,502,35,14,49,553,321,3,872,6,0,0,0,6,0,0,0,6,0,8,16,1980,428,41,40,2497,105,32,135,2630,500,14,3144,396,62,5,5,472,9,4,14,488,46,0,536,342,92,6,4,450,23,5,28,479,59,0,539,16,0,3,0,15,0,0,0,15,3,0,19,7,0,0,8,21,0,0,0,23,3,0,22,763,161,16,22,957,32,10,40,1001,111,0,1109,14,7,3,3,22,10,0,10,35,3,0,34,16,6,0,0,21,4,3,9
CED410,30,3,7,0,47,0,0,0,47,0,0,43,10,5,0,12,23,0,0,0,23,3,0,27,2137,336,30,28,2534,71,15,85,2614,114,4,2734,25,9,0,0,35,6,0,6,41,3,0,42,39,3,0,0,46,3,3,6,49,0,0,49,63,12,0,0,77,11,3,17,91,3,0,95,2200,352,35,28,2609,80,20,96,2709,118,4,2826,346,56,8,3,410,16,5,22,430,111,3,544,4,0,0,0,4,0,0,0,3,0,5,10,2544,407,41,27,3021,98,20,118,3142,226,5,3378,576,75,11,4,664,3,4,12,669,59,0,730,683,98,11,8,798,9,3,17,814,37,0,852,17,3,7,0,27,0,0,0,27,3,0,29,8,3,0,9,15,0,0,0,15,0,0,15,1282,177,27,17,1502,18,10,21,1531,95,0,1622,11,3,0,0,15,7,0,5,22,0,0,22,20,4,3,0,25,0,0,3
CED411,39,3,5,0,47,0,0,0,52,6,0,54,9,8,0,11,26,3,0,3,29,7,5,37,1877,253,34,25,2189,48,8,47,2236,146,3,2385,33,3,0,5,41,15,0,15,55,12,0,71,45,8,0,0,49,12,0,18,70,3,0,74,78,10,0,3,93,33,0,30,126,14,0,136,1951,261,36,32,2280,73,5,84,2360,160,3,2526,437,90,11,25,561,45,11,53,617,308,0,928,5,0,0,4,8,0,0,0,8,0,4,7,2394,351,48,60,2848,120,15,136,2983,467,11,3465,321,31,9,0,357,3,0,6,362,27,0,392,302,59,9,0,369,7,0,7,378,38,0,414,12,3,4,0,18,0,0,0,18,0,0,20,3,0,0,10,15,0,0,0,12,0,0,19,632,95,20,10,757,12,0,12,773,68,0,842,10,3,0,0,12,7,0,7,17,5,0,30,21,4,0,0,23,4,0,4
CED494,0,0,0,0,0,0,0,0,0,0,0,0,0,0,0,0,0,0,0,0,0,0,0,0,0,0,0,0,0,0,0,0,0,0,0,0,0,0,0,0,0,0,0,0,0,0,0,0,0,0,0,0,0,0,0,0,0,0,0,0,0,0,0,0,0,0,0,0,0,0,0,0,0,0,0,0,0,0,0,0,0,0,0,0,0,0,0,0,0,0,0,0,0,0,0,0,0,0,0,0,0,0,0,0,0,0,0,0,0,0,0,0,0,0,0,0,0,0,0,0,0,0,0,0,0,0,0,0,0,0,0,0,0,0,0,0,0,0,0,0,0,0,0,0,0,0,0,0,0,0,0,0,0,0,0,0,0,0,0,0,0,0,0,0,0,0,0,0,0,0,0,0,0,0,0,0,0,0,0,0,0,0,0,0,0,0,0,0,0,0,0,0,0,0,0,0,0,0,0,0
CED497,0,0,0,0,0,0,0,0,0,0,0,0,0,0,0,0,0,0,0,0,0,0,0,0,0,0,0,0,0,0,0,0,0,0,0,0,0,0,0,0,0,0,0,0,0,0,0,0,0,0,0,0,0,0,0,0,0,0,0,0,0,0,0,0,0,0,0,0,0,0,0,0,0,0,0,0,0,0,0,0,0,0,0,0,0,0,0,0,0,0,0,0,0,0,0,0,0,0,0,0,0,0,0,0,0,0,0,0,0,0,0,0,0,0,0,0,0,0,0,0,0,0,0,0,0,0,0,0,0,0,0,0,0,0,0,0,0,0,0,0,0,0,0,0,0,0,0,0,0,0,0,0,0,0,0,0,0,0,0,0,0,0,0,0,0,0,0,0,0,0,0,0,0,0,0,0,0,0,0,0,0,0,0,0,0,0,0,0,0,0,0,0,0,0,0,0,0,0,0,0
CED501,35,5,9,0,51,0,0,0,55,0,0,57,18,0,0,9,28,0,0,0,28,3,4,36,1937,199,60,38,2237,97,11,106,2340,130,3,2471,47,3,3,0,56,13,0,13,70,4,0,68,76,8,0,3,89,9,0,4,92,7,0,103,122,11,3,4,141,22,0,23,162,6,0,169,2060,213,65,44,2377,115,10,127,2503,138,3,2648,521,73,24,14,630,36,0,36,658,85,0,747,3,0,0,0,3,0,0,0,3,0,0,3,2579,286,81,51,3005,150,10,159,3160,228,7,3390,339,31,10,3,382,16,0,20,402,20,0,420,291,25,12,3,334,13,0,13,341,20,0,360,11,0,4,0,13,0,0,0,12,0,0,18,5,0,0,3,10,0,0,0,10,3,0,13,639,64,24,11,739,31,0,35,767,40,0,809,16,0,3,0,20,4,0,4,24,3,0,24,14,3,0,0,17,3,0,3
CED502,25,0,3,0,33,6,0,6,31,0,0,35,13,8,0,23,46,0,0,0,49,4,0,53,1966,283,43,52,2347,112,10,121,2465,120,0,2587,48,6,3,0,54,9,0,9,68,3,0,72,62,10,0,0,71,8,0,10,85,6,0,92,109,17,6,0,125,21,0,23,150,7,0,165,2073,293,44,54,2472,131,12,141,2619,135,0,2752,616,92,20,14,743,50,10,58,805,179,0,985,5,0,0,7,11,0,0,0,11,0,6,15,2698,388,63,71,3228,186,18,202,3427,309,6,3747,499,37,13,3,551,36,7,45,598,30,0,625,392,67,10,4,479,33,3,37,520,25,0,540,15,3,8,0,21,0,0,0,21,0,0,25,3,4,0,13,22,0,0,0,22,0,0,21,909,112,24,25,1076,71,6,80,1152,55,3,1213,16,10,0,0,22,3,0,3,27,3,0,33,24,0,0,0,20,3,0,3
CED503,38,3,14,0,49,0,0,0,56,0,0,58,8,0,3,16,28,0,0,0,28,3,0,31,1722,199,57,32,2006,72,5,75,2088,76,4,2169,36,4,3,7,43,8,0,8,57,6,0,60,48,0,4,0,53,7,0,7,66,3,0,64,85,4,6,8,101,19,0,16,119,8,0,129,1801,208,64,34,2113,89,6,93,2202,88,4,2295,412,52,19,17,505,35,0,35,537,71,3,610,0,0,0,0,0,0,0,0,0,0,4,9,2213,257,84,52,2615,126,6,129,2743,162,10,2918,291,25,7,0,319,3,0,3,324,11,0,343,266,30,4,8,313,18,0,18,328,14,0,340,9,0,5,0,17,0,0,0,15,0,0,17,0,0,0,4,4,0,0,0,9,3,0,9,575,57,15,11,657,27,0,27,680,30,0,704,4,0,0,0,9,3,0,3,12,0,0,15,14,0,0,3,10,3,0,3
CED504,31,3,9,0,47,3,0,3,49,3,0,49,16,3,3,28,53,0,0,0,57,4,0,57,2141,316,42,38,2535,77,12,88,2623,124,3,2750,40,5,0,0,49,16,3,20,72,6,0,79,49,6,0,0,63,11,3,15,81,8,0,85,95,13,0,5,112,27,8,34,148,13,0,164,2234,325,45,41,2646,102,21,120,2768,141,3,2917,475,95,21,16,609,33,11,48,652,184,3,841,0,0,0,10,9,0,0,0,9,0,3,17,2705,418,68,68,3266,133,33,170,3435,327,11,3772,467,61,8,8,545,13,3,15,559,42,0,599,471,91,11,3,572,16,3,21,592,30,0,620,11,4,3,0,16,0,0,0,16,0,0,15,4,4,0,4,12,0,0,0,12,3,3,22,943,164,23,18,1145,29,6,36,1182,70,3,1257,26,3,0,0,24,8,0,12,32,4,0,40,12,9,0,0,20,3,0,3
CED505,21,0,4,0,22,3,0,3,27,0,0,26,16,7,0,8,29,0,0,0,29,4,0,34,2041,266,21,17,2340,65,12,75,2419,101,0,2522,18,0,0,0,19,3,0,7,26,0,0,26,40,3,0,0,46,0,0,0,49,4,0,48,60,10,0,0,65,8,0,4,74,4,0,77,2098,269,21,16,2410,74,14,82,2493,107,0,2600,567,58,3,3,632,15,0,19,647,56,0,707,0,0,0,0,3,0,0,0,3,0,0,3,2667,330,25,17,3042,91,11,101,3139,162,7,3306,472,47,3,0,523,17,0,20,543,40,0,586,633,96,3,4,743,12,8,19,761,32,0,795,21,0,3,0,27,0,0,0,28,3,0,31,7,0,0,3,15,0,0,0,15,0,0,12,1137,150,13,14,1306,33,8,41,1345,76,3,1421,10,0,0,0,14,0,0,0,15,0,0,18,20,7,0,0,27,0,0,0
CED506,24,3,14,0,47,0,0,0,47,0,0,46,12,0,0,20,33,0,0,0,34,5,0,41,1531,197,61,37,1836,43,3,41,1878,75,0,1951,25,3,0,0,30,20,0,21,49,8,0,60,16,0,5,3,20,3,3,4,28,3,0,28,39,3,3,3,49,26,3,26,80,9,0,91,1571,206,68,43,1887,68,9,70,1957,82,0,2044,235,32,12,14,291,33,0,33,324,106,3,432,4,0,0,3,8,0,0,0,8,0,11,15,1810,237,78,60,2186,99,9,101,2287,188,14,2487,65,10,3,0,74,4,0,4,80,3,0,84,47,8,3,0,54,0,0,0,54,0,0,61,5,0,0,0,5,0,0,0,5,0,0,3,0,0,0,0,0,0,0,0,0,0,0,3,111,11,6,7,138,3,0,3,145,9,0,150,0,0,0,0,0,0,0,0,0,0,0,3,0,0,0,0,0,0,0,0
CED507,30,4,14,0,51,0,0,0,51,0,0,51,14,0,0,8,24,0,0,0,24,0,0,27,2027,267,67,27,2387,60,7,68,2453,107,3,2570,17,3,0,0,21,4,0,4,27,0,0,33,53,6,4,0,69,3,0,5,74,3,0,78,70,8,4,6,89,9,0,8,105,6,0,112,2100,278,72,32,2481,72,10,78,2556,115,3,2679,367,47,27,11,457,11,3,13,467,57,0,526,0,0,0,3,4,0,0,0,7,0,5,16,2471,322,100,49,2941,84,8,89,3034,178,11,3217,90,6,4,0,104,7,0,7,108,6,0,110,112,27,5,0,146,3,0,3,147,8,0,153,5,0,0,0,7,0,0,0,7,0,0,7,0,0,0,3,3,0,0,0,3,0,0,4,201,34,13,3,251,6,0,6,259,11,0,269,3,0,0,0,3,0,0,0,3,0,0,3,4,0,0,0,4,0,0,0
CED508,32,3,6,0,39,6,0,3,49,3,0,45,10,5,0,13,28,0,0,0,28,3,0,29,1841,205,35,34,2120,83,18,98,2216,116,0,2330,23,0,0,0,25,7,0,7,33,8,0,45,41,5,0,3,55,12,0,14,64,7,0,71,64,4,3,3,75,23,0,24,95,11,0,110,1901,209,36,38,2190,98,13,115,2308,125,4,2443,390,43,17,9,465,27,4,32,498,73,0,571,0,0,0,0,3,0,0,0,3,0,3,3,2295,254,59,50,2660,129,20,146,2808,202,4,3015,395,40,9,3,445,17,4,16,464,20,0,486,407,74,11,3,490,13,0,13,501,21,0,527,13,0,8,0,20,0,0,0,20,0,0,23,3,0,0,6,14,0,0,0,15,0,0,16,817,115,26,8,968,27,4,27,998,48,0,1043,11,0,0,0,16,0,0,0,18,0,0,19,21,0,3,0,21,3,0,3
CED509,22,11,10,0,39,0,0,0,41,3,0,43,16,0,0,11,28,3,0,3,28,7,0,35,1894,236,55,28,2212,75,7,84,2296,95,0,2390,38,0,0,0,40,11,0,11,56,3,3,64,49,8,3,0,60,6,0,10,66,0,0,71,86,11,3,0,98,25,0,23,122,3,3,129,1982,244,59,32,2310,94,13,105,2414,100,3,2524,449,54,17,16,546,17,4,27,573,93,0,665,4,0,0,0,4,0,0,0,4,0,3,12,2432,304,79,48,2858,115,16,128,2993,197,8,3195,312,42,3,3,359,11,0,11,375,24,0,405,333,55,5,0,401,13,0,9,414,27,0,437,10,0,4,0,19,0,0,0,20,0,0,19,10,0,0,0,9,3,0,3,8,0,0,8,666,95,14,8,790,23,3,27,815,53,0,870,23,0,0,0,21,3,0,3,31,3,0,29,8,5,0,0,11,4,0,4
CED510,40,0,15,0,56,0,0,0,56,0,0,56,21,3,0,16,38,0,0,0,44,0,0,42,2673,275,53,33,3030,102,10,112,3141,104,0,3248,34,3,0,0,38,9,0,7,47,3,0,56,73,16,4,0,86,7,0,7,97,4,0,101,106,16,4,3,129,15,0,15,144,10,0,156,2783,294,51,34,3164,114,12,130,3287,109,0,3399,463,40,15,8,524,14,5,21,547,42,0,586,0,0,0,0,3,0,0,0,3,0,3,11,3245,334,68,50,3692,130,18,146,3840,150,5,4000,600,68,4,3,675,14,3,21,694,27,0,727,650,68,7,6,735,18,0,18,756,34,0,792,16,5,9,0,34,3,0,3,32,4,0,40,7,0,0,6,17,0,0,0,22,0,0,21,1271,143,27,17,1466,36,3,40,1509,70,3,1578,26,3,0,0,26,5,0,5,34,5,0,40,30,3,0,0,39,5,0,5
CED511,31,7,15,3,56,0,0,0,53,0,0,52,16,4,0,20,44,0,0,0,44,0,0,43,1804,218,49,50,2122,31,5,38,2154,99,5,2257,11,0,0,0,17,7,0,7,24,0,0,24,19,3,0,0,21,3,0,3,24,0,0,26,31,7,0,0,41,13,0,13,53,0,0,52,1838,219,52,50,2160,41,5,51,2205,100,5,2309,330,51,11,6,401,11,3,15,414,86,0,508,3,0,0,0,5,0,0,0,5,0,0,4,2166,272,63,53,2560,54,14,62,2626,189,4,2819,61,4,0,0,69,0,0,3,69,3,0,73,70,18,0,0,80,0,3,3,82,9,0,93,3,0,4,0,3,0,0,0,3,0,0,3,0,0,0,3,5,0,0,0,5,0,0,5,131,25,4,3,164,0,3,5,169,9,0,176,0,0,0,0,0,0,0,0,0,0,0,0,0,0,0,0,0,0,0,0
CED512,38,10,24,0,69,3,0,3,73,6,0,77,12,5,0,20,43,0,0,0,42,3,0,47,2575,325,102,44,3042,93,8,101,3144,110,4,3260,42,14,0,0,56,15,0,15,69,8,0,81,58,11,3,0,69,12,3,13,80,7,0,91,96,22,3,0,121,29,3,27,153,19,0,166,2677,339,100,44,3160,123,11,131,3298,129,4,3430,491,69,21,13,601,37,5,40,636,116,0,749,8,0,0,3,12,0,0,0,13,0,4,15,3173,410,124,60,3770,159,17,176,3945,244,11,4195,424,36,12,3,473,13,0,13,490,17,3,508,382,65,11,10,464,11,0,11,477,13,3,492,9,0,8,0,20,3,0,3,24,0,0,24,0,0,0,5,7,0,0,0,7,0,0,10,827,105,29,15,976,27,0,27,1006,32,6,1038,17,0,0,0,14,4,0,4,23,0,0,21,14,0,0,0,18,3,0,4
CED513,17,3,3,0,29,0,0,0,32,0,0,31,10,0,0,3,16,0,0,0,16,0,0,15,1370,184,30,12,1598,49,5,60,1651,74,5,1733,25,0,0,0,25,0,0,0,27,4,0,29,30,3,0,0,36,0,0,4,42,5,0,49,57,3,0,0,61,6,0,10,70,6,0,76,1426,192,28,12,1657,59,5,61,1724,84,5,1806,248,37,10,0,294,23,7,26,318,85,0,405,0,0,0,0,4,0,0,0,4,0,0,4,1674,226,35,16,1952,79,13,90,2045,169,3,2212,396,40,4,3,438,17,3,20,453,24,0,476,335,57,3,3,403,6,3,7,405,26,0,430,16,4,5,0,26,0,0,0,26,0,0,27,0,3,0,3,5,0,0,0,11,0,0,11,751,102,16,11,877,22,5,29,902,48,0,951,4,0,0,0,4,0,0,0,4,3,0,7,12,3,0,0,18,4,3,3
CED514,17,7,3,0,25,4,0,4,26,0,0,26,5,0,0,8,18,0,0,0,18,3,0,22,1503,232,28,24,1782,63,10,74,1855,102,0,1953,25,4,0,0,35,12,0,9,47,4,0,47,31,6,0,0,43,11,0,9,48,12,0,62,59,13,3,0,76,16,3,20,96,14,0,104,1559,248,24,19,1853,82,11,91,1950,111,0,2058,295,53,3,10,362,24,9,39,400,148,0,545,3,3,0,3,10,0,0,0,10,0,0,7,1858,302,31,31,2221,102,29,132,2352,258,4,2619,399,61,3,0,461,17,3,23,482,19,0,507,421,70,7,6,510,16,0,16,527,48,0,572,15,7,3,0,21,0,0,0,22,0,0,22,6,4,0,11,17,0,0,0,17,0,0,22,839,135,17,16,1013,34,3,39,1048,73,0,1119,19,0,0,0,18,7,0,8,28,3,0,30,19,3,0,0,20,4,0,4
CED515,14,0,3,0,15,0,0,0,15,0,0,15,3,0,0,4,8,0,0,0,8,3,0,16,1264,178,17,9,1471,58,12,73,1546,79,0,1623,19,3,0,0,22,4,7,12,35,0,0,30,25,9,0,0,35,7,3,13,47,5,0,53,40,11,0,0,59,13,7,23,79,3,0,81,1305,195,17,8,1529,78,13,93,1624,85,3,1704,293,52,9,4,361,17,9,32,397,89,4,490,3,0,0,0,3,0,0,0,3,0,3,8,1599,249,29,17,1895,97,24,123,2017,168,11,2201,313,46,3,0,359,16,0,15,380,25,0,409,322,71,3,0,403,17,0,16,419,30,0,448,6,0,5,0,16,0,0,0,16,4,0,19,4,0,0,8,15,0,0,0,13,3,0,14,648,116,12,8,792,33,3,33,827,63,0,886,14,0,3,0,17,3,3,7,22,0,0,22,8,3,0,0,14,5,0,5
CED516,27,0,3,0,30,0,0,0,36,4,0,35,11,5,0,7,14,0,0,0,16,3,0,20,2345,277,30,19,2667,107,22,128,2800,91,0,2887,39,3,5,0,44,19,0,19,63,4,0,69,71,5,4,0,85,8,3,9,99,3,0,103,111,10,7,0,134,25,3,30,163,11,0,172,2454,294,42,19,2805,128,25,154,2956,96,0,3056,490,69,15,6,577,43,8,48,630,89,0,720,10,0,0,3,12,0,0,0,12,0,5,17,2948,364,54,31,3389,172,31,208,3599,190,9,3791,600,79,6,5,692,30,13,43,732,44,0,777,672,110,11,4,790,30,11,34,832,38,0,868,18,8,3,0,25,0,0,0,25,4,0,30,6,0,0,5,14,0,0,0,14,0,0,12,1290,197,26,15,1527,58,18,79,1606,82,0,1688,25,0,0,0,30,9,0,9,43,0,0,40,31,0,0,0,29,6,0,6
CED594,0,0,0,0,0,0,0,0,0,0,0,0,0,0,0,0,0,0,0,0,0,0,0,0,0,0,0,0,0,0,0,0,0,0,0,0,0,0,0,0,0,0,0,0,0,0,0,0,0,0,0,0,0,0,0,0,0,0,0,0,0,0,0,0,0,0,0,0,0,0,0,0,0,0,0,0,0,0,0,0,0,0,0,0,0,0,0,0,0,0,0,0,0,0,0,0,0,0,0,0,0,0,0,0,0,0,0,0,0,0,0,0,0,0,0,0,0,0,0,0,0,0,0,0,0,0,0,0,0,0,0,0,0,0,0,0,0,0,0,0,0,0,0,0,0,0,0,0,0,0,0,0,0,0,0,0,0,0,0,0,0,0,0,0,0,0,0,0,0,0,0,0,0,0,0,0,0,0,0,0,0,0,0,0,0,0,0,0,0,0,0,0,0,0,0,0,0,0,0,0
CED597,0,0,0,0,0,0,0,0,0,0,0,0,0,0,0,0,0,0,0,0,0,0,0,0,0,0,0,0,0,0,0,0,0,0,0,0,0,0,0,0,0,0,0,0,0,0,0,0,0,0,0,0,0,0,0,0,0,0,0,0,0,0,0,0,0,0,0,0,0,0,0,0,0,0,0,0,0,0,0,0,0,0,0,0,0,0,0,0,0,0,0,0,0,0,0,0,0,0,0,0,0,0,0,0,0,0,0,0,0,0,0,0,0,0,0,0,0,0,0,0,0,0,0,0,0,0,0,0,0,0,0,0,0,0,0,0,0,0,0,0,0,0,0,0,0,0,0,0,0,0,0,0,0,0,0,0,0,0,0,0,0,0,0,0,0,0,0,0,0,0,0,0,0,0,0,0,0,0,0,0,0,0,0,0,0,0,0,0,0,0,0,0,0,0,0,0,0,0,0,0
CED601,26,0,3,3,33,0,0,0,33,9,0,38,5,0,0,3,6,0,0,0,12,0,0,9,1207,194,20,15,1440,22,9,30,1468,85,3,1555,12,3,0,0,11,7,0,7,21,5,0,22,17,3,0,0,22,4,0,7,26,3,0,29,30,3,0,0,31,11,0,14,46,12,0,55,1230,203,20,19,1477,36,8,41,1515,96,3,1610,252,41,9,4,305,11,10,17,320,114,0,433,3,0,0,0,3,0,0,0,3,0,0,5,1491,238,31,24,1781,46,14,62,1841,204,4,2049,177,18,0,0,193,3,0,4,201,14,0,214,184,30,6,3,221,0,0,7,230,17,0,245,4,4,0,0,9,0,0,0,9,4,0,11,3,0,0,0,0,0,0,0,0,0,0,0,369,50,8,4,433,3,5,11,442,30,0,473,5,0,0,0,3,3,0,3,9,0,0,9,3,4,0,0,3,0,0,3
CED602,22,3,9,0,29,0,0,0,32,3,0,31,8,0,0,7,15,0,0,0,15,0,0,14,1088,183,28,20,1315,35,0,41,1349,74,3,1428,4,8,0,0,14,3,0,3,18,3,0,21,16,3,0,0,22,3,0,3,23,4,0,30,25,13,0,0,34,12,0,12,42,6,0,51,1112,194,28,20,1348,45,0,47,1399,85,3,1487,204,50,13,6,270,25,0,25,289,107,0,401,0,0,0,0,0,0,0,0,0,0,3,6,1312,242,40,26,1623,70,0,73,1691,194,3,1891,100,12,3,0,111,3,0,3,119,12,0,128,108,29,0,0,146,3,0,7,149,9,0,161,4,0,3,0,12,0,0,0,12,3,0,15,0,0,0,0,3,0,0,0,3,0,0,3,214,45,10,4,270,10,0,8,277,23,0,302,0,0,0,0,0,0,0,0,0,0,0,7,3,0,0,0,3,0,0,0
CED603,23,0,9,0,36,0,0,0,36,4,0,39,4,0,0,8,9,0,0,0,9,0,0,9,1149,205,29,11,1392,17,8,22,1413,99,0,1516,11,3,0,0,9,4,0,4,12,3,0,18,20,3,0,0,23,0,3,3,23,0,0,27,28,5,0,0,34,4,3,6,36,0,0,45,1174,214,29,7,1429,18,9,25,1451,103,0,1558,164,34,4,5,204,12,8,20,224,89,0,315,4,0,0,0,4,0,0,0,4,0,0,4,1340,244,33,14,1634,28,16,42,1678,192,0,1874,223,31,3,3,263,3,0,0,264,21,0,280,235,34,4,0,271,8,0,7,282,23,0,308,11,3,0,0,16,0,0,0,12,0,0,12,3,0,0,3,4,0,0,0,4,0,0,4,466,71,7,9,552,9,3,7,564,45,0,606,6,0,0,0,6,0,0,0,6,0,0,3,11,0,0,0,13,0,0,0
CED604,24,3,3,0,31,0,0,0,31,3,0,40,4,0,0,9,16,0,0,0,16,0,0,12,1418,241,28,18,1702,18,5,27,1722,81,0,1806,13,3,0,0,12,8,0,8,20,3,0,22,18,3,0,0,25,0,0,3,24,4,0,27,31,11,0,0,35,8,0,13,48,6,0,50,1452,249,28,18,1734,27,8,31,1772,85,0,1860,191,57,8,12,262,7,3,13,271,96,0,368,3,0,0,0,3,0,0,0,3,0,0,10,1642,303,30,26,2004,32,13,42,2048,187,3,2234,235,26,3,0,273,0,0,0,274,17,0,291,252,49,3,4,304,0,0,3,306,27,0,337,8,7,0,0,19,0,0,0,19,0,0,19,0,0,0,3,6,0,0,0,6,3,0,5,507,77,8,5,600,5,0,3,603,48,0,647,3,0,0,0,3,0,0,0,3,3,0,9,0,3,0,0,5,0,0,0
CED605,30,3,5,0,36,0,0,0,36,3,0,42,13,3,0,14,26,0,0,0,26,3,0,28,1114,177,37,34,1356,30,0,29,1386,113,6,1505,12,0,0,0,11,6,0,6,18,0,0,22,3,3,0,0,10,0,5,3,13,3,0,18,16,3,0,0,20,9,5,10,30,7,0,39,1127,181,35,34,1378,42,8,47,1422,122,3,1543,210,45,12,20,279,9,0,9,293,142,0,442,12,0,0,0,15,0,0,0,15,0,3,17,1344,222,46,53,1667,52,8,59,1727,267,9,2001,107,22,3,4,130,3,0,3,132,14,0,147,153,24,3,0,185,6,0,4,190,12,0,197,8,3,0,0,11,0,0,0,11,3,0,13,0,0,0,5,10,0,0,0,10,0,0,10,268,48,4,13,332,4,0,9,339,29,0,365,0,3,0,0,3,4,0,4,9,0,0,4,3,0,0,0,3,0,0,0
CED694,0,0,0,0,0,0,0,0,0,0,0,0,0,0,0,0,0,0,0,0,0,0,0,0,0,0,0,0,0,0,0,0,0,0,0,0,0,0,0,0,0,0,0,0,0,0,0,0,0,0,0,0,0,0,0,0,0,0,0,0,0,0,0,0,0,0,0,0,0,0,0,0,0,0,0,0,0,0,0,0,0,0,0,0,0,0,0,0,0,0,0,0,0,0,0,0,0,0,0,0,0,0,0,0,0,0,0,0,0,0,0,0,0,0,0,0,0,0,0,0,0,0,0,0,0,0,0,0,0,0,0,0,0,0,0,0,0,0,0,0,0,0,0,0,0,0,0,0,0,0,0,0,0,0,0,0,0,0,0,0,0,0,0,0,0,0,0,0,0,0,0,0,0,0,0,0,0,0,0,0,0,0,0,0,0,0,0,0,0,0,0,0,0,0,0,0,0,0,0,0
CED697,0,0,0,0,0,0,0,0,0,0,0,0,0,0,0,0,0,0,0,0,0,0,0,0,0,0,0,0,0,0,0,0,0,0,0,0,0,0,0,0,0,0,0,0,0,0,0,0,0,0,0,0,0,0,0,0,0,0,0,0,0,0,0,0,0,0,0,0,0,0,0,0,0,0,0,0,0,0,0,0,0,0,0,0,0,0,0,0,0,0,0,0,0,0,0,0,0,0,0,0,0,0,0,0,0,0,0,0,0,0,0,0,0,0,0,0,0,0,0,0,0,0,0,0,0,0,0,0,0,0,0,0,0,0,0,0,0,0,0,0,0,0,0,0,0,0,0,0,0,0,0,0,0,0,0,0,0,0,0,0,0,0,0,0,0,0,0,0,0,0,0,0,0,0,0,0,0,0,0,0,0,0,0,0,0,0,0,0,0,0,0,0,0,0,0,0,0,0,0,0
CED701,19,0,0,0,20,0,0,0,21,4,0,30,4,0,0,18,21,0,0,0,25,5,0,30,838,112,20,25,994,23,9,28,1020,80,0,1108,12,4,0,0,21,43,0,41,57,4,0,68,13,0,0,0,10,9,5,17,23,8,0,35,26,4,0,0,29,51,6,56,88,10,0,97,864,118,21,25,1024,67,17,82,1110,98,0,1201,107,38,3,6,155,27,4,33,189,242,0,436,3,0,0,0,3,4,3,3,5,0,6,14,974,154,27,32,1187,98,18,117,1306,340,11,1656,77,3,0,0,79,3,0,3,81,7,0,91,25,15,0,0,36,0,0,0,41,6,0,46,0,0,0,0,0,0,0,0,0,0,0,0,0,0,0,0,0,0,0,0,0,0,0,0,106,19,0,0,117,3,0,5,120,17,0,136,3,0,0,0,3,3,0,3,9,0,0,9,0,0,0,0,0,0,0,0
CED702,23,7,8,0,42,0,0,0,42,3,0,40,5,0,0,15,22,0,0,0,22,3,0,28,1399,127,34,29,1584,31,4,30,1620,74,0,1691,26,0,0,0,29,3,0,3,30,0,0,28,17,5,0,0,21,3,0,3,23,4,0,27,38,5,0,0,47,3,0,9,50,4,0,53,1434,134,33,29,1630,33,3,37,1671,78,0,1749,187,27,11,10,234,5,0,4,238,38,0,285,3,0,0,3,3,0,0,0,3,0,0,10,1630,159,40,46,1868,36,6,41,1915,124,3,2035,219,15,3,0,239,3,3,7,243,11,0,253,77,19,6,4,103,0,0,0,107,3,0,110,6,0,3,0,10,0,0,0,10,0,0,10,5,0,0,14,15,0,0,0,15,0,0,15,311,38,13,15,374,4,3,7,378,17,0,394,6,0,3,0,12,0,0,0,12,0,0,12,7,0,0,0,7,0,0,0
CED794,0,0,0,0,0,0,0,0,0,0,0,0,0,0,0,0,0,0,0,0,0,0,0,0,0,0,0,0,0,0,0,0,0,0,0,0,0,0,0,0,0,0,0,0,0,0,0,0,0,0,0,0,0,0,0,0,0,0,0,0,0,0,0,0,0,0,0,0,0,0,0,0,0,0,0,0,0,0,0,0,0,0,0,0,0,0,0,0,0,0,0,0,0,0,0,0,0,0,0,0,0,0,0,0,0,0,0,0,0,0,0,0,0,0,0,0,0,0,0,0,0,0,0,0,0,0,0,0,0,0,0,0,0,0,0,0,0,0,0,0,0,0,0,0,0,0,0,0,0,0,0,0,0,0,0,0,0,0,0,0,0,0,0,0,0,0,0,0,0,0,0,0,0,0,0,0,0,0,0,0,0,0,0,0,0,0,0,0,0,0,0,0,0,0,0,0,0,0,0,0
CED797,0,0,0,0,0,0,0,0,0,0,0,0,0,0,0,0,0,0,0,0,0,0,0,0,0,0,0,0,0,0,0,0,0,0,0,0,0,0,0,0,0,0,0,0,0,0,0,0,0,0,0,0,0,0,0,0,0,0,0,0,0,0,0,0,0,0,0,0,0,0,0,0,0,0,0,0,0,0,0,0,0,0,0,0,0,0,0,0,0,0,0,0,0,0,0,0,0,0,0,0,0,0,0,0,0,0,0,0,0,0,0,0,0,0,0,0,0,0,0,0,0,0,0,0,0,0,0,0,0,0,0,0,0,0,0,0,0,0,0,0,0,0,0,0,0,0,0,0,0,0,0,0,0,0,0,0,0,0,0,0,0,0,0,0,0,0,0,0,0,0,0,0,0,0,0,0,0,0,0,0,0,0,0,0,0,0,0,0,0,0,0,0,0,0,0,0,0,0,0,0
CED801,46,16,13,0,75,0,0,0,80,0,0,83,6,3,0,22,32,0,0,0,35,3,0,36,3070,320,54,37,3493,47,7,55,3547,152,7,3709,28,0,3,0,31,8,0,8,35,5,0,45,30,3,3,0,33,4,0,4,41,3,0,41,57,5,5,0,70,12,0,12,76,7,0,90,3128,330,61,43,3560,60,7,63,3625,166,7,3793,341,45,6,4,396,10,6,11,408,77,0,488,7,3,0,0,12,0,0,0,12,3,3,15,3472,380,66,47,3965,69,9,77,4042,250,10,4299,777,98,16,7,889,13,0,15,907,79,0,987,437,56,7,0,505,7,0,7,512,22,0,530,24,9,14,0,44,0,0,0,40,6,0,49,3,0,3,3,9,0,0,0,11,0,0,13,1239,157,36,14,1449,24,0,21,1475,108,0,1578,8,0,0,0,12,3,0,3,16,3,0,18,8,0,3,0,12,0,0,0
CED802,41,3,5,0,51,0,0,0,54,6,0,58,5,0,0,12,21,0,0,0,20,0,0,24,2858,305,55,31,3242,26,14,36,3287,145,3,3430,27,10,5,0,41,5,0,5,44,3,0,50,27,4,0,0,29,0,3,9,37,6,0,38,53,10,5,4,69,3,3,9,83,9,0,90,2914,314,58,36,3317,33,12,48,3362,150,3,3518,355,44,8,12,417,7,7,13,432,85,0,513,9,0,0,3,8,0,0,0,8,0,3,8,3270,360,65,48,3737,45,17,65,3802,235,6,4042,728,86,10,10,834,15,3,19,853,72,0,925,386,57,14,0,454,12,3,12,463,23,3,489,23,5,5,3,33,0,0,0,33,0,0,36,0,0,0,4,8,0,0,0,8,0,0,8,1141,141,27,18,1326,23,5,31,1363,97,5,1460,11,3,0,0,18,0,0,0,19,0,0,19,17,3,0,0,16,0,0,0
CED894,0,0,0,0,0,0,0,0,0,0,0,0,0,0,0,0,0,0,0,0,0,0,0,0,0,0,0,0,0,0,0,0,0,0,0,0,0,0,0,0,0,0,0,0,0,0,0,0,0,0,0,0,0,0,0,0,0,0,0,0,0,0,0,0,0,0,0,0,0,0,0,0,0,0,0,0,0,0,0,0,0,0,0,0,0,0,0,0,0,0,0,0,0,0,0,0,0,0,0,0,0,0,0,0,0,0,0,0,0,0,0,0,0,0,0,0,0,0,0,0,0,0,0,0,0,0,0,0,0,0,0,0,0,0,0,0,0,0,0,0,0,0,0,0,0,0,0,0,0,0,0,0,0,0,0,0,0,0,0,0,0,0,0,0,0,0,0,0,0,0,0,0,0,0,0,0,0,0,0,0,0,0,0,0,0,0,0,0,0,0,0,0,0,0,0,0,0,0,0,0
CED897,0,0,0,0,0,0,0,0,0,0,0,0,0,0,0,0,0,0,0,0,0,0,0,0,0,0,0,0,0,0,0,0,0,0,0,0,0,0,0,0,0,0,0,0,0,0,0,0,0,0,0,0,0,0,0,0,0,0,0,0,0,0,0,0,0,0,0,0,0,0,0,0,0,0,0,0,0,0,0,0,0,0,0,0,0,0,0,0,0,0,0,0,0,0,0,0,0,0,0,0,0,0,0,0,0,0,0,0,0,0,0,0,0,0,0,0,0,0,0,0,0,0,0,0,0,0,0,0,0,0,0,0,0,0,0,0,0,0,0,0,0,0,0,0,0,0,0,0,0,0,0,0,0,0,0,0,0,0,0,0,0,0,0,0,0,0,0,0,0,0,0,0,0,0,0,0,0,0,0,0,0,0,0,0,0,0,0,0,0,0,0,0,0,0,0,0,0,0,0,0
CED994,0,0,0,0,0,0,0,0,0,0,0,0,0,0,0,0,0,0,0,0,0,0,0,0,0,0,0,0,0,0,0,0,0,0,0,0,0,0,0,0,0,0,0,0,0,0,0,0,0,0,0,0,0,0,0,0,0,0,0,0,0,0,0,0,0,0,0,0,0,0,0,0,0,0,0,0,0,0,0,0,0,0,0,0,0,0,0,0,0,0,0,0,0,0,0,0,0,0,0,0,0,0,0,0,0,0,0,0,0,0,0,0,0,0,0,0,0,0,0,0,0,0,0,0,0,0,0,0,0,0,0,0,0,0,0,0,0,0,0,0,0,0,0,0,0,0,0,0,0,0,0,0,0,0,0,0,0,0,0,0,0,0,0,0,0,0,0,0,0,0,0,0,0,0,0,0,0,0,0,0,0,0,0,0,0,0,0,0,0,0,0,0,0,0,0,0,0,0,0,0
CED997,0,0,0,0,0,0,0,0,0,0,0,0,0,0,0,0,0,0,0,0,0,0,0,0,0,0,0,0,0,0,0,0,0,0,0,0,0,0,0,0,0,0,0,0,0,0,0,0,0,0,0,0,0,0,0,0,0,0,0,0,0,0,0,0,0,0,0,0,0,0,0,0,0,0,0,0,0,0,0,0,0,0,0,0,0,0,0,0,0,0,0,0,0,0,0,0,0,0,0,0,0,0,0,0,0,0,0,0,0,0,0,0,0,0,0,0,0,0,0,0,0,0,0,0,0,0,0,0,0,0,0,0,0,0,0,0,0,0,0,0,0,0,0,0,0,0,0,0,0,0,0,0,0,0,0,0,0,0,0,0,0,0,0,0,0,0,0,0,0,0,0,0,0,0,0,0,0,0,0,0,0,0,0,0,0,0,0,0,0,0,0,0,0,0,0,0,0,0,0,0