CED_CODE_2016,T_LPLFS_EPT_DC_0_4,T_LPLFS_EPT_DC_5_9,T_LPLFS_EPT_DC_10_12,T_LPLFS_EPT_DC_13_14,T_LPLFS_EPT_DC_15_17,T_LPLFS_EPT_DC_18_20,T_LPLFS_EPT_DC_21_24,T_LPLFS_EPT_Tot,T_LPLFS_EAW_DC_0_4,T_LPLFS_EAW_DC_5_9,T_LPLFS_EAW_DC_10_12,T_LPLFS_EAW_DC_13_14,T_LPLFS_EAW_DC_15_17,T_LPLFS_EAW_DC_18_20,T_LPLFS_EAW_DC_21_24,T_LPLFS_EAW_Tot,T_LPLFS_HNS_DC_0_4,T_LPLFS_HNS_DC_5_9,T_LPLFS_HNS_DC_10_12,T_LPLFS_HNS_DC_13_14,T_LPLFS_HNS_DC_15_17,T_LPLFS_HNS_DC_18_20,T_LPLFS_HNS_DC_21_24,T_LPLFS_HNS_Tot,T_LPLFS_EW_Tot_DC_0_4,T_LPLFS_EW_Tot_DC_5_9,T_LPLFS_EW_Tot_DC_10_12,T_LPLFS_EW_Tot_DC_13_14,T_LPLFS_EW_Tot_DC_15_17,T_LPLFS_EW_Tot_DC_18_20,T_LPLFS_EW_Tot_DC_21_24,T_LPLFS_EW_Tot_Tot,T_LPLFS_ULFTW_DC_0_4,T_LPLFS_ULFTW_DC_5_9,T_LPLFS_ULFTW_DC_10_12,T_LPLFS_ULFTW_DC_13_14,T_LPLFS_ULFTW_DC_15_17,T_LPLFS_ULFTW_DC_18_20,T_LPLFS_ULFTW_DC_21_24,T_LPLFS_ULFTW_Tot,T_LPLFS_ULPTW_DC_0_4,T_LPLFS_ULPTW_DC_5_9,T_LPLFS_ULPTW_DC_10_12,T_LPLFS_ULPTW_DC_13_14,T_LPLFS_ULPTW_DC_15_17,T_LPLFS_ULPTW_DC_18_20,T_LPLFS_ULPTW_DC_21_24,T_LPLFS_ULPTW_Tot,T_LPLFS_U_T_DC_0_4,T_LPLFS_U_T_DC_5_9,T_LPLFS_U_T_DC_10_12,T_LPLFS_U_T_DC_13_14,T_LPLFS_U_T_DC_15_17,T_LPLFS_U_T_DC_18_20,T_LPLFS_U_T_DC_21_24,T_LPLFS_U_T_Tot,T_LPLFS_T_LF_DC_0_4,T_LPLFS_T_LF_DC_5_9,T_LPLFS_T_LF_DC_10_12,T_LPLFS_T_LF_DC_13_14,T_LPLFS_T_LF_DC_15_17,T_LPLFS_T_LF_DC_18_20,T_LPLFS_T_LF_DC_21_24,T_LPLFS_T_LF_Tot,T_LPLFS_NLF_DC_0_4,T_LPLFS_NLF_DC_5_9,T_LPLFS_NLF_DC_10_12,T_LPLFS_NLF_DC_13_14,T_LPLFS_NLF_DC_15_17,T_LPLFS_NLF_DC_18_20,T_LPLFS_NLF_DC_21_24,T_LPLFS_NLF_Tot,T_LPLFS_LFSNS_DC_0_4,T_LPLFS_LFSNS_DC_5_9,T_LPLFS_LFSNS_DC_10_12,T_LPLFS_LFSNS_DC_13_14,T_LPLFS_LFSNS_DC_15_17,T_LPLFS_LFSNS_DC_18_20,T_LPLFS_LFSNS_DC_21_24,T_LPLFS_LFSNS_Tot,T_LPLFS_Tot_DC_0_4,T_LPLFS_Tot_DC_5_9,T_LPLFS_Tot_DC_10_12,T_LPLFS_Tot_DC_13_14,T_LPLFS_Tot_DC_15_17,T_LPLFS_Tot_DC_18_20,T_LPLFS_Tot_DC_21_24,T_LPLFS_Tot_Tot
CED101,174,367,243,179,294,153,66,1480,14,3,10,3,12,10,5,55,3,11,9,11,16,10,4,71,353,678,539,438,734,428,215,3386,19,46,21,14,26,11,7,153,17,81,39,30,27,27,11,231,38,123,61,43,56,40,18,376,390,806,601,481,787,472,231,3766,470,458,277,200,262,177,85,1923,11,14,8,5,3,3,5,40,865,1274,887,679,1052,645,321,5729
CED102,165,299,237,161,242,155,66,1315,31,14,7,5,10,5,3,70,4,13,10,13,11,19,8,84,364,687,525,389,607,392,187,3141,11,20,30,21,23,16,11,127,19,58,33,34,35,19,4,195,31,79,61,52,56,32,9,320,396,763,581,435,660,429,193,3469,460,479,287,179,256,148,93,1900,8,13,12,4,3,3,0,40,863,1255,878,621,924,577,288,5401
CED103,129,285,179,159,189,113,82,1143,23,11,4,4,4,10,0,55,8,3,8,7,7,9,3,38,323,653,438,375,553,407,243,2998,11,14,11,8,17,10,5,78,20,32,26,11,15,11,4,117,31,47,32,23,32,16,10,192,349,699,471,400,585,426,257,3190,255,287,149,153,192,143,95,1281,0,4,3,4,7,0,3,18,608,995,624,556,786,569,358,4493
CED104,67,242,179,145,203,104,70,1009,9,18,9,8,12,0,3,60,0,4,6,9,9,3,3,42,175,527,477,388,583,344,204,2689,5,21,7,0,11,3,0,47,8,22,10,12,12,11,7,76,8,42,20,10,22,12,8,130,180,565,497,399,604,358,210,2822,144,163,108,84,125,91,54,766,3,6,0,0,3,0,0,19,328,733,607,489,730,448,263,3604
CED105,204,358,276,172,282,129,93,1519,30,10,6,9,16,6,3,79,17,21,14,15,20,5,12,106,458,711,563,391,632,364,235,3363,25,67,48,34,38,27,17,257,37,96,74,62,56,38,14,374,68,161,120,95,100,64,31,633,524,873,688,483,731,427,270,3993,1174,1102,623,414,558,259,184,4318,16,36,16,14,3,4,0,93,1716,2013,1327,916,1296,693,451,8400
CED106,96,222,201,155,218,159,76,1125,15,15,3,3,12,10,0,62,6,7,9,9,13,3,0,45,248,561,497,413,674,449,235,3071,4,13,9,11,12,13,8,68,23,19,10,14,25,7,4,107,27,30,23,22,36,24,14,174,274,591,515,434,716,473,251,3251,142,269,186,139,238,155,96,1218,3,3,0,0,0,0,0,11,413,861,698,574,954,626,347,4476
CED107,385,606,391,258,309,59,12,2009,51,34,28,6,15,0,0,133,11,27,14,6,7,0,0,66,645,1143,807,559,819,179,35,4180,44,102,61,53,54,15,4,332,89,140,57,35,36,9,0,368,133,243,122,91,88,20,6,705,776,1383,930,647,910,197,39,4884,1151,876,459,263,290,49,13,3106,28,20,13,13,5,0,0,71,1955,2279,1399,928,1200,244,53,8056
CED108,317,528,350,220,293,123,48,1876,49,33,14,13,20,6,8,145,11,21,23,13,25,9,4,106,664,1139,767,546,832,354,178,4473,61,126,76,63,77,23,9,440,110,180,96,78,68,9,11,552,173,306,170,138,147,31,17,988,839,1446,937,688,978,384,192,5465,1838,1619,907,597,579,168,89,5794,58,53,26,19,6,7,3,172,2730,3116,1872,1297,1568,557,289,11429
CED109,192,423,276,203,226,98,49,1470,23,7,6,0,10,10,0,64,11,10,9,3,5,3,0,44,371,747,565,419,624,276,142,3151,7,8,8,0,16,5,0,55,18,44,15,14,11,5,0,103,25,53,23,17,32,9,4,162,393,803,588,436,654,291,143,3304,248,255,159,104,139,42,50,985,0,3,0,3,4,4,0,15,639,1060,746,542,799,336,192,4315
CED110,413,809,500,353,477,71,25,2647,19,37,16,16,25,3,5,118,19,33,27,16,16,0,3,105,618,1283,915,697,989,157,50,4701,46,96,62,45,50,10,0,306,65,135,68,43,55,10,3,378,103,232,130,91,105,17,7,686,719,1513,1045,795,1092,174,53,5391,1132,1093,589,362,357,74,31,3634,20,27,20,15,12,0,0,98,1871,2632,1652,1161,1463,252,83,9123
CED111,214,455,294,222,285,117,57,1653,26,26,14,15,20,6,7,104,17,11,6,4,14,4,0,53,382,784,618,492,762,332,164,3528,23,47,38,36,37,12,11,201,52,78,36,25,32,15,8,237,77,124,78,59,69,25,13,442,456,907,695,545,830,355,180,3968,604,581,325,234,243,104,50,2141,10,15,8,4,3,0,0,42,1071,1506,1030,785,1075,457,233,6152
CED112,338,669,495,326,407,98,37,2368,49,41,31,14,21,7,7,165,15,25,14,21,12,3,0,82,580,1148,942,647,921,257,112,4611,43,85,53,27,52,6,0,265,99,150,64,34,40,9,0,390,140,240,113,62,88,11,7,662,721,1385,1057,701,1009,270,118,5271,1115,1016,540,318,349,83,33,3443,14,18,16,10,0,0,0,54,1853,2413,1606,1029,1361,356,151,8767
CED113,234,491,326,218,247,40,12,1557,36,27,9,10,18,3,0,105,12,15,9,7,8,0,0,54,448,898,665,495,669,155,53,3392,15,51,26,22,23,5,0,143,43,68,26,17,15,3,0,169,59,118,55,33,37,9,3,307,505,1017,723,530,704,166,55,3697,575,485,272,175,160,28,13,1713,17,15,7,3,4,0,0,46,1094,1521,999,704,876,195,72,5459
CED114,350,578,369,260,325,50,11,1950,34,33,28,13,6,5,0,124,17,12,20,9,14,3,0,79,560,999,782,542,739,131,41,3797,41,86,41,37,39,5,0,252,65,101,43,30,24,3,0,277,103,183,84,69,68,7,0,522,667,1189,865,615,802,144,41,4318,948,811,421,244,224,38,14,2700,28,28,26,17,4,0,3,108,1640,2031,1314,871,1033,182,56,7125
CED115,224,444,299,221,346,191,78,1800,36,18,7,8,8,8,8,91,13,33,11,13,21,10,8,108,530,884,635,488,747,438,222,3936,34,77,68,38,48,33,15,314,54,153,124,65,77,54,17,543,90,227,192,104,125,89,30,856,621,1112,822,591,869,528,254,4790,1267,1246,684,518,622,363,238,4948,29,29,23,14,8,10,0,110,1910,2383,1533,1124,1503,899,497,9844
CED116,290,595,457,293,355,74,23,2083,42,34,21,14,13,3,0,126,4,20,7,10,17,0,0,55,443,932,734,545,753,158,45,3618,19,58,48,35,42,15,0,224,65,92,33,31,22,3,0,247,83,148,78,69,67,17,7,469,527,1081,814,611,822,177,52,4085,808,777,463,270,255,44,20,2634,11,22,17,10,9,0,0,64,1346,1881,1287,891,1079,225,75,6789
CED117,134,273,147,114,156,60,47,932,23,12,6,4,3,4,3,60,3,4,5,4,6,8,0,33,303,623,439,335,496,239,151,2578,11,23,14,15,16,0,3,81,10,31,24,16,24,8,7,116,20,56,39,32,38,9,5,193,319,679,480,360,527,243,163,2772,233,212,144,90,137,76,50,943,4,5,0,4,0,0,5,19,560,894,620,464,671,322,212,3743
CED118,204,376,263,164,268,89,39,1406,37,33,11,12,14,12,3,114,16,22,14,7,17,3,3,84,447,913,677,478,819,372,174,3882,29,58,22,22,37,19,4,195,34,71,36,27,34,15,6,221,61,132,61,44,72,35,12,414,504,1039,742,526,891,407,190,4298,601,539,292,182,200,83,56,1943,16,10,11,6,4,3,3,53,1116,1587,1042,717,1096,495,247,6295
CED119,207,375,262,205,226,95,50,1411,21,7,6,6,12,6,7,72,10,5,7,4,5,0,0,36,365,684,589,470,679,327,190,3301,9,14,11,13,12,5,3,66,21,29,17,9,14,3,0,99,29,38,23,26,32,11,7,162,391,728,608,493,712,338,196,3465,315,281,154,98,130,57,39,1068,3,7,3,5,0,0,0,17,712,1015,771,598,837,390,227,4556
CED120,271,539,377,230,306,62,25,1801,38,26,21,21,15,3,3,136,13,20,16,5,11,0,0,68,507,987,789,545,767,213,93,3912,24,44,38,17,49,12,6,181,56,98,40,26,30,0,0,258,85,138,79,48,75,15,8,440,594,1131,874,587,842,227,97,4353,613,572,270,174,213,47,22,1911,24,9,6,7,0,0,0,54,1237,1712,1155,769,1062,273,117,6322
CED121,365,671,430,280,334,71,28,2172,64,47,21,25,19,6,0,179,9,20,19,18,16,0,3,81,582,1085,777,573,758,203,73,4058,56,106,70,42,57,6,6,351,102,156,71,39,42,3,5,418,163,267,141,86,97,14,7,766,744,1347,919,661,855,217,86,4829,1256,1069,517,333,284,52,22,3535,22,25,19,15,9,0,0,83,2022,2441,1457,1011,1150,263,101,8438
CED122,167,286,205,161,222,86,47,1163,32,22,3,13,13,5,5,92,8,18,3,4,3,3,3,41,386,755,545,414,578,325,190,3186,16,28,15,10,24,7,7,115,30,43,29,14,17,9,4,149,45,72,43,29,38,18,16,263,434,828,587,439,616,334,202,3442,339,315,190,141,171,118,78,1355,14,5,8,3,0,4,3,39,782,1152,790,584,790,456,277,4836
CED123,374,685,387,248,275,84,33,2095,45,33,20,18,10,0,4,131,23,40,23,10,16,7,3,121,744,1342,905,661,911,324,150,5038,36,84,50,26,44,11,5,263,91,130,47,34,34,5,7,346,127,219,97,58,81,16,8,605,873,1559,1008,719,989,336,160,5648,1290,1031,466,304,288,89,31,3512,26,15,11,10,4,3,0,65,2188,2609,1482,1037,1288,427,192,9223
CED124,250,559,424,281,360,45,12,1936,45,26,19,10,29,4,0,132,9,12,24,6,9,0,3,63,407,864,714,500,739,113,33,3364,33,88,75,41,56,11,3,294,44,139,62,30,32,3,0,319,75,227,138,70,89,14,3,618,482,1098,853,568,821,125,33,3980,967,902,481,319,317,52,19,3070,23,27,16,17,9,0,0,86,1468,2028,1352,903,1148,178,56,7129
CED125,326,564,379,248,309,91,50,1974,39,41,19,14,16,6,9,143,22,28,18,15,12,6,0,93,689,1153,826,593,820,303,159,4535,47,120,61,40,62,12,5,354,85,164,87,60,50,9,10,469,134,286,148,101,106,20,10,815,821,1444,974,697,923,322,172,5350,1379,1235,637,385,437,125,65,4264,35,48,18,15,10,4,0,131,2239,2719,1629,1095,1375,454,240,9747
CED126,161,384,242,160,247,99,62,1359,14,3,6,5,3,6,0,44,10,10,13,4,4,3,0,49,314,707,540,406,669,300,170,3109,3,21,10,9,14,3,4,61,8,18,14,5,7,3,0,55,16,35,19,11,20,9,4,123,327,744,561,422,689,304,176,3228,138,206,115,78,100,39,24,707,6,3,0,5,7,3,0,25,473,949,681,504,800,348,206,3958
CED127,246,480,348,225,311,88,36,1732,27,18,21,10,14,0,4,95,6,13,12,9,9,3,0,42,413,832,703,524,786,245,139,3646,21,33,14,28,27,6,3,137,36,62,39,16,20,6,3,178,51,94,55,45,50,11,10,315,463,924,761,566,839,256,146,3962,561,532,268,187,196,47,20,1822,6,9,5,4,11,0,0,37,1032,1459,1039,763,1043,309,167,5814
CED128,207,417,294,212,278,132,48,1583,27,21,10,3,17,6,3,93,15,18,15,16,19,12,8,96,476,886,667,501,701,342,175,3746,29,45,31,32,46,20,8,206,60,115,68,49,61,17,7,382,91,161,96,80,102,39,22,589,569,1048,763,579,804,378,195,4336,947,993,520,334,415,254,151,3606,27,22,11,8,0,4,0,77,1540,2061,1288,921,1226,639,350,8022
CED129,136,265,218,163,211,105,55,1151,18,12,5,7,11,3,3,61,0,7,8,5,3,0,0,33,280,661,572,449,643,347,186,3133,6,16,16,11,29,9,0,83,16,33,13,14,13,3,3,95,18,47,28,26,35,16,4,177,305,708,596,470,678,360,190,3309,173,191,142,91,129,80,45,860,5,3,7,7,9,0,0,29,482,907,750,571,817,441,234,4196
CED130,330,568,420,285,342,34,6,1983,44,31,19,20,29,5,3,155,28,24,13,14,10,5,0,92,572,1013,787,592,766,101,25,3858,58,119,72,60,60,3,3,375,95,138,63,20,36,10,0,365,152,253,139,81,95,14,3,738,724,1265,922,675,859,117,33,4596,1159,1076,543,316,271,58,12,3439,21,20,18,19,7,0,0,87,1907,2361,1484,1010,1144,173,41,8123
CED131,272,511,356,224,299,97,54,1820,20,32,25,17,27,7,7,135,11,14,9,3,3,5,0,50,441,958,730,527,809,307,161,3925,26,74,44,35,39,10,8,238,45,84,37,23,23,12,5,242,70,158,83,60,65,24,11,476,514,1122,815,588,873,327,172,4405,685,596,337,228,223,57,39,2172,16,14,6,10,3,3,0,55,1212,1736,1154,827,1106,391,209,6631
CED132,108,222,165,99,164,91,47,899,25,7,9,3,4,7,3,55,8,10,3,0,0,3,3,27,307,649,464,322,518,343,233,2838,3,21,11,11,21,13,4,78,7,14,15,11,8,5,3,70,12,31,24,20,30,22,7,151,321,677,492,344,547,366,244,2989,118,210,128,96,110,112,67,854,0,3,3,0,0,0,0,3,440,892,623,443,658,475,315,3847
CED133,267,637,471,321,435,86,24,2234,35,49,21,15,21,4,0,154,17,21,17,8,16,0,0,80,465,1099,871,634,950,175,56,4241,33,121,71,54,64,10,5,352,63,142,64,39,44,10,3,360,96,260,131,91,110,23,6,716,561,1360,1007,726,1053,198,56,4960,1155,1139,597,362,354,78,26,3716,10,26,14,10,9,0,0,77,1727,2529,1620,1100,1418,270,84,8749
CED134,426,650,360,238,265,40,10,1984,50,32,24,13,8,3,0,130,23,31,25,26,29,0,0,129,730,1224,753,533,681,106,27,4055,57,137,104,64,48,5,0,417,104,160,47,56,35,6,0,407,160,296,147,122,87,10,0,829,891,1521,899,658,768,116,26,4880,1559,1254,605,355,316,34,10,4131,54,63,36,15,12,0,0,187,2511,2837,1543,1034,1090,149,32,9195
CED135,181,300,215,152,241,121,75,1275,14,11,0,3,14,7,6,69,18,24,10,11,17,20,3,96,395,661,487,360,600,376,206,3094,19,47,20,26,27,18,6,163,32,89,51,24,27,18,12,243,49,134,69,49,52,33,15,405,448,786,561,413,651,407,228,3501,684,584,324,229,312,179,122,2433,5,19,3,4,7,4,3,43,1130,1394,894,644,967,593,356,5973
CED136,399,667,466,288,327,68,30,2259,47,31,20,20,30,6,0,153,15,25,7,20,13,3,4,85,681,1165,844,588,813,201,94,4377,47,107,91,51,66,11,0,387,107,156,56,39,39,11,3,402,155,261,147,89,107,20,0,784,832,1431,992,683,918,221,94,5164,1241,1060,552,317,316,51,25,3569,10,25,14,8,7,0,0,60,2081,2506,1554,1002,1242,274,122,8787
CED137,153,296,179,125,200,136,79,1169,22,12,8,11,6,7,4,68,9,5,19,8,15,4,3,60,353,670,487,376,575,433,241,3136,12,12,9,15,25,9,12,92,18,34,18,15,29,20,12,154,33,47,28,29,57,37,21,245,383,714,511,402,629,468,269,3379,276,299,168,132,205,131,96,1299,7,3,0,0,3,0,3,12,664,1015,684,530,842,598,365,4693
CED138,285,691,517,343,489,124,23,2484,32,27,14,13,20,9,3,116,10,19,12,13,19,9,0,79,431,1051,852,659,942,250,73,4247,16,54,44,27,47,10,3,202,55,97,59,35,37,12,7,292,71,152,99,64,80,25,10,501,502,1205,950,717,1024,277,79,4749,632,674,367,228,273,63,24,2252,12,16,12,7,4,5,0,58,1139,1892,1325,956,1304,344,100,7062
CED139,293,608,377,270,332,43,6,1938,35,32,17,15,14,3,0,111,13,22,9,12,16,0,6,73,502,1098,744,570,817,122,35,3890,37,94,80,49,45,5,4,316,72,115,54,29,19,0,0,291,114,209,132,79,66,7,4,608,615,1309,881,651,880,134,39,4502,1149,936,461,277,310,43,17,3190,34,31,20,12,8,0,0,101,1794,2276,1354,938,1197,175,52,7786
CED140,209,566,383,263,347,78,39,1886,24,20,7,6,24,3,4,98,8,12,5,8,13,3,0,51,374,944,687,550,817,264,127,3763,20,69,32,23,37,11,4,194,56,92,37,24,26,9,3,246,76,159,71,49,65,19,5,442,449,1099,760,598,877,281,132,4200,656,551,329,201,234,59,32,2058,9,5,6,3,3,0,0,23,1115,1655,1089,799,1112,337,169,6282
CED141,310,625,409,274,366,108,34,2122,40,33,18,17,13,6,0,132,10,18,7,5,11,0,3,45,485,1020,761,561,834,287,120,4071,27,81,42,31,34,7,0,215,55,114,52,28,43,3,3,303,76,187,94,58,77,14,3,517,559,1206,859,627,905,299,125,4582,794,744,395,269,267,51,34,2539,10,13,4,3,10,0,0,42,1364,1962,1257,896,1176,347,161,7169
CED142,112,169,118,72,86,57,39,663,15,12,5,5,15,5,4,62,9,3,0,0,9,3,0,23,288,417,306,188,289,186,131,1801,6,19,11,13,13,12,0,73,19,13,16,3,15,8,5,88,26,37,26,17,28,18,7,159,312,451,337,207,312,200,137,1963,240,260,125,103,171,110,74,1083,5,3,3,3,0,0,0,17,553,714,461,309,490,314,215,3065
CED143,115,262,201,124,200,105,65,1076,23,12,0,5,8,0,0,53,0,8,7,7,9,0,3,40,258,650,520,374,620,289,179,2892,3,19,5,5,12,9,10,64,13,39,15,8,14,5,0,97,16,54,22,14,26,12,12,162,279,699,541,390,644,304,188,3050,126,164,132,78,111,69,40,724,3,9,4,3,0,0,0,25,411,875,673,476,760,373,228,3794
CED144,197,367,267,195,270,152,79,1529,30,10,15,3,11,3,3,81,15,19,17,14,22,16,5,113,404,708,579,422,650,400,222,3381,8,30,28,24,28,23,11,151,33,96,48,30,61,29,18,319,40,125,80,49,88,52,25,470,442,837,658,473,737,451,251,3851,758,848,496,307,415,244,138,3211,16,23,15,3,8,6,3,74,1220,1714,1168,788,1163,697,395,7138
CED145,123,243,151,106,143,82,61,909,9,10,3,0,7,3,3,39,4,3,5,4,9,0,0,31,274,628,402,259,409,245,176,2398,6,19,11,9,10,13,3,69,15,35,15,3,5,6,3,90,20,57,25,17,14,20,6,161,291,688,422,277,425,263,185,2558,97,139,123,79,119,74,46,693,4,8,3,3,3,6,0,22,397,838,550,359,546,349,236,3271
CED146,220,468,355,242,302,127,54,1776,31,24,10,8,10,3,0,94,23,20,15,20,26,12,3,111,458,939,737,535,761,380,195,3998,36,81,42,30,48,18,13,264,51,125,84,50,62,21,10,400,81,207,129,74,109,39,21,663,538,1148,865,613,867,420,213,4656,1271,1267,680,430,561,204,120,4534,33,41,18,15,10,7,6,127,1843,2454,1561,1057,1432,627,342,9321
CED147,357,655,418,305,394,93,36,2254,35,33,19,22,25,3,0,139,13,16,19,10,14,4,0,72,579,1113,812,653,910,278,109,4446,18,88,44,29,54,15,3,251,69,114,64,25,34,5,5,312,84,208,106,57,85,18,8,562,666,1316,913,705,999,293,114,5006,905,787,421,286,332,77,29,2829,8,14,13,10,8,3,0,52,1579,2114,1347,999,1336,368,144,7893
CED194,0,0,0,0,0,0,0,0,0,0,0,0,0,0,0,0,0,0,0,0,0,0,0,0,0,0,0,0,0,0,0,0,0,0,0,0,0,0,0,0,0,0,0,0,0,0,0,0,0,0,0,0,0,0,0,0,0,0,0,0,0,0,0,0,0,0,0,0,0,0,0,0,0,0,0,0,0,0,0,0,0,0,0,0,0,0,0,0
CED197,0,0,0,0,0,0,0,0,0,0,0,0,0,0,0,0,0,0,0,0,0,0,0,0,0,0,0,0,0,0,0,0,0,0,0,0,0,0,0,0,0,0,0,0,0,0,0,0,0,0,0,0,0,0,0,0,0,0,0,0,0,0,0,0,0,0,0,0,0,0,0,0,0,0,0,0,0,0,0,0,0,0,0,0,0,0,0,0
CED201,167,364,287,241,301,135,78,1569,21,19,18,10,15,8,3,93,5,14,7,3,13,5,0,49,308,666,537,457,746,376,228,3318,10,20,16,9,18,7,6,92,21,46,35,17,27,11,8,162,36,65,49,27,41,20,11,247,344,735,589,485,784,397,243,3566,381,338,187,145,187,92,71,1402,3,3,5,0,0,3,0,25,729,1078,781,628,971,494,309,4991
CED202,314,665,436,284,409,104,40,2256,41,42,21,22,23,7,3,154,7,15,23,10,13,0,3,69,462,1019,764,515,870,269,104,3997,27,99,57,29,26,13,3,251,65,150,74,49,53,10,3,408,92,245,134,81,76,22,9,655,552,1261,893,600,946,292,113,4660,928,795,431,275,271,74,26,2794,15,16,3,5,7,0,0,44,1496,2065,1326,880,1227,363,141,7498
CED203,200,343,255,157,232,134,60,1385,26,16,10,4,3,8,8,81,4,8,4,4,3,4,0,29,343,607,484,318,517,328,191,2793,14,33,27,18,22,14,11,138,19,44,21,22,24,8,11,142,35,74,49,37,39,17,21,280,375,681,528,358,556,346,213,3069,419,395,214,167,199,121,83,1605,10,4,3,6,7,0,4,38,808,1083,749,534,761,464,296,4703
CED204,286,664,430,290,405,120,34,2229,49,48,29,17,14,6,3,171,9,9,9,5,7,0,3,40,438,985,734,551,840,281,108,3939,25,67,47,21,39,3,0,211,53,86,53,27,39,11,0,277,79,157,100,51,87,13,0,486,516,1139,834,607,928,298,109,4425,878,804,413,251,288,80,23,2731,6,6,6,3,9,0,0,34,1397,1947,1252,861,1221,381,131,7188
CED205,135,290,251,194,255,151,86,1362,23,6,4,5,13,7,14,75,14,8,12,13,13,11,12,75,333,581,516,403,610,417,270,3123,27,55,23,21,44,17,14,209,33,65,37,34,34,31,9,242,56,118,66,56,76,56,23,449,390,697,580,450,686,470,292,3571,538,501,352,259,359,249,137,2390,8,8,8,10,6,0,3,49,937,1210,940,722,1048,726,433,6018
CED206,203,349,292,229,312,144,71,1598,18,8,23,10,14,9,6,89,13,28,24,14,25,15,7,120,376,706,607,465,734,390,229,3514,35,74,36,39,42,26,12,263,40,109,62,38,66,29,9,350,80,178,96,77,107,55,21,618,455,882,711,539,846,448,251,4132,858,909,557,340,497,248,151,3553,13,22,15,8,6,3,5,85,1324,1819,1284,892,1349,701,408,7765
CED207,250,580,400,250,379,135,51,2034,27,20,16,11,25,10,3,112,6,8,10,7,14,4,3,56,378,887,702,509,835,355,140,3801,8,28,26,21,22,15,6,123,36,48,37,21,23,3,3,174,48,83,62,36,44,15,9,299,421,963,767,548,881,374,147,4099,497,470,247,163,221,78,28,1707,3,6,7,4,4,5,4,37,918,1441,1022,719,1107,457,174,5849
CED208,105,283,259,159,250,196,109,1347,14,12,12,5,12,14,10,70,5,6,6,5,8,14,10,53,215,562,498,354,615,514,285,3031,14,15,16,13,26,20,17,131,22,30,17,23,20,26,10,154,31,48,39,37,53,51,31,287,243,611,541,386,665,561,311,3316,262,335,212,176,271,173,97,1516,6,4,0,3,0,0,4,19,510,945,746,562,929,736,414,4856
CED209,263,514,391,278,380,117,51,1999,24,23,15,5,21,3,6,99,0,7,12,7,10,6,0,40,385,817,663,487,765,278,123,3517,12,38,29,27,18,12,0,136,25,53,40,18,22,0,7,159,31,90,67,45,47,11,5,298,417,907,731,527,807,289,130,3817,441,449,238,176,186,58,15,1558,3,12,3,3,10,3,0,36,862,1365,976,704,1002,348,150,5410
CED210,322,542,400,266,387,127,52,2095,52,35,23,7,32,6,5,164,8,15,14,11,9,3,0,61,520,900,699,536,848,302,133,3933,22,75,49,35,51,8,5,253,55,108,65,36,41,11,3,319,82,179,112,69,92,22,11,564,600,1082,814,602,940,322,144,4500,958,877,430,322,376,115,61,3139,18,27,17,9,8,3,3,81,1575,1988,1258,935,1323,444,202,7730
CED211,157,351,268,218,310,165,79,1549,13,6,7,4,11,7,3,48,10,12,7,9,10,10,5,58,296,631,533,464,729,418,258,3335,3,16,24,8,22,7,8,91,26,56,30,14,20,12,7,165,29,73,52,25,40,20,14,260,325,707,588,487,774,442,272,3589,328,299,192,135,201,98,65,1305,7,8,3,3,7,0,0,24,652,1009,776,628,982,536,339,4922
CED212,263,562,377,256,394,140,54,2046,37,20,15,17,16,11,3,115,15,16,11,10,13,3,3,73,462,920,713,529,887,371,168,4049,28,40,46,23,35,15,7,183,58,100,63,38,34,9,0,296,84,134,106,60,63,25,5,484,546,1054,821,593,947,397,171,4535,686,605,365,201,273,82,41,2260,8,19,11,4,7,0,0,56,1241,1681,1198,796,1232,483,210,6844
CED213,270,636,472,332,387,109,46,2250,27,30,20,8,16,8,4,109,10,16,19,12,18,0,0,74,415,947,750,567,777,242,91,3788,13,41,31,24,33,3,5,151,39,89,55,30,20,4,3,240,53,135,88,59,52,6,4,394,468,1082,834,624,828,252,94,4178,597,615,294,193,216,52,20,1979,7,20,11,8,9,3,0,61,1070,1714,1135,823,1052,306,115,6221
CED214,189,383,240,177,257,146,69,1462,35,15,3,9,12,8,4,85,8,9,9,10,9,11,5,55,409,792,521,392,637,369,209,3322,26,56,39,36,44,33,14,252,34,91,63,30,53,24,18,310,65,147,107,66,92,59,31,561,467,937,623,461,725,425,243,3888,593,547,288,199,265,138,90,2124,17,18,13,11,10,4,3,72,1075,1508,923,668,1007,567,334,6084
CED215,271,541,353,272,365,81,15,1901,37,23,22,17,22,4,4,126,12,21,5,9,9,0,0,61,437,838,606,528,754,176,44,3384,32,70,53,37,51,15,0,255,55,137,77,38,54,11,0,370,85,205,130,78,109,24,0,628,520,1042,735,608,864,196,48,4011,945,805,363,262,289,61,15,2730,19,19,9,10,4,3,0,55,1481,1865,1113,876,1157,253,57,6796
CED216,113,305,242,183,261,156,83,1338,14,10,8,6,11,5,6,58,3,4,8,8,6,4,8,43,233,608,539,399,649,417,256,3097,7,22,15,15,22,13,7,99,5,33,17,14,17,8,3,103,14,59,38,27,43,22,12,202,244,665,574,428,691,433,266,3299,168,184,145,123,151,92,72,931,7,3,3,0,0,0,3,23,417,847,721,548,839,532,340,4248
CED217,370,637,423,286,409,193,92,2412,45,30,22,22,27,16,4,163,23,29,18,13,24,11,5,124,709,1262,899,621,977,471,236,5169,63,114,72,51,60,32,11,400,76,189,108,69,76,28,17,567,138,305,176,125,140,59,24,964,847,1565,1071,740,1118,531,262,6135,1435,1405,728,390,504,224,108,4794,38,38,22,8,12,7,0,120,2319,3017,1817,1147,1624,761,377,11056
CED218,107,234,139,117,166,134,83,978,14,8,5,11,10,5,3,53,3,5,3,6,6,7,0,33,212,476,324,280,427,359,236,2303,6,14,8,10,12,8,3,71,6,22,11,7,15,5,8,81,11,41,21,22,31,15,14,151,226,514,344,294,455,376,249,2458,163,209,148,111,144,94,75,953,0,3,3,0,0,3,4,14,390,732,498,406,599,470,322,3424
CED219,335,555,413,295,382,144,59,2184,39,31,19,10,14,7,6,132,25,26,27,16,22,10,6,123,623,1087,797,642,925,406,206,4685,66,102,80,42,76,26,10,401,97,125,78,35,45,13,9,410,163,226,159,79,115,43,21,806,789,1313,963,725,1036,445,225,5490,1103,1034,507,352,482,204,116,3798,25,37,25,20,13,7,0,124,1915,2378,1486,1092,1533,656,345,9411
CED220,136,354,271,224,291,189,79,1545,20,13,9,10,15,6,14,89,11,21,12,8,16,9,9,89,323,697,588,455,703,483,247,3490,15,31,25,15,31,26,9,152,19,64,37,11,19,17,7,178,42,91,58,30,47,45,21,328,360,794,651,478,744,522,266,3819,403,416,255,178,234,136,76,1697,13,20,16,11,3,3,3,65,783,1230,921,672,988,660,338,5590
CED221,261,586,384,241,350,76,15,1908,33,41,22,12,17,4,0,120,12,12,15,8,18,0,0,71,408,973,675,502,737,174,48,3505,24,65,47,28,42,3,0,203,56,93,44,24,16,8,3,243,79,153,95,50,55,9,4,448,485,1128,763,551,789,182,47,3947,662,646,347,220,230,58,9,2172,27,16,10,14,6,0,0,67,1172,1789,1117,783,1026,241,59,6195
CED222,233,481,308,212,299,154,74,1758,20,22,14,11,19,3,3,92,13,23,17,15,18,15,4,92,433,910,630,496,771,437,216,3886,12,34,25,16,34,17,9,154,30,62,52,22,36,15,9,222,48,98,71,40,67,31,12,381,478,1012,705,536,843,471,224,4262,572,479,254,179,228,125,86,1922,14,17,7,3,3,0,0,52,1062,1506,963,717,1069,600,316,6236
CED223,147,381,269,185,269,152,73,1483,16,3,4,5,7,8,3,54,6,7,9,8,9,16,6,60,259,651,541,425,652,410,229,3166,4,24,10,12,21,20,6,85,18,46,24,21,15,13,5,153,20,68,40,32,35,28,12,239,282,722,580,453,685,439,238,3410,281,332,191,128,141,86,52,1217,5,3,5,4,4,3,0,21,575,1063,774,587,830,531,296,4644
CED224,89,243,205,152,259,172,87,1210,14,10,9,8,7,6,3,53,0,12,5,3,4,7,3,39,180,538,462,368,639,438,249,2857,10,29,13,13,19,10,4,93,8,27,12,13,24,17,15,112,19,50,24,29,35,25,19,200,194,593,482,393,672,461,266,3065,149,226,188,137,230,126,108,1160,3,3,0,3,0,0,0,13,345,821,672,538,904,589,369,4233
CED225,235,486,357,266,374,159,48,1928,25,23,14,14,19,5,7,104,10,4,12,0,12,0,3,46,402,860,681,572,879,403,178,3981,10,29,12,17,33,7,9,119,35,68,39,24,23,12,3,198,51,91,56,39,56,20,15,313,449,948,736,616,936,422,195,4296,488,389,232,136,207,88,41,1588,3,3,9,3,7,0,0,27,937,1343,975,760,1145,508,236,5904
CED226,360,655,441,292,371,161,69,2354,56,34,19,15,19,11,4,155,27,36,20,17,20,12,3,147,826,1370,984,681,1001,520,253,5626,64,155,86,61,76,28,11,485,88,171,106,43,53,23,5,492,156,323,193,106,134,53,18,978,976,1693,1177,783,1133,570,276,6603,1320,1233,620,406,475,179,84,4319,43,32,11,12,20,11,4,135,2340,2962,1808,1201,1623,764,363,11063
CED227,235,488,305,220,307,69,13,1625,29,16,5,13,15,4,0,89,4,15,16,7,11,0,0,59,380,773,565,460,675,157,30,3028,22,60,41,17,25,7,0,175,35,86,35,35,32,4,0,233,57,148,80,52,58,14,0,406,438,917,638,516,727,170,35,3433,872,817,395,265,285,54,13,2702,14,17,18,10,7,3,0,67,1323,1755,1052,783,1020,225,50,6203
CED228,168,372,271,212,286,177,94,1585,24,18,13,11,11,3,4,77,14,22,20,20,28,17,11,144,351,758,571,437,684,434,286,3527,45,76,38,34,55,39,20,313,42,101,62,39,53,20,17,332,90,176,100,70,105,61,38,646,437,937,671,513,796,495,330,4173,682,637,357,294,344,191,115,2629,22,26,8,17,12,6,3,92,1140,1592,1046,820,1146,693,445,6888
CED229,389,744,530,368,461,171,69,2727,46,37,28,14,20,15,5,169,19,23,13,8,11,9,5,96,705,1278,997,790,1081,464,201,5515,36,67,41,39,45,14,4,245,65,99,54,37,27,4,5,289,101,166,97,72,74,26,6,534,809,1445,1095,857,1154,489,205,6057,1102,965,495,314,354,130,51,3406,12,15,10,8,3,0,0,54,1920,2424,1595,1177,1512,615,263,9517
CED230,343,692,459,294,399,111,34,2333,45,44,19,21,19,8,4,166,20,16,17,7,9,6,0,81,573,1062,739,572,893,292,92,4231,33,86,55,36,55,17,4,285,68,131,76,45,56,11,3,391,99,212,131,84,109,28,6,673,673,1279,869,658,1007,320,99,4899,1101,967,483,281,340,99,27,3299,16,21,19,13,3,3,0,74,1797,2261,1365,957,1350,421,123,8267
CED231,143,217,139,112,164,114,77,972,14,14,16,8,7,9,8,79,7,5,3,6,10,5,3,45,292,456,308,243,361,294,222,2175,24,31,19,19,33,20,20,166,33,80,30,29,33,29,17,256,55,111,48,48,73,49,32,417,355,566,357,288,432,344,251,2595,686,608,322,219,309,234,142,2511,25,17,14,10,10,8,0,77,1058,1189,691,514,752,581,397,5181
CED232,133,224,154,106,145,104,59,922,22,4,3,5,6,3,8,47,3,0,4,4,3,5,4,20,264,495,316,236,384,283,184,2158,10,28,20,10,15,10,5,107,19,33,19,15,11,9,8,105,30,63,39,21,28,21,11,213,287,555,349,259,412,308,195,2373,195,203,116,98,138,92,59,910,8,3,3,3,0,0,0,19,493,759,475,355,546,400,255,3295
CED233,101,277,219,166,233,154,98,1250,17,3,5,9,3,12,10,57,5,8,6,3,4,11,3,35,202,516,440,357,555,407,241,2722,7,23,3,7,14,8,8,75,11,26,16,14,24,12,3,108,18,53,22,27,37,20,12,180,221,562,465,381,592,430,250,2902,209,258,150,104,175,138,84,1113,3,3,3,5,6,0,0,21,432,822,612,484,768,572,338,4030
CED234,270,493,378,260,352,75,12,1841,36,25,13,12,22,8,3,122,7,15,16,5,18,3,0,63,445,845,695,488,785,173,38,3474,22,74,47,29,24,13,3,209,67,102,50,29,33,7,0,284,83,172,97,54,60,20,3,492,533,1020,788,545,843,194,40,3960,899,765,393,263,277,66,15,2682,17,32,19,13,6,0,0,92,1449,1818,1201,821,1130,258,56,6733
CED235,204,458,329,263,301,122,81,1758,33,26,15,4,11,12,5,102,13,19,17,15,13,9,4,93,412,794,608,503,692,361,230,3590,33,43,20,26,31,22,10,186,35,66,54,33,28,12,6,234,70,108,77,59,53,34,10,419,481,902,685,558,748,392,243,4009,654,689,397,246,288,157,96,2534,15,21,18,15,6,0,0,69,1148,1615,1099,823,1039,556,336,6616
CED236,232,465,358,245,339,76,16,1727,37,33,23,12,23,4,0,127,4,16,7,8,10,0,0,48,344,721,580,445,664,169,38,2960,13,45,31,27,26,3,0,155,28,106,45,34,31,11,0,252,42,149,75,60,56,12,0,400,381,872,662,503,724,186,38,3359,679,598,289,220,191,44,6,2033,11,20,13,7,5,7,0,61,1071,1486,965,730,921,231,45,5451
CED237,176,350,221,145,197,131,70,1296,22,25,7,5,7,8,3,78,8,8,4,10,8,5,3,48,315,637,478,341,509,343,169,2795,15,39,23,9,29,17,6,137,25,55,33,28,29,12,4,181,35,94,59,37,56,26,8,321,354,730,536,383,568,372,182,3122,352,324,261,156,231,117,69,1503,15,6,9,7,8,0,0,46,720,1059,801,542,805,487,250,4668
CED294,0,0,0,0,0,0,0,0,0,0,0,0,0,0,0,0,0,0,0,0,0,0,0,0,0,0,0,0,0,0,0,0,0,0,0,0,0,0,0,0,0,0,0,0,0,0,0,0,0,0,0,0,0,0,0,0,0,0,0,0,0,0,0,0,0,0,0,0,0,0,0,0,0,0,0,0,0,0,0,0,0,0,0,0,0,0,0,0
CED297,0,0,0,0,0,0,0,0,0,0,0,0,0,0,0,0,0,0,0,0,0,0,0,0,0,0,0,0,0,0,0,0,0,0,0,0,0,0,0,0,0,0,0,0,0,0,0,0,0,0,0,0,0,0,0,0,0,0,0,0,0,0,0,0,0,0,0,0,0,0,0,0,0,0,0,0,0,0,0,0,0,0,0,0,0,0,0,0
CED301,366,661,457,244,310,71,18,2129,70,56,28,22,12,4,3,206,18,22,16,17,21,0,0,89,729,1319,976,646,854,221,78,4821,112,235,125,70,68,6,4,619,127,182,62,51,44,4,4,470,243,418,185,116,104,12,8,1090,966,1732,1166,768,960,232,86,5908,1565,1429,684,375,393,83,28,4554,15,22,23,8,5,0,0,81,2553,3184,1869,1157,1358,314,107,10543
CED302,219,475,329,190,254,96,51,1604,17,15,8,11,9,9,7,75,10,15,10,11,8,3,0,69,413,989,718,522,753,313,156,3869,27,58,27,18,23,6,5,168,33,64,22,30,18,11,0,176,55,120,48,52,47,20,6,340,469,1106,768,570,800,330,158,4209,427,411,207,166,189,80,49,1532,13,21,11,11,3,0,0,50,908,1539,992,748,988,409,207,5793
CED303,253,494,388,258,318,89,30,1831,30,24,25,9,11,0,0,98,11,32,16,11,13,4,0,83,488,1023,814,584,826,266,113,4119,16,46,42,20,34,8,5,175,58,92,39,30,29,7,3,250,70,138,84,52,64,12,8,420,565,1159,896,634,891,280,114,4540,556,577,314,175,197,37,12,1871,8,10,10,3,0,0,0,29,1127,1742,1216,817,1091,319,133,6449
CED304,135,226,146,111,145,89,34,887,29,14,8,12,10,4,7,84,4,14,6,0,5,0,4,27,309,574,434,338,505,310,151,2619,13,24,17,9,15,14,3,88,14,27,23,11,13,3,4,90,25,49,34,18,24,14,7,182,337,624,475,356,529,323,155,2798,176,172,111,90,120,77,41,786,6,5,4,0,0,0,0,15,522,799,585,446,649,401,200,3598
CED305,269,534,351,241,273,29,11,1706,41,30,15,12,22,0,0,123,9,17,15,19,17,4,0,81,510,1027,751,549,737,93,34,3700,70,135,82,67,53,3,0,403,69,130,86,40,29,4,0,357,138,263,165,105,85,3,0,761,653,1288,913,657,824,100,32,4468,910,755,342,186,205,22,11,2428,24,14,16,8,0,0,0,65,1582,2063,1271,845,1028,123,38,6957
CED306,275,539,372,256,291,23,12,1771,26,42,19,13,19,0,0,118,8,21,12,9,10,0,0,62,496,1049,750,556,770,87,40,3745,67,152,92,64,50,3,0,426,80,152,67,36,25,8,0,378,145,303,157,103,77,10,0,801,641,1353,910,660,841,95,42,4543,938,786,399,209,195,18,0,2547,17,22,14,13,9,0,0,76,1597,2161,1324,878,1042,118,47,7169
CED307,223,566,366,222,301,100,39,1822,28,27,16,11,14,4,3,103,13,22,11,4,17,3,7,76,470,1043,803,549,797,263,120,4038,29,63,32,18,33,10,3,186,52,68,36,29,20,3,0,216,81,131,69,46,51,20,6,405,554,1173,873,593,850,282,122,4439,551,529,291,173,159,62,25,1792,12,7,0,3,3,0,0,26,1116,1715,1169,772,1004,336,147,6264
CED308,359,706,411,271,363,103,44,2261,32,41,20,10,27,13,4,146,16,16,12,14,8,7,3,73,655,1288,895,627,929,269,131,4789,47,101,52,29,34,6,7,276,78,171,91,40,40,13,0,423,120,274,142,70,71,22,7,701,774,1557,1034,696,1000,294,141,5495,901,780,349,215,278,69,45,2649,11,12,5,10,6,0,3,53,1684,2349,1388,922,1288,365,190,8190
CED309,293,713,478,327,424,64,41,2338,19,35,18,16,17,3,3,115,11,11,20,8,4,0,0,64,466,1148,883,644,865,173,90,4268,26,55,31,24,39,11,0,181,47,104,54,35,33,3,4,286,77,158,82,60,77,14,5,468,539,1313,964,700,934,186,99,4742,526,583,293,222,207,35,20,1896,3,12,6,5,0,0,0,36,1073,1906,1271,932,1145,224,118,6672
CED310,249,611,462,296,372,70,36,2092,27,26,24,12,20,3,4,122,9,13,7,13,23,0,4,76,392,961,765,555,798,158,69,3697,31,71,46,30,48,5,9,239,39,109,52,25,36,9,0,269,76,182,93,54,78,17,12,502,465,1139,859,612,877,175,82,4204,524,579,308,233,238,42,14,1946,4,10,5,8,12,3,0,38,992,1731,1174,850,1125,224,98,6189
CED311,259,503,313,197,250,14,6,1541,22,18,12,14,18,0,0,72,14,17,10,11,13,0,0,68,473,927,643,439,570,38,14,3104,50,149,91,57,70,3,0,419,91,123,50,38,25,3,0,332,141,274,137,100,96,7,0,754,613,1205,781,537,663,40,14,3852,1021,891,425,260,218,29,7,2845,20,29,13,8,8,0,0,82,1655,2121,1222,805,882,69,18,6778
CED312,405,710,428,267,332,67,25,2231,46,49,32,19,18,5,3,174,13,40,16,18,15,3,4,110,776,1443,914,640,891,229,106,4997,78,128,73,52,55,10,5,405,117,165,77,40,31,10,0,444,190,291,151,92,91,23,3,850,962,1730,1071,734,983,251,113,5846,1319,1131,515,341,344,80,30,3755,25,26,16,16,9,3,0,99,2314,2888,1597,1088,1334,334,140,9704
CED313,169,309,216,162,210,83,59,1219,35,18,7,9,14,10,5,86,3,15,6,6,3,3,0,48,352,688,556,449,629,293,180,3148,15,22,23,16,24,13,5,125,15,33,25,16,16,4,4,119,32,62,51,33,38,17,7,247,384,742,604,483,670,312,190,3397,298,291,195,119,140,59,45,1152,6,8,3,0,0,0,0,13,693,1040,803,606,813,372,236,4560
CED314,309,599,409,277,337,30,21,1985,30,34,18,9,13,3,0,115,13,13,14,10,12,6,3,62,512,1044,755,585,826,124,54,3906,57,103,56,38,46,13,3,313,50,128,53,40,23,8,0,300,103,233,107,77,68,22,6,615,616,1277,865,666,895,141,60,4521,908,835,396,258,291,60,30,2791,12,7,7,0,6,0,0,32,1538,2128,1270,924,1191,202,88,7344
CED315,294,580,370,239,327,73,35,1920,24,37,18,12,31,0,3,131,20,27,13,12,12,0,0,90,657,1271,874,668,895,232,97,4697,95,171,100,68,68,10,0,512,100,170,92,53,38,9,0,460,191,336,192,119,106,17,4,964,847,1611,1065,791,998,250,103,5664,1253,1152,518,344,302,80,30,3686,20,20,7,12,3,0,0,61,2119,2787,1590,1146,1310,325,131,9403
CED316,261,635,375,267,323,41,7,1913,26,31,21,11,15,3,0,98,14,22,17,8,15,0,3,82,415,1012,709,508,711,95,27,3473,61,174,120,64,101,4,3,529,104,152,88,60,45,3,0,449,168,328,205,121,141,14,8,977,582,1338,910,630,852,108,35,4453,1084,1076,604,354,327,38,25,3510,19,25,18,13,6,0,3,80,1681,2444,1541,995,1184,145,58,8044
CED317,272,522,385,227,274,13,8,1703,36,28,26,18,22,0,0,122,10,25,26,17,12,0,0,95,529,1042,832,542,673,56,20,3694,70,178,99,67,74,3,4,498,88,145,68,39,42,0,0,389,161,322,173,112,116,4,4,889,689,1371,1008,654,790,57,22,4585,1178,1142,565,369,279,14,7,3558,30,59,33,23,5,0,0,148,1898,2570,1604,1040,1075,72,29,8289
CED318,370,805,472,316,350,47,16,2383,31,28,19,13,25,6,0,123,20,30,23,18,12,0,3,104,730,1535,1007,720,932,131,65,5128,79,189,113,67,63,8,5,514,102,152,78,52,38,0,0,431,181,344,188,120,104,10,4,943,906,1879,1200,843,1038,139,67,6073,1405,1321,653,354,321,38,15,4105,47,36,23,17,9,0,0,138,2355,3236,1876,1221,1364,178,90,10317
CED319,195,447,305,180,237,106,37,1509,59,22,10,4,10,3,3,121,8,11,11,7,7,3,0,56,459,959,719,473,728,334,163,3841,12,37,31,17,33,9,5,153,31,59,30,23,23,4,7,173,40,92,63,38,57,18,9,326,502,1059,779,514,788,349,174,4162,454,390,235,159,169,54,24,1494,13,18,11,6,10,0,0,65,972,1464,1033,681,968,408,196,5720
CED320,345,674,446,285,362,66,28,2207,45,41,35,32,42,11,5,203,25,27,16,12,15,3,0,94,613,1235,879,625,888,205,94,4530,80,145,89,55,67,8,3,454,107,185,78,41,41,11,4,463,185,332,172,93,103,22,10,914,806,1564,1052,716,990,220,100,5450,1305,1216,647,351,347,57,26,3959,11,17,12,4,0,0,0,52,2125,2805,1715,1076,1337,284,127,9454
CED321,272,532,336,248,252,17,5,1659,37,28,15,11,12,0,0,100,13,24,30,9,13,3,0,91,489,975,678,471,548,37,15,3216,42,100,70,34,39,3,3,291,63,114,55,29,22,0,0,284,109,211,123,62,60,3,3,572,600,1182,803,531,608,43,14,3783,1087,895,480,281,250,22,6,3017,35,26,10,14,9,0,0,96,1717,2103,1290,826,871,59,25,6896
CED322,311,667,478,338,425,98,52,2375,38,26,9,6,21,6,4,115,5,18,17,9,23,4,3,75,512,1148,925,687,1025,282,145,4724,18,44,46,25,42,13,7,193,40,96,47,36,49,20,4,286,59,136,97,57,90,26,10,478,565,1287,1018,746,1114,312,157,5198,454,519,290,209,227,74,33,1803,7,16,10,3,8,3,0,51,1030,1822,1318,961,1343,382,192,7052
CED323,265,517,393,280,326,122,55,1957,33,21,13,14,18,5,4,102,12,30,10,13,12,3,0,81,485,936,726,569,737,295,140,3883,24,74,32,24,41,7,6,201,57,114,48,37,36,3,7,300,81,181,88,60,70,12,7,503,560,1122,816,630,807,308,149,4387,594,556,295,208,256,70,51,2033,9,16,8,5,10,0,0,43,1166,1696,1115,838,1072,377,200,6465
CED324,175,317,212,148,209,133,64,1258,25,18,8,9,5,6,4,84,8,22,8,4,11,12,5,66,389,744,567,419,620,376,199,3314,29,57,38,29,24,17,8,207,38,69,31,31,24,14,12,210,66,124,76,56,48,30,21,418,453,871,638,477,668,408,219,3730,448,440,257,164,246,155,111,1816,13,14,8,9,7,4,3,61,922,1328,902,645,917,565,333,5607
CED325,282,596,343,226,332,104,51,1934,37,24,7,15,19,5,7,110,18,20,15,7,14,7,3,82,618,1243,862,570,883,346,170,4699,86,157,71,49,72,28,17,481,105,115,52,36,48,19,3,397,192,274,127,93,122,50,24,877,808,1515,988,662,1009,392,197,5571,1117,975,559,363,375,138,76,3619,24,27,25,12,7,0,0,96,1951,2524,1570,1043,1391,534,275,9289
CED326,364,645,450,276,375,84,34,2228,72,49,30,13,23,8,0,185,13,15,17,6,8,5,0,70,685,1230,968,681,915,252,109,4831,59,96,81,44,64,10,3,357,94,160,92,28,42,9,3,435,150,259,171,76,108,11,11,793,831,1490,1141,760,1023,267,117,5622,942,923,487,291,313,66,32,3052,19,36,17,5,0,0,0,80,1795,2456,1647,1054,1336,330,142,8757
CED327,385,678,452,300,365,117,41,2337,50,40,29,20,11,6,0,156,10,35,17,10,23,11,0,112,772,1357,1004,685,941,320,137,5211,119,210,124,63,82,5,8,609,108,199,94,53,59,4,3,532,222,411,222,120,137,18,10,1136,1000,1766,1221,800,1081,336,148,6354,1421,1424,762,481,502,153,85,4822,32,28,11,7,9,4,3,96,2449,3209,2000,1290,1588,500,235,11271
CED328,120,298,251,189,275,150,65,1349,21,19,15,15,20,7,3,92,3,3,0,3,10,4,3,32,256,705,614,489,736,401,214,3415,12,28,14,22,18,15,11,112,25,38,20,8,13,11,3,116,33,65,34,32,28,20,11,226,287,773,654,515,769,424,225,3645,205,277,179,112,156,90,57,1076,3,6,5,0,3,0,0,20,496,1058,830,631,928,512,281,4739
CED329,229,574,421,274,365,34,16,1918,13,27,21,5,10,0,0,79,9,17,10,8,13,0,0,50,360,879,734,531,728,70,35,3334,56,100,89,50,43,12,3,348,57,107,78,45,46,6,6,335,116,205,167,94,89,12,7,685,469,1083,905,624,816,85,37,4023,987,994,486,343,357,37,23,3224,25,25,18,11,4,0,0,89,1482,2107,1405,981,1182,116,61,7335
CED330,268,524,338,223,290,52,23,1717,21,28,16,6,7,3,3,89,10,17,20,13,13,3,0,84,483,974,724,514,686,139,67,3584,60,100,63,34,39,3,0,302,63,102,41,40,33,0,0,279,129,197,106,75,69,3,0,575,609,1169,829,587,753,142,68,4159,822,797,427,251,283,33,15,2627,22,26,11,8,11,0,0,83,1453,1992,1268,851,1047,180,80,6871
CED394,0,0,0,0,0,0,0,0,0,0,0,0,0,0,0,0,0,0,0,0,0,0,0,0,0,0,0,0,0,0,0,0,0,0,0,0,0,0,0,0,0,0,0,0,0,0,0,0,0,0,0,0,0,0,0,0,0,0,0,0,0,0,0,0,0,0,0,0,0,0,0,0,0,0,0,0,0,0,0,0,0,0,0,0,0,0,0,0
CED397,0,0,0,0,0,0,0,0,0,0,0,0,0,0,0,0,0,0,0,0,0,0,0,0,0,0,0,0,0,0,0,0,0,0,0,0,0,0,0,0,0,0,0,0,0,0,0,0,0,0,0,0,0,0,0,0,0,0,0,0,0,0,0,0,0,0,0,0,0,0,0,0,0,0,0,0,0,0,0,0,0,0,0,0,0,0,0,0
CED401,181,358,241,171,209,130,72,1358,19,22,12,11,17,8,6,95,4,19,6,8,0,4,0,49,304,698,495,392,604,368,233,3104,18,31,32,17,30,14,8,149,20,42,32,20,23,13,0,153,42,79,60,34,52,29,8,300,342,780,555,430,661,399,245,3406,398,387,215,181,239,130,93,1638,13,10,6,4,5,3,0,41,745,1171,781,612,907,532,334,5083
CED402,239,611,405,275,356,58,19,1959,32,30,15,13,20,6,3,117,6,12,10,3,15,0,0,42,369,945,688,549,749,116,37,3456,40,88,53,41,48,17,0,285,51,97,49,20,34,9,3,257,96,187,106,63,79,24,4,551,465,1133,797,609,829,143,41,4005,823,768,394,255,265,55,6,2569,21,21,6,10,9,0,0,63,1301,1922,1189,876,1101,196,54,6636
CED403,180,395,286,213,309,132,79,1580,27,16,21,13,25,10,6,119,4,3,0,8,3,5,0,21,296,709,555,451,709,348,221,3283,6,38,21,16,23,7,6,122,15,42,31,22,28,7,3,142,25,80,48,35,52,15,12,264,323,785,606,486,757,361,233,3552,302,328,181,132,156,76,45,1219,11,5,7,5,6,0,0,27,628,1122,790,620,923,438,276,4798
CED404,247,480,370,248,345,44,7,1737,37,30,14,14,17,0,0,116,10,20,6,13,10,3,0,66,400,775,610,465,685,91,14,3041,36,94,72,38,61,4,0,316,69,101,79,40,46,5,3,344,106,195,152,82,108,11,3,651,503,973,763,541,792,102,18,3697,996,883,476,328,268,48,13,3011,27,51,31,13,9,0,0,133,1526,1905,1269,884,1069,150,29,6837
CED405,195,415,268,178,274,134,90,1548,35,15,13,7,9,4,9,88,5,5,0,5,3,4,3,34,329,688,517,362,626,347,208,3071,11,41,21,19,23,16,7,137,21,54,42,17,22,10,5,172,34,94,67,30,45,21,17,307,356,781,583,397,674,377,216,3381,362,355,204,148,184,97,61,1415,10,3,3,3,8,0,0,28,726,1138,789,547,866,478,283,4824
CED406,371,686,453,315,425,130,51,2434,62,46,22,12,19,4,7,180,12,25,14,14,11,5,0,80,589,1089,776,590,914,300,134,4388,30,117,66,44,41,18,3,321,75,136,60,35,39,4,3,351,109,246,128,80,80,27,6,677,695,1335,901,671,993,330,148,5067,995,946,520,348,374,85,38,3308,19,41,13,11,3,0,0,87,1705,2328,1439,1024,1372,416,182,8464
CED407,271,565,400,285,380,144,63,2103,36,16,11,8,19,7,3,96,9,16,11,4,15,6,5,61,460,922,705,522,854,380,181,4019,28,62,39,33,39,17,6,227,56,89,54,29,18,9,3,257,77,144,95,66,58,32,13,481,535,1071,795,589,914,406,191,4500,617,587,309,234,247,96,70,2148,8,7,10,4,8,0,5,31,1157,1662,1114,819,1164,498,261,6681
CED408,161,462,401,277,356,108,46,1825,22,16,13,16,11,6,5,90,6,5,6,0,6,0,0,23,274,733,644,500,730,237,114,3236,11,24,23,16,25,8,0,114,33,47,32,20,28,0,6,161,40,75,53,39,57,7,6,274,311,807,692,541,786,247,119,3508,361,401,241,145,169,51,17,1374,13,7,9,4,3,0,0,45,684,1219,938,691,956,298,132,4927
CED409,318,588,426,322,407,141,73,2274,58,36,19,12,19,7,3,146,10,20,16,0,15,3,0,67,572,1029,784,591,905,392,180,4461,42,105,62,41,49,32,11,343,76,128,82,52,59,27,10,433,115,231,144,97,111,56,27,768,690,1262,930,687,1016,450,199,5229,1173,1125,582,403,488,225,118,4112,27,27,17,11,4,5,3,98,1889,2418,1526,1094,1504,674,320,9432
CED410,180,365,267,177,313,159,100,1577,21,16,15,4,10,8,7,83,4,12,12,11,6,7,6,52,322,658,551,399,742,423,277,3374,14,41,17,24,32,21,7,146,30,63,38,24,25,13,5,197,46,105,55,41,58,30,12,343,368,762,606,443,801,449,290,3716,327,379,227,148,204,108,65,1473,4,10,3,4,3,5,0,30,703,1151,834,598,1010,559,355,5217
CED411,397,718,473,319,434,122,50,2517,73,47,19,16,31,15,4,209,28,20,24,6,17,9,0,105,692,1205,827,602,923,311,127,4677,102,182,104,70,101,21,3,590,126,204,101,47,46,12,4,545,231,391,207,119,148,36,8,1138,918,1596,1033,725,1069,340,136,5815,1885,1581,758,491,546,156,47,5474,48,42,18,13,10,0,0,133,2854,3213,1814,1231,1627,496,185,11416
CED494,0,0,0,0,0,0,0,0,0,0,0,0,0,0,0,0,0,0,0,0,0,0,0,0,0,0,0,0,0,0,0,0,0,0,0,0,0,0,0,0,0,0,0,0,0,0,0,0,0,0,0,0,0,0,0,0,0,0,0,0,0,0,0,0,0,0,0,0,0,0,0,0,0,0,0,0,0,0,0,0,0,0,0,0,0,0,0,0
CED497,0,0,0,0,0,0,0,0,0,0,0,0,0,0,0,0,0,0,0,0,0,0,0,0,0,0,0,0,0,0,0,0,0,0,0,0,0,0,0,0,0,0,0,0,0,0,0,0,0,0,0,0,0,0,0,0,0,0,0,0,0,0,0,0,0,0,0,0,0,0,0,0,0,0,0,0,0,0,0,0,0,0,0,0,0,0,0,0
CED501,318,659,416,269,316,84,32,2088,39,34,15,14,24,5,5,140,8,16,8,9,14,3,4,65,556,1180,786,582,791,233,121,4255,81,174,98,59,78,17,4,503,107,172,77,48,35,9,3,451,183,345,173,105,112,21,10,957,742,1530,964,688,902,253,130,5211,1176,1025,466,263,268,65,25,3289,21,21,18,9,3,0,0,74,1937,2575,1444,962,1178,317,159,8573
CED502,302,582,378,254,372,108,60,2046,30,34,14,17,24,5,3,130,13,9,8,5,10,3,3,53,548,1030,739,544,854,282,164,4161,48,116,69,63,58,14,9,381,92,161,88,54,43,16,0,456,143,275,156,118,102,31,7,835,692,1304,894,656,956,308,179,4993,1070,931,420,263,298,91,49,3118,28,21,9,4,4,0,0,74,1787,2260,1324,927,1257,402,230,8183
CED503,232,513,346,238,314,69,15,1729,21,33,13,20,19,0,4,119,13,18,9,9,13,3,0,61,395,885,654,486,663,161,72,3312,41,84,51,50,55,8,8,292,76,136,67,43,32,0,0,356,121,214,127,88,88,10,9,651,508,1104,772,574,747,167,78,3968,873,773,389,248,255,34,13,2580,17,7,7,4,3,0,0,34,1398,1886,1171,825,1010,203,96,6582
CED504,254,531,364,212,321,132,69,1888,29,24,20,11,15,4,6,109,11,18,11,3,12,8,9,74,442,882,677,485,776,348,177,3776,26,72,50,44,62,27,10,283,39,87,55,35,36,13,5,269,67,158,102,74,94,39,12,559,505,1041,776,560,869,386,192,4335,669,587,320,222,263,104,56,2222,23,28,16,4,3,0,0,78,1205,1661,1113,791,1135,487,246,6636
CED505,126,320,225,175,257,123,82,1311,19,10,10,3,15,6,7,68,3,3,4,8,3,0,0,21,216,555,494,399,633,323,199,2829,11,32,30,15,21,19,7,129,13,45,32,16,19,5,8,143,24,77,60,27,39,25,13,272,244,634,557,423,678,349,217,3094,151,231,153,136,143,78,63,944,4,3,0,0,0,0,0,15,397,864,709,561,819,424,282,4056
CED506,263,455,325,205,190,13,3,1464,24,39,27,18,19,4,0,126,21,24,12,10,12,0,0,85,535,993,760,521,558,51,17,3437,50,117,75,65,55,3,0,364,64,124,74,44,32,6,0,340,111,240,150,109,83,10,0,699,647,1236,906,627,642,55,17,4136,1224,1123,599,329,238,11,5,3529,74,68,45,24,5,0,0,214,1952,2424,1553,977,881,70,23,7883
CED507,259,638,464,307,417,33,15,2134,24,43,28,26,21,0,3,141,3,6,7,3,13,3,0,36,382,967,780,618,873,91,34,3751,20,72,47,45,41,3,3,230,47,141,55,28,33,5,0,315,72,213,99,79,73,10,3,542,454,1184,877,693,947,102,37,4298,781,684,319,243,233,18,5,2280,7,19,13,9,6,3,0,56,1240,1889,1206,940,1187,121,47,6625
CED508,241,498,351,238,334,124,60,1845,27,20,16,13,16,4,9,92,10,7,6,9,0,0,0,28,419,842,647,470,733,312,167,3591,19,47,42,18,33,16,3,179,49,100,46,19,27,6,4,250,73,152,87,37,62,20,5,433,495,992,731,507,791,331,178,4019,484,460,237,154,175,56,36,1599,8,11,12,13,5,0,0,50,986,1461,976,670,977,387,210,5664
CED509,186,487,315,216,276,93,41,1612,22,19,16,16,26,5,6,116,10,6,9,3,7,3,0,39,365,809,600,483,730,262,116,3370,39,66,46,30,54,16,8,263,38,88,54,33,33,3,3,258,76,152,105,65,87,25,9,517,446,958,704,549,823,284,128,3882,661,626,319,215,203,50,32,2102,15,21,9,3,6,0,0,53,1114,1609,1027,764,1031,334,158,6039
CED510,162,383,275,229,291,113,55,1504,27,18,16,13,19,3,4,96,3,11,8,3,8,3,3,38,262,677,547,457,751,321,172,3190,10,37,24,21,28,0,0,127,20,63,30,23,22,7,0,169,28,104,52,44,51,9,6,294,297,776,600,499,799,332,173,3485,294,321,168,108,126,49,28,1089,4,3,0,0,0,3,0,15,592,1096,771,608,934,379,212,4593
CED511,222,534,375,232,286,19,3,1662,35,37,20,14,18,0,3,128,11,18,12,8,10,3,0,56,388,905,692,517,645,49,14,3217,27,74,50,45,33,4,0,233,35,97,46,17,31,4,0,231,63,168,97,60,63,7,3,465,447,1079,788,577,710,63,14,3678,916,812,393,238,195,14,3,2574,33,41,32,18,12,0,0,131,1397,1929,1208,835,915,77,18,6383
CED512,334,678,467,308,421,109,40,2356,45,38,33,11,23,6,3,156,11,30,12,14,21,10,3,100,640,1259,929,702,1049,307,124,5013,62,132,70,44,65,20,7,403,91,153,110,52,52,6,4,473,151,287,181,96,126,24,14,881,796,1548,1114,797,1172,333,140,5899,1149,1048,520,277,268,60,35,3360,19,37,20,7,9,0,0,90,1961,2630,1654,1087,1443,394,175,9346
CED513,147,336,216,150,207,101,51,1205,30,6,7,3,7,3,3,61,3,9,5,6,3,3,3,34,291,602,428,352,519,292,150,2632,14,34,23,20,15,9,12,135,24,76,50,22,23,15,5,206,40,114,75,43,39,25,14,342,330,711,503,390,552,316,160,2977,345,268,164,106,126,54,33,1105,4,3,3,0,3,0,0,15,686,987,671,503,682,373,197,4099
CED514,201,389,249,178,250,105,45,1424,21,12,11,9,15,3,4,77,14,17,7,9,15,0,7,77,367,724,484,361,591,308,157,3007,32,77,54,38,38,18,16,257,43,79,39,28,25,9,6,231,74,153,89,62,66,25,21,492,445,879,576,424,659,336,174,3499,543,424,234,153,172,78,56,1659,13,21,18,11,5,0,0,63,998,1322,827,588,837,414,234,5211
CED515,211,372,252,135,235,104,61,1364,24,8,7,3,14,6,4,68,3,8,4,6,14,9,3,44,359,670,498,345,571,295,181,2918,23,70,36,27,49,29,7,238,41,97,49,17,26,13,6,252,63,171,90,40,73,36,7,484,428,832,586,384,646,331,186,3405,487,484,255,157,195,80,59,1717,17,22,10,5,0,3,0,58,936,1343,853,553,844,413,250,5185
CED516,123,293,263,194,263,113,75,1326,6,14,7,6,15,9,4,68,3,11,4,8,9,3,0,37,230,569,532,460,687,335,192,3008,12,17,20,15,32,19,6,124,26,51,33,21,28,9,6,165,30,68,56,39,60,24,11,289,260,630,587,496,742,364,209,3293,251,318,163,133,184,101,58,1207,7,3,3,6,4,3,0,26,522,954,762,637,928,464,265,4527
CED594,0,0,0,0,0,0,0,0,0,0,0,0,0,0,0,0,0,0,0,0,0,0,0,0,0,0,0,0,0,0,0,0,0,0,0,0,0,0,0,0,0,0,0,0,0,0,0,0,0,0,0,0,0,0,0,0,0,0,0,0,0,0,0,0,0,0,0,0,0,0,0,0,0,0,0,0,0,0,0,0,0,0,0,0,0,0,0,0
CED597,0,0,0,0,0,0,0,0,0,0,0,0,0,0,0,0,0,0,0,0,0,0,0,0,0,0,0,0,0,0,0,0,0,0,0,0,0,0,0,0,0,0,0,0,0,0,0,0,0,0,0,0,0,0,0,0,0,0,0,0,0,0,0,0,0,0,0,0,0,0,0,0,0,0,0,0,0,0,0,0,0,0,0,0,0,0,0,0
CED601,209,386,298,191,283,77,23,1461,40,28,19,10,14,10,0,117,9,8,4,7,17,3,0,54,330,638,492,371,595,169,62,2662,11,59,31,19,25,10,0,160,32,77,28,28,30,0,0,198,47,134,63,45,52,16,0,360,378,771,554,421,650,183,62,3022,705,646,297,187,183,41,13,2077,13,18,13,8,3,3,0,58,1100,1436,863,609,834,226,76,5155
CED602,197,406,257,177,250,58,4,1344,25,29,11,12,12,6,0,106,13,13,3,3,7,3,0,47,304,643,449,351,538,113,16,2420,32,74,44,18,33,9,0,209,40,71,47,27,30,3,0,219,72,144,92,43,63,11,0,429,378,786,543,392,600,129,16,2852,739,705,309,211,258,43,7,2278,13,21,5,9,5,3,0,58,1126,1515,859,618,862,171,24,5183
CED603,213,424,272,186,252,87,29,1452,16,18,6,15,11,4,4,81,8,20,8,8,9,3,0,48,310,708,523,398,578,207,81,2805,19,38,20,11,24,9,0,126,21,67,27,14,16,6,3,160,39,99,49,28,43,20,0,284,352,811,570,433,623,224,85,3089,523,483,262,174,213,80,35,1782,15,5,7,3,0,0,0,33,890,1301,845,611,834,304,127,4900
CED604,222,437,282,196,291,77,31,1535,35,26,17,9,11,3,5,100,3,10,10,0,14,9,3,47,349,713,515,415,621,213,82,2917,15,30,12,17,11,0,0,89,35,71,36,16,14,3,0,178,45,102,53,36,31,6,0,271,401,818,565,453,650,215,90,3190,511,491,269,168,175,47,24,1681,14,12,7,0,0,0,0,37,922,1317,842,625,825,265,110,4902
CED605,198,437,258,178,231,42,11,1356,35,33,17,16,20,3,0,115,8,15,12,5,12,3,3,55,314,678,476,343,437,94,29,2378,17,55,34,23,25,7,0,161,38,70,35,37,19,3,0,201,54,127,71,52,46,8,0,362,374,807,549,393,479,102,31,2744,787,728,360,229,237,48,11,2399,11,11,4,12,0,0,0,39,1169,1551,918,633,724,152,39,5186
CED694,0,0,0,0,0,0,0,0,0,0,0,0,0,0,0,0,0,0,0,0,0,0,0,0,0,0,0,0,0,0,0,0,0,0,0,0,0,0,0,0,0,0,0,0,0,0,0,0,0,0,0,0,0,0,0,0,0,0,0,0,0,0,0,0,0,0,0,0,0,0,0,0,0,0,0,0,0,0,0,0,0,0,0,0,0,0,0,0
CED697,0,0,0,0,0,0,0,0,0,0,0,0,0,0,0,0,0,0,0,0,0,0,0,0,0,0,0,0,0,0,0,0,0,0,0,0,0,0,0,0,0,0,0,0,0,0,0,0,0,0,0,0,0,0,0,0,0,0,0,0,0,0,0,0,0,0,0,0,0,0,0,0,0,0,0,0,0,0,0,0,0,0,0,0,0,0,0,0
CED701,152,266,184,115,89,9,3,817,33,31,20,7,15,0,0,110,34,34,30,16,8,0,0,122,429,786,549,359,366,27,10,2526,87,125,76,41,36,0,0,372,42,51,21,27,10,0,0,154,129,177,99,71,42,0,0,526,558,970,650,429,408,31,12,3052,834,906,486,313,180,14,11,2752,85,84,44,36,3,0,0,250,1473,1957,1177,784,596,48,22,6058
CED702,152,215,130,103,123,19,8,748,23,23,8,14,16,0,0,85,8,19,6,12,11,0,0,60,415,743,493,369,518,91,43,2658,32,42,36,14,23,3,0,153,26,43,18,15,7,3,0,108,53,82,54,32,35,3,0,260,468,828,543,403,548,93,43,2923,484,394,204,145,120,21,7,1374,32,19,15,8,5,0,0,85,980,1242,763,552,676,118,55,4386
CED794,0,0,0,0,0,0,0,0,0,0,0,0,0,0,0,0,0,0,0,0,0,0,0,0,0,0,0,0,0,0,0,0,0,0,0,0,0,0,0,0,0,0,0,0,0,0,0,0,0,0,0,0,0,0,0,0,0,0,0,0,0,0,0,0,0,0,0,0,0,0,0,0,0,0,0,0,0,0,0,0,0,0,0,0,0,0,0,0
CED797,0,0,0,0,0,0,0,0,0,0,0,0,0,0,0,0,0,0,0,0,0,0,0,0,0,0,0,0,0,0,0,0,0,0,0,0,0,0,0,0,0,0,0,0,0,0,0,0,0,0,0,0,0,0,0,0,0,0,0,0,0,0,0,0,0,0,0,0,0,0,0,0,0,0,0,0,0,0,0,0,0,0,0,0,0,0,0,0
CED801,280,453,334,220,278,73,37,1674,51,17,17,18,30,17,8,158,6,16,6,7,10,7,0,56,595,1091,867,617,1030,379,182,4755,19,51,30,22,25,14,4,162,30,48,34,16,22,9,0,154,50,98,57,31,48,20,7,312,640,1184,929,645,1080,397,192,5068,544,495,287,161,208,112,53,1850,13,11,3,0,3,0,0,33,1197,1689,1222,811,1289,504,240,6950
CED802,301,496,311,188,232,93,31,1653,56,31,24,18,26,13,6,177,10,17,9,4,11,9,3,62,661,1207,900,622,902,383,163,4839,23,44,31,17,38,5,9,167,31,60,33,19,28,5,0,180,60,99,63,36,67,16,9,351,721,1308,966,663,969,392,171,5190,555,538,296,169,208,81,42,1893,12,18,9,7,3,3,0,47,1280,1858,1268,840,1176,481,214,7127
CED894,0,0,0,0,0,0,0,0,0,0,0,0,0,0,0,0,0,0,0,0,0,0,0,0,0,0,0,0,0,0,0,0,0,0,0,0,0,0,0,0,0,0,0,0,0,0,0,0,0,0,0,0,0,0,0,0,0,0,0,0,0,0,0,0,0,0,0,0,0,0,0,0,0,0,0,0,0,0,0,0,0,0,0,0,0,0,0,0
CED897,0,0,0,0,0,0,0,0,0,0,0,0,0,0,0,0,0,0,0,0,0,0,0,0,0,0,0,0,0,0,0,0,0,0,0,0,0,0,0,0,0,0,0,0,0,0,0,0,0,0,0,0,0,0,0,0,0,0,0,0,0,0,0,0,0,0,0,0,0,0,0,0,0,0,0,0,0,0,0,0,0,0,0,0,0,0,0,0
CED994,0,0,0,0,0,0,0,0,0,0,0,0,0,0,0,0,0,0,0,0,0,0,0,0,0,0,0,0,0,0,0,0,0,0,0,0,0,0,0,0,0,0,0,0,0,0,0,0,0,0,0,0,0,0,0,0,0,0,0,0,0,0,0,0,0,0,0,0,0,0,0,0,0,0,0,0,0,0,0,0,0,0,0,0,0,0,0,0
CED997,0,0,0,0,0,0,0,0,0,0,0,0,0,0,0,0,0,0,0,0,0,0,0,0,0,0,0,0,0,0,0,0,0,0,0,0,0,0,0,0,0,0,0,0,0,0,0,0,0,0,0,0,0,0,0,0,0,0,0,0,0,0,0,0,0,0,0,0,0,0,0,0,0,0,0,0,0,0,0,0,0,0,0,0,0,0,0,0