CED_CODE_2016,Sme_Usl_ad_5_yr_ago_as_2016_M,Sme_Usl_ad_5_yr_ago_as_2016_F,Sme_Usl_ad_5_yr_ago_as_2016_P,Dif_Usl_ad_5_yr_ago_Sme_SA2_M,Dif_Usl_ad_5_yr_ago_Sme_SA2_F,Dif_Usl_ad_5_yr_ago_Sme_SA2_P,Dif_Us_ad_5_ago_Dif_SA2_NSW_M,Dif_Us_ad_5_ago_Dif_SA2_NSW_F,Dif_Us_ad_5_ago_Dif_SA2_NSW_P,Dif_Us_ad_5_ago_Dif_SA2_Vic_M,Dif_Us_ad_5_ago_Dif_SA2_Vic_F,Dif_Us_ad_5_ago_Dif_SA2_Vic_P,Dif_Us_ad_5_ago_Dif_SA2_Qld_M,Dif_Us_ad_5_ago_Dif_SA2_Qld_F,Dif_Us_ad_5_ago_Dif_SA2_Qld_P,Dif_Us_ad_5_ago_Dif_SA2_SA_M,Dif_Us_ad_5_ago_Dif_SA2_SA_F,Dif_Us_ad_5_ago_Dif_SA2_SA_P,Dif_Us_ad_5_ago_Dif_SA2_WA_M,Dif_Us_ad_5_ago_Dif_SA2_WA_F,Dif_Us_ad_5_ago_Dif_SA2_WA_P,Dif_Us_ad_5_ago_Dif_SA2_Tas_M,Dif_Us_ad_5_ago_Dif_SA2_Tas_F,Dif_Us_ad_5_ago_Dif_SA2_Tas_P,Dif_Us_ad_5_ago_Dif_SA2_NT_M,Dif_Us_ad_5_ago_Dif_SA2_NT_F,Dif_Us_ad_5_ago_Dif_SA2_NT_P,Dif_Us_ad_5_ago_Dif_SA2_ACT_M,Dif_Us_ad_5_ago_Dif_SA2_ACT_F,Dif_Us_ad_5_ago_Dif_SA2_ACT_P,Dif_Us_ad_5_ago_Dif_SA2_OT_M,Dif_Us_ad_5_ago_Dif_SA2_OT_F,Dif_Us_ad_5_ago_Dif_SA2_OT_P,Dif_Us_ad_5_ago_Dif_SA2_Tot_M,Dif_Us_ad_5_ago_Dif_SA2_Tot_F,Dif_Us_ad_5_ago_Dif_SA2_Tot_P,Difnt_Usl_add_5_yr_ago_OS_M,Difnt_Usl_add_5_yr_ago_OS_F,Difnt_Usl_add_5_yr_ago_OS_P,Difnt_Usl_add_5_yr_ago_Ns_M,Difnt_Usl_add_5_yr_ago_Ns_F,Difnt_Usl_add_5_yr_ago_Ns_P,Difnt_Usl_add_5_yr_ago_Tot_M,Difnt_Usl_add_5_yr_ago_Tot_F,Difnt_Usl_add_5_yr_ago_Tot_P,N_stated_M,N_stated_F,N_stated_P,Tot_M,Tot_F,Tot_P
CED101,41510,44396,85906,3470,3718,7196,15869,16330,32201,209,200,405,276,296,577,82,85,168,85,68,157,19,23,44,23,16,42,72,87,154,0,0,0,16638,17101,33742,5549,6194,11746,346,309,652,26008,27320,53330,3408,3724,7127,70923,75446,146367
CED102,41581,43344,84931,4325,4051,8375,16845,16637,33478,358,323,678,386,419,807,137,134,270,152,111,263,40,41,79,44,31,72,132,151,279,0,3,4,18093,17848,35939,10621,11070,21694,508,481,990,33546,33452,66996,5256,5362,10617,80382,82160,162541
CED103,39805,42389,82198,4034,4199,8233,17906,18259,36165,458,428,890,508,521,1029,151,150,301,196,167,371,47,50,97,41,30,76,151,167,316,0,0,0,19468,19782,39245,10194,11238,21434,377,311,690,34066,35534,69606,3352,3577,6930,77222,81510,158728
CED104,43536,45113,88644,2959,3166,6127,14254,14743,28998,235,248,480,267,266,535,69,73,142,99,105,205,24,21,45,12,23,34,85,82,170,0,0,0,15045,15570,30615,2956,3323,6281,243,268,508,21209,22319,43527,2462,2747,5211,67207,70178,137388
CED105,44916,45459,90376,3989,3827,7821,15940,15663,31608,241,185,422,244,208,449,139,75,213,130,84,215,16,15,28,31,13,44,42,23,66,5,0,5,16790,16274,33058,10093,7655,17752,480,390,877,31354,28150,59498,6011,5319,11335,82279,78923,161207
CED106,38474,42202,80668,3941,4242,8186,17652,18772,36423,426,433,866,432,461,890,151,171,321,189,191,377,36,42,75,26,25,50,144,133,274,0,0,0,19049,20225,39273,7724,8639,16364,306,319,622,31022,33428,64447,2813,3289,6102,72307,78914,151222
CED107,39827,39961,79794,8753,9433,18184,14816,16011,30829,268,282,552,765,840,1608,111,112,225,212,191,405,50,67,116,59,60,122,129,140,271,0,6,8,16424,17697,34126,993,1103,2090,383,338,716,26548,28566,55119,8817,7069,15886,75196,75604,150795
CED108,44370,45876,90250,4004,4115,8126,18015,18363,36382,188,165,357,363,356,721,96,78,175,101,71,169,24,16,40,44,41,86,44,46,90,0,0,0,18872,19140,38014,4844,5361,10206,421,337,761,28141,28960,57100,5037,5256,10294,77556,80090,157643
CED109,36837,39494,76324,3768,4073,7840,15632,16614,32245,192,206,393,401,407,808,61,59,120,99,121,226,28,29,57,42,28,68,73,88,158,0,0,6,16527,17560,34088,2151,2407,4561,346,357,704,22799,24398,47194,3570,3723,7291,63203,67610,130812
CED110,38462,40629,79089,7745,8716,16464,14866,16513,31375,681,725,1401,1750,1720,3472,166,170,339,276,300,573,135,138,270,154,162,317,195,230,427,3,0,3,18213,19963,38177,1304,1575,2883,529,569,1099,27795,30826,58622,6671,6752,13424,72932,78210,151141
CED111,41147,42435,83578,4943,5074,10023,15806,16678,32486,252,303,557,449,458,899,62,90,150,158,136,295,62,64,126,52,45,99,237,278,514,5,3,4,17072,18055,35124,4298,3682,7982,399,392,790,26713,27210,53915,4447,4539,8978,72304,74175,146479
CED112,37959,40091,78049,5054,5616,10669,18889,20901,39793,193,200,394,628,676,1305,93,99,193,134,168,303,37,36,71,54,62,113,84,102,192,0,0,0,20122,22237,42362,1064,1162,2227,524,558,1091,26771,29576,56345,4906,5362,10259,69629,75029,144655
CED113,39008,38701,77712,6180,6661,12839,9576,9979,19554,1094,1115,2211,1015,1044,2065,194,192,388,277,272,553,97,103,204,222,190,410,3689,3797,7483,3,0,3,16172,16698,32865,1397,1550,2946,385,356,746,24134,25264,49393,6313,5937,12247,69455,69899,139350
CED114,43060,42937,86002,8198,8887,17083,8715,9433,18150,4563,4945,9505,919,916,1840,288,287,575,266,252,518,108,114,223,143,145,285,154,200,352,0,0,0,15154,16297,31448,1625,1748,3374,429,448,880,25402,27377,52784,7495,7577,15067,75958,77891,153852
CED115,46060,47650,93706,4212,4393,8604,13008,13265,26274,207,205,412,223,210,430,75,60,133,55,58,117,17,9,22,9,9,26,27,35,56,7,0,6,13626,13854,27478,5925,6499,12418,376,315,685,24129,25056,49182,5311,5489,10795,75499,78191,153685
CED116,38275,39182,77457,7203,7784,14985,14263,15430,29697,516,525,1038,894,880,1776,134,133,260,267,262,532,124,143,262,104,111,219,931,945,1871,20,12,27,17244,18448,35691,841,1015,1855,423,423,842,25706,27664,53371,6391,5800,12198,70380,72650,143023
CED117,31774,33920,65696,3672,3951,7622,17979,18984,36968,690,686,1379,678,751,1427,218,197,412,275,301,576,55,74,129,35,62,99,309,368,678,4,3,3,20238,21435,41674,6204,6635,12838,583,531,1118,30702,32545,63245,5769,5711,11480,68249,72178,140429
CED118,42472,43102,85575,3570,3725,7292,20517,20155,40673,251,214,463,477,436,915,135,123,261,127,107,233,28,30,59,47,24,78,108,90,195,9,0,8,21694,21183,42878,5657,5813,11465,327,264,591,31247,30990,62231,4734,3795,8522,78448,77887,156337
CED119,42774,44257,87032,3836,4052,7890,13858,14404,28260,239,201,441,573,482,1052,75,80,154,101,96,196,29,9,42,95,71,162,107,91,195,0,0,0,15079,15437,30514,1554,1828,3385,253,263,517,20726,21586,42310,2533,2539,5072,66039,68378,134420
CED120,38996,39458,78451,6035,6375,12410,16934,17736,34672,184,224,409,478,517,996,80,72,154,88,109,198,33,51,84,54,50,99,423,434,858,3,3,6,18279,19204,37478,870,975,1849,325,337,664,25510,26888,52402,5033,4665,9697,69541,71009,140547
CED121,40088,40522,80608,7718,8227,15946,15481,16823,32307,343,281,618,1024,1065,2085,107,84,183,234,239,476,61,56,116,104,86,189,91,89,177,0,0,3,17441,18714,36153,816,958,1777,408,410,814,26375,28314,54690,6040,5213,11254,72503,74045,146552
CED122,36550,39695,76244,4078,4056,8139,18175,18409,36584,567,550,1119,738,860,1598,164,173,342,263,257,522,63,76,146,79,70,151,368,359,731,0,3,3,20429,20755,41187,12750,12877,25629,471,417,885,37731,38111,75839,7974,6429,14397,82254,84228,166480
CED123,41632,42758,84391,4448,4747,9191,20245,21678,41923,197,218,419,531,533,1071,75,88,164,106,127,226,29,41,73,40,33,71,73,78,146,3,0,4,21304,22797,44096,2220,2366,4586,418,405,816,28388,30302,58694,5580,5315,10894,75599,78375,153976
CED124,38191,39244,77432,6965,7884,14850,14335,15157,29496,287,310,594,998,1045,2042,71,85,155,180,181,365,72,86,159,77,76,156,114,129,244,4,7,5,16136,17086,33223,514,639,1150,371,397,773,23986,26001,49988,5510,5662,11165,67688,70903,138591
CED125,40572,41552,82122,3923,4273,8199,20583,21500,42084,166,176,340,384,426,811,78,78,151,112,99,209,21,23,44,39,42,76,74,57,132,0,0,0,21458,22403,43859,2486,2946,5431,385,317,701,28250,29937,58186,4538,4712,9258,73363,76204,149570
CED126,39082,41113,80192,4962,5141,10098,15581,16532,32114,243,274,514,393,385,778,77,78,155,138,124,265,32,29,58,13,10,20,75,91,163,3,0,4,16546,17522,34064,3371,3513,6883,377,395,771,25253,26563,51817,3574,4154,7733,67902,71832,139739
CED127,39053,40912,79967,5510,5762,11275,14147,15197,29343,148,211,355,489,488,981,63,95,153,96,84,184,52,58,111,59,66,123,86,89,176,3,0,3,15143,16286,31431,928,1125,2057,331,305,634,21912,23482,45401,3811,3938,7745,64779,68335,133112
CED128,46064,47461,93526,4102,4315,8414,14460,14822,29282,180,181,362,216,200,417,59,54,117,81,57,141,10,9,20,23,13,36,38,31,70,3,0,3,15076,15374,30446,6138,5862,11997,348,299,649,25668,25847,51514,4342,4287,8626,76074,77591,153661
CED129,41252,43163,84421,2636,2660,5293,18476,19377,37854,304,296,603,423,452,878,120,123,238,125,108,237,31,33,67,29,32,62,115,107,219,0,0,4,19633,20533,40163,3993,4462,8454,229,226,454,26496,27871,54368,2163,2351,4507,69909,73388,143297
CED130,38624,39834,78462,8382,9183,17563,12028,13378,25399,321,366,690,1731,1903,3639,100,111,213,181,204,383,75,65,134,120,127,251,76,83,158,5,3,5,14637,16243,30879,1636,1640,3279,400,361,760,25060,27428,52483,6946,6992,13935,70632,74252,144886
CED131,36921,38305,75226,4112,4023,8132,19955,21173,41128,411,474,882,810,826,1635,168,155,328,205,219,423,75,111,190,133,139,267,201,205,404,4,3,4,21964,23304,45269,3363,3276,6637,524,559,1084,29967,31158,61119,3845,3757,7608,70736,73215,143950
CED132,32427,36040,68467,4473,4773,9246,20090,20681,40768,659,728,1384,665,760,1423,229,246,474,302,309,604,58,72,127,43,32,77,268,274,543,7,0,7,22315,23100,45414,8466,9641,18104,475,400,875,35721,37920,73644,4542,4897,9433,72692,78850,151542
CED133,42358,43335,85687,7694,8455,16155,11595,12479,24079,524,594,1118,2738,2811,5549,148,154,305,304,333,639,116,104,227,181,202,385,101,105,214,6,0,6,15725,16791,32512,933,1070,2003,525,468,993,24880,26783,51658,6863,6519,13385,74091,76637,150732
CED134,40863,40396,81265,8112,9144,17256,10276,10822,21099,373,392,770,1233,1348,2580,294,333,621,230,200,430,76,69,143,112,110,227,86,87,175,3,0,3,12684,13361,26042,867,1017,1885,397,335,728,22059,23858,45911,8013,7819,15829,70938,72069,143004
CED135,39478,40526,80001,5158,4803,9961,19023,17814,36839,569,465,1031,487,429,919,211,177,390,207,159,365,42,37,82,50,45,101,144,138,285,13,9,16,20744,19281,40024,14885,13767,28654,525,434,954,41312,38286,79599,6131,5807,11942,86921,84613,171539
CED136,38069,38859,76921,7952,8435,16391,16491,17736,34226,419,399,820,1064,1098,2157,190,172,358,194,185,382,76,86,159,197,207,407,171,157,330,0,3,3,18792,20047,38842,836,1112,1951,448,454,902,28024,30046,58075,5065,5226,10290,71155,74136,145294
CED137,36419,39490,75907,5357,5443,10799,19246,19492,38739,602,578,1177,700,692,1394,173,187,361,247,226,474,71,73,139,55,43,90,179,205,384,0,0,3,21261,21494,42758,13309,13675,26982,586,535,1120,40513,41138,81652,7170,5939,13105,84100,86570,170665
CED138,35909,37918,73825,6263,6848,13115,11707,13371,25073,1008,1186,2202,4971,5471,10443,195,203,397,332,391,730,155,132,287,161,167,322,174,183,354,14,11,26,18716,21112,39830,1665,1907,3580,517,539,1055,27161,30417,57574,6673,7032,13707,69739,75366,145109
CED139,40261,40756,81018,8399,9224,17628,11833,13084,24919,660,768,1433,1143,1091,2235,229,216,448,224,222,442,69,73,142,165,164,331,455,501,956,0,3,3,14777,16115,30895,1330,1308,2637,362,281,650,24872,26934,51809,7023,6241,13267,72159,73936,146095
CED140,36011,38404,74408,4982,5366,10346,16671,18109,34778,257,284,539,554,563,1118,78,84,166,161,166,330,54,65,120,68,65,133,101,109,211,3,4,5,17941,19456,37395,1575,1807,3386,366,308,678,24862,26935,51801,4241,4584,8823,65112,69920,135033
CED141,40415,42195,82605,4828,5045,9868,14996,16344,31341,222,242,473,582,625,1207,82,79,156,182,182,360,45,53,99,59,59,119,110,112,220,3,3,4,16280,17697,33984,831,943,1777,377,336,715,22316,24025,46346,3431,3672,7105,66159,69898,136053
CED142,27987,24932,52916,4994,4390,9387,23922,21559,45482,1504,1292,2793,1671,1577,3250,442,447,885,671,635,1309,132,130,260,89,83,167,670,631,1296,3,3,9,29110,26348,55455,23264,25480,48745,882,701,1583,58250,56927,115176,14073,11215,25289,100306,93074,193377
CED143,32943,35767,68711,5415,5781,11193,15271,16246,31514,454,539,991,523,606,1127,95,128,218,184,193,382,41,46,79,25,25,51,142,155,297,3,0,3,16732,17934,34670,6632,7313,13942,352,339,692,29133,31361,60497,4299,4676,8973,66375,71810,138180
CED144,45106,46579,91684,5098,4738,9840,15848,15380,31229,210,224,439,205,176,380,91,91,185,99,88,186,22,16,37,31,24,55,66,68,126,0,3,3,16569,16069,32637,8829,8368,17194,407,303,711,30903,29477,60380,5141,5061,10205,81152,81114,162263
CED145,27527,30237,57767,4694,4802,9494,15733,17279,33010,830,912,1744,739,900,1635,184,224,399,368,428,795,48,45,87,26,46,68,245,256,504,0,0,4,18165,20077,38246,7993,9038,17029,448,433,883,31297,34351,65649,6852,7535,14394,65675,72128,137802
CED146,46765,48059,94821,3267,3345,6609,18489,19172,37664,211,219,433,275,273,553,73,72,142,81,74,156,6,9,17,31,21,54,33,32,66,0,0,0,19210,19879,39084,3193,3637,6828,358,331,681,26022,27183,53208,5123,5338,10461,77910,80578,158490
CED147,40782,42890,83669,5770,6106,11874,15580,17289,32866,231,245,481,540,580,1126,48,75,124,122,145,262,52,54,102,41,45,90,171,186,353,3,0,3,16790,18616,35403,1076,1210,2288,347,360,705,23978,26298,50279,4436,4743,9177,69195,73929,143128
CED194,1027,548,1571,204,112,317,2027,1557,3584,158,168,325,297,255,549,47,42,84,81,57,142,28,19,44,16,19,38,47,36,82,0,0,0,2699,2145,4844,723,702,1430,104,66,170,3734,3027,6765,2403,1214,3613,7164,4788,11952
CED197,105,139,245,0,0,0,25,45,72,3,0,4,0,0,0,0,0,0,0,0,0,0,0,3,0,0,0,0,0,3,0,0,0,34,48,80,12,12,18,3,0,3,43,61,104,19,34,51,168,237,401
CED201,40318,42095,82416,1924,2061,3983,298,308,603,13692,14441,28131,272,305,579,139,170,306,133,128,265,63,67,129,19,22,39,25,38,68,0,0,3,14639,15486,30119,2645,3137,5782,225,235,462,19427,20913,40345,2627,2769,5392,62374,65775,128153
CED202,38237,39989,78227,5552,6308,11857,645,658,1300,17300,19064,36358,528,588,1116,288,310,595,303,327,637,137,160,300,99,113,211,73,68,138,0,0,0,19377,21285,40664,1285,1377,2657,397,366,765,26607,29334,55937,5066,5600,10662,69908,74925,144836
CED203,38161,41636,79798,2867,2882,5745,924,1147,2072,16558,17464,34023,697,796,1492,272,326,598,341,358,696,154,207,362,93,119,216,175,204,382,5,3,6,19220,20628,39847,7172,7252,14424,474,509,983,29733,31260,60997,5617,5885,11498,73510,78785,152295
CED204,37665,38978,76644,4899,5436,10332,683,817,1502,16262,18174,34435,534,579,1115,258,281,541,280,278,556,118,150,271,166,162,326,69,81,150,0,3,5,18365,20537,38901,1133,1296,2431,373,297,669,24773,27559,52330,6295,6020,12314,68734,72559,141296
CED205,40235,41437,81672,3667,3538,7204,439,444,883,13553,12721,26273,352,288,644,212,194,411,159,133,298,75,84,158,54,50,111,54,57,109,10,0,17,14923,13978,28897,10553,9820,20378,391,277,663,29528,27615,57144,4573,4540,9117,74335,73594,147935
CED206,48622,49710,98337,3453,3412,6866,475,492,960,12914,12819,25733,270,266,538,140,158,295,130,132,256,43,63,104,61,41,98,27,23,49,0,0,0,14057,13985,28048,5399,5248,10648,273,234,503,23183,22880,46068,5133,5017,10155,76940,77611,154551
CED207,40771,41702,82475,3583,3873,7459,319,345,660,15028,16092,31115,361,381,740,107,102,211,150,143,287,48,60,110,47,58,108,33,33,62,3,0,3,16090,17214,33301,1229,1354,2587,268,301,566,21166,22746,43915,3552,3743,7290,65489,68190,133677
CED208,37526,41294,78818,2669,2732,5400,695,676,1372,16194,16321,32515,466,524,990,288,294,583,267,287,559,183,194,377,53,73,132,148,125,270,0,0,0,18303,18508,36809,12777,13366,26143,363,310,673,34106,34918,69023,3967,4211,8184,75598,80423,156021
CED209,37649,39167,76818,6966,7398,14367,587,667,1254,16410,17786,34191,533,548,1078,214,215,430,288,277,566,135,169,305,127,132,264,70,77,149,0,0,0,18362,19876,38239,2086,1837,3924,326,267,593,27746,29377,57123,4457,4707,9164,69856,73252,143108
CED210,37466,39824,77289,6108,6822,12932,484,588,1076,14573,16319,30891,487,544,1032,200,183,387,226,238,461,122,121,248,73,88,157,72,87,154,0,0,0,16240,18176,34417,2042,2188,4233,402,372,773,24799,27554,52351,5974,5386,11357,68233,72761,140991
CED211,38670,42041,80712,2230,2399,4622,422,441,861,15980,16773,32753,363,345,703,175,176,357,146,167,316,80,78,163,52,51,106,69,74,146,0,0,0,17292,18109,35405,4581,5118,9698,333,328,660,24433,25952,50386,2942,3486,6431,66053,71485,137534
CED212,37214,39554,76769,4543,5061,9600,431,477,910,16076,17699,33771,450,512,961,100,110,208,165,191,358,72,121,201,58,65,124,36,59,96,0,0,0,17395,19231,36629,1918,2215,4128,380,358,738,24228,26868,51095,4583,5065,9639,66026,71484,137509
CED213,39125,40142,79271,6610,7321,13933,779,697,1475,16299,17881,34177,718,673,1393,133,119,260,297,259,562,107,111,218,128,111,240,62,71,137,0,0,3,18531,19924,38453,974,1104,2079,357,386,742,26468,28740,55208,5155,5577,10735,70744,74464,145210
CED214,39808,41621,81431,4236,4378,8606,912,946,1852,16455,16275,32730,714,714,1430,290,277,566,365,363,723,148,162,317,75,81,153,156,154,309,8,0,6,19108,18979,38089,7482,6655,14135,538,463,1002,31364,30479,61837,5592,5446,11039,76762,77546,154313
CED215,38255,38689,76944,8166,9109,17275,708,733,1439,9577,10461,20042,762,788,1547,188,188,374,333,321,658,100,124,226,124,115,238,84,79,160,4,0,4,11878,12810,24688,943,1043,1985,317,293,610,21306,23252,44558,6979,6502,13485,66539,68439,134980
CED216,37137,41112,78255,3734,4064,7796,714,804,1515,15238,16239,31477,469,533,1006,188,164,352,265,272,541,78,98,181,24,34,64,108,118,228,0,0,0,17093,18263,35356,4807,5356,10166,261,261,523,25897,27944,53845,3641,4007,7645,66681,73064,139747
CED217,50165,51262,101430,4386,4581,8970,741,766,1507,20228,21113,41335,454,469,916,294,284,575,217,214,438,125,142,266,72,85,159,63,72,134,4,4,6,22197,23139,45337,4417,5013,9428,368,318,693,31371,33060,64428,6441,6217,12658,87980,90535,178513
CED218,31637,34924,66559,3170,3276,6446,1293,1448,2741,17745,18623,36365,977,1111,2090,392,501,899,542,610,1150,208,220,427,56,54,108,198,243,440,0,0,0,21400,22815,44218,8455,10045,18505,442,405,845,33469,36542,70012,4847,5194,10044,69952,76670,146621
CED219,48403,48789,97187,3484,3516,7003,556,554,1113,24936,24689,49629,478,436,912,246,216,455,216,195,414,67,78,150,65,64,128,57,42,96,15,0,15,26632,26276,52908,6739,7250,13987,523,416,937,37374,37458,74834,5495,5452,10951,91269,91698,182968
CED220,40610,43041,83652,2989,2906,5899,472,455,925,14204,14173,28373,365,378,739,156,152,304,185,162,346,77,76,151,39,37,76,57,49,110,0,0,0,15562,15478,31038,6575,6796,13369,367,283,651,25493,25462,50950,3612,3717,7328,69714,72222,141934
CED221,37151,37958,75115,7027,7580,14606,2408,2607,5011,9719,10369,20086,1099,994,2086,224,248,474,321,339,658,133,145,275,205,215,419,137,144,273,0,0,0,14232,15050,29284,782,956,1738,312,271,578,22346,23862,46210,5554,5548,11100,65055,67366,132423
CED222,39917,41893,81809,4211,4300,8510,490,486,973,17497,18356,35855,442,444,888,125,110,236,189,176,364,92,93,183,45,35,86,53,59,111,4,0,4,18946,19762,38703,4643,4848,9493,394,363,754,28187,29274,57454,4283,4464,8741,72386,75621,148004
CED223,39904,42691,82595,2877,2957,5837,520,491,1014,13420,14166,27589,477,443,927,151,169,326,176,213,391,78,82,158,68,74,145,106,95,204,0,0,0,15001,15735,30741,2904,3093,5997,276,276,554,21063,22061,43120,3231,3550,6785,64203,68301,132504
CED224,34432,38151,72578,3239,3463,6701,842,929,1772,15801,17103,32907,616,676,1293,248,287,530,341,355,698,155,143,292,51,64,119,128,147,276,0,0,0,18184,19705,37888,6434,7357,13783,312,288,598,28170,30809,58977,3519,3824,7347,66115,72783,138895
CED225,43189,43450,86641,3246,3349,6592,468,433,903,18116,19012,37135,433,440,876,143,145,291,198,192,391,88,81,165,41,44,84,48,54,103,3,3,7,19536,20417,39950,2577,2908,5481,337,300,632,25692,26971,52663,3556,3655,7213,72439,74079,146513
CED226,50140,50615,100758,5116,5301,10423,1551,1536,3085,27011,26394,53408,1004,1020,2026,483,455,941,436,440,875,232,241,480,145,150,296,191,201,388,3,0,3,31052,30444,61496,10655,11919,22574,524,462,992,47349,48131,95477,7223,6112,13336,104711,104856,209568
CED227,38206,38303,76506,6917,7656,14571,1118,1215,2332,8486,9232,17720,561,593,1149,766,847,1608,282,281,565,63,63,131,172,170,346,19,32,51,0,0,0,11479,12427,23903,1315,1255,2567,332,304,638,20045,21640,41681,6251,6202,12452,64497,66144,130639
CED228,42973,46057,89034,3744,3913,7662,592,595,1189,15579,15472,31054,510,588,1096,236,217,451,258,231,490,120,116,240,81,78,160,99,114,219,7,4,5,17473,17422,34900,6841,6577,13416,409,358,771,28468,28275,56744,5427,5457,10883,76869,79793,156659
CED229,49263,49549,98813,6355,6867,13217,982,1009,1989,26183,27608,53788,962,914,1878,308,275,587,284,309,593,114,140,250,209,174,381,89,93,186,3,0,3,29140,30523,59661,3851,4205,8057,437,377,812,39788,41964,81751,5984,6133,12117,95034,97646,192678
CED230,40367,41690,82053,8193,9036,17231,494,559,1049,17578,19490,37072,604,624,1228,129,158,289,275,269,541,100,115,218,91,102,193,36,38,68,3,0,4,19313,21360,40665,1289,1595,2889,370,338,709,29167,32330,61496,5932,6242,12175,75463,80271,155727
CED231,27755,29474,57232,4364,4555,8918,2187,2516,4699,22514,22984,45496,1675,1880,3551,748,840,1591,1136,1221,2362,411,503,911,178,184,360,617,605,1221,3,4,5,29462,30741,60199,23493,27010,50507,759,706,1468,58080,63010,121092,10948,10763,21709,96783,103245,200029
CED232,27111,28876,55983,4325,4372,8697,1697,1833,3536,18880,19470,38348,1266,1450,2714,457,449,898,710,768,1477,310,288,594,109,108,216,280,280,552,0,0,3,23698,24643,48341,11007,12172,23180,559,476,1033,39596,41656,81251,7790,7875,15666,74501,78406,152906
CED233,40444,42862,83304,2146,2209,4351,323,347,675,12485,13467,25954,304,343,646,138,159,301,154,153,306,47,52,100,17,26,41,53,69,124,0,0,0,13527,14615,28141,4271,4608,8886,215,229,443,20163,21661,41821,2671,3016,5687,63277,67538,130812
CED234,39610,39660,79272,7578,7901,15478,1190,1324,2515,9627,10428,20053,642,660,1302,169,197,365,269,260,535,121,138,254,90,84,171,35,29,66,0,0,0,12133,13118,25256,1571,1649,3219,342,319,664,21625,22982,44609,6548,6373,12926,67786,69012,136798
CED235,45998,47126,93125,2465,2480,4944,519,486,1006,17512,17713,35228,376,410,781,193,189,384,160,148,309,70,82,153,45,40,87,53,67,120,4,0,4,18946,19129,38070,5404,5690,11096,285,245,528,27101,27546,54645,4082,4348,8426,77180,79010,156189
CED236,37672,38118,75784,6736,7179,13908,427,447,874,9150,9893,19042,451,492,943,448,506,959,248,297,541,137,136,272,131,139,261,27,28,57,0,0,0,11026,11932,22958,857,921,1775,244,237,477,18862,20267,39129,6375,5366,11737,62904,63746,126648
CED237,38559,41876,80440,3604,3555,7161,1259,1352,2609,17683,18349,36032,931,993,1925,401,416,815,539,550,1087,211,227,435,98,93,191,288,329,617,3,0,3,21407,22311,43716,8056,7787,15842,550,546,1100,33617,34200,67815,5270,5484,10752,77450,81559,159010
CED294,534,315,849,155,88,242,121,100,227,1182,1019,2207,121,122,237,30,29,65,49,49,99,20,21,40,21,18,40,7,12,17,0,0,0,1557,1366,2915,459,487,945,62,48,110,2233,1988,4223,1355,772,2128,4117,3073,7193
CED297,12,0,7,0,0,0,0,0,0,6,0,6,0,0,0,0,0,0,3,0,5,0,0,0,0,0,0,0,0,0,0,0,0,16,0,13,0,0,0,0,0,0,16,0,13,3,0,3,28,4,29
CED301,34811,34984,69795,4453,4859,9312,1600,1706,3307,498,522,1024,19991,21596,41584,268,249,515,218,265,486,115,122,237,351,270,619,100,92,200,0,0,0,23145,24815,47960,1950,2160,4117,784,691,1471,30334,32521,62856,5949,5622,11571,71098,73124,144223
CED302,35511,37932,73446,2881,3203,6080,1224,1207,2434,494,528,1015,18799,19690,38495,214,208,418,234,245,484,59,87,149,115,101,213,118,134,249,0,0,0,21258,22205,43463,4129,4748,8876,551,498,1051,28813,30656,59473,3642,3717,7359,67966,72310,140280
CED303,36534,37845,74377,4364,4618,8981,1298,1442,2736,523,567,1089,18294,19486,37782,165,146,311,231,246,478,109,119,223,88,112,203,113,108,228,0,0,0,20830,22223,43056,1997,2273,4273,530,541,1078,27716,29660,57378,3512,3645,7160,67766,71141,138907
CED304,27326,28083,55407,2881,2848,5732,2246,2255,4500,1134,1105,2242,24972,24839,49818,309,257,570,434,365,799,127,147,278,225,188,410,282,254,532,6,4,13,29739,29422,59156,9868,10571,20436,859,672,1528,43334,43518,86857,7102,6620,13723,77765,78219,155982
CED305,35523,33638,69160,6127,6252,12373,870,902,1771,418,467,886,17613,18573,36181,183,172,357,258,239,497,99,119,212,153,141,296,41,48,88,7,0,7,19644,20654,40299,1396,1569,2970,517,590,1105,27678,29070,56745,8502,6051,14552,71701,68761,140460
CED306,37033,35646,72684,5772,5780,11555,1530,1451,2986,816,882,1702,16821,17911,34734,285,257,538,468,455,924,185,179,367,265,275,539,115,123,237,4,6,5,20485,21533,42020,2107,2550,4664,554,490,1040,28927,30353,59281,8353,6273,14627,74313,72274,146585
CED307,38638,39366,78008,3194,3427,6622,1044,1071,2112,475,500,974,17369,18366,35734,176,169,344,219,246,464,116,126,244,179,160,338,118,126,246,0,0,0,19697,20763,40461,1819,2067,3886,475,462,931,25180,26719,51902,3263,3171,6436,67089,69258,136348
CED308,32208,33676,65885,4750,5161,9913,3496,3923,7420,1247,1338,2586,21850,23940,45790,336,364,709,398,404,807,272,322,591,165,182,350,212,220,436,3,5,7,27987,30706,58697,4712,5121,9834,821,795,1610,38273,41781,80055,6307,6561,12870,76784,82024,158803
CED309,32067,34048,66115,5015,5516,10525,1970,2221,4189,1197,1360,2562,19726,22035,41765,303,322,622,487,494,977,218,248,465,230,275,509,162,180,347,0,0,0,24293,27133,51422,2656,3106,5762,698,622,1319,32655,36374,69026,4843,5022,9861,69559,75448,145002
CED310,29789,31690,61473,4435,4730,9164,1613,1810,3424,848,966,1812,18974,20789,39760,230,237,463,357,373,730,190,233,422,205,209,415,144,174,316,4,4,8,22559,24788,47343,2304,2624,4923,540,541,1073,29830,32672,62509,4421,4588,9008,64044,68950,132992
CED311,37419,34296,71717,7056,7003,14055,1328,1232,2561,583,540,1119,16300,16611,32903,261,241,502,491,475,967,160,163,320,333,328,663,38,39,77,0,0,5,19495,19623,39121,1916,2074,3986,554,506,1064,29015,29207,58220,7754,6517,14271,74181,70026,144210
CED312,36014,36842,72858,4461,4680,9143,1737,1908,3641,698,719,1419,21690,23303,44994,220,238,460,324,328,650,140,161,303,122,131,254,114,118,230,3,4,6,25053,26905,51961,3222,3508,6728,859,804,1659,33593,35895,69490,5137,5409,10546,74751,78142,152894
CED313,29102,30538,59636,2650,2692,5344,1960,1986,3939,859,883,1739,23749,24309,48052,279,271,550,394,393,781,120,133,247,138,117,254,213,233,445,7,4,11,27702,28320,56025,7508,8102,15604,806,760,1567,38670,39872,78541,5419,5187,10603,73187,75598,148782
CED314,32753,34887,67642,4155,4442,8605,1277,1438,2712,343,367,712,19862,21935,41799,183,181,363,186,199,388,84,103,190,213,193,407,87,82,163,0,0,0,22240,24495,46737,2340,2237,4574,502,484,988,29244,31660,60901,5190,5424,10620,67185,71978,139160
CED315,33142,33201,66348,3827,4094,7921,2036,1810,3843,1297,1275,2575,21730,23728,45458,387,400,788,495,498,985,239,250,493,629,584,1205,243,223,462,0,0,0,27050,28761,55807,2253,2514,4767,770,686,1453,33897,36049,69950,6690,5688,12372,73730,74937,148663
CED316,32662,34077,66739,4154,4695,8851,1543,1730,3280,822,848,1675,17376,19346,36719,219,235,454,338,350,685,160,194,356,287,262,544,87,84,172,0,0,4,20836,23047,43884,1322,1531,2846,592,550,1144,26899,29830,56722,5462,5593,11054,65018,69500,134516
CED317,40650,38715,79370,7645,7950,15592,898,851,1750,531,522,1052,12563,12729,25294,208,207,416,361,311,672,111,91,201,509,498,1002,36,43,81,0,3,3,15207,15259,30469,1468,1732,3202,488,483,966,24810,25419,50230,8719,7208,15931,74182,71348,145526
CED318,38240,38112,76356,5328,5668,10999,1713,1755,3469,1425,1522,2946,18262,19486,37744,546,576,1120,818,834,1653,223,237,454,829,855,1680,132,161,293,4,5,10,23948,25435,49384,3647,4290,7942,917,781,1702,33847,36174,70021,8786,8426,17213,80875,82714,163589
CED319,35628,38285,73914,2662,2822,5479,1370,1331,2699,745,722,1462,20574,21513,42081,207,204,411,263,256,526,103,117,213,196,163,357,163,165,329,3,3,5,23623,24473,48090,4031,4598,8628,642,555,1197,30947,32450,63398,3966,4438,8406,70539,75172,145719
CED320,35707,36446,72156,5216,6021,11236,1419,1588,3005,615,668,1284,20846,22280,43129,214,214,432,247,276,521,162,164,324,211,207,420,133,137,273,5,5,16,23856,25547,49407,1915,2224,4138,724,649,1369,31712,34437,66149,6228,5653,11882,73650,76538,150189
CED321,38153,36843,74995,8820,9262,18081,1459,1393,2854,301,304,606,12206,12959,25161,163,170,328,207,229,435,48,48,97,185,184,368,23,34,57,0,0,4,14601,15311,29909,1042,1243,2289,430,417,845,24892,26229,51125,7156,6440,13588,70197,69510,139711
CED322,32150,34417,66563,4244,4559,8805,4031,4467,8499,1013,1161,2173,16593,18433,35026,248,297,544,366,418,789,194,246,444,123,121,240,190,226,414,0,7,4,22759,25377,48139,3481,4007,7482,708,679,1389,31196,34619,65815,4963,5507,10464,68312,74539,142851
CED323,30544,31982,62525,4123,4107,8225,3265,3524,6788,1278,1309,2585,19014,20261,39274,345,345,694,378,369,747,242,285,526,123,134,261,177,192,370,4,4,7,24822,26432,51251,6556,7396,13952,828,773,1606,36326,38713,75040,7814,7710,15523,74684,78398,153082
CED324,34321,36365,70686,3141,3078,6219,1212,1170,2381,568,531,1096,18597,18275,36868,243,216,459,243,205,447,78,82,151,112,102,215,131,119,251,5,4,10,21183,20706,41893,9662,9723,19384,612,518,1133,34602,34029,68630,4327,4404,8736,73249,74799,148054
CED325,36493,37900,74391,4349,4578,8928,1260,1296,2552,544,545,1086,18565,19424,37989,264,292,553,248,254,497,86,110,194,165,155,323,163,166,322,7,0,12,21295,22245,43538,4572,5003,9575,603,531,1133,30818,32355,63170,7427,5316,12744,74734,75570,150304
CED326,33857,36322,70175,4768,5436,10210,1802,1929,3731,793,906,1697,21417,23411,44828,262,278,540,297,314,603,137,160,298,199,213,415,185,196,379,5,3,5,25086,27411,52500,3602,4087,7695,830,839,1671,34295,37777,72068,4701,5074,9776,72846,79175,152021
CED327,41480,42314,83790,3806,4202,8012,1084,1117,2203,470,447,923,21003,21750,42755,209,209,420,204,188,388,91,100,192,120,127,247,76,81,156,3,0,3,23267,24016,47281,6298,6711,13005,788,692,1481,34161,35619,69780,5489,5510,10992,81121,83438,164561
CED328,34556,36582,71142,3410,3538,6950,1882,1751,3627,899,823,1723,18696,19421,38119,338,333,670,354,331,690,104,87,195,224,193,418,298,280,579,0,0,0,22801,23230,46029,7007,8040,15039,501,431,929,33709,35236,68947,3461,3484,6943,71727,75302,147027
CED329,35424,35763,71195,5768,6177,11945,1569,1659,3228,858,917,1779,14997,16132,31121,207,228,441,368,410,781,120,145,267,221,216,438,90,92,184,0,0,0,18438,19806,38242,1191,1442,2635,550,521,1068,25942,27946,53890,6365,5598,11967,67738,69313,137046
CED330,39211,38654,77866,5291,5650,10942,1544,1659,3204,508,518,1020,17336,18490,35823,159,172,332,249,243,499,91,103,188,160,159,317,72,67,136,0,3,3,20110,21411,41527,1674,1801,3475,563,511,1081,27643,29383,57020,6201,5827,12028,73052,73868,146915
CED394,1044,637,1684,262,153,423,425,419,841,254,247,499,1987,1703,3689,85,88,165,146,127,276,57,58,117,42,40,82,24,23,48,0,0,0,3015,2704,5724,628,764,1394,103,52,159,4011,3681,7693,1703,1097,2804,6759,5414,12175
CED397,33,49,84,0,0,0,4,0,3,0,0,0,12,12,22,0,3,0,0,0,0,0,0,0,0,0,0,0,0,0,0,0,0,20,16,31,9,5,14,0,0,0,25,21,45,4,17,24,66,81,150
CED401,36060,38087,74146,3694,3715,7411,1028,901,1930,928,1022,1950,606,573,1175,18087,18542,36631,339,307,649,90,92,181,283,277,564,165,155,319,10,0,10,21530,21876,43404,9365,9136,18497,486,403,889,35074,35129,70209,5619,5099,10720,76758,78319,155077
CED402,42499,41418,83920,7676,8163,15842,476,480,954,1146,1131,2279,546,538,1089,9883,10549,20431,372,336,704,93,81,171,273,285,560,23,20,39,0,3,4,12815,13428,26242,1628,1468,3092,340,292,637,22458,23351,45807,6327,5149,11481,71291,69922,141210
CED403,39812,42792,82609,2582,2835,5421,540,596,1136,485,559,1042,329,415,743,14683,16258,30943,226,232,455,38,61,102,226,250,476,89,89,170,0,3,3,16609,18457,35065,3595,4124,7714,352,356,705,23140,25776,48910,3185,3394,6577,66133,71960,138097
CED404,41365,39598,80956,8887,9359,18242,451,409,859,397,345,747,577,508,1087,8095,8300,16392,434,417,856,82,76,155,366,371,739,17,21,35,3,3,3,10415,10459,20875,636,804,1444,366,310,682,20308,20935,41237,7001,5971,12974,68666,66503,135168
CED405,38504,41565,80067,3302,3517,6824,655,691,1347,708,699,1406,489,498,991,15847,16821,32666,183,208,392,76,88,168,216,220,440,59,67,126,0,0,0,18239,19295,37537,4773,5155,9932,453,419,871,26768,28394,55160,3893,4264,8154,69166,74219,143383
CED406,40351,41471,81823,3694,4043,7739,448,459,905,375,433,807,412,452,863,15440,16930,32370,197,202,398,73,72,137,200,230,428,42,51,94,0,0,0,17182,18827,36007,1725,1881,3607,439,448,889,23039,25205,48246,4026,4221,8244,67421,70894,138311
CED407,43071,44201,87271,2395,2580,4974,460,458,916,404,367,775,390,352,740,14823,15867,30691,171,152,318,50,54,104,176,148,322,92,77,174,3,4,3,16570,17478,34048,2884,2972,5854,339,327,664,22191,23356,45542,3985,3741,7722,69250,71292,140543
CED408,39462,40331,79787,5174,5675,10852,542,590,1130,488,579,1069,546,569,1119,12865,13910,26776,302,307,610,88,101,192,307,331,642,56,56,112,3,0,3,15200,16454,31657,942,1064,2011,301,323,624,21621,23517,45138,4080,4221,8304,65168,68070,133229
CED409,44846,46257,91106,3684,3953,7639,563,502,1058,530,531,1058,406,413,821,16154,17110,33263,203,166,367,50,62,110,203,199,403,62,61,120,7,0,8,18174,19040,37214,3857,4290,8153,487,388,876,26206,27673,53875,4738,4850,9583,75784,78783,154568
CED410,39097,42897,81999,2829,3077,5908,514,546,1062,502,504,1010,341,391,731,15088,16522,31613,186,204,389,60,73,137,138,147,284,87,74,167,0,0,0,16914,18468,35386,5204,5638,10837,286,292,573,25232,27480,52704,3093,3459,6548,67419,73836,141256
CED411,43492,42896,86385,4657,5106,9763,692,664,1355,562,522,1086,575,555,1129,18096,19654,37755,280,263,545,92,105,194,351,363,722,81,82,166,0,0,4,20740,22203,42945,1924,2053,3977,604,519,1125,27924,29880,57806,5917,5846,11766,77342,78618,155957
CED494,251,122,372,66,31,100,38,28,70,39,38,74,61,68,130,534,373,907,30,26,58,3,11,13,13,16,32,3,3,6,0,0,0,721,568,1288,151,111,263,23,10,30,958,720,1680,480,243,722,1688,1083,2774
CED497,4,0,4,0,0,0,0,0,0,0,0,0,0,0,0,0,0,0,0,0,0,0,0,0,0,0,0,0,0,0,0,0,0,0,0,4,0,0,0,0,0,0,4,0,3,0,0,0,6,0,3
CED501,33005,33262,66270,5247,5562,10810,975,860,1836,780,710,1491,957,912,1871,279,306,581,20716,21901,42614,205,205,411,257,240,499,84,65,150,12,8,25,24276,25199,49477,4966,5556,10520,538,411,953,35016,36737,71759,7443,5754,13196,75470,75757,151227
CED502,38973,39286,78265,3601,3774,7374,516,482,996,518,466,985,480,496,976,296,271,566,20251,20664,40914,86,74,156,122,103,224,49,51,97,24,19,42,22331,22622,44958,6548,7138,13686,525,429,958,33011,33972,66983,5691,4405,10094,77678,77664,155340
CED503,32038,32157,64193,4697,5083,9785,485,487,970,459,485,941,607,653,1258,182,190,376,19628,21282,40910,126,157,282,198,203,401,36,31,71,6,5,11,21724,23486,45210,2788,3227,6014,475,457,933,29682,32258,61944,5689,5058,10747,67408,69480,136886
CED504,40238,40772,81010,3315,3365,6688,342,324,669,310,287,605,267,276,548,138,124,258,14832,15360,30189,65,70,139,88,71,164,37,33,68,3,4,6,16090,16556,32644,4147,4443,8598,386,375,757,23947,24737,48685,3761,3488,7249,67942,68996,136940
CED505,30402,33216,63617,4145,4171,8320,878,890,1771,817,879,1699,584,566,1147,234,234,471,16111,16996,33108,81,90,171,106,87,195,101,92,196,5,7,12,18923,19846,38764,7391,7754,15145,379,361,736,30841,32121,62969,4421,4683,9099,65661,70020,135682
CED506,37488,32504,69991,10330,10141,20471,1538,1040,2574,1228,976,2199,2527,1613,4138,626,453,1081,18930,16048,34980,270,208,478,595,513,1104,48,46,97,12,16,28,25779,20900,46681,3941,3463,7400,883,746,1628,40934,35250,76182,13468,8908,22378,91888,76663,168547
CED507,33960,34415,68372,7705,8255,15963,389,420,810,427,468,894,507,558,1067,190,200,393,15387,16839,32223,131,134,271,171,166,338,27,14,45,13,14,30,17249,18821,36071,2482,2768,5252,417,470,887,27857,30312,58168,6090,5554,11651,67911,70284,138192
CED508,34451,36191,70644,3111,3270,6383,616,662,1275,547,618,1161,554,552,1101,165,186,354,17433,18506,35942,107,113,215,127,130,254,75,84,162,14,11,18,19634,20849,40481,5087,5275,10366,473,423,891,28305,29817,58119,5097,4915,10008,67851,70917,138774
CED509,36847,36877,73727,3320,3410,6726,338,345,688,331,334,661,377,388,765,148,142,284,16318,16241,32562,71,60,129,126,121,241,34,47,81,5,3,14,17745,17681,35425,3577,3890,7468,402,369,773,25045,25343,50391,6348,4236,10590,68250,66462,134707
CED510,39339,40469,79804,2634,2708,5339,406,421,828,383,401,784,420,400,820,116,106,228,14024,14418,28437,52,71,116,63,65,128,49,47,97,4,8,17,15518,15941,31461,4672,4779,9452,303,247,552,23126,23672,46798,3005,2749,5753,65466,66887,132356
CED511,38929,37367,76294,7860,8087,15946,519,434,952,503,455,959,666,639,1303,387,314,700,13951,14152,28103,213,202,416,160,169,336,28,31,54,4,3,8,16434,16407,32836,2267,2341,4611,537,475,1010,27091,27315,54407,8559,7038,15597,74576,71717,146291
CED512,35214,35223,70437,6067,6596,12657,719,710,1432,554,601,1151,736,773,1518,270,259,536,25163,26348,51515,99,111,212,180,188,365,60,68,136,3,3,10,27795,29066,56866,5857,6495,12351,524,461,987,40246,42621,82863,7123,6947,14074,82588,84787,167374
CED513,31913,32936,64851,3758,3641,7399,824,764,1588,818,832,1654,707,604,1311,244,203,446,17114,16890,34010,99,85,187,125,131,255,98,110,209,8,12,18,20037,19636,39671,8368,8682,17045,661,590,1252,32823,32548,65371,6484,6225,12709,71224,71707,142929
CED514,33509,36037,69544,3267,3289,6558,507,501,1005,496,480,981,410,401,815,182,167,351,16872,17419,34285,63,69,135,101,85,184,60,68,126,0,0,4,18694,19187,37889,6957,6971,13926,455,389,840,29370,29846,59214,4751,4889,9646,67634,70768,138404
CED515,31682,33134,64817,4375,4248,8622,726,612,1346,772,655,1420,627,575,1209,284,232,519,18880,18387,37271,94,83,177,152,144,297,64,54,119,16,10,32,21625,20764,42381,11529,10726,22254,660,517,1177,38186,36257,74439,7253,6886,14138,77123,76277,153404
CED516,35860,38608,74465,3082,3227,6308,438,461,903,470,482,953,391,413,804,180,166,350,13374,13990,27364,47,54,107,90,89,178,49,65,107,12,9,28,15051,15729,30784,5496,5715,11210,257,241,496,23890,24918,48800,2977,3144,6126,62731,66669,129394
CED594,493,234,725,99,64,166,138,128,265,99,102,201,209,192,399,50,55,102,915,594,1516,25,20,48,31,24,60,10,10,15,3,0,3,1484,1123,2609,309,278,593,45,32,77,1945,1495,3440,1023,611,1631,3452,2339,5795
CED597,143,9,147,4,0,4,5,0,12,0,0,3,13,0,11,4,3,5,99,6,100,3,0,3,0,0,0,0,0,0,0,0,0,129,12,140,56,3,63,0,0,0,187,18,206,73,8,80,408,26,434
CED601,26090,27379,53463,2751,2977,5734,598,557,1161,663,655,1320,698,745,1447,172,162,341,392,412,801,9450,10689,20140,80,94,177,36,33,71,0,0,0,12097,13351,25454,1475,1434,2911,236,205,439,16569,17971,34535,3687,3927,7613,46344,49276,95618
CED602,26821,27582,54406,3786,4255,8035,491,556,1050,519,562,1084,773,802,1573,167,173,338,421,439,852,7318,8277,15596,66,74,137,29,31,58,3,5,7,9793,10914,20709,476,534,1011,268,249,513,14319,15950,30265,3376,3544,6925,44520,47076,91594
CED603,24925,26826,51755,2194,2322,4514,722,747,1468,876,1002,1881,667,718,1389,181,175,355,346,351,700,10493,11024,21517,97,91,191,103,111,215,4,3,11,13488,14233,27717,2722,2968,5688,320,303,623,18725,19825,38551,3403,3490,6897,47053,50149,97198
CED604,28109,29590,57702,3298,3515,6814,714,779,1494,616,675,1287,813,924,1733,178,208,392,432,456,882,8952,10052,19003,129,124,258,82,97,180,3,0,7,11920,13311,25230,831,933,1759,263,235,497,16304,17994,34296,3260,2957,6221,47678,50542,98220
CED605,30161,29213,59376,3969,4412,8381,655,716,1374,661,668,1332,817,902,1722,184,198,387,474,478,950,6925,7510,14434,100,80,186,47,41,90,3,3,10,9864,10604,20471,356,430,787,212,213,423,14404,15658,30063,4236,4241,8479,48797,49116,97918
CED694,89,45,133,37,17,46,12,18,38,11,12,20,22,23,48,3,5,6,24,14,38,133,134,264,0,0,3,4,0,4,0,0,0,208,210,418,30,27,57,7,3,15,284,258,541,127,74,200,499,376,870
CED697,21,13,37,0,0,0,3,0,3,5,0,4,0,3,4,0,0,0,0,0,3,3,4,7,0,0,0,0,0,0,0,0,0,16,10,24,7,0,7,0,0,0,25,8,29,3,0,5,49,21,68
CED701,29017,28132,57153,2598,2548,5150,1225,1111,2333,1088,1060,2150,2079,1624,3701,835,779,1612,940,770,1712,128,145,274,5429,5320,10745,106,96,203,4,4,7,11831,10920,22748,1772,1923,3696,609,649,1262,16815,16045,32859,9687,6038,15721,55517,50212,105732
CED702,19361,18647,38011,1586,1548,3135,2119,1782,3905,1884,1733,3611,3122,2666,5787,1157,1070,2226,1624,1437,3055,240,205,454,10646,10532,21171,279,212,485,13,0,16,21080,19638,40714,5050,5264,10315,642,477,1118,28349,26930,55276,6304,5642,11946,54016,51219,105235
CED794,231,159,395,48,34,79,98,92,188,78,91,176,126,124,242,48,31,82,60,69,135,5,8,16,121,106,223,0,11,13,0,0,0,541,528,1074,71,95,166,9,3,13,666,657,1326,389,307,691,1286,1118,2406
CED797,39,5,42,0,0,0,0,0,0,0,0,0,0,0,0,0,0,0,0,0,0,0,0,0,0,0,0,0,0,0,0,0,0,4,0,4,3,4,8,0,0,0,4,4,8,14,3,19,61,14,70
CED801,46787,49447,96232,2293,2384,4675,6134,6375,12510,1726,1683,3406,1854,1731,3590,579,583,1159,497,517,1020,198,198,400,276,277,555,17432,17811,35246,15,12,24,28716,29193,57907,6010,6576,12585,496,441,941,37517,38592,76106,6200,5968,12173,90502,94007,184509
CED802,42142,44732,86878,2604,2578,5186,7311,7807,15123,1616,1684,3297,1751,1826,3578,538,532,1075,574,557,1132,188,215,404,351,371,718,20869,20769,41640,11,14,31,33218,33786,66999,8124,8672,16795,671,545,1216,44614,45579,90191,5256,5261,10521,92012,95574,187584
CED894,35,29,64,14,10,25,33,30,64,7,10,18,6,11,22,3,0,4,6,3,4,0,0,0,4,3,6,71,51,125,0,0,0,134,116,243,29,27,61,7,4,8,180,155,336,90,38,130,306,223,528
CED897,0,0,0,0,0,0,0,0,0,0,0,0,0,0,0,0,0,0,0,0,0,0,0,0,0,0,0,0,0,0,0,0,0,0,0,0,0,0,0,0,0,0,0,0,0,0,0,0,0,0,0
CED994,6,4,14,0,0,0,0,3,3,0,3,5,4,3,3,0,0,0,0,0,3,0,0,0,0,0,3,0,0,0,0,0,0,10,14,21,0,9,11,0,0,0,8,21,29,3,7,5,21,32,52
CED997,4,0,4,0,0,0,0,0,0,0,0,0,0,0,0,0,0,0,0,0,0,0,0,0,0,0,0,0,0,0,0,0,0,3,0,4,0,0,0,0,0,0,3,0,4,0,0,0,3,0,6