CED_CODE_2016,D_21_24_FPT_MPET,D_21_24_FPT_MPULFTW,D_21_24_FPT_MPULPTW,D_21_24_FPT_MPUT,D_21_24_FPT_MPTLF,D_21_24_FPT_MPNLF,D_21_24_FPT_MPLFSNS,D_21_24_FPT_T,TDCF_FPEFT_MPEFT,TDCF_FPEFT_MPEPT,TDCF_FPEFT_MPEAW,TDCF_FPEFT_MPEHNS,TDCF_FPEFT_MPET,TDCF_FPEFT_MPULFTW,TDCF_FPEFT_MPULPTW,TDCF_FPEFT_MPUT,TDCF_FPEFT_MPTLF,TDCF_FPEFT_MPNLF,TDCF_FPEFT_MPLFSNS,TDCF_FPEFT_T,TDCF_FPEPT_MPEFT,TDCF_FPEPT_MPEPT,TDCF_FPEPT_MPEAW,TDCF_FPEPT_MPEHNS,TDCF_FPEPT_MPET,TDCF_FPEPT_MPULFTW,TDCF_FPEPT_MPULPTW,TDCF_FPEPT_MPUT,TDCF_FPEPT_MPTLF,TDCF_FPEPT_MPNLF,TDCF_FPEPT_MPLFSNS,TDCF_FPEPT_T,TDCF_FPEAW_MPEFT,TDCF_FPEAW_MPEPT,TDCF_FPEAW_MPEAW,TDCF_FPEAW_MPEHNS,TDCF_FPEAW_MPET,TDCF_FPEAW_MPULFTW,TDCF_FPEAW_MPULPTW,TDCF_FPEAW_MPUT,TDCF_FPEAW_MPTLF,TDCF_FPEAW_MPNLF,TDCF_FPEAW_MPLFSNS,TDCF_FPEAW_T,TDCF_FPHNS_MPEFT,TDCF_FPHNS_MPEPT,TDCF_FPHNS_MPEAW,TDCF_FPHNS_MPEHNS,TDCF_FPHNS_MPET,TDCF_FPHNS_MPULFTW,TDCF_FPHNS_MPULPTW,TDCF_FPHNS_MPUT,TDCF_FPHNS_MPTLF,TDCF_FPHNS_MPNLF,TDCF_FPHNS_MPLFSNS,TDCF_FPHNS_T,TDCF_FPET_MPEFT,TDCF_FPET_MPEPT,TDCF_FPET_MPEAW,TDCF_FPET_MPEHNS,TDCF_FPET_MPET,TDCF_FPET_MPULFTW,TDCF_FPET_MPULPTW,TDCF_FPET_MPUT,TDCF_FPET_MPTLF,TDCF_FPET_MPNLF,TDCF_FPET_MPLFSNS,TDCF_FPET_T,TDCF_FPULFTW_MPEFT,TDCF_FPULFTW_MPEPT,TDCF_FPULFTW_MPEAW,TDCF_FPULFTW_MPEHNS,TDCF_FPULFTW_MPET,TDCF_FPULFTW_MPULFTW,TDCF_FPULFTW_MPULPTW,TDCF_FPULFTW_MPUT,TDCF_FPULFTW_MPTLF,TDCF_FPULFTW_MPNLF,TDCF_FPULFTW_MPLFSNS,TDCF_FPULFTW_T,TDCF_FPULPTW_MPEFT,TDCF_FPULPTW_MPEPT,TDCF_FPULPTW_MPEAW,TDCF_FPULPTW_MPEHNS,TDCF_FPULPTW_MPET,TDCF_FPULPTW_MPULFTW,TDCF_FPULPTW_MPULPTW,TDCF_FPULPTW_MPUT,TDCF_FPULPTW_MPTLF,TDCF_FPULPTW_MPNLF,TDCF_FPULPTW_MPLFSNS,TDCF_FPULPTW_T,TDCF_FPUT_MPEFT,TDCF_FPUT_MPEPT,TDCF_FPUT_MPEAW,TDCF_FPUT_MPEHNS,TDCF_FPUT_MPET,TDCF_FPUT_MPULFTW,TDCF_FPUT_MPULPTW,TDCF_FPUT_MPUT,TDCF_FPUT_MPTLF,TDCF_FPUT_MPNLF,TDCF_FPUT_MPLFSNS,TDCF_FPUT_T,TDCF_FPTLF_MPEFT,TDCF_FPTLF_MPEPT,TDCF_FPTLF_MPEAW,TDCF_FPTLF_MPEHNS,TDCF_FPTLF_MPET,TDCF_FPTLF_MPULFTW,TDCF_FPTLF_MPULPTW,TDCF_FPTLF_MPUT,TDCF_FPTLF_MPTLF,TDCF_FPTLF_MPNLF,TDCF_FPTLF_MPLFSNS,TDCF_FPTLF_T,TDCF_FPNLF_MPEFT,TDCF_FPNLF_MPEPT,TDCF_FPNLF_MPEAW,TDCF_FPNLF_MPEHNS,TDCF_FPNLF_MPET,TDCF_FPNLF_MPULFTW,TDCF_FPNLF_MPULPTW,TDCF_FPNLF_MPUT,TDCF_FPNLF_MPTLF,TDCF_FPNLF_MPNLF,TDCF_FPNLF_MPLFSNS,TDCF_FPNLF_T,TDCF_FPLFSNS_MPEFT,TDCF_FPLFSNS_MPEPT,TDCF_FPLFSNS_MPEAW,TDCF_FPLFSNS_MPEHNS,TDCF_FPLFSNS_MPET,TDCF_FPLFSNS_MPULFTW,TDCF_FPLFSNS_MPULPTW,TDCF_FPLFSNS_MPUT,TDCF_FPLFSNS_MPTLF,TDCF_FPLFSNS_MPNLF,TDCF_FPLFSNS_MPLFSNS,TDCF_FPLFSNS_T,TDCF_FPT_MPEFT,TDCF_FPT_MPEPT,TDCF_FPT_MPEAW,TDCF_FPT_MPEHNS,TDCF_FPT_MPET,TDCF_FPT_MPULFTW,TDCF_FPT_MPULPTW,TDCF_FPT_MPUT,TDCF_FPT_MPTLF,TDCF_FPT_MPNLF,TDCF_FPT_MPLFSNS,TDCF_FPT_T
CED101,945,26,7,36,978,167,3,1149,6833,790,66,47,7744,149,52,200,7942,441,7,8390,8147,1086,63,74,9373,124,25,149,9525,320,13,9860,767,83,93,8,957,15,4,20,971,21,0,999,106,22,5,150,280,0,0,0,280,18,8,304,15860,1984,230,283,18358,294,80,375,18726,796,24,19552,183,50,0,8,244,39,7,44,295,31,0,324,462,106,6,10,583,34,21,55,641,38,0,681,646,152,11,17,831,75,30,100,929,74,0,1004,16507,2142,239,297,19186,368,109,476,19661,870,26,20562,5355,1159,126,155,6793,204,38,244,7035,1137,15,8183,33,9,0,32,71,0,0,0,71,14,52,136,21897,3309,369,482,26049,572,149,718,26769,2019,94,28882
CED102,774,15,7,17,792,173,4,974,6434,882,45,44,7403,114,47,163,7566,445,0,8012,6843,1231,85,58,8217,106,36,143,8357,384,8,8743,768,78,94,8,953,5,0,5,954,39,0,996,114,18,0,176,317,0,0,3,323,18,7,346,14156,2212,223,286,16885,226,89,312,17198,884,13,18102,205,35,0,0,239,43,11,49,284,23,0,316,360,107,3,14,488,21,19,41,530,29,5,564,566,139,4,19,723,63,25,93,814,56,5,876,14723,2349,231,308,17613,291,115,408,18019,945,18,18979,5332,1408,111,221,7074,226,60,279,7354,1331,25,8716,45,8,0,27,79,0,0,0,82,8,103,193,20102,3768,342,560,24769,516,169,686,25453,2285,150,27883
CED103,1164,38,14,55,1220,153,3,1374,8078,850,73,56,9060,263,53,310,9375,508,8,9887,8742,1094,84,49,9969,154,45,199,10168,306,4,10481,774,115,82,8,976,14,0,17,988,31,0,1017,126,11,4,128,269,8,0,8,277,7,9,291,17730,2072,250,232,20280,440,95,532,20812,853,15,21679,312,43,4,0,361,46,6,56,413,12,0,427,575,64,3,14,655,61,26,89,738,29,3,769,891,101,10,10,1014,105,36,137,1148,44,3,1197,18615,2173,251,245,21287,542,131,677,21963,896,18,22883,5778,946,105,132,6958,204,56,262,7221,915,11,8146,17,0,0,40,63,0,0,0,61,0,64,123,24412,3119,358,416,28310,748,192,939,29253,1809,88,31150
CED104,1353,41,6,43,1400,130,5,1531,9085,812,75,64,10028,232,52,285,10311,455,8,10776,11597,1107,86,58,12842,167,18,186,13024,259,11,13297,835,107,104,6,1054,18,0,18,1067,26,0,1093,120,11,0,86,224,3,0,3,229,15,14,253,21640,2031,260,213,24145,417,69,489,24636,749,37,25414,211,23,0,0,233,39,0,39,273,16,0,284,424,56,5,8,497,11,4,23,520,21,3,543,638,81,5,8,734,47,4,55,790,35,3,829,22280,2112,268,221,24880,469,80,544,25424,781,38,26242,5724,511,62,109,6404,139,29,166,6572,501,23,7099,34,0,0,17,55,0,0,0,55,3,22,83,28033,2625,337,352,31348,604,102,709,32056,1286,86,33428
CED105,965,32,13,45,1011,307,10,1332,4917,744,63,59,5786,170,68,243,6022,595,15,6631,4555,1259,65,74,5959,167,49,215,6175,460,9,6650,370,72,75,19,532,12,0,18,550,43,3,592,103,43,7,207,359,4,7,12,369,29,21,420,9946,2122,209,362,12630,358,128,485,13116,1123,49,14293,274,80,3,14,373,86,17,102,474,61,0,535,413,229,8,14,654,69,58,125,783,83,12,877,683,309,8,27,1025,160,69,234,1255,138,15,1408,10628,2428,217,383,13660,515,201,717,14374,1267,65,15703,8733,4091,252,689,13766,820,265,1081,14845,4951,166,19968,64,30,0,63,156,4,3,14,170,39,247,453,19425,6550,467,1134,27578,1342,475,1815,29390,6263,472,36124
CED106,1416,45,6,53,1475,168,3,1642,9582,935,65,36,10623,271,65,333,10955,634,3,11592,11142,1038,113,77,12360,197,30,226,12588,323,11,12921,776,68,82,6,936,9,0,9,942,19,0,965,119,9,0,101,220,3,3,7,229,15,10,250,21613,2052,266,211,24145,479,96,575,24717,984,21,25725,340,15,8,5,368,57,0,57,421,12,0,441,603,62,3,4,667,53,5,56,726,35,0,764,942,76,8,15,1041,102,5,106,1149,54,0,1204,22560,2126,273,224,25180,587,98,685,25869,1041,21,26925,7408,675,101,100,8290,231,28,263,8548,740,6,9293,20,0,0,27,47,0,0,0,47,3,26,81,29989,2805,374,356,33519,821,128,948,34469,1780,53,36304
CED107,142,3,0,5,146,22,3,163,5999,557,94,54,6711,126,14,137,6845,340,15,7198,8789,863,112,97,9869,93,24,121,9982,299,12,10297,796,65,155,20,1039,10,0,10,1056,34,0,1086,130,21,5,98,252,3,0,3,252,10,0,264,15715,1514,373,273,17869,231,41,269,18140,681,31,18852,176,19,0,0,191,37,0,41,237,26,3,260,316,33,16,3,361,34,6,38,399,24,0,427,489,54,16,3,558,75,4,76,639,53,3,690,16203,1566,387,271,18426,306,48,350,18775,731,33,19542,3944,592,143,143,4821,277,38,318,5135,1008,20,6170,27,3,0,10,43,0,0,0,43,3,45,90,20172,2158,526,423,23290,581,86,668,23952,1747,97,25800
CED108,834,17,8,23,860,224,9,1088,8507,883,85,83,9555,219,59,278,9833,573,22,10430,5983,1034,72,86,7174,115,41,157,7327,364,10,7699,605,81,82,12,787,16,3,15,802,23,0,829,188,40,4,179,410,12,3,18,425,48,16,490,15295,2032,243,356,17921,364,112,475,18387,1012,40,19445,389,109,9,18,520,80,3,81,599,71,0,671,622,130,3,24,771,82,22,103,874,69,0,944,1010,232,9,40,1297,158,26,183,1478,135,4,1613,16303,2264,252,389,19213,519,137,656,19866,1146,48,21062,8044,1746,137,304,10236,467,98,561,10794,2669,63,13524,82,11,0,47,144,0,4,9,146,32,143,324,24427,4028,392,744,29592,984,233,1224,30810,3847,254,34910
CED109,814,18,0,17,825,95,3,925,6303,589,70,47,7010,97,19,115,7119,288,4,7409,9785,828,113,98,10820,87,15,99,10920,253,7,11180,852,62,102,13,1026,7,0,7,1032,25,4,1057,132,17,0,103,249,4,0,4,259,3,8,262,17071,1496,282,260,19107,186,31,222,19332,564,20,19912,100,17,0,0,116,16,3,19,135,16,0,147,317,42,5,19,383,13,5,21,406,9,0,419,417,55,5,19,498,34,8,42,537,27,0,563,17485,1551,291,284,19610,220,41,258,19871,594,17,20480,4034,478,66,101,4681,89,10,103,4781,391,3,5176,27,3,4,3,35,3,0,3,36,0,46,80,21554,2028,358,385,24321,308,53,366,24684,982,68,25737
CED110,106,3,0,0,104,36,0,143,4377,734,55,37,5192,75,41,120,5315,389,3,5711,6227,1307,113,81,7717,133,34,171,7889,475,19,8381,443,86,103,3,639,8,8,14,654,19,0,683,91,12,3,77,185,0,0,0,184,17,5,205,11139,2133,273,193,13738,223,89,310,14047,904,33,14984,100,47,0,5,150,49,7,60,205,32,0,238,251,32,10,4,297,47,13,58,354,20,0,376,351,80,10,10,448,102,14,113,560,55,0,616,11491,2210,278,199,14180,323,105,425,14610,958,33,15598,2991,725,103,107,3924,213,46,262,4189,1060,26,5277,24,3,0,17,49,0,0,0,49,3,56,107,14506,2942,386,326,18156,536,150,689,18842,2023,114,20977
CED111,650,13,8,22,675,101,4,780,5277,666,84,30,6060,92,46,135,6199,356,3,6559,9463,1013,108,67,10647,95,27,121,10767,298,7,11081,813,109,120,17,1056,12,4,15,1071,32,0,1105,64,4,0,73,144,8,0,8,146,7,7,167,15618,1795,312,182,17910,200,77,281,18193,695,23,18905,127,22,3,5,163,19,3,25,187,38,0,224,387,56,5,6,457,31,9,46,505,29,0,531,517,75,8,13,620,55,20,74,692,62,0,757,16138,1873,322,196,18528,259,93,355,18879,760,23,19666,3923,582,105,109,4724,155,77,228,4952,1155,16,6121,27,0,0,17,47,3,0,3,51,0,45,94,20086,2463,433,320,23294,413,172,586,23882,1916,85,25881
CED112,418,6,3,14,433,60,0,486,5046,666,82,45,5840,98,22,122,5962,371,14,6349,8771,887,134,60,9863,130,32,161,10021,373,7,10402,771,97,112,7,991,22,8,25,1015,36,0,1048,110,12,3,91,212,9,0,15,227,10,9,246,14702,1660,334,209,16901,260,62,320,17222,798,29,18050,161,26,0,3,191,21,6,24,217,15,0,231,449,47,9,6,512,21,3,28,536,35,0,572,607,74,10,8,700,39,8,50,752,48,0,801,15311,1732,346,212,17600,299,69,369,17971,845,29,18849,4369,646,144,104,5265,164,43,211,5471,832,11,6309,16,3,0,10,40,0,0,0,40,4,36,79,19696,2380,484,333,22903,465,116,581,23481,1684,78,25238
CED113,247,3,0,3,251,22,0,275,6753,719,109,53,7640,76,21,91,7730,376,0,8113,7301,960,130,84,8468,61,19,87,8553,289,13,8859,792,102,151,4,1052,5,5,14,1065,25,7,1088,141,5,3,126,281,0,0,0,281,13,7,300,14981,1793,394,275,17441,143,44,192,17631,701,23,18358,116,12,4,8,138,16,3,22,162,14,0,173,188,37,3,10,235,9,13,25,256,4,0,264,301,54,7,15,371,28,18,42,413,23,0,439,15280,1842,403,284,17814,173,65,233,18048,720,23,18796,3105,445,116,110,3772,133,25,156,3930,646,8,4576,30,14,0,13,61,0,0,0,61,0,52,112,18418,2300,518,409,21644,302,89,391,22041,1365,89,23485
CED114,143,3,0,4,144,19,0,160,5504,515,111,67,6191,56,15,72,6265,317,10,6596,9520,891,149,90,10649,96,33,126,10773,324,13,11112,786,86,128,7,1004,0,0,3,1010,8,0,1015,107,16,4,118,242,0,0,0,242,18,9,267,15915,1506,386,273,18086,150,52,204,18288,671,29,18993,106,21,3,3,135,49,4,48,184,21,0,206,267,34,10,13,317,19,14,35,356,10,4,370,367,56,8,23,455,70,17,85,538,32,4,575,16289,1561,399,295,18539,221,69,287,18826,701,32,19562,4021,574,93,131,4815,189,33,229,5045,909,29,5980,53,10,0,20,80,0,0,0,84,10,72,172,20361,2147,491,440,23445,408,106,514,23953,1622,136,25709
CED115,992,39,27,64,1063,369,11,1439,4746,523,19,50,5344,145,58,204,5549,578,15,6136,4035,1070,46,71,5218,147,60,202,5422,493,13,5927,305,51,53,7,417,8,3,14,428,32,0,455,101,19,0,147,263,11,5,15,283,38,3,320,9191,1666,121,273,11245,306,124,432,11675,1138,30,12844,200,75,10,11,304,97,20,116,421,61,0,475,355,191,0,9,559,93,85,174,736,113,0,851,558,267,13,24,859,191,108,297,1157,172,0,1331,9745,1930,131,302,12105,493,229,723,12831,1316,33,14175,6502,2407,177,378,9468,523,218,743,10211,4903,54,15168,49,13,3,59,122,7,0,7,134,26,218,379,16299,4351,304,744,21702,1029,450,1479,23176,6245,302,29723
CED116,179,3,0,3,183,42,0,224,3652,598,86,18,4352,62,13,74,4430,325,3,4757,6557,1143,115,45,7859,104,52,155,8018,414,26,8457,535,70,82,3,686,18,3,24,711,54,3,765,65,5,3,101,169,0,0,0,172,9,0,177,10806,1809,284,169,13066,187,72,256,13324,795,28,14147,93,21,0,4,117,37,3,38,159,21,0,180,225,48,9,10,298,33,10,34,333,32,0,369,320,73,9,16,417,68,8,74,494,50,0,548,11124,1883,297,183,13483,252,80,335,13820,854,28,14701,2963,630,76,115,3779,184,31,215,3992,836,17,4844,29,7,0,6,44,3,0,3,46,3,52,110,14122,2512,366,304,17307,438,110,552,17855,1695,95,19646
CED117,436,11,7,14,449,68,0,518,6152,808,66,29,7055,129,25,153,7203,356,8,7577,6668,758,38,33,7505,92,29,125,7624,190,20,7835,920,79,121,9,1128,10,0,10,1138,26,0,1164,62,0,0,57,126,0,0,0,128,15,9,150,13807,1655,224,134,15815,233,56,290,16102,588,35,16722,147,18,3,6,175,23,0,21,195,8,0,210,291,44,3,3,342,15,4,18,362,11,0,371,438,64,6,8,517,36,3,40,559,20,0,582,14242,1726,231,141,16337,266,62,329,16660,608,35,17300,3079,390,47,73,3592,75,23,96,3693,370,6,4070,18,4,0,12,31,0,0,0,31,0,33,64,17340,2121,276,222,19955,341,84,427,20383,979,78,21439
CED118,960,32,7,44,1001,120,8,1130,11480,912,93,117,12601,268,37,307,12904,481,9,13399,10340,1039,129,115,11629,165,40,205,11835,272,10,12116,1026,108,125,19,1267,12,0,12,1283,33,0,1320,183,22,3,161,367,9,0,9,380,14,24,414,23025,2078,348,410,25863,461,79,536,26404,800,40,27242,534,62,11,4,614,85,10,89,703,33,0,744,687,86,0,4,781,43,20,56,838,37,3,875,1222,149,11,13,1392,125,26,147,1546,68,3,1619,24248,2233,359,424,27262,584,105,686,27948,864,48,28859,7812,1053,140,222,9234,240,59,304,9533,1044,32,10613,34,7,0,53,94,0,0,0,94,8,107,208,32093,3288,500,703,36584,823,163,991,37572,1917,182,39679
CED119,919,16,6,20,942,100,0,1039,8162,668,87,60,8978,117,25,142,9118,297,8,9420,12964,879,106,101,14047,112,25,134,14182,217,6,14404,1092,95,123,3,1312,18,3,17,1336,28,0,1363,84,5,0,111,203,0,0,0,203,5,3,214,22308,1643,315,276,24543,245,52,298,24842,542,14,25399,147,16,0,6,166,13,0,15,180,13,0,192,378,27,3,0,407,8,0,8,416,12,0,427,523,38,3,3,569,22,0,24,599,26,0,624,22828,1686,319,281,25113,273,56,323,25439,571,14,26024,4763,395,99,97,5356,83,21,103,5455,413,5,5875,30,0,0,12,40,0,0,0,40,0,36,81,27622,2077,413,391,30508,356,77,431,30937,984,57,31972
CED120,475,10,3,12,491,40,0,529,7379,583,87,64,8110,80,16,91,8203,295,12,8511,10241,882,167,100,11387,107,21,130,11525,244,12,11779,990,79,144,7,1223,8,0,4,1231,36,0,1266,114,18,3,144,283,3,0,3,285,11,3,302,18722,1565,403,313,21003,193,45,232,21234,593,29,21853,205,23,0,0,226,21,6,25,250,18,0,269,385,47,16,14,458,15,9,21,477,31,0,508,592,67,16,15,681,27,19,47,730,47,0,778,19312,1635,416,323,21687,220,61,282,21967,641,31,22632,4898,511,138,137,5678,110,25,136,5818,631,23,6470,42,9,0,25,75,0,0,0,75,4,50,128,24253,2151,548,483,27439,338,82,420,27860,1273,105,29235
CED121,272,11,4,13,286,40,0,327,4800,482,76,46,5406,120,28,150,5554,332,4,5889,8608,924,143,87,9759,127,11,138,9895,341,16,10254,761,86,113,16,975,15,3,15,995,31,0,1024,101,13,0,111,222,3,0,3,224,12,9,247,14269,1505,332,258,16360,265,38,304,16666,722,27,17417,122,33,0,11,171,60,3,59,233,31,0,258,354,67,7,19,448,42,3,50,497,26,0,524,479,105,7,31,620,101,8,108,727,55,0,782,14750,1602,334,292,16980,361,44,413,17394,772,27,18197,4751,599,137,134,5621,289,32,327,5945,961,7,6915,42,4,3,12,66,0,0,0,66,0,55,125,19541,2213,473,435,22667,652,82,736,23405,1737,91,25235
CED122,730,16,4,24,749,109,0,856,7128,747,70,37,7981,143,35,178,8165,407,4,8578,7973,959,88,63,9083,96,30,122,9206,235,13,9452,912,65,137,11,1121,9,0,8,1128,16,3,1153,94,16,0,105,211,0,0,3,214,4,6,230,16105,1788,296,210,18404,254,66,316,18715,669,28,19410,183,10,3,3,194,35,4,39,231,11,0,242,371,49,0,3,432,23,11,32,463,18,0,477,552,61,7,8,628,53,17,71,695,24,0,724,16657,1847,298,218,19030,302,85,387,19411,690,32,20135,4034,564,88,60,4744,106,40,144,4883,682,16,5586,15,3,0,20,43,0,0,0,43,6,38,85,20710,2415,387,297,23814,408,121,530,24340,1383,88,25803
CED123,567,13,3,16,587,77,0,662,7814,596,99,60,8566,112,33,149,8715,409,9,9138,9146,780,86,78,10090,103,10,107,10202,295,5,10493,1053,91,118,7,1261,18,3,18,1279,17,0,1299,129,11,4,122,267,3,4,9,274,17,18,314,18133,1473,308,271,20189,233,49,287,20471,742,28,21244,239,36,3,7,285,48,4,58,340,24,0,371,474,74,7,3,556,34,6,36,598,31,0,624,714,107,13,12,845,87,12,94,936,55,0,993,18850,1584,316,281,21030,321,59,381,21410,797,28,22235,6270,759,126,201,7357,224,25,254,7607,945,24,8583,42,4,0,42,86,0,0,0,86,7,79,172,25158,2348,447,520,28469,547,88,632,29106,1746,136,30986
CED124,152,0,0,0,156,19,0,174,3841,575,80,43,4530,60,19,81,4608,338,3,4949,6023,1075,136,69,7297,133,31,170,7464,415,0,7886,400,77,85,6,572,7,3,14,584,29,0,606,73,5,0,96,178,10,0,10,192,15,0,203,10337,1728,306,211,12581,223,50,271,12849,789,8,13645,70,30,8,10,117,47,0,47,167,38,0,201,256,47,9,5,307,26,8,31,344,24,3,365,322,78,16,14,426,74,10,79,511,58,3,574,10662,1805,319,223,13009,292,58,350,13359,847,8,14215,2807,620,121,126,3670,230,50,285,3957,1072,14,5042,37,7,0,4,50,0,0,0,54,5,57,114,13507,2432,440,350,16735,528,115,635,17371,1926,80,19375
CED125,721,18,7,27,744,130,6,879,7279,725,98,60,8167,154,43,203,8370,551,6,8928,7576,942,81,78,8679,90,36,128,8809,372,10,9185,838,74,144,15,1070,9,3,13,1083,32,0,1115,127,28,3,148,308,12,0,13,323,31,6,363,15830,1769,327,309,18233,261,85,345,18581,988,26,19588,309,56,0,7,373,45,3,50,426,37,0,466,526,78,3,30,639,52,13,65,700,41,5,748,837,132,3,39,1014,101,13,114,1129,80,5,1214,16664,1903,331,346,19245,360,98,464,19709,1072,25,20799,6912,1233,137,258,8545,310,107,423,8966,1772,28,10766,40,0,0,16,59,6,0,6,65,16,106,195,23616,3141,471,625,27847,684,208,891,28736,2859,163,31764
CED126,757,16,5,25,775,61,4,839,7607,741,67,30,8440,95,16,112,8554,363,12,8926,12214,1085,126,55,13490,135,11,147,13628,238,5,13875,795,78,122,11,999,4,0,4,1002,20,0,1023,123,16,0,120,259,0,0,0,260,12,7,276,20734,1914,313,221,23185,233,28,258,23448,630,23,24097,106,19,0,0,127,28,0,30,154,7,0,164,384,19,9,15,431,8,7,18,445,12,0,455,489,42,6,14,556,36,10,42,604,24,0,621,21230,1961,320,235,23747,272,33,304,24051,653,23,24725,4322,424,82,94,4921,84,18,101,5016,376,9,5399,14,3,0,17,39,0,0,0,39,3,53,91,25566,2385,401,344,28699,353,47,399,29101,1026,80,30216
CED127,490,12,3,15,504,60,0,562,5979,701,83,31,6791,57,27,85,6875,369,0,7242,8937,998,103,81,10120,72,22,97,10215,249,11,10477,773,49,99,11,933,7,0,7,936,32,6,972,85,9,6,77,180,0,4,4,183,12,3,199,15774,1757,283,204,18023,139,51,191,18218,656,20,18896,92,20,10,0,121,13,0,13,139,18,0,155,343,27,6,12,391,9,3,12,399,25,0,427,438,48,16,14,513,23,3,24,538,42,0,582,16213,1809,303,216,18533,160,53,221,18752,702,20,19474,4505,501,91,113,5214,82,15,103,5310,494,10,5818,26,14,0,17,58,0,0,0,58,10,32,103,20741,2322,388,348,23805,251,74,316,24121,1204,70,25390
CED128,859,32,23,52,912,393,6,1309,5997,635,62,56,6751,153,39,201,6946,483,6,7436,6205,912,75,91,7282,89,40,131,7412,392,16,7815,599,80,70,6,748,17,0,17,764,28,0,796,124,22,0,148,301,12,9,16,318,43,16,378,12922,1651,207,300,15078,272,91,359,15439,943,44,16427,240,65,10,3,316,62,9,73,392,63,0,456,420,103,3,22,552,57,47,99,653,102,0,755,654,172,12,27,869,117,54,177,1039,171,0,1211,13579,1822,217,325,15949,391,148,537,16483,1111,47,17637,7200,2406,135,405,10148,507,295,800,10945,4842,84,15872,31,16,0,46,92,9,0,10,99,26,183,309,20810,4249,355,780,26185,899,444,1342,27534,5979,315,33820
CED129,1182,55,13,62,1250,121,3,1371,10919,842,94,54,11911,240,43,279,12187,527,7,12716,12156,1113,99,83,13446,199,21,219,13667,215,7,13889,889,90,109,6,1095,13,0,13,1108,30,0,1135,158,11,0,130,307,3,3,3,312,13,18,336,24129,2054,299,276,26761,453,58,511,27269,778,32,28075,299,21,3,0,318,37,0,40,361,24,0,384,607,64,8,6,682,33,11,43,724,19,0,748,900,83,14,6,1006,78,12,89,1093,44,0,1135,25024,2141,308,283,27762,524,74,597,28359,817,31,29209,6712,665,82,149,7602,185,38,222,7824,529,14,8361,32,10,0,28,68,0,0,3,70,0,41,113,31772,2811,395,455,35432,712,107,822,36251,1350,88,37682
CED130,80,0,0,0,84,15,0,96,5488,594,65,44,6185,90,27,112,6305,302,0,6604,7028,907,128,82,8140,96,24,118,8258,266,18,8537,601,75,105,4,787,12,0,12,798,19,0,817,106,12,3,129,247,8,0,8,248,27,6,281,13217,1588,296,256,15362,197,54,248,15608,607,16,16240,105,26,3,8,138,70,0,70,207,33,0,244,220,44,4,15,282,29,6,30,312,37,0,352,325,70,6,21,422,99,7,101,522,74,0,596,13540,1662,307,272,15779,292,55,353,16129,679,16,16830,3413,596,87,133,4222,186,50,241,4464,1055,17,5535,46,8,0,9,62,0,0,0,59,12,55,124,17003,2263,393,411,20063,479,113,592,20655,1753,90,22495
CED131,433,14,4,19,449,81,0,526,4641,637,76,28,5385,132,25,159,5539,362,3,5908,8786,990,84,62,9927,130,29,160,10086,294,0,10387,826,101,88,5,1025,12,4,19,1043,33,3,1081,75,11,0,82,177,6,0,6,175,12,6,198,14328,1745,254,181,16507,280,61,341,16851,710,15,17569,140,27,0,0,171,25,3,25,201,14,0,216,286,50,5,5,345,34,12,42,388,35,0,428,426,77,9,5,521,57,20,72,589,45,0,641,14754,1829,261,184,17026,340,75,411,17438,755,13,18210,3162,438,90,87,3776,137,49,187,3964,737,10,4709,21,7,0,13,40,0,0,0,40,22,34,102,17938,2275,348,285,20848,480,124,601,21450,1517,54,23015
CED132,850,18,10,28,878,113,3,996,7406,718,56,26,8209,224,50,274,8480,462,3,8945,8257,755,63,57,9137,116,15,137,9274,217,11,9500,1049,75,109,3,1237,17,0,17,1259,26,0,1287,97,18,7,91,206,7,3,8,214,8,3,228,16803,1566,239,175,18789,367,69,435,19225,714,17,19954,260,22,0,9,289,48,0,48,336,5,0,342,424,36,3,4,468,28,7,38,504,21,0,522,681,59,3,14,757,72,7,83,840,28,0,866,17486,1625,239,190,19539,436,82,521,20062,741,17,20814,5455,496,86,82,6118,126,19,145,6267,434,11,6709,21,3,0,10,39,0,0,0,39,0,28,67,22966,2122,330,276,25701,561,100,664,26362,1173,57,27586
CED133,101,6,0,8,111,14,0,125,4418,732,50,47,5237,86,40,128,5367,344,3,5711,6398,1354,115,88,7949,126,40,168,8112,466,13,8588,494,122,87,9,706,10,3,12,724,42,4,763,94,15,4,104,214,15,3,16,231,35,7,278,11399,2218,248,236,14107,237,88,326,14439,883,21,15342,120,37,3,0,162,69,9,70,235,43,3,279,236,56,12,10,313,46,14,61,370,41,3,411,355,96,13,12,474,109,25,130,603,89,3,695,11754,2311,260,249,14581,346,109,458,15040,971,28,16034,3393,845,96,96,4434,208,48,264,4696,1160,15,5862,21,14,3,5,55,3,0,4,55,8,61,126,15175,3174,364,353,19063,562,164,727,19789,2136,103,22025
CED134,60,0,0,0,64,8,6,71,5410,423,54,29,5917,71,9,82,5994,308,6,6310,6962,653,102,94,7815,106,26,128,7944,251,11,8203,717,70,111,17,915,14,3,20,931,11,0,941,120,11,5,149,287,9,4,7,294,23,5,320,13216,1157,271,285,14933,193,48,241,15170,597,23,15781,125,28,3,3,165,59,13,67,231,37,0,268,171,15,9,10,209,19,7,29,230,28,3,260,295,47,9,11,365,75,22,99,463,66,3,532,13513,1208,283,295,15300,267,69,335,15635,656,26,16317,3392,353,137,140,4025,278,39,317,4348,1009,27,5379,49,0,3,0,60,0,0,0,60,0,94,151,16956,1563,430,440,19383,548,104,652,20041,1668,139,21844
CED135,872,37,15,52,922,205,6,1132,7459,888,62,64,8467,253,67,318,8785,552,0,9342,6590,1219,75,73,7955,151,36,189,8141,373,14,8527,751,99,93,10,952,14,4,18,969,29,0,998,128,12,3,141,288,5,0,3,291,26,14,334,14925,2218,229,284,17664,425,109,528,18190,983,24,19207,695,102,5,11,816,117,9,126,944,51,0,997,745,156,13,18,932,74,30,102,1035,55,0,1089,1437,258,17,34,1745,194,37,235,1974,106,0,2085,16363,2474,250,319,19405,618,147,761,20169,1093,30,21287,8400,2102,168,326,10996,430,132,562,11557,2354,53,13962,61,11,0,86,159,0,0,0,161,6,134,299,24827,4590,423,734,30567,1043,280,1322,31891,3450,213,35555
CED136,295,8,3,8,303,52,0,357,4913,494,90,37,5535,110,31,139,5671,333,4,6011,8354,914,146,60,9478,142,25,166,9639,327,12,9984,723,55,106,4,896,18,6,23,915,33,0,950,90,3,0,99,196,4,0,4,203,8,6,214,14081,1475,347,199,16096,272,60,331,16433,706,24,17163,184,38,3,6,239,46,7,50,293,20,0,315,497,71,4,12,578,36,13,50,628,52,6,678,681,110,11,21,816,83,16,97,914,69,6,994,14758,1583,354,217,16917,360,74,434,17347,776,33,18158,4622,674,139,104,5541,267,71,336,5879,870,14,6763,31,6,0,17,51,0,0,0,53,12,37,96,19420,2265,495,331,22506,628,143,774,23279,1652,83,25012
CED137,1031,34,16,46,1074,125,3,1205,7529,758,65,53,8405,188,42,233,8640,444,3,9087,7388,1060,65,75,8593,138,27,166,8759,280,4,9042,851,84,80,7,1030,8,0,13,1037,31,0,1065,111,18,6,97,228,3,0,3,227,31,3,268,15879,1922,216,231,18253,335,73,406,18661,789,12,19469,246,27,4,3,275,45,0,45,328,26,0,347,399,57,6,10,472,47,25,69,537,22,0,566,643,84,7,11,748,90,25,117,862,45,0,912,16519,2013,225,247,19005,422,96,520,19522,841,15,20380,5518,1001,107,149,6777,183,64,242,7027,1010,30,8062,9,8,0,40,60,0,0,0,60,4,40,100,22048,3018,332,435,25841,602,160,771,26610,1854,86,28544
CED138,187,9,0,9,193,33,0,232,3784,762,59,41,4641,86,27,113,4754,268,4,5018,6770,1552,118,83,8527,118,40,160,8687,414,9,9105,454,86,105,5,650,13,3,14,668,19,0,687,96,14,3,100,213,11,0,8,223,11,7,238,11099,2412,284,229,14033,221,70,292,14323,713,16,15059,94,37,0,0,134,31,0,28,159,17,0,177,254,68,5,14,336,23,10,31,363,23,0,390,346,105,5,14,467,52,6,62,525,41,0,565,11443,2522,296,243,14501,276,75,351,14855,751,16,15622,2986,804,104,86,3982,160,23,186,4170,760,6,4932,29,7,0,12,44,0,0,0,44,4,60,113,14455,3332,401,337,18529,440,99,539,19069,1513,80,20665
CED139,149,0,0,3,147,14,0,165,5876,610,73,48,6611,82,32,117,6725,334,5,7065,8522,847,101,70,9543,74,22,96,9644,280,11,9933,798,86,102,10,995,7,0,7,1004,31,0,1036,95,14,4,123,236,3,3,3,242,8,4,259,15295,1552,282,258,17389,172,58,231,17614,655,20,18293,144,32,0,6,179,36,0,36,218,34,4,257,247,46,4,7,305,16,10,23,328,10,3,344,387,74,8,15,487,54,8,62,549,43,8,596,15689,1629,289,274,17875,225,67,290,18161,698,31,18890,3674,455,98,109,4337,236,44,287,4623,1025,20,5664,28,3,0,16,46,0,3,3,51,5,39,100,19385,2086,387,403,22263,460,115,576,22835,1730,88,24656
CED140,467,9,0,16,485,61,3,546,4598,635,62,34,5329,73,25,106,5432,350,3,5788,8247,921,102,62,9338,101,19,120,9455,277,10,9740,650,78,110,11,851,8,4,9,859,34,3,893,99,15,3,91,206,0,0,0,206,15,3,223,13599,1643,273,202,15718,182,46,233,15950,678,19,16648,131,15,5,9,158,12,4,17,173,18,0,188,386,41,6,3,438,27,3,32,468,28,3,500,515,54,10,10,592,45,7,50,643,44,3,692,14113,1697,287,220,16314,221,55,277,16592,722,24,17340,3941,516,133,102,4687,147,21,168,4856,542,5,5408,36,3,3,13,58,0,0,0,58,5,47,108,18090,2218,420,332,21058,370,74,445,21501,1271,79,22855
CED141,478,5,5,10,490,66,0,556,4548,568,57,19,5193,112,25,134,5328,372,13,5714,9105,960,134,85,10281,134,32,171,10454,336,0,10790,714,84,104,8,911,10,5,17,925,25,3,955,89,3,3,56,150,0,0,0,150,9,0,160,14448,1613,306,171,16541,254,68,322,16860,732,19,17617,135,33,0,0,165,19,3,21,190,26,0,210,381,40,5,3,426,27,3,28,455,25,0,477,513,67,5,4,594,42,3,48,643,44,0,692,14970,1685,304,175,17131,301,73,368,17498,779,19,18305,3385,405,93,73,3960,143,17,164,4125,724,26,4877,24,7,3,10,43,0,0,0,43,3,36,76,18376,2093,403,255,21133,444,92,532,21667,1502,83,23257
CED142,200,7,5,11,213,40,0,251,2888,332,27,22,3273,99,27,129,3404,231,3,3635,2824,419,39,22,3302,38,12,53,3352,150,0,3499,547,56,64,8,675,17,0,17,694,19,0,718,38,3,0,55,94,3,0,7,101,4,0,102,6293,815,134,108,7349,163,41,201,7550,399,6,7957,77,7,4,3,94,13,0,13,106,12,0,114,150,26,0,7,185,10,4,16,198,13,0,218,228,36,4,8,273,27,4,29,304,21,0,324,6523,850,140,115,7623,188,43,231,7852,424,6,8284,1898,303,56,15,2268,57,21,78,2351,388,3,2743,10,0,0,10,24,0,0,0,24,0,17,46,8429,1151,191,146,9917,243,64,309,10224,809,32,11064
CED143,713,18,12,28,740,62,0,811,6528,717,51,35,7339,163,54,224,7558,407,3,7964,10014,858,75,76,11019,142,25,171,11189,239,5,11432,903,81,102,3,1088,7,0,7,1091,19,0,1106,101,5,3,81,192,0,0,0,192,10,10,214,17548,1658,232,189,19633,313,85,396,20034,668,22,20718,136,10,0,6,153,13,3,21,170,11,0,180,424,42,6,6,476,22,7,28,503,13,0,514,562,51,6,14,630,33,12,48,673,22,0,694,18109,1709,237,200,20268,345,97,440,20702,692,22,21414,5670,480,99,82,6338,117,17,129,6470,360,3,6826,30,4,3,5,50,0,0,0,50,0,24,78,23816,2195,340,292,26645,459,113,573,27222,1052,48,28313
CED144,1072,25,13,37,1115,276,11,1396,5456,792,48,65,6364,169,49,212,6575,574,12,7172,6102,1392,83,74,7649,122,54,180,7822,520,15,8364,516,91,88,17,711,20,0,18,726,41,4,769,122,34,3,159,315,3,7,11,328,40,24,387,12187,2313,216,320,15034,314,106,421,15454,1173,58,16689,217,87,3,8,318,82,3,87,406,40,3,448,480,209,9,28,722,74,33,110,828,83,3,908,698,295,13,34,1038,156,36,197,1235,122,4,1362,12885,2608,231,359,16072,468,141,611,16688,1300,65,18050,8568,3302,231,518,12621,675,218,886,13511,3479,111,17104,59,41,0,66,162,3,0,3,167,35,168,362,21513,5953,467,939,28863,1145,361,1509,30365,4814,337,35513
CED145,665,11,0,19,682,75,0,757,5300,543,32,29,5901,123,34,154,6058,277,8,6347,6948,694,45,50,7737,83,16,99,7838,156,6,7997,713,62,80,3,867,9,0,9,869,27,0,901,87,5,0,82,182,0,0,0,183,3,7,197,13053,1310,153,164,14684,217,50,266,14944,476,20,15441,105,14,3,9,124,7,3,16,141,7,0,149,254,27,0,0,285,20,0,18,305,8,0,311,359,37,4,7,408,24,5,32,443,17,0,461,13416,1346,161,171,15090,247,51,293,15389,490,20,15900,4280,372,53,83,4791,94,12,109,4902,340,0,5237,20,0,0,22,44,0,0,0,44,0,22,71,17722,1716,212,279,19929,343,65,408,20334,832,45,21204
CED146,1115,35,27,61,1177,322,8,1501,8286,834,107,56,9283,183,61,247,9527,618,18,10162,7312,1314,98,90,8813,140,42,182,8997,466,12,9476,652,49,92,10,805,9,3,9,818,32,0,854,171,35,3,199,409,10,0,11,418,33,13,468,16421,2228,305,356,19312,343,108,454,19765,1149,40,20957,330,79,3,10,416,73,13,91,503,53,0,554,549,138,3,9,693,56,41,99,789,91,3,882,875,214,4,15,1114,128,56,186,1299,144,3,1437,17300,2443,312,370,20427,475,158,634,21062,1293,44,22395,8108,2474,158,446,11192,464,187,650,11839,4125,59,16023,30,22,0,39,94,8,3,5,105,28,182,314,25440,4941,469,856,31711,942,348,1288,33000,5444,285,38727
CED147,376,3,3,9,382,63,0,449,4880,595,76,29,5576,89,36,123,5698,342,3,6052,9004,967,153,93,10222,116,20,136,10358,365,10,10734,737,68,128,8,934,14,0,14,953,26,0,975,63,6,5,69,146,0,0,3,148,10,6,165,14682,1638,358,204,16879,219,61,278,17159,750,22,17920,174,29,4,7,213,20,3,24,240,18,0,255,428,41,4,7,476,28,3,34,509,19,3,535,600,74,8,11,689,48,12,56,750,37,3,793,15289,1709,365,208,17570,266,68,337,17903,788,24,18716,4513,725,104,111,5458,136,51,184,5643,922,13,6575,26,9,3,3,41,0,0,0,41,9,47,90,19824,2445,466,326,23072,404,119,520,23584,1716,78,25378
CED194,0,0,0,0,0,0,0,0,0,0,0,0,0,0,0,0,0,0,0,0,0,0,0,0,0,0,0,0,0,0,0,0,0,0,0,0,0,0,0,0,0,0,0,0,0,0,0,0,0,0,0,0,0,0,0,0,0,0,0,0,0,0,0,0,0,0,0,0,0,0,0,0,0,0,0,0,0,0,0,0,0,0,0,0,0,0,0,0,0,0,0,0,0,0,0,0,0,0,0,0,0,0,0,0,0,0,0,0,0,0,0,0,0,0,0,0,0,0,0,0,0,0,0,0,0,0,0,0,0,0,0,0,0,0,0,0,0,0,0,0,0,0,0,0,0,0,0,0,0,0,0,0
CED197,0,0,0,0,0,0,0,0,0,0,0,0,0,0,0,0,0,0,0,0,0,0,0,0,0,0,0,0,0,0,0,0,0,0,0,0,0,0,0,0,0,0,0,0,0,0,0,0,0,0,0,0,0,0,0,0,0,0,0,0,0,0,0,0,0,0,0,0,0,0,0,0,0,0,0,0,0,0,0,0,0,0,0,0,0,0,0,0,0,0,0,0,0,0,0,0,0,0,0,0,0,0,0,0,0,0,0,0,0,0,0,0,0,0,0,0,0,0,0,0,0,0,0,0,0,0,0,0,0,0,0,0,0,0,0,0,0,0,0,0,0,0,0,0,0,0,0,0,0,0,0,0
CED201,1041,22,3,28,1070,138,5,1214,5332,556,64,68,6008,151,48,199,6208,361,0,6570,9261,980,98,58,10389,151,35,180,10570,309,10,10892,734,59,89,4,889,8,0,11,896,29,0,924,88,14,0,70,166,6,0,6,177,12,15,207,15410,1597,249,197,17454,311,80,389,17849,707,30,18583,146,33,3,4,192,35,3,35,226,22,3,257,469,56,4,12,545,19,14,33,585,26,0,605,616,96,10,14,738,53,15,70,812,50,3,861,16031,1694,258,209,18195,364,96,465,18656,758,28,19447,4993,651,108,94,5850,150,41,194,6041,631,6,6672,18,5,0,19,43,0,0,0,43,0,44,90,21040,2351,365,326,24082,519,136,655,24738,1386,81,26209
CED202,363,3,3,3,373,49,3,422,4546,641,58,44,5296,83,35,124,5414,308,10,5736,9723,1111,125,61,11019,126,32,158,11172,357,3,11535,751,93,111,16,968,13,4,16,983,33,3,1018,92,13,7,109,214,3,0,3,216,19,3,238,15116,1856,298,232,17492,227,69,297,17790,718,25,18530,133,22,0,3,162,29,3,31,193,18,0,213,323,33,3,11,367,7,10,13,386,35,0,426,453,57,9,11,532,40,11,46,577,58,0,637,15566,1913,303,244,18021,260,80,343,18367,779,25,19162,4467,609,134,117,5325,218,28,249,5572,792,14,6381,17,4,6,8,33,0,3,3,34,3,37,76,20051,2527,441,364,23380,482,116,596,23971,1570,78,25616
CED203,681,17,13,28,711,119,0,837,4404,797,61,40,5301,118,34,151,5456,389,6,5849,8237,1277,76,57,9649,122,51,173,9827,328,9,10166,691,117,78,11,897,14,0,17,910,24,0,931,89,16,0,113,222,4,0,6,226,10,0,235,13414,2216,217,221,16063,258,87,348,16415,750,17,17184,165,42,3,9,221,63,10,70,284,3,0,290,392,72,3,7,473,32,26,54,529,15,0,544,562,110,3,14,687,93,32,123,817,21,0,839,13970,2322,221,236,16754,358,123,477,17233,774,17,18022,4026,809,115,130,5083,215,85,302,5387,1361,15,6760,28,0,0,15,49,3,0,3,52,7,54,113,18031,3137,336,383,21888,570,207,779,22670,2137,85,24890
CED204,286,7,3,9,292,26,0,314,4122,640,76,39,4876,84,34,118,4992,298,9,5301,8827,1269,178,94,10367,91,20,110,10472,325,11,10810,728,141,107,16,992,13,0,13,1001,15,0,1017,107,9,0,89,202,3,0,3,200,12,3,220,13779,2062,355,235,16432,183,54,239,16670,646,25,17342,128,27,0,6,159,23,0,23,175,16,0,192,340,36,3,7,376,23,19,34,410,35,0,449,463,60,3,9,530,42,19,57,592,43,0,637,14241,2119,362,249,16962,223,69,293,17261,694,25,17978,4134,655,113,99,5005,164,50,219,5223,770,12,6004,30,6,3,3,46,0,0,0,44,3,29,83,18404,2781,476,348,22013,391,120,514,22527,1463,69,24061
CED205,1067,51,15,65,1129,243,3,1374,5571,769,54,34,6426,208,26,236,6664,484,8,7148,6345,1234,49,76,7703,167,54,224,7925,322,8,8258,411,66,62,0,546,10,0,16,558,33,0,591,106,36,3,104,249,6,0,8,260,24,3,283,12432,2108,165,221,14922,391,86,484,15410,858,23,16288,361,63,3,3,430,114,15,125,557,61,0,614,502,92,11,17,617,64,53,118,736,36,0,769,859,150,12,17,1046,183,66,243,1286,96,0,1385,13291,2257,178,236,15971,574,150,726,16693,951,23,17668,5718,1362,131,171,7381,400,118,516,7894,2173,35,10104,27,4,3,31,65,0,0,0,65,16,82,166,19036,3629,312,432,23412,974,270,1243,24654,3146,133,27938
CED206,1173,47,16,62,1241,398,10,1644,5273,749,71,61,6156,195,34,228,6386,529,14,6928,6997,1144,96,79,8317,157,40,194,8513,539,21,9076,522,56,71,0,653,11,0,9,661,28,0,693,136,29,0,171,336,17,0,19,356,54,16,430,12927,1979,239,306,15465,385,71,457,15922,1152,47,17121,254,109,5,3,366,94,4,95,464,65,9,535,486,137,13,20,659,89,34,128,779,85,5,878,734,245,20,25,1020,183,39,224,1249,152,13,1414,13663,2227,262,335,16487,570,110,680,17169,1307,64,18535,7150,2465,190,404,10209,654,231,882,11085,5013,101,16197,44,14,0,43,99,3,3,4,108,29,159,291,20863,4705,445,779,26794,1220,341,1563,28359,6347,319,35024
CED207,593,7,3,13,605,59,0,662,4437,546,80,30,5091,85,16,100,5193,257,6,5454,10495,1003,173,92,11759,102,17,115,11880,286,11,12176,842,49,145,12,1046,3,0,3,1053,17,3,1076,142,14,0,113,277,8,0,8,278,10,5,297,15917,1616,391,253,18170,196,32,230,18398,578,29,19000,103,18,4,4,124,18,0,20,146,9,0,150,414,21,9,4,445,28,0,28,476,23,0,498,511,39,8,6,568,48,0,47,621,27,0,644,16424,1656,397,258,18740,249,28,274,19015,600,29,19645,5326,577,129,115,6145,135,26,163,6306,559,20,6889,36,8,0,12,57,0,4,4,59,3,35,101,21788,2238,527,388,24942,382,59,445,25386,1162,84,26635
CED208,998,39,11,49,1051,141,7,1196,5925,718,52,40,6726,209,38,249,6973,398,0,7373,9038,1123,70,51,10272,163,46,205,10481,357,0,10834,669,68,87,3,829,9,0,15,843,30,0,878,118,9,3,81,208,0,0,0,214,7,0,223,15746,1917,208,177,18043,386,84,467,18508,792,4,19306,218,46,5,0,271,70,7,79,352,22,0,367,427,95,0,5,531,37,37,73,602,43,0,646,650,139,9,9,802,112,41,149,956,61,0,1016,16394,2055,213,182,18845,494,125,616,19459,851,4,20323,4691,684,73,84,5533,202,58,258,5792,680,19,6490,21,3,3,15,42,0,0,0,42,4,43,86,21108,2744,292,275,24421,692,177,875,25290,1537,59,26892
CED209,485,10,3,13,498,42,0,542,4863,717,98,32,5709,88,19,114,5817,308,16,6146,11858,1267,126,99,13351,125,18,141,13493,268,8,13765,923,79,148,15,1162,4,3,7,1171,31,0,1198,134,11,5,104,255,0,3,4,262,4,0,265,17776,2075,377,249,20476,220,45,266,20741,614,28,21381,120,28,0,0,141,11,0,11,155,6,0,160,385,24,4,0,417,20,9,30,448,18,0,468,508,49,4,0,561,30,9,43,601,23,0,633,18280,2127,381,249,21037,251,50,307,21343,636,28,22010,4767,594,130,139,5638,113,17,133,5771,457,4,6232,47,9,5,16,78,0,0,0,78,0,46,121,23096,2728,523,411,26756,363,74,439,27189,1096,80,28367
CED210,440,8,0,6,451,73,3,526,3606,483,57,33,4180,103,27,127,4307,287,10,4601,8167,887,128,67,9250,104,30,133,9382,334,11,9731,715,75,112,12,913,12,0,12,927,33,0,957,61,14,0,84,160,0,0,0,160,9,3,167,12542,1460,292,197,14497,219,55,278,14780,662,25,15459,140,31,3,5,180,37,0,37,215,15,0,238,329,41,9,4,386,34,15,44,429,8,8,444,474,73,12,14,567,70,15,80,652,26,8,685,13017,1532,309,212,15068,292,70,360,15425,690,27,16147,4079,689,129,112,5007,205,62,260,5273,933,12,6217,33,0,0,10,50,0,0,0,50,5,50,102,17133,2221,434,335,20123,496,124,619,20747,1630,94,22464
CED211,915,24,6,28,942,95,3,1038,5189,672,58,41,5962,182,42,223,6181,393,3,6577,10579,1100,113,95,11880,138,34,170,12050,306,0,12352,828,97,101,8,1040,6,3,8,1046,26,3,1074,133,10,0,82,217,5,0,3,226,11,3,233,16727,1884,270,220,19097,323,81,407,19503,729,12,20242,176,57,3,0,236,47,3,56,293,7,0,298,453,68,4,7,531,37,5,43,574,24,0,596,632,124,9,7,769,83,14,95,868,28,0,898,17360,2003,283,223,19868,410,90,501,20366,759,12,21136,5170,624,70,85,5954,194,28,226,6181,732,8,6920,30,3,0,25,52,3,0,3,58,0,36,94,22556,2637,353,333,25878,604,122,731,26602,1488,52,28149
CED212,535,3,4,11,541,70,3,615,4358,570,60,28,5012,73,20,92,5106,297,6,5408,9175,898,72,69,10207,122,13,135,10348,304,14,10663,738,76,125,9,948,11,0,11,956,24,3,984,98,11,0,72,182,6,0,9,192,0,13,203,14360,1551,261,178,16346,213,32,250,16595,633,32,17263,115,21,0,7,135,23,0,23,161,9,0,171,392,36,4,19,451,24,5,31,483,29,0,504,503,50,5,22,581,48,11,57,639,35,0,673,14869,1604,265,198,16930,261,39,302,17237,668,32,17937,4228,500,93,102,4929,125,23,146,5075,603,13,5697,28,7,0,15,49,0,0,0,49,0,24,80,19120,2118,356,314,21915,390,61,448,22364,1268,78,23712
CED213,388,6,3,8,395,32,0,432,4025,527,47,45,4646,72,10,83,4734,248,10,4989,9530,1099,126,102,10856,108,10,120,10972,375,12,11364,647,61,133,4,840,5,0,5,848,23,0,870,123,16,9,116,261,5,3,3,266,21,4,287,14326,1697,312,266,16606,192,24,212,16818,670,27,17509,101,7,0,0,108,13,0,13,126,17,0,144,309,61,8,3,379,36,0,36,417,26,0,437,407,73,8,3,491,52,0,52,540,41,0,577,14735,1769,319,268,17092,240,24,266,17355,713,27,18086,4287,609,93,137,5121,120,14,137,5255,512,15,5784,39,0,0,11,52,0,0,0,52,0,69,126,19064,2371,412,416,22263,359,38,399,22660,1222,110,23997
CED214,748,28,10,38,788,143,0,936,5186,767,74,46,6075,161,53,212,6280,433,4,6722,8082,1099,98,60,9350,140,36,178,9523,357,4,9886,928,124,114,10,1171,6,9,12,1191,41,0,1228,87,32,0,91,210,3,0,3,214,8,10,234,14286,2021,283,214,16807,312,95,403,17211,834,22,18071,215,55,3,5,283,71,4,71,357,44,0,400,354,92,4,5,455,68,21,90,538,40,0,585,566,144,11,15,739,139,21,164,895,83,0,985,14853,2168,294,225,17539,451,119,566,18112,918,22,19053,4880,1062,139,146,6224,301,61,365,6594,1270,28,7889,53,19,0,27,98,0,0,0,98,5,80,186,19783,3249,431,402,23865,752,182,931,24801,2201,137,27129
CED215,143,3,0,3,143,19,3,171,3254,409,60,31,3762,94,34,127,3886,240,11,4141,7220,795,193,85,8289,142,20,165,8456,387,8,8848,609,110,94,11,815,20,0,20,833,30,0,863,89,17,3,82,196,4,0,4,201,15,0,211,11179,1326,346,208,13060,259,58,312,13375,670,14,14060,97,50,6,0,157,35,6,36,195,23,0,217,248,40,9,9,296,42,19,56,358,10,0,369,344,90,11,10,452,71,22,98,548,38,0,583,11520,1416,355,214,13512,326,83,408,13922,706,19,14648,3609,455,110,132,4304,232,47,278,4582,845,6,5432,27,7,0,13,47,3,0,3,47,6,53,108,15153,1882,462,367,17864,565,123,695,18555,1551,78,20187
CED216,1273,24,17,36,1312,142,3,1457,7048,759,61,43,7908,171,34,207,8117,366,17,8495,11670,971,82,75,12803,153,27,183,12984,321,9,13313,753,73,87,3,919,8,3,13,933,24,0,956,132,6,0,89,233,14,0,14,242,3,4,255,19602,1805,235,215,21860,349,57,413,22275,716,34,23020,196,21,3,0,217,44,0,44,259,6,0,266,535,37,3,4,577,21,3,28,606,14,0,622,726,57,5,4,797,62,3,70,869,17,0,888,20336,1863,244,217,22657,415,67,480,23140,733,34,23912,5331,431,69,86,5919,114,19,132,6046,467,15,6526,17,4,0,16,40,0,0,0,40,3,21,61,25677,2301,316,322,28616,532,84,612,29226,1204,71,30501
CED217,931,50,9,59,996,174,6,1175,8535,837,103,86,9560,277,53,337,9891,588,15,10488,10703,1400,120,142,12367,213,43,250,12620,575,16,13215,1055,99,138,13,1308,19,11,31,1341,39,0,1381,171,47,0,253,479,25,4,28,506,30,11,543,20467,2384,364,498,23714,535,106,647,24354,1230,40,25633,429,87,14,26,550,168,15,184,735,43,0,782,748,148,3,27,930,84,59,144,1076,62,8,1146,1176,236,20,52,1481,257,79,328,1811,106,8,1921,21643,2622,386,548,25193,794,180,976,26166,1339,46,27557,9190,1722,250,345,11515,567,103,668,12185,2453,52,14687,62,13,4,57,130,0,5,7,135,7,186,326,30885,4356,639,948,36828,1363,288,1653,38478,3804,287,42572
CED218,1000,18,6,21,1029,112,3,1141,5314,566,26,16,5918,149,34,182,6100,289,3,6386,8389,712,73,71,9241,116,15,130,9375,188,14,9577,673,50,80,6,808,10,3,16,822,21,0,843,120,5,0,67,196,3,0,3,204,7,7,213,14495,1332,185,157,16160,278,55,335,16501,498,28,17027,214,13,0,3,222,31,0,33,255,8,0,269,388,18,0,0,406,16,7,24,433,24,0,454,598,29,0,3,632,48,11,52,685,30,0,719,15098,1357,181,153,16795,324,68,394,17187,530,25,17744,4636,428,55,70,5194,99,28,124,5316,410,12,5737,25,3,0,20,47,0,3,3,47,7,19,73,19755,1788,236,246,22029,418,97,520,22549,943,55,23553
CED219,1065,28,20,48,1115,257,9,1374,8435,1127,82,67,9707,237,68,306,10009,547,13,10573,10374,1629,145,124,12271,247,55,303,12579,547,20,13144,948,120,106,13,1192,14,3,13,1206,39,0,1243,173,48,0,202,430,30,5,40,468,44,17,526,19929,2928,344,406,23599,530,134,666,24262,1171,49,25487,589,100,7,21,723,129,4,137,861,86,6,954,861,135,6,19,1022,86,20,108,1128,65,3,1193,1450,233,10,47,1742,219,26,246,1986,146,7,2143,21381,3159,352,452,25340,750,163,908,26252,1322,60,27638,10418,2197,186,335,13126,550,104,658,13785,2913,63,16759,61,24,0,43,127,4,0,7,135,22,183,344,31861,5375,541,829,38598,1304,263,1574,40171,4260,306,44736
CED220,926,33,12,38,969,154,4,1124,6088,768,46,42,6945,173,40,211,7153,450,5,7606,8610,1035,70,77,9785,175,26,203,9991,336,11,10332,656,82,95,10,842,17,0,19,859,31,0,886,96,10,0,109,215,7,3,7,220,20,18,259,15452,1891,214,234,17783,370,70,438,18222,834,36,19086,233,46,3,6,285,61,4,70,353,34,0,385,434,58,11,6,503,49,21,64,569,24,0,594,662,107,11,10,795,111,21,135,930,56,0,985,16111,1997,221,250,18578,481,89,577,19154,887,33,20074,4782,827,113,139,5862,220,45,273,6132,1461,14,7599,28,9,0,28,63,0,0,0,63,7,54,123,20912,2831,340,416,24501,706,139,842,25344,2352,100,27798
CED221,131,0,0,0,132,20,0,153,4158,539,74,43,4812,31,15,45,4861,275,11,5155,7736,1010,151,79,8977,71,11,82,9061,333,17,9412,618,79,107,12,817,8,0,8,828,19,0,844,130,11,0,111,256,0,0,0,261,5,0,264,12650,1646,333,237,14865,109,27,138,15007,626,33,15671,92,19,10,0,118,24,0,30,142,22,0,168,244,28,4,4,288,22,3,27,311,23,3,337,338,50,10,3,400,49,5,59,461,49,3,507,12982,1695,345,245,15267,158,35,198,15467,672,40,16181,3329,445,130,108,4010,147,19,169,4181,659,6,4851,41,8,0,13,58,4,0,4,65,6,53,123,16354,2145,478,367,19345,310,58,366,19714,1340,105,21153
CED222,856,32,9,39,889,139,0,1032,6408,771,56,37,7273,176,44,213,7489,389,6,7882,9742,1096,91,98,11029,129,23,150,11176,343,9,11529,768,79,149,12,1003,8,0,8,1011,19,3,1034,116,18,3,125,265,7,0,7,271,10,6,287,17040,1965,298,267,19569,315,66,385,19952,757,24,20736,241,43,0,7,297,70,0,70,364,30,3,396,439,47,0,6,495,46,22,65,557,38,0,601,682,95,3,13,786,116,22,139,927,67,3,997,17717,2056,299,282,20359,431,91,524,20883,828,24,21728,5750,831,99,173,6861,239,72,311,7172,1230,23,8421,40,11,0,23,77,0,0,0,82,3,66,155,23515,2903,405,485,27302,676,161,837,28135,2054,113,30301
CED223,1003,18,4,23,1023,115,0,1142,5329,716,63,39,6143,114,36,154,6300,335,0,6633,11322,1013,97,89,12522,126,19,150,12671,286,19,12976,881,133,93,0,1107,16,3,18,1128,16,3,1142,118,6,0,93,227,0,0,0,227,12,3,243,17653,1870,258,230,20004,258,58,316,20320,644,19,20992,171,20,0,0,192,17,4,21,211,6,0,217,377,41,3,4,422,33,3,38,459,21,0,483,544,58,3,4,609,56,3,60,669,30,0,696,18194,1924,255,232,20616,316,66,379,20992,677,19,21687,4549,502,61,97,5213,115,32,144,5356,514,7,5876,39,3,0,20,56,0,0,0,56,6,39,107,22787,2428,317,352,25883,425,91,521,26408,1194,64,27669
CED224,1467,52,10,60,1531,180,4,1710,6429,704,57,38,7234,166,35,203,7438,450,4,7894,9781,979,62,63,10887,147,33,185,11074,309,10,11397,635,79,92,0,801,3,0,3,810,15,0,821,105,19,3,89,211,6,0,6,214,15,12,245,16949,1783,211,194,19134,331,74,400,19540,792,22,20351,148,19,0,0,174,43,3,49,219,15,0,241,386,34,0,3,427,28,13,43,472,20,0,486,542,55,0,3,602,74,11,85,689,34,0,729,17494,1834,214,198,19736,403,89,489,20230,826,29,21081,5041,571,114,43,5773,183,47,231,6001,731,11,6741,30,11,0,26,60,0,0,0,64,7,24,98,22559,2412,331,263,25574,592,135,723,26297,1563,62,27918
CED225,980,15,6,16,995,130,3,1124,7059,838,85,34,8021,134,52,181,8209,444,7,8661,12782,1305,178,87,14353,154,15,164,14515,364,12,14897,913,117,121,21,1173,6,0,6,1180,33,0,1213,107,18,0,115,243,5,0,5,242,13,9,264,20866,2275,389,259,23788,292,63,354,24140,856,36,25031,226,39,9,0,274,42,0,45,317,24,0,344,532,60,8,10,614,31,10,36,651,26,7,684,759,97,19,13,885,71,12,80,973,50,7,1029,21620,2374,404,271,24676,368,71,442,25113,905,44,26065,6758,838,143,172,7909,169,49,217,8126,807,25,8963,40,5,0,34,77,0,0,0,77,15,48,135,28418,3220,545,471,32662,535,124,657,33315,1727,117,35166
CED226,975,38,9,44,1016,152,7,1181,10884,1271,107,88,12348,373,48,424,12771,717,16,13507,12129,1821,166,115,14228,252,65,313,14538,543,20,15103,1238,126,162,14,1540,25,3,33,1573,41,0,1615,262,38,0,239,529,8,0,12,540,31,24,592,24504,3252,432,448,28638,665,122,781,29421,1335,60,30818,803,133,17,24,984,192,17,208,1196,88,0,1285,1269,200,6,26,1503,148,34,184,1688,61,0,1746,2071,334,27,53,2480,341,54,392,2878,151,0,3027,26576,3588,460,501,31125,1007,171,1180,32301,1480,61,33847,12456,2202,243,372,15263,753,162,917,16179,2390,61,18622,91,11,0,87,193,10,0,10,198,19,178,396,39120,5795,702,957,46579,1765,336,2104,48679,3888,295,52867
CED227,119,3,0,3,117,15,0,134,3873,423,62,22,4379,77,11,89,4464,209,8,4678,7699,745,130,89,8658,102,22,123,8784,304,15,9099,577,60,93,13,747,14,0,14,758,24,0,788,93,10,0,121,221,3,0,4,228,16,14,259,12250,1233,279,251,14013,192,32,231,14235,545,41,14822,98,10,6,0,111,54,7,57,168,23,0,198,191,22,0,0,216,45,24,64,282,33,0,310,291,31,6,0,327,98,27,126,446,59,0,506,12533,1265,284,247,14334,292,63,351,14686,608,41,15333,3582,496,92,126,4295,206,52,260,4554,962,23,5538,39,3,8,7,56,4,0,4,61,9,59,130,16159,1759,378,387,18689,501,118,617,19306,1569,122,20999
CED228,1024,38,14,47,1078,179,6,1262,5567,608,53,50,6279,178,32,210,6494,421,7,6916,8050,1020,81,56,9204,157,39,198,9402,373,9,9785,711,79,114,6,911,11,4,12,927,16,0,944,92,14,5,130,245,3,5,11,250,22,17,286,14422,1724,248,244,16639,353,80,431,17070,830,39,17936,209,86,0,13,306,115,21,132,436,41,0,479,412,114,0,19,547,58,47,104,652,37,0,694,625,196,0,29,855,165,68,232,1090,83,0,1168,15040,1922,250,273,17493,521,145,666,18159,908,37,19104,5366,1081,109,224,6781,353,61,415,7195,1472,24,8698,31,13,0,45,89,3,0,4,90,14,114,219,20442,3016,363,542,24359,876,203,1083,25442,2395,177,28018
CED229,787,32,10,33,828,118,3,942,8955,951,122,65,10090,220,58,281,10367,546,10,10922,15181,1649,183,189,17198,205,42,243,17440,431,21,17892,1568,160,191,34,1952,10,0,16,1967,40,8,2016,165,37,4,168,370,5,4,13,386,32,17,435,25867,2789,506,457,29616,446,101,549,30166,1047,54,31265,461,55,12,10,532,61,0,60,594,52,0,646,740,85,10,14,841,57,12,69,913,44,0,953,1200,132,20,23,1377,119,11,133,1510,92,0,1607,27069,2925,527,477,30996,560,121,680,31675,1142,57,32873,9498,1330,207,271,11303,357,62,413,11721,1629,36,13392,71,16,0,31,119,7,0,7,118,8,104,237,36639,4271,733,782,42416,924,177,1099,43516,2786,200,46500
CED230,353,7,4,9,359,49,3,412,4825,568,71,44,5510,79,27,104,5608,345,4,5965,10362,1197,153,103,11808,153,39,193,12001,411,17,12431,836,91,131,8,1071,13,3,14,1084,72,0,1154,117,27,3,152,299,8,0,8,302,18,7,327,16139,1884,362,297,18683,246,70,313,18991,839,35,19870,168,27,3,3,201,35,0,34,237,26,0,263,409,77,10,3,489,44,7,52,542,39,6,590,572,103,12,10,692,76,10,85,784,64,6,854,16715,1982,371,304,19376,320,80,400,19776,909,40,20719,5850,901,173,191,7112,248,66,308,7419,902,15,8333,43,3,3,25,77,0,0,0,79,10,71,158,22607,2886,546,520,26566,572,145,709,27277,1821,118,29217
CED231,390,12,0,20,403,78,6,491,3497,440,36,19,3989,103,31,134,4125,256,13,4394,4259,641,38,37,4972,86,12,99,5068,197,8,5283,611,52,89,11,758,5,0,5,767,29,0,798,60,13,4,75,147,3,0,3,152,6,0,154,8415,1143,165,142,9867,193,49,242,10109,495,21,10632,135,19,0,9,164,40,5,49,217,21,0,236,199,51,3,3,259,41,20,58,314,35,0,354,335,72,3,16,426,78,28,106,527,56,6,588,8754,1214,162,160,10293,275,75,345,10640,549,27,11219,2666,628,57,92,3439,196,69,263,3702,888,11,4606,16,9,0,21,46,3,0,3,50,29,52,128,11432,1849,225,271,13780,472,143,614,14389,1469,88,15954
CED232,491,10,3,14,507,75,0,580,3764,480,41,20,4304,103,19,123,4423,257,4,4682,5999,774,45,57,6875,97,14,106,6984,195,10,7194,651,97,61,11,818,17,0,20,838,22,0,862,72,22,4,66,164,5,0,5,162,11,3,177,10481,1370,155,158,12157,219,38,258,12415,486,14,12922,132,10,0,3,140,21,7,26,170,16,0,186,246,39,3,4,290,19,3,29,313,8,0,325,373,44,5,9,433,43,12,53,487,29,0,514,10850,1418,159,159,12594,261,46,311,12903,517,14,13431,3232,467,35,97,3837,89,21,108,3947,448,0,4399,19,0,0,42,64,0,0,0,64,0,31,93,14110,1887,192,300,16485,357,68,418,16905,965,46,17921
CED233,1329,41,9,50,1376,178,5,1566,5394,667,65,41,6159,181,42,225,6388,377,9,6773,9428,1163,88,98,10772,140,35,174,10950,322,11,11285,623,66,73,0,763,7,0,8,774,28,3,801,87,16,4,112,222,4,7,7,227,17,11,252,15531,1908,225,250,17921,332,87,419,18335,747,26,19114,183,20,0,3,202,41,0,44,251,19,0,269,445,46,5,8,507,55,16,72,576,23,0,607,636,64,5,12,713,103,18,116,826,43,0,870,16164,1974,227,263,18634,436,99,535,19167,790,34,19987,5056,618,63,98,5828,179,22,197,6031,726,4,6764,47,4,3,20,80,0,0,0,80,0,34,108,21268,2591,295,384,24542,610,122,734,25276,1515,66,26860
CED234,133,4,3,3,143,28,0,173,4706,468,68,27,5271,59,20,83,5353,260,6,5618,7898,813,176,90,8971,87,13,106,9077,293,13,9383,656,41,125,3,832,13,8,17,851,19,0,868,126,11,0,115,249,3,0,3,250,21,11,279,13385,1342,364,238,15322,166,43,207,15532,594,27,16152,122,16,8,9,159,54,4,53,216,26,0,243,236,38,8,6,279,13,11,23,310,12,0,322,361,55,14,17,446,61,19,81,523,39,0,563,13745,1397,377,256,15764,224,60,282,16054,630,27,16706,3486,643,151,137,4424,192,58,252,4670,1350,23,6042,41,0,0,21,61,0,0,0,61,3,76,143,17271,2042,532,408,20250,416,114,531,20779,1987,127,22892
CED235,1032,31,6,38,1070,200,3,1270,5990,737,80,65,6861,190,41,229,7090,441,8,7542,9279,1293,108,97,10776,171,34,205,10983,384,14,11383,836,109,105,7,1064,22,0,22,1079,20,0,1100,158,19,4,150,333,6,4,6,343,28,7,377,16265,2154,300,314,19038,382,77,459,19498,869,35,20402,267,47,3,4,331,98,7,107,431,49,0,482,460,94,4,16,578,58,40,103,680,67,0,748,730,140,12,22,901,153,55,206,1110,120,0,1232,16997,2299,316,338,19937,536,136,666,20608,992,35,21630,6734,1423,126,270,8558,471,109,580,9137,2504,69,11704,38,9,0,34,86,3,0,3,96,4,125,226,23772,3737,439,646,28590,1011,242,1255,29839,3495,227,33560
CED236,137,0,0,0,135,13,0,151,3779,408,45,22,4257,35,13,48,4303,213,7,4523,7753,888,173,77,8895,73,18,93,8982,307,4,9299,564,76,111,9,765,8,6,18,780,21,0,798,96,10,4,102,207,3,0,3,208,8,0,218,12191,1386,329,207,14115,123,38,161,14275,552,12,14836,64,12,0,4,79,40,3,40,124,28,3,147,155,32,3,3,202,13,0,20,213,24,0,239,222,48,6,9,282,56,7,55,341,44,3,388,12412,1428,339,220,14396,177,41,221,14613,592,13,15223,3288,530,108,142,4072,139,36,175,4242,653,9,4903,37,5,0,5,50,0,0,0,50,5,27,87,15741,1967,447,363,18516,316,79,389,18909,1253,56,20212
CED237,680,20,11,27,705,127,6,840,4561,699,65,26,5354,144,40,184,5537,368,8,5910,8206,1161,120,69,9552,137,54,194,9740,317,16,10071,823,101,106,10,1035,30,3,34,1064,17,0,1087,95,17,0,73,196,3,0,4,199,34,5,232,13687,1974,288,176,16127,313,97,410,16541,740,22,17304,179,51,3,8,240,51,3,58,299,10,0,306,372,86,0,11,477,57,26,82,556,39,0,602,557,141,3,19,715,116,27,141,856,50,0,907,14240,2117,289,196,16845,427,123,551,17394,792,28,18213,5103,1077,125,222,6526,279,80,361,6889,1412,26,8328,48,14,0,38,106,5,0,5,103,10,76,183,19388,3210,413,455,23477,710,203,911,24385,2216,121,26726
CED294,0,0,0,0,0,0,0,0,0,0,0,0,0,0,0,0,0,0,0,0,0,0,0,0,0,0,0,0,0,0,0,0,0,0,0,0,0,0,0,0,0,0,0,0,0,0,0,0,0,0,0,0,0,0,0,0,0,0,0,0,0,0,0,0,0,0,0,0,0,0,0,0,0,0,0,0,0,0,0,0,0,0,0,0,0,0,0,0,0,0,0,0,0,0,0,0,0,0,0,0,0,0,0,0,0,0,0,0,0,0,0,0,0,0,0,0,0,0,0,0,0,0,0,0,0,0,0,0,0,0,0,0,0,0,0,0,0,0,0,0,0,0,0,0,0,0,0,0,0,0,0,0
CED297,0,0,0,0,0,0,0,0,0,0,0,0,0,0,0,0,0,0,0,0,0,0,0,0,0,0,0,0,0,0,0,0,0,0,0,0,0,0,0,0,0,0,0,0,0,0,0,0,0,0,0,0,0,0,0,0,0,0,0,0,0,0,0,0,0,0,0,0,0,0,0,0,0,0,0,0,0,0,0,0,0,0,0,0,0,0,0,0,0,0,0,0,0,0,0,0,0,0,0,0,0,0,0,0,0,0,0,0,0,0,0,0,0,0,0,0,0,0,0,0,0,0,0,0,0,0,0,0,0,0,0,0,0,0,0,0,0,0,0,0,0,0,0,0,0,0,0,0,0,0,0,0
CED301,262,10,0,8,272,43,0,317,5577,569,94,50,6289,159,53,214,6502,528,4,7033,6847,787,101,68,7803,148,27,178,7980,384,21,8387,694,90,94,12,890,21,0,21,915,41,3,957,72,15,0,97,182,8,4,9,196,29,6,228,13184,1467,292,226,15168,335,85,428,15595,987,35,16611,387,56,9,6,459,122,0,122,577,61,3,642,390,76,13,21,500,56,13,66,567,15,0,581,780,132,22,28,959,169,13,182,1147,82,3,1231,13966,1594,308,254,16127,511,100,607,16740,1064,40,17837,5564,995,165,195,6914,353,49,405,7319,1349,30,8700,25,5,0,17,50,3,0,3,51,9,101,164,19560,2598,471,462,23098,866,148,1018,24114,2421,165,26699
CED302,644,14,3,18,660,82,0,743,7501,729,90,43,8364,211,36,245,8606,401,3,9016,9286,911,74,70,10344,176,21,196,10535,276,0,10813,919,128,94,8,1142,15,0,15,1157,25,0,1181,88,14,0,83,196,3,0,6,198,15,4,218,17795,1785,253,201,20041,409,54,459,20504,716,9,21226,282,43,4,7,333,55,0,55,383,27,0,415,399,32,3,3,440,31,12,47,484,21,0,506,683,80,8,7,773,86,12,100,870,51,0,926,18472,1867,264,211,20812,491,69,561,21375,773,10,22156,4300,590,92,106,5089,157,35,195,5285,638,17,5938,22,3,0,16,38,3,0,3,38,3,42,80,22792,2456,357,330,25936,655,104,758,26692,1411,66,28172
CED303,474,17,7,19,501,60,3,563,6598,682,113,31,7420,141,24,166,7585,352,12,7949,8993,807,129,68,9999,150,25,172,10175,250,17,10436,705,71,81,10,862,3,0,5,867,33,0,903,83,4,0,99,186,0,0,0,187,5,7,201,16380,1554,318,214,18469,299,51,346,18817,639,32,19487,227,29,0,3,255,25,0,25,283,17,0,298,393,52,4,18,472,15,4,13,488,17,0,506,615,78,11,18,728,37,4,41,769,38,0,803,16997,1638,332,234,19196,332,54,387,19587,676,32,20291,4117,452,99,82,4749,132,22,161,4906,501,14,5421,22,0,0,12,37,3,0,3,38,0,36,68,21140,2093,423,323,23975,468,78,551,24524,1173,77,25779
CED304,547,24,3,21,573,44,0,618,5369,507,49,27,5953,151,28,175,6134,311,7,6448,7210,723,64,52,8050,111,23,139,8190,214,3,8407,751,68,70,10,895,14,3,15,912,13,4,935,85,4,11,63,162,0,0,0,165,11,7,185,13411,1300,200,153,15065,281,55,336,15404,555,17,15970,157,18,3,0,173,31,3,29,210,21,0,223,300,27,0,0,334,27,11,32,369,17,0,380,458,48,3,3,509,53,11,67,572,33,0,603,13875,1349,202,154,15571,338,61,402,15974,586,17,16580,3606,341,74,60,4076,113,10,126,4201,540,9,4747,14,0,0,9,16,0,0,0,16,7,16,40,17488,1691,277,216,19668,447,76,525,20198,1132,39,21371
CED305,111,3,0,3,113,22,0,130,5241,443,106,46,5835,119,18,140,5978,316,5,6299,7533,728,183,67,8512,167,24,190,8702,258,6,8962,651,60,113,6,830,15,6,24,852,27,0,883,81,7,6,125,213,5,0,5,222,14,3,234,13510,1239,405,243,15391,314,47,359,15758,613,13,16381,226,30,10,5,273,73,0,73,346,28,0,370,489,28,18,5,530,55,16,75,607,16,0,617,709,54,27,11,802,128,16,146,949,44,0,991,14219,1296,430,251,16200,443,66,507,16708,651,13,17374,4618,483,226,133,5461,264,42,305,5758,580,9,6348,37,9,0,13,59,6,0,6,63,0,46,110,18877,1784,656,400,21718,712,99,813,22527,1226,69,23829
CED306,176,4,0,6,177,17,0,194,5433,462,110,37,6049,196,29,222,6266,269,4,6542,7942,708,135,84,8864,156,5,164,9031,219,5,9258,617,51,148,15,829,18,0,20,851,16,3,871,83,8,7,125,219,6,6,7,231,5,7,243,14080,1228,396,257,15964,376,39,421,16378,512,25,16911,278,34,5,4,331,87,0,87,411,51,4,474,456,46,3,23,526,47,21,63,596,18,7,617,737,88,6,31,858,127,20,152,1008,72,13,1093,14816,1314,404,288,16816,507,61,571,17386,582,36,18006,3847,457,113,105,4527,288,22,308,4832,552,16,5403,41,0,0,5,47,0,0,0,47,4,44,95,18706,1770,521,394,21394,797,77,873,22270,1141,98,23502
CED307,496,19,0,17,514,71,0,588,7150,713,104,32,7999,180,48,226,8224,412,3,8645,10646,938,150,63,11803,161,16,178,11983,344,5,12323,900,109,114,11,1138,12,3,15,1149,38,0,1186,103,20,4,99,228,3,0,3,236,11,4,246,18801,1786,373,203,21161,360,72,424,21592,806,11,22404,248,21,8,4,285,61,0,61,346,5,0,353,463,60,9,11,545,30,3,35,580,15,0,593,710,83,16,14,825,89,6,95,926,17,0,947,19511,1866,388,223,21987,449,78,526,22514,826,11,23349,5157,527,173,95,5955,171,27,195,6150,543,8,6698,36,3,0,22,56,0,0,0,56,0,51,106,24696,2399,562,339,28000,617,99,722,28719,1363,67,30150
CED308,415,15,3,22,441,70,0,512,6259,781,103,33,7168,172,33,212,7380,378,3,7761,8237,1134,81,66,9519,182,21,209,9732,311,10,10049,574,72,85,14,742,15,0,15,757,45,0,803,103,6,3,99,211,3,0,3,212,11,12,241,15177,1992,272,209,17643,377,59,436,18078,750,26,18854,231,48,6,9,295,83,0,83,381,34,3,417,525,118,4,6,652,60,17,77,734,35,0,771,760,165,7,11,950,144,17,164,1115,69,3,1185,15936,2158,283,221,18593,517,78,597,19191,812,28,20040,4905,876,137,132,6049,253,49,297,6353,921,4,7277,19,16,0,25,59,0,0,0,59,7,76,144,20857,3047,418,377,24707,771,131,901,25600,1744,109,27456
CED309,269,7,0,7,278,33,0,308,4709,743,67,35,5549,101,33,137,5686,316,3,6002,8676,1271,126,72,10145,154,9,167,10314,341,14,10670,536,76,94,0,711,8,0,8,722,26,0,752,89,9,0,92,193,5,0,5,198,9,4,210,14011,2104,287,204,16602,273,46,319,16918,695,25,17634,154,46,3,3,209,26,8,34,243,26,0,272,408,66,9,4,482,31,12,41,531,24,5,559,568,111,14,7,698,63,18,75,776,49,5,830,14577,2215,298,212,17296,334,61,394,17690,744,31,18468,3985,703,130,114,4921,163,33,194,5111,647,13,5772,20,3,0,8,29,0,0,0,29,0,40,72,18581,2914,425,327,22249,493,90,587,22834,1388,84,24308
CED310,209,0,0,0,209,29,0,235,4275,606,74,26,4980,99,29,122,5101,266,4,5368,7138,1198,124,79,8536,164,25,190,8717,341,14,9074,507,60,87,13,659,13,0,19,678,27,0,697,89,16,3,76,185,3,3,4,194,16,0,211,12002,1875,284,195,14359,277,58,333,14691,644,15,15348,150,40,3,9,199,40,4,41,240,35,0,279,384,57,11,15,466,27,7,33,496,22,0,519,533,96,15,23,669,66,8,78,739,56,0,803,12537,1979,290,214,15024,343,63,405,15436,704,15,16154,3432,537,128,102,4194,174,35,216,4405,510,14,4933,23,0,0,27,45,0,0,0,45,10,28,78,15990,2515,418,340,19265,517,105,624,19883,1223,58,21167
CED311,53,3,0,4,62,8,0,68,5307,355,97,44,5805,192,14,203,6009,244,8,6260,7738,682,194,118,8726,223,15,241,8971,285,14,9263,680,60,115,11,866,24,0,24,889,29,3,916,133,11,0,136,287,11,0,11,296,20,13,330,13856,1110,410,313,15683,443,27,472,16161,581,29,16773,311,45,5,12,374,112,12,123,505,71,0,573,548,50,23,19,637,59,8,62,698,23,0,721,859,98,24,27,1009,166,18,185,1203,87,0,1291,14715,1212,431,340,16697,614,52,661,17356,671,29,18062,5925,554,227,230,6928,491,37,533,7461,1014,13,8495,47,7,4,7,66,0,0,0,68,3,95,165,20689,1773,663,577,23692,1106,94,1195,24892,1687,136,26715
CED312,368,16,0,16,382,53,0,430,7093,705,97,74,7973,210,38,247,8227,498,4,8727,8187,1045,114,90,9436,193,25,219,9653,372,9,10032,826,126,111,3,1062,9,4,12,1083,38,0,1122,130,29,3,115,277,11,0,11,286,20,17,318,16230,1906,329,286,18754,422,72,495,19245,927,28,20196,368,81,3,11,460,82,10,92,551,34,3,590,511,83,8,6,610,75,3,75,685,66,0,749,883,163,9,17,1069,159,10,163,1237,98,3,1341,17116,2065,335,307,19824,578,78,662,20484,1026,33,21543,6152,947,176,198,7472,303,45,341,7816,1180,32,9031,24,0,0,24,50,7,0,7,54,5,76,139,23289,3017,514,526,27343,894,121,1017,28360,2209,141,30710
CED313,547,17,5,20,572,74,0,640,6014,701,60,32,6802,178,31,211,7017,382,11,7412,8654,763,61,44,9528,101,20,127,9652,182,0,9830,809,65,106,7,979,6,0,6,990,26,0,1018,102,3,3,64,167,6,0,6,177,6,0,187,15572,1539,225,149,17483,298,58,352,17837,592,12,18441,135,36,3,3,169,24,8,38,204,15,3,222,325,40,0,10,378,29,3,34,409,13,0,422,458,76,7,12,548,55,12,72,615,29,3,645,16033,1612,233,157,18031,356,68,422,18454,621,14,19092,3640,301,60,79,4085,116,18,132,4215,455,9,4678,25,0,4,7,36,0,0,0,36,3,32,69,19698,1912,291,246,22144,466,86,560,22705,1076,51,23834
CED314,194,13,0,14,209,30,0,233,5465,577,71,54,6162,129,38,167,6329,334,0,6662,8192,850,116,76,9231,117,18,132,9360,307,10,9677,678,81,108,4,869,9,0,14,880,24,0,907,79,9,3,75,167,10,0,10,180,7,7,189,14422,1511,290,212,16433,265,57,318,16749,666,14,17436,199,42,6,8,250,35,0,35,290,36,0,324,361,38,13,13,421,31,33,58,480,29,0,514,560,78,13,23,675,63,33,93,773,60,0,836,14980,1583,304,234,17108,328,83,416,17519,728,14,18264,4721,688,136,82,5631,286,73,359,5982,955,11,6951,24,0,3,3,28,0,0,0,28,0,45,77,19722,2275,442,324,22761,618,155,766,23534,1685,73,25290
CED315,270,12,0,12,284,36,0,321,6246,708,124,47,7119,252,38,289,7410,474,6,7894,6440,797,153,59,7442,237,36,264,7710,361,4,8074,770,124,99,0,990,7,9,14,1004,61,0,1064,70,9,4,83,172,7,0,7,176,12,4,188,13521,1634,372,199,15728,499,81,576,16303,901,19,17225,254,47,9,8,315,136,7,140,455,46,0,495,370,52,7,5,432,68,27,97,531,48,0,578,620,96,15,14,743,207,30,239,985,93,0,1074,14142,1731,381,210,16471,703,109,813,17289,993,19,18297,3730,608,144,121,4610,374,96,470,5074,1133,19,6225,16,0,0,11,28,0,0,0,28,3,63,92,17889,2341,532,343,21103,1077,213,1285,22387,2130,94,24613
CED316,58,0,0,0,56,19,0,75,3492,625,59,31,4209,112,36,142,4355,333,11,4699,4690,872,133,48,5736,176,47,229,5968,479,9,6450,352,61,47,5,467,16,7,25,490,28,0,517,72,11,3,45,129,12,3,17,144,15,4,162,8599,1568,243,133,10542,321,93,409,10947,860,23,11830,137,35,6,0,184,77,18,95,272,62,0,337,242,51,13,15,327,49,19,63,388,31,0,427,378,91,20,15,505,120,33,157,666,91,0,762,8973,1659,266,153,11050,443,130,565,11614,951,23,12592,2693,684,108,87,3572,325,66,397,3972,1214,14,5194,24,0,0,13,42,0,0,0,42,7,44,95,11697,2349,373,248,14666,770,194,964,15628,2173,80,17880
CED317,74,4,0,4,83,10,0,88,5124,519,107,59,5807,113,28,136,5945,376,3,6330,6436,853,94,99,7478,151,24,181,7656,365,11,8038,497,68,95,7,668,12,4,15,677,38,0,718,71,15,3,142,231,6,0,6,232,31,12,276,12120,1453,308,298,14180,275,59,337,14516,811,24,15360,154,26,10,22,213,120,3,129,342,66,0,404,221,48,16,3,287,38,13,51,332,47,5,380,376,75,18,25,497,158,12,177,674,107,5,788,12502,1528,325,323,14684,441,69,512,15192,917,28,16146,3641,629,154,205,4629,429,51,476,5108,1300,42,6450,49,0,6,12,62,4,0,4,69,14,106,189,16187,2161,486,543,19375,870,122,995,20370,2225,181,22780
CED318,141,3,0,8,153,29,0,183,6165,778,129,54,7121,204,46,244,7368,513,21,7900,6559,1184,159,102,8006,165,33,197,8203,430,13,8638,601,79,128,8,819,12,0,12,832,29,0,865,118,26,13,100,248,18,10,25,274,38,5,318,13450,2069,421,257,16192,405,84,485,16679,1012,40,17726,203,46,8,3,258,170,6,176,430,66,0,498,347,77,10,22,450,69,48,117,565,55,0,625,547,120,14,27,710,240,54,294,999,116,0,1121,13997,2188,436,283,16901,642,130,773,17678,1129,40,18847,3727,801,154,129,4807,395,115,514,5324,1551,22,6897,22,0,0,26,47,0,0,3,50,23,118,191,17744,2995,590,437,21764,1044,246,1289,23053,2702,180,25931
CED319,516,12,4,17,532,76,0,611,6442,743,65,42,7291,210,32,238,7530,398,11,7932,8430,932,77,63,9500,158,28,178,9678,265,3,9953,969,93,92,9,1171,16,3,15,1185,25,0,1210,128,8,3,112,248,4,3,13,260,16,3,275,15970,1777,243,221,18206,384,64,450,18649,700,21,19373,208,36,3,7,249,35,9,40,292,19,0,316,329,43,11,15,399,40,7,45,444,16,0,466,538,76,13,22,648,70,16,87,731,42,3,781,16507,1851,254,238,18851,456,78,535,19384,743,24,20151,4146,504,99,90,4834,168,20,187,5030,614,9,5650,17,4,0,20,40,0,0,0,42,0,69,108,20671,2364,350,348,23727,628,96,728,24452,1355,100,25914
CED320,248,7,3,12,254,32,0,294,5433,529,116,47,6130,146,41,186,6313,441,4,6760,7279,930,145,63,8418,171,42,212,8625,388,8,9026,659,101,102,15,869,15,3,21,890,35,3,924,92,4,0,109,210,7,7,11,219,18,4,247,13462,1567,365,232,15623,337,89,424,16049,890,21,16960,281,43,13,10,346,80,5,79,433,47,0,479,513,83,14,28,633,43,13,51,682,70,0,750,790,126,30,35,980,117,12,136,1112,114,0,1229,14254,1691,392,271,16602,453,108,560,17165,999,23,18191,5409,787,187,182,6571,361,78,434,7008,1179,19,8206,34,7,0,23,65,0,0,0,65,4,34,97,19693,2490,583,473,23241,812,180,996,24235,2177,76,26490
CED321,51,0,0,0,54,10,0,59,4859,481,58,32,5425,71,15,85,5509,265,4,5777,6953,811,155,84,7993,89,12,107,8099,321,12,8430,591,52,82,4,730,5,7,10,745,36,5,784,104,7,3,103,214,7,0,7,219,16,3,242,12498,1346,299,219,14366,175,35,207,14575,639,26,15244,154,11,3,0,173,59,3,57,238,56,0,293,192,35,0,3,231,17,13,26,260,37,0,297,346,45,8,10,412,73,9,87,496,95,0,592,12847,1399,305,226,14779,250,47,295,15069,735,26,15831,4243,584,124,160,5114,236,63,298,5412,1245,25,6684,28,17,3,3,45,3,0,3,48,11,57,113,17119,1997,438,385,19935,482,110,591,20529,1991,100,22630
CED322,370,13,6,16,389,50,4,439,5155,698,67,39,5954,121,36,155,6115,332,15,6453,8131,1256,140,56,9585,138,28,167,9747,272,11,10029,626,72,89,3,794,14,0,14,809,20,0,835,116,3,5,101,233,5,3,9,237,17,9,263,14032,2029,306,203,16564,279,70,349,16915,636,33,17582,155,21,0,4,178,32,0,32,213,12,0,222,402,66,7,15,490,20,3,25,514,22,0,535,553,84,11,17,670,54,3,55,722,36,0,760,14587,2109,312,223,17229,332,74,404,17637,672,33,18343,3902,561,126,92,4687,177,29,200,4884,552,11,5449,23,8,0,4,40,6,0,6,43,0,28,69,18512,2683,437,318,21952,509,103,609,22567,1224,71,23863
CED323,307,11,5,12,320,52,0,376,4082,610,50,24,4757,104,40,145,4905,282,10,5193,5755,946,62,43,6802,109,37,147,6943,315,12,7273,453,51,55,0,563,16,0,20,580,22,0,597,87,16,0,67,166,3,0,6,168,3,0,174,10372,1616,166,131,12284,231,79,316,12601,624,20,13238,146,37,13,6,202,46,9,51,259,29,0,288,281,60,3,4,349,26,8,40,387,28,0,408,430,98,14,11,552,76,21,91,641,59,0,702,10795,1717,182,142,12834,305,101,407,13243,682,20,13937,3217,595,64,75,3942,157,29,186,4131,681,15,4823,22,12,4,10,42,3,0,3,45,4,43,94,14031,2315,244,227,16818,464,127,594,17418,1365,71,18856
CED324,724,25,8,40,762,159,0,920,5740,872,48,33,6696,225,46,269,6968,477,0,7444,7745,1209,80,63,9096,200,23,225,9320,307,8,9635,772,115,89,4,981,12,0,17,990,22,0,1014,100,17,0,85,205,10,0,10,208,4,4,218,14356,2205,211,194,16969,448,71,516,17489,813,17,18314,243,60,0,3,302,92,4,98,406,22,0,428,359,86,3,20,467,71,24,94,565,37,0,601,601,142,8,21,776,170,26,195,971,63,0,1035,14961,2351,221,210,17739,611,102,712,18454,872,19,19343,5001,978,117,113,6203,363,128,490,6691,1372,13,8075,21,11,0,20,59,0,0,0,59,7,61,121,19990,3333,334,343,24004,976,227,1202,25207,2251,89,27543
CED325,641,25,17,39,683,134,0,817,7515,811,71,75,8467,289,43,330,8797,509,11,9309,7906,1186,132,57,9285,232,48,279,9561,443,11,10011,918,94,106,14,1131,23,0,23,1155,52,3,1206,117,31,0,140,286,11,0,15,299,29,20,347,16453,2125,308,277,19166,549,88,640,19804,1028,40,20876,415,114,8,25,556,147,5,152,709,62,0,774,518,75,0,19,615,87,39,127,741,43,10,794,933,193,15,41,1173,231,47,274,1446,102,10,1567,17382,2313,323,316,20341,778,132,914,21252,1134,48,22440,5941,1071,145,233,7391,478,140,621,8014,1914,43,9968,58,4,0,30,92,0,0,0,92,0,96,186,23382,3393,471,580,27821,1261,272,1535,29356,3048,188,32597
CED326,367,12,0,14,384,50,0,434,6408,755,90,45,7296,182,43,227,7523,438,10,7969,7784,855,140,77,8857,186,34,220,9079,326,11,9413,768,96,122,13,993,13,0,13,1013,42,0,1049,94,29,0,116,235,17,0,17,260,31,18,309,15050,1732,351,254,17381,402,79,486,17867,832,45,18744,339,43,3,8,393,72,4,75,468,47,0,516,534,61,12,12,615,68,7,74,696,50,0,747,875,100,22,18,1016,134,18,152,1165,96,0,1261,15922,1834,368,270,18393,536,94,637,19032,931,45,20000,5115,722,159,175,6174,246,36,283,6464,805,22,7283,27,0,0,20,39,0,0,0,39,5,94,139,21060,2562,527,458,24613,787,133,921,25535,1742,151,27428
CED327,577,29,12,46,617,131,3,749,7021,868,94,35,8019,231,55,287,8302,569,17,8888,7730,1258,112,83,9183,216,54,276,9457,434,14,9912,801,106,115,7,1031,16,0,18,1051,50,0,1101,143,33,3,193,373,14,0,12,386,32,12,422,15699,2263,331,318,18608,475,115,587,19198,1084,40,20323,477,102,6,12,597,153,5,158,757,83,0,837,603,151,7,10,775,69,33,103,877,52,0,932,1083,253,14,25,1373,220,35,262,1635,133,0,1768,16777,2522,346,345,19987,699,152,849,20836,1218,41,22093,7239,1619,148,281,9289,686,119,803,10097,2482,33,12611,22,0,0,33,57,0,4,4,62,8,152,230,24039,4140,494,662,29337,1383,274,1656,30996,3707,232,34928
CED328,850,30,5,35,882,80,0,962,7191,808,91,32,8117,221,37,262,8371,401,3,8775,9924,1030,103,58,11117,216,23,238,11358,243,3,11597,901,69,102,3,1080,18,3,24,1103,30,0,1134,79,7,0,76,164,8,0,9,172,5,4,176,18090,1914,291,169,20474,466,65,530,20997,671,13,21679,280,26,3,4,309,59,12,69,376,22,0,397,506,45,7,17,576,26,10,40,615,11,0,629,784,73,8,19,888,88,23,104,991,33,0,1025,18875,1995,307,188,21357,549,83,636,21995,707,13,22708,4993,482,131,72,5679,141,29,167,5844,527,4,6380,18,7,0,9,36,0,0,0,36,3,21,56,23881,2475,435,274,27068,688,115,807,27869,1237,34,29141
CED329,95,8,0,9,100,28,3,131,3534,516,52,19,4129,97,22,119,4251,276,5,4527,5394,1047,112,61,6615,143,29,164,6783,505,13,7299,379,84,57,8,526,16,0,16,535,34,0,578,54,17,0,85,155,3,0,3,158,14,3,178,9358,1671,224,171,11423,254,48,304,11729,840,16,12583,152,32,3,4,198,90,8,100,298,50,0,344,219,53,3,0,283,34,15,45,321,40,0,365,375,91,3,9,476,121,18,144,619,94,0,716,9728,1758,234,179,11898,379,73,449,12347,929,14,13298,2975,671,166,116,3923,335,78,414,4335,1413,20,5775,24,3,3,14,40,4,0,4,45,9,61,114,12724,2433,399,308,15863,722,145,866,16726,2356,100,19187
CED330,291,8,0,9,296,45,0,342,6888,607,132,54,7680,144,14,160,7835,431,10,8281,8821,1171,112,95,10198,139,39,174,10375,391,12,10776,734,102,99,11,945,12,0,12,960,40,0,1001,116,15,5,169,308,0,0,0,306,28,6,342,16559,1897,347,326,19130,292,52,346,19479,895,29,20401,195,29,5,14,237,51,4,50,289,34,0,319,436,41,11,24,510,16,7,24,531,31,0,559,630,68,9,33,745,68,9,73,820,60,0,878,17196,1961,361,359,19875,362,60,422,20298,950,29,21279,5256,708,176,144,6288,234,48,288,6578,1089,14,7679,58,4,0,34,99,0,0,0,99,9,92,199,22508,2684,533,536,26263,598,112,706,26972,2053,131,29150
CED394,0,0,0,0,0,0,0,0,0,0,0,0,0,0,0,0,0,0,0,0,0,0,0,0,0,0,0,0,0,0,0,0,0,0,0,0,0,0,0,0,0,0,0,0,0,0,0,0,0,0,0,0,0,0,0,0,0,0,0,0,0,0,0,0,0,0,0,0,0,0,0,0,0,0,0,0,0,0,0,0,0,0,0,0,0,0,0,0,0,0,0,0,0,0,0,0,0,0,0,0,0,0,0,0,0,0,0,0,0,0,0,0,0,0,0,0,0,0,0,0,0,0,0,0,0,0,0,0,0,0,0,0,0,0,0,0,0,0,0,0,0,0,0,0,0,0,0,0,0,0,0,0
CED397,0,0,0,0,0,0,0,0,0,0,0,0,0,0,0,0,0,0,0,0,0,0,0,0,0,0,0,0,0,0,0,0,0,0,0,0,0,0,0,0,0,0,0,0,0,0,0,0,0,0,0,0,0,0,0,0,0,0,0,0,0,0,0,0,0,0,0,0,0,0,0,0,0,0,0,0,0,0,0,0,0,0,0,0,0,0,0,0,0,0,0,0,0,0,0,0,0,0,0,0,0,0,0,0,0,0,0,0,0,0,0,0,0,0,0,0,0,0,0,0,0,0,0,0,0,0,0,0,0,0,0,0,0,0,0,0,0,0,0,0,0,0,0,0,0,0,0,0,0,0,0,0
CED401,815,30,6,31,850,120,0,978,4794,728,51,22,5585,155,33,192,5774,331,3,6111,7701,1235,69,28,9031,122,37,162,9195,287,10,9492,682,91,129,3,906,10,0,10,913,25,0,947,66,25,0,67,161,0,8,8,169,8,0,175,13239,2076,244,121,15687,290,81,373,16053,652,14,16720,229,65,7,3,295,100,6,105,398,37,0,434,335,64,11,10,417,39,8,44,463,40,0,502,565,122,12,11,712,135,12,152,860,74,0,941,13807,2202,254,131,16398,426,94,518,16916,728,14,17657,3478,806,70,90,4442,272,66,338,4782,1001,0,5780,40,13,0,4,56,7,0,7,66,8,45,116,17323,3022,328,229,20901,701,163,864,21761,1732,64,23561
CED402,114,3,0,3,118,16,0,135,4223,437,82,37,4773,72,15,84,4859,236,3,5092,8312,976,137,83,9499,100,10,115,9611,331,13,9964,581,56,139,7,790,9,0,9,792,24,0,821,72,12,6,98,191,0,0,4,195,12,0,203,13187,1486,362,228,15254,178,24,205,15459,601,18,16079,107,20,7,3,142,47,4,54,193,37,0,235,270,37,4,8,316,22,5,25,347,21,3,371,381,57,12,10,463,71,5,76,542,63,7,608,13564,1543,367,238,15713,250,33,285,15994,661,24,16687,3800,616,138,100,4658,219,40,250,4912,964,18,5893,21,20,4,12,51,0,0,0,51,3,41,101,17384,2181,512,349,20429,464,69,534,20965,1624,86,22674
CED403,866,24,9,38,906,107,0,1014,5253,768,84,28,6129,164,35,200,6328,348,3,6681,9766,1241,146,66,11217,160,35,196,11414,316,7,11735,784,134,127,8,1056,18,7,20,1076,45,0,1116,112,7,3,73,192,0,0,0,192,8,6,208,15910,2151,357,180,18599,338,77,419,19014,719,16,19749,127,30,4,0,163,38,9,47,210,11,0,214,315,47,5,3,377,22,14,28,407,21,0,427,447,76,7,3,541,57,18,73,615,28,0,642,16356,2227,371,185,19132,399,92,493,19626,746,16,20387,3346,536,66,43,3991,142,27,174,4161,788,11,4962,13,6,3,12,29,0,0,0,29,6,15,50,19713,2774,442,237,23156,539,126,661,23818,1535,44,25399
CED404,47,4,0,3,54,5,0,59,3367,345,50,36,3807,91,11,106,3912,238,0,4150,6817,886,135,65,7900,120,28,155,8056,335,14,8401,587,88,126,5,805,13,3,13,815,48,0,866,88,3,13,97,196,10,0,10,212,20,0,224,10867,1326,316,204,12709,235,43,286,12994,642,17,13645,107,29,9,4,151,91,5,94,247,49,0,296,215,15,13,13,255,50,27,72,332,24,0,362,326,50,18,15,406,140,27,168,575,76,0,655,11186,1374,333,214,13119,377,74,449,13565,711,18,14303,3106,511,99,111,3829,258,50,307,4134,1096,21,5256,21,14,0,3,40,0,0,0,41,3,138,178,14321,1896,439,330,16984,633,124,763,17741,1809,180,19736
CED405,691,32,11,46,737,104,0,837,4314,607,64,30,5013,121,36,155,5172,273,3,5447,8063,1040,102,45,9256,156,27,184,9437,276,7,9718,755,104,123,8,985,15,5,24,1009,39,7,1054,82,23,0,59,164,0,0,0,171,15,3,182,13213,1777,290,149,15422,295,62,360,15782,600,14,16398,144,45,6,0,205,61,10,72,277,11,0,287,326,58,12,15,410,32,5,42,450,17,0,466,469,103,18,18,610,100,18,113,726,32,0,757,13680,1880,306,161,16029,393,82,479,16508,632,14,17152,3020,655,84,61,3817,181,49,228,4046,743,12,4802,23,14,0,6,43,0,0,0,43,0,46,84,16723,2547,388,231,19886,578,130,709,20598,1375,70,22047
CED406,433,8,3,14,449,86,0,531,3760,602,57,32,4440,139,11,149,4589,399,4,4996,8257,1181,153,66,9651,172,37,202,9857,410,9,10274,743,134,120,8,1006,11,0,10,1019,36,0,1050,65,4,12,85,164,0,0,3,167,9,7,182,12821,1918,339,183,15267,318,48,364,15633,853,17,16504,156,23,0,0,172,41,4,49,223,32,0,246,377,51,10,7,448,33,11,41,491,29,0,524,530,77,10,7,625,67,19,89,709,60,0,773,13354,1996,353,190,15894,388,68,452,16342,914,17,17270,4127,730,154,117,5130,290,38,326,5459,865,8,6325,30,0,0,5,32,0,0,0,32,0,63,95,17507,2726,506,314,21058,674,109,778,21837,1771,83,23697
CED407,610,21,3,19,634,111,0,743,4806,601,88,49,5543,143,31,174,5715,347,0,6065,8844,1012,99,57,10011,164,21,187,10197,311,7,10517,721,124,115,14,974,17,0,22,993,15,0,1013,80,19,0,67,159,4,0,3,166,21,3,186,14447,1751,304,186,16686,333,60,387,17070,701,12,17787,225,42,12,4,289,61,13,76,358,23,0,388,389,96,6,3,497,50,11,64,558,20,0,577,610,141,22,8,784,114,23,137,917,49,0,962,15059,1895,318,196,17462,444,78,523,17989,748,12,18749,4281,770,121,91,5268,248,42,285,5552,1133,15,6699,17,0,0,11,29,0,0,0,29,0,48,80,19359,2665,443,295,22759,692,123,811,23569,1879,83,25533
CED408,487,6,4,10,495,49,0,552,4392,713,52,39,5201,99,33,127,5331,348,8,5684,8809,1317,155,71,10349,123,20,142,10493,330,13,10840,722,91,153,8,978,11,3,10,988,34,0,1021,113,6,3,98,223,4,0,4,232,14,8,247,14031,2135,368,221,16758,230,57,282,17040,727,32,17799,109,17,5,3,140,34,0,34,168,14,0,178,266,36,5,4,306,19,5,28,336,16,0,353,374,58,11,9,446,48,5,58,499,34,0,530,14404,2191,376,228,17199,281,62,343,17538,760,32,18332,3612,628,105,76,4419,86,18,106,4529,550,4,5089,37,8,3,5,53,0,0,0,53,0,40,94,18054,2820,486,312,21678,370,79,450,22121,1312,73,23506
CED409,550,27,12,31,578,230,0,812,4434,704,44,37,5218,157,54,213,5432,438,0,5870,6775,1294,93,62,8226,189,49,237,8461,539,6,9001,699,111,114,6,926,12,0,12,943,41,0,984,82,18,4,112,217,10,7,16,233,20,7,264,11991,2123,250,222,14586,370,107,480,15066,1037,15,16112,250,67,14,4,341,120,8,124,465,58,4,529,373,112,0,10,497,63,11,78,576,49,5,633,628,186,11,14,838,187,19,205,1041,112,10,1164,12614,2301,267,234,15421,560,128,688,16112,1143,25,17280,4487,1113,128,185,5919,467,132,605,6520,2399,34,8950,40,10,0,28,69,0,0,0,69,10,61,139,17140,3424,400,450,21411,1026,263,1288,22696,3547,128,26374
CED410,880,28,6,39,918,109,0,1021,5178,797,66,30,6064,198,39,231,6296,354,3,6650,9285,1274,95,58,10713,193,39,234,10940,304,11,11255,755,78,90,13,942,15,0,15,951,25,0,983,66,27,3,66,160,0,0,0,160,4,0,166,15284,2176,255,161,17882,395,76,475,18352,694,11,19060,250,52,0,4,303,60,3,57,366,22,0,386,382,74,7,7,469,46,22,69,537,19,0,560,630,126,7,9,771,109,22,128,901,40,0,941,15920,2300,262,175,18651,502,102,609,19260,728,11,20001,3791,668,58,60,4570,198,60,254,4830,722,14,5560,27,0,0,17,45,3,3,3,52,0,26,73,19730,2962,325,248,23271,705,160,868,24137,1451,50,25639
CED411,346,8,0,12,365,106,3,471,4383,569,60,27,5041,105,20,129,5173,413,3,5588,7717,1035,156,67,8972,162,44,209,9182,424,7,9615,718,98,123,12,952,13,3,23,976,39,0,1012,77,24,3,94,199,16,0,16,210,21,14,246,12899,1732,341,202,15168,300,75,375,15542,892,29,16465,211,56,17,16,299,124,12,137,432,77,4,513,363,69,4,10,439,79,21,99,530,58,3,593,571,125,14,22,731,199,29,232,965,127,4,1100,13465,1857,359,220,15899,502,107,607,16507,1027,31,17563,5346,1163,178,195,6870,555,126,678,7550,2566,24,10139,40,11,0,26,79,3,0,3,84,5,85,177,18846,3032,532,442,22854,1053,234,1287,24143,3598,135,27877
CED494,0,0,0,0,0,0,0,0,0,0,0,0,0,0,0,0,0,0,0,0,0,0,0,0,0,0,0,0,0,0,0,0,0,0,0,0,0,0,0,0,0,0,0,0,0,0,0,0,0,0,0,0,0,0,0,0,0,0,0,0,0,0,0,0,0,0,0,0,0,0,0,0,0,0,0,0,0,0,0,0,0,0,0,0,0,0,0,0,0,0,0,0,0,0,0,0,0,0,0,0,0,0,0,0,0,0,0,0,0,0,0,0,0,0,0,0,0,0,0,0,0,0,0,0,0,0,0,0,0,0,0,0,0,0,0,0,0,0,0,0,0,0,0,0,0,0,0,0,0,0,0,0
CED497,0,0,0,0,0,0,0,0,0,0,0,0,0,0,0,0,0,0,0,0,0,0,0,0,0,0,0,0,0,0,0,0,0,0,0,0,0,0,0,0,0,0,0,0,0,0,0,0,0,0,0,0,0,0,0,0,0,0,0,0,0,0,0,0,0,0,0,0,0,0,0,0,0,0,0,0,0,0,0,0,0,0,0,0,0,0,0,0,0,0,0,0,0,0,0,0,0,0,0,0,0,0,0,0,0,0,0,0,0,0,0,0,0,0,0,0,0,0,0,0,0,0,0,0,0,0,0,0,0,0,0,0,0,0,0,0,0,0,0,0,0,0,0,0,0,0,0,0,0,0,0,0
CED501,312,21,0,17,328,47,0,379,4890,501,121,43,5558,239,32,267,5825,347,0,6173,8165,820,218,74,9276,295,20,322,9593,307,13,9917,699,90,129,13,935,28,0,30,968,40,3,1014,102,6,13,81,206,9,0,9,218,11,13,241,13860,1418,486,211,15979,576,57,626,16610,705,33,17341,404,40,11,3,458,92,8,102,559,33,0,592,829,83,33,17,961,87,11,98,1054,28,0,1086,1234,117,45,21,1415,184,16,197,1612,68,0,1681,15097,1540,530,230,17391,755,74,823,18218,772,33,19023,7040,840,312,197,8389,495,31,524,8917,774,16,9705,31,0,3,10,49,4,0,4,52,0,66,120,22170,2374,852,435,25832,1253,100,1354,27186,1547,114,28847
CED502,660,34,8,44,703,91,3,790,5538,758,84,58,6436,349,48,398,6834,393,8,7234,8679,1151,152,98,10085,350,37,386,10464,357,3,10823,699,87,99,7,890,29,0,33,923,30,3,956,122,28,3,142,297,9,5,14,306,20,20,345,15037,2026,342,300,17704,733,92,828,18533,794,29,19357,445,65,5,12,525,107,6,110,640,47,0,684,750,100,19,8,877,102,19,125,1000,37,0,1041,1191,168,21,26,1405,207,22,236,1641,84,0,1723,16227,2193,365,324,19112,943,121,1066,20172,882,29,21087,7900,1186,215,193,9497,659,83,740,10239,1460,16,11713,39,7,0,38,84,5,0,5,87,25,72,182,24167,3386,582,560,28694,1603,208,1807,30500,2360,119,32985
CED503,299,5,0,5,305,30,0,341,3652,407,89,22,4172,154,18,167,4346,286,0,4634,7025,779,178,85,8072,233,27,262,8329,239,18,8592,448,48,89,10,587,31,0,31,619,34,3,651,65,10,4,74,157,3,0,3,163,10,3,178,11193,1244,355,199,12990,423,44,465,13455,578,22,14055,269,27,12,8,321,59,3,62,381,28,0,409,489,65,27,17,592,56,3,59,652,17,0,671,753,95,41,27,910,117,8,125,1039,53,0,1088,11949,1336,395,217,13903,535,53,585,14490,626,22,15144,5164,600,281,170,6215,388,19,407,6629,677,7,7317,16,0,0,7,21,3,0,3,24,4,66,92,17124,1937,678,399,20143,932,73,1004,21142,1314,94,22549
CED504,694,33,3,43,734,114,0,849,5121,652,77,48,5896,196,34,228,6130,400,5,6535,9114,1306,129,84,10633,261,45,300,10936,341,8,11277,696,85,133,13,928,21,0,21,948,25,0,972,108,21,13,127,270,7,0,7,281,9,5,293,15038,2059,351,276,17732,476,75,554,18285,772,17,19075,289,52,3,10,358,85,26,111,468,33,0,499,564,97,13,9,678,67,16,84,761,61,0,829,849,148,15,17,1038,151,41,192,1229,99,0,1330,15893,2209,366,292,18763,633,117,753,19515,874,21,20403,5908,1041,191,205,7344,446,99,546,7884,1457,27,9370,27,7,0,33,67,6,0,7,70,7,97,179,21822,3254,561,534,26175,1080,216,1302,27477,2338,144,29956
CED505,821,35,7,42,861,90,0,952,4626,664,56,22,5362,213,24,233,5596,377,7,5977,9179,1060,64,39,10339,187,36,222,10562,251,12,10829,639,55,71,6,777,15,0,15,790,19,0,806,74,15,0,65,156,3,0,3,159,13,0,168,14518,1792,191,128,16634,422,58,481,17107,656,19,17784,184,22,0,3,208,32,4,39,246,3,0,252,487,33,4,3,528,31,5,37,568,29,0,591,676,56,3,5,743,67,14,75,819,30,0,847,15196,1849,194,131,17372,485,69,555,17922,686,15,18628,5463,476,103,40,6083,185,35,214,6299,431,9,6739,28,0,0,12,33,0,0,0,33,3,26,68,20684,2319,300,185,23490,666,105,769,24260,1122,55,25436
CED506,33,3,0,3,30,3,0,35,5245,589,97,51,5981,158,17,171,6154,379,3,6539,7543,856,230,94,8728,127,17,141,8873,283,9,9168,679,74,176,19,955,29,0,29,982,32,0,1007,133,6,0,137,275,4,0,4,286,23,6,313,13601,1539,500,303,15940,316,31,346,16285,717,23,17023,216,27,13,8,262,159,6,170,433,50,0,477,330,29,27,19,400,57,20,75,472,37,3,515,541,53,34,29,654,219,32,248,907,87,4,1000,14145,1589,540,331,16600,532,65,590,17193,800,24,18022,5500,559,309,210,6579,516,58,570,7148,1542,46,8736,73,20,4,18,108,3,3,9,120,12,121,253,19725,2162,847,552,23288,1049,123,1172,24455,2355,195,27008
CED507,95,4,0,4,98,10,0,103,3662,475,95,32,4261,119,34,145,4410,248,3,4662,8486,1172,292,109,10060,202,21,230,10286,288,12,10591,492,65,121,3,682,9,3,8,693,12,0,702,86,10,5,86,191,0,0,0,187,8,9,207,12730,1714,515,231,15186,327,60,389,15579,555,21,16159,141,15,11,9,177,63,0,65,243,34,4,284,447,58,14,13,524,52,6,56,579,47,0,631,589,73,27,19,698,116,5,120,819,83,3,909,13316,1783,537,253,15885,446,62,513,16396,644,27,17068,4845,613,335,128,5923,243,25,261,6186,540,7,6731,31,3,3,16,49,5,3,8,54,0,29,86,18182,2404,876,394,21858,685,94,777,22636,1180,65,23883
CED508,571,19,3,24,596,60,0,655,4537,607,78,38,5261,175,39,216,5475,322,7,5797,9037,975,126,86,10222,241,28,275,10489,243,7,10745,703,84,108,11,906,25,12,38,944,26,0,972,99,14,0,84,200,11,0,11,212,11,8,229,14374,1680,319,219,16589,446,80,531,17122,604,23,17743,212,28,3,3,247,54,3,55,302,35,0,336,512,59,14,14,599,68,12,81,681,11,0,692,721,82,15,19,840,123,20,138,983,45,0,1033,15099,1766,331,235,17432,573,98,671,18105,647,24,18774,5031,485,155,97,5763,270,37,307,6074,529,22,6622,19,0,0,3,26,0,0,0,27,5,24,52,20145,2251,491,338,23216,844,138,983,24201,1180,65,25443
CED509,439,16,0,24,461,80,0,539,4034,536,97,31,4701,158,46,204,4899,315,9,5220,7500,919,141,66,8624,199,21,217,8841,261,0,9101,576,89,95,0,766,18,0,23,782,17,4,802,92,10,0,78,181,10,0,10,186,25,0,209,12198,1558,335,172,14263,379,66,447,14717,611,11,15337,265,21,4,0,287,70,8,78,368,23,4,398,434,54,29,16,543,57,11,75,613,27,0,641,699,79,37,16,827,135,22,153,983,48,4,1038,12899,1637,372,187,15093,516,87,602,15696,661,14,16372,5274,667,182,165,6287,317,39,358,6648,836,19,7496,40,3,0,8,49,3,0,3,53,13,68,138,18209,2309,554,371,21437,842,125,967,22400,1505,106,24006
CED510,886,37,5,49,930,83,0,1012,5164,664,91,38,5955,200,35,238,6192,294,3,6487,11062,920,174,77,12237,251,29,284,12518,259,11,12786,707,80,119,4,912,19,3,21,934,23,0,951,97,11,3,99,206,5,0,5,210,8,4,223,17034,1679,385,215,19310,477,68,546,19853,578,22,20455,250,15,3,0,273,69,7,70,345,20,0,369,667,61,14,13,760,49,0,50,814,17,0,837,922,83,19,15,1038,121,4,125,1163,42,0,1199,17948,1760,401,233,20346,598,78,673,21013,618,22,21653,5138,413,149,112,5815,182,21,198,6008,376,5,6392,11,8,0,14,36,0,0,0,36,8,29,69,23101,2186,550,360,26190,777,95,867,27064,1003,49,28114
CED511,40,0,0,0,43,3,0,41,4153,422,89,43,4708,98,27,129,4830,229,10,5067,8049,911,184,85,9227,131,21,149,9370,306,11,9686,510,72,136,9,726,10,0,10,737,20,0,760,111,22,3,130,270,6,0,6,272,3,3,283,12823,1426,416,265,14927,235,46,289,15210,564,20,15794,126,19,3,9,149,62,0,62,215,32,0,249,266,20,8,4,305,35,17,57,357,26,0,380,391,37,11,20,460,102,17,116,576,57,0,630,13213,1460,423,282,15381,339,65,406,15790,616,26,16431,4974,666,274,126,6042,293,69,363,6396,889,22,7308,42,3,0,3,44,0,0,0,49,4,144,199,18226,2128,700,419,21469,632,132,769,22235,1510,187,23937
CED512,434,23,5,26,459,38,0,504,6281,776,157,40,7256,227,33,262,7521,347,16,7889,10597,1317,267,117,12302,293,15,313,12611,280,10,12901,781,91,184,9,1067,25,4,26,1094,28,6,1126,108,36,5,136,289,8,0,8,296,14,13,323,17776,2223,612,303,20912,558,55,613,21530,666,44,22244,372,58,13,6,447,100,0,98,547,51,0,602,761,99,35,17,908,82,18,99,1002,50,0,1053,1132,153,42,29,1358,175,18,193,1552,100,3,1655,18906,2377,660,323,22270,738,75,808,23078,768,46,23892,7278,823,349,240,8701,486,73,558,9260,965,9,10231,34,6,3,34,84,3,0,3,85,12,66,166,26227,3207,1011,599,31050,1226,145,1374,32419,1744,122,34289
CED513,499,14,6,26,520,79,0,598,3626,535,40,19,4224,181,32,215,4441,305,0,4744,6710,826,95,50,7687,169,21,194,7882,208,7,8098,656,72,80,3,816,11,0,11,830,15,0,848,69,9,0,40,116,7,4,11,128,8,6,138,11060,1447,221,114,12844,372,59,431,13278,540,17,13832,189,25,4,0,222,39,0,39,269,25,0,290,343,43,8,7,403,51,10,63,469,22,0,492,535,65,9,13,624,99,10,104,735,46,0,780,11601,1517,229,129,13472,466,69,541,14011,586,20,14613,3906,500,110,83,4601,223,39,258,4866,613,13,5490,10,3,0,14,32,0,5,5,33,3,30,65,15523,2018,335,225,18101,689,113,806,18911,1204,61,20170
CED514,592,26,3,33,620,98,4,725,3749,555,46,24,4371,210,35,240,4613,265,9,4887,7510,994,104,75,8679,238,37,271,8958,322,9,9282,654,84,75,9,823,23,3,25,852,15,0,865,72,15,3,92,177,4,3,10,185,14,4,201,11976,1641,235,194,14053,481,69,552,14604,612,20,15234,262,32,9,10,313,65,3,71,382,27,0,411,481,46,9,8,545,77,9,85,627,41,0,668,739,77,23,16,854,138,16,160,1011,68,0,1082,12722,1720,257,211,14910,616,86,711,15621,680,20,16310,4543,828,116,128,5614,343,80,424,6041,1219,18,7278,35,6,0,22,68,0,0,0,68,18,81,168,17292,2555,379,369,20591,961,174,1130,21726,1917,116,23750
CED515,472,25,10,33,506,77,0,581,3786,523,42,10,4362,193,42,235,4596,326,4,4929,6210,933,82,44,7268,180,28,207,7476,239,6,7715,553,83,76,8,724,23,0,20,741,25,0,771,69,11,0,47,131,11,0,11,136,12,7,155,10616,1551,205,109,12479,403,66,472,12953,601,16,13570,246,23,5,7,283,83,19,98,380,18,3,410,399,92,10,7,505,81,16,99,605,35,5,640,643,118,17,10,789,158,38,196,985,52,8,1049,11253,1671,218,126,13271,560,106,670,13937,654,26,14617,4740,865,134,115,5859,347,81,424,6281,1054,52,7386,36,4,0,15,51,0,6,6,52,0,39,90,16033,2541,349,250,19173,907,188,1099,20276,1710,114,22098
CED516,901,45,17,60,970,125,4,1094,4835,675,74,37,5623,251,67,321,5942,352,0,6294,8900,1035,123,43,10105,220,33,248,10358,292,4,10655,520,53,70,0,649,11,3,17,658,25,0,684,68,10,0,67,148,5,0,5,155,7,0,166,14316,1778,269,152,16521,490,104,591,17109,679,6,17799,265,43,7,0,315,85,0,90,405,26,0,432,604,77,24,12,722,44,17,57,782,21,0,800,871,120,31,12,1032,131,18,146,1181,50,0,1235,15185,1901,304,163,17557,620,121,740,18295,735,9,19038,5005,608,150,59,5821,282,35,317,6138,559,4,6694,28,3,3,7,39,0,0,0,39,0,30,72,20217,2516,457,224,23416,900,155,1058,24474,1290,47,25807
CED594,0,0,0,0,0,0,0,0,0,0,0,0,0,0,0,0,0,0,0,0,0,0,0,0,0,0,0,0,0,0,0,0,0,0,0,0,0,0,0,0,0,0,0,0,0,0,0,0,0,0,0,0,0,0,0,0,0,0,0,0,0,0,0,0,0,0,0,0,0,0,0,0,0,0,0,0,0,0,0,0,0,0,0,0,0,0,0,0,0,0,0,0,0,0,0,0,0,0,0,0,0,0,0,0,0,0,0,0,0,0,0,0,0,0,0,0,0,0,0,0,0,0,0,0,0,0,0,0,0,0,0,0,0,0,0,0,0,0,0,0,0,0,0,0,0,0,0,0,0,0,0,0
CED597,0,0,0,0,0,0,0,0,0,0,0,0,0,0,0,0,0,0,0,0,0,0,0,0,0,0,0,0,0,0,0,0,0,0,0,0,0,0,0,0,0,0,0,0,0,0,0,0,0,0,0,0,0,0,0,0,0,0,0,0,0,0,0,0,0,0,0,0,0,0,0,0,0,0,0,0,0,0,0,0,0,0,0,0,0,0,0,0,0,0,0,0,0,0,0,0,0,0,0,0,0,0,0,0,0,0,0,0,0,0,0,0,0,0,0,0,0,0,0,0,0,0,0,0,0,0,0,0,0,0,0,0,0,0,0,0,0,0,0,0,0,0,0,0,0,0,0,0,0,0,0,0
CED601,159,3,0,5,165,31,0,197,2350,407,37,17,2820,63,27,92,2912,187,8,3100,5242,729,75,42,6079,83,25,105,6186,271,9,6459,409,63,53,5,529,13,6,18,547,41,0,590,42,9,0,46,91,3,4,10,98,3,0,106,8039,1211,161,108,9518,165,58,223,9740,504,14,10255,57,17,0,3,78,41,6,40,125,22,0,147,167,32,0,0,209,39,5,43,254,30,0,281,226,52,0,6,287,78,13,91,377,56,0,429,8274,1262,161,117,9810,242,72,306,10116,561,14,10689,2506,438,64,103,3102,206,44,247,3350,914,13,4275,40,3,0,3,48,0,0,0,48,9,17,68,10814,1701,223,221,12959,447,109,555,13513,1479,43,15035
CED602,70,0,0,0,70,9,0,77,2176,316,50,32,2565,73,14,84,2655,158,5,2820,4626,640,88,58,5412,129,20,149,5557,258,16,5824,359,53,62,8,485,13,0,13,496,17,5,520,64,10,0,36,112,0,0,0,112,4,0,121,7228,1010,197,133,8570,211,36,247,8816,441,20,9279,60,23,10,3,103,50,0,50,149,17,0,173,162,23,8,7,196,27,9,39,235,22,0,259,225,47,15,10,298,83,9,89,386,38,0,427,7452,1056,215,139,8868,293,46,336,9206,486,20,9709,2318,496,109,63,2992,225,27,256,3243,824,15,4088,27,4,0,10,37,0,0,0,37,0,31,72,9798,1557,328,215,11901,521,70,592,12485,1311,63,13859
CED603,264,7,7,14,273,62,0,337,2748,511,65,21,3345,59,18,73,3417,251,3,3674,4912,958,62,40,5969,54,17,78,6039,262,6,6316,475,83,68,9,631,9,0,9,641,37,0,679,40,10,0,40,88,0,0,0,88,16,0,104,8173,1551,195,104,10027,128,32,167,10188,565,10,10771,78,19,4,3,101,15,3,18,121,12,0,132,166,21,3,7,203,6,3,10,214,14,0,227,245,40,3,13,307,22,7,31,334,29,0,365,8418,1596,204,117,10332,147,43,189,10518,595,10,11128,1849,389,39,40,2323,131,41,167,2489,746,0,3238,19,3,0,4,27,0,3,4,33,5,12,48,10290,1992,238,161,12678,281,87,364,13044,1350,25,14423
CED604,227,6,0,3,235,53,0,283,3183,533,58,4,3784,41,11,53,3833,236,0,4070,6372,1025,106,58,7565,84,28,114,7679,302,11,7990,618,101,77,10,797,3,0,3,800,21,0,824,71,10,0,39,112,0,0,0,112,17,0,131,10244,1663,238,112,12258,131,40,171,12426,576,11,13017,60,10,0,0,69,29,0,29,96,24,0,121,133,35,6,4,184,9,5,21,202,14,0,214,190,47,6,4,253,40,5,48,295,39,0,334,10434,1711,244,120,12505,167,48,217,12724,609,11,13351,2366,497,72,63,3002,124,22,145,3144,655,18,3817,32,4,3,0,42,3,0,3,43,6,20,70,12831,2220,319,175,15543,298,73,369,15915,1273,46,17239
CED605,106,3,0,3,114,23,0,139,2256,316,36,29,2640,47,18,67,2706,205,6,2919,4710,809,116,66,5696,83,24,108,5807,401,5,6213,374,48,70,10,498,8,8,15,514,42,0,555,54,4,3,69,135,3,0,3,137,8,0,148,7397,1184,228,173,8974,146,52,197,9169,655,12,9838,41,20,0,4,67,50,0,50,112,31,4,151,147,25,3,12,184,14,13,24,210,37,0,247,191,44,3,11,250,62,13,77,328,69,4,394,7585,1223,231,186,9222,205,60,267,9496,720,22,10231,2459,522,102,107,3193,164,19,176,3373,1012,9,4392,53,8,9,0,78,0,0,0,78,9,53,138,10105,1752,344,292,12498,365,82,446,12944,1736,83,14768
CED694,0,0,0,0,0,0,0,0,0,0,0,0,0,0,0,0,0,0,0,0,0,0,0,0,0,0,0,0,0,0,0,0,0,0,0,0,0,0,0,0,0,0,0,0,0,0,0,0,0,0,0,0,0,0,0,0,0,0,0,0,0,0,0,0,0,0,0,0,0,0,0,0,0,0,0,0,0,0,0,0,0,0,0,0,0,0,0,0,0,0,0,0,0,0,0,0,0,0,0,0,0,0,0,0,0,0,0,0,0,0,0,0,0,0,0,0,0,0,0,0,0,0,0,0,0,0,0,0,0,0,0,0,0,0,0,0,0,0,0,0,0,0,0,0,0,0,0,0,0,0,0,0
CED697,0,0,0,0,0,0,0,0,0,0,0,0,0,0,0,0,0,0,0,0,0,0,0,0,0,0,0,0,0,0,0,0,0,0,0,0,0,0,0,0,0,0,0,0,0,0,0,0,0,0,0,0,0,0,0,0,0,0,0,0,0,0,0,0,0,0,0,0,0,0,0,0,0,0,0,0,0,0,0,0,0,0,0,0,0,0,0,0,0,0,0,0,0,0,0,0,0,0,0,0,0,0,0,0,0,0,0,0,0,0,0,0,0,0,0,0,0,0,0,0,0,0,0,0,0,0,0,0,0,0,0,0,0,0,0,0,0,0,0,0,0,0,0,0,0,0,0,0,0,0,0,0
CED701,39,3,0,3,47,9,0,53,4221,462,74,44,4793,125,17,142,4941,446,6,5396,2730,534,79,32,3379,125,29,160,3534,336,3,3875,372,48,98,10,521,5,10,14,540,42,0,585,64,11,0,133,212,20,6,22,232,47,11,286,7379,1054,249,218,8906,274,60,335,9243,881,18,10141,128,38,3,6,178,477,15,492,668,93,12,775,101,31,3,0,134,43,105,154,283,65,3,348,229,70,9,6,310,520,118,644,952,157,13,1126,7614,1126,260,226,9215,801,184,983,10199,1035,32,11262,2253,595,76,108,3037,541,108,653,3683,3402,19,7111,27,16,4,17,60,3,3,9,69,39,309,417,9892,1730,334,350,12308,1342,295,1638,13952,4475,356,18786
CED702,169,13,4,14,183,12,0,199,6314,490,106,63,6966,133,20,157,7126,308,3,7436,4177,453,95,39,4771,70,14,84,4846,118,0,4967,642,64,116,7,829,13,3,16,851,19,0,864,94,7,0,120,219,8,0,9,231,19,3,254,11228,1019,316,226,12789,224,42,259,13053,459,6,13516,209,8,9,0,230,29,0,29,259,18,0,276,256,26,8,6,296,14,3,20,311,13,0,326,466,37,20,6,526,50,3,53,572,33,0,605,11695,1048,335,235,13312,266,41,312,13625,489,6,14121,3600,380,138,136,4246,95,18,112,4359,514,11,4883,23,8,0,11,39,0,0,0,39,9,41,94,15314,1434,476,382,17601,363,57,422,18026,1017,61,19097
CED794,0,0,0,0,0,0,0,0,0,0,0,0,0,0,0,0,0,0,0,0,0,0,0,0,0,0,0,0,0,0,0,0,0,0,0,0,0,0,0,0,0,0,0,0,0,0,0,0,0,0,0,0,0,0,0,0,0,0,0,0,0,0,0,0,0,0,0,0,0,0,0,0,0,0,0,0,0,0,0,0,0,0,0,0,0,0,0,0,0,0,0,0,0,0,0,0,0,0,0,0,0,0,0,0,0,0,0,0,0,0,0,0,0,0,0,0,0,0,0,0,0,0,0,0,0,0,0,0,0,0,0,0,0,0,0,0,0,0,0,0,0,0,0,0,0,0,0,0,0,0,0,0
CED797,0,0,0,0,0,0,0,0,0,0,0,0,0,0,0,0,0,0,0,0,0,0,0,0,0,0,0,0,0,0,0,0,0,0,0,0,0,0,0,0,0,0,0,0,0,0,0,0,0,0,0,0,0,0,0,0,0,0,0,0,0,0,0,0,0,0,0,0,0,0,0,0,0,0,0,0,0,0,0,0,0,0,0,0,0,0,0,0,0,0,0,0,0,0,0,0,0,0,0,0,0,0,0,0,0,0,0,0,0,0,0,0,0,0,0,0,0,0,0,0,0,0,0,0,0,0,0,0,0,0,0,0,0,0,0,0,0,0,0,0,0,0,0,0,0,0,0,0,0,0,0,0
CED801,816,12,0,15,829,113,0,939,10700,1301,166,67,12227,181,44,227,12455,612,10,13076,9742,1189,101,74,11100,99,22,121,11222,258,19,11505,1484,192,232,13,1923,22,5,28,1955,40,0,1993,89,16,5,105,215,3,0,7,223,7,4,237,22016,2698,505,264,25474,304,74,382,25851,917,35,26800,186,27,8,0,227,23,3,29,257,26,0,282,318,33,18,0,365,28,3,27,394,19,5,417,502,57,20,4,588,55,4,59,652,48,5,699,22520,2756,523,264,26063,360,79,442,26502,965,35,27504,3988,530,88,83,4696,94,26,127,4820,592,6,5422,61,10,0,10,82,3,0,3,87,5,43,132,26566,3299,611,366,30844,457,109,568,31414,1558,89,33053
CED802,705,15,3,18,725,103,0,832,11646,1329,169,70,13215,207,49,255,13470,627,15,14115,11293,1451,179,77,12996,107,33,139,13135,295,13,13440,1768,205,269,17,2258,11,4,17,2278,27,0,2302,125,13,0,115,253,3,0,3,256,5,3,267,24828,2999,614,279,28719,335,81,416,29140,956,34,30128,384,50,13,9,451,37,11,49,503,35,0,537,413,42,0,8,463,40,15,54,515,30,8,550,800,93,12,10,914,72,25,98,1013,62,8,1080,25625,3094,625,292,29634,410,105,514,30154,1017,41,31210,5331,704,150,97,6278,139,49,189,6471,742,12,7225,65,8,4,40,117,0,0,0,117,4,32,150,31025,3800,775,425,36035,546,153,702,36733,1762,85,38587
CED894,0,0,0,0,0,0,0,0,0,0,0,0,0,0,0,0,0,0,0,0,0,0,0,0,0,0,0,0,0,0,0,0,0,0,0,0,0,0,0,0,0,0,0,0,0,0,0,0,0,0,0,0,0,0,0,0,0,0,0,0,0,0,0,0,0,0,0,0,0,0,0,0,0,0,0,0,0,0,0,0,0,0,0,0,0,0,0,0,0,0,0,0,0,0,0,0,0,0,0,0,0,0,0,0,0,0,0,0,0,0,0,0,0,0,0,0,0,0,0,0,0,0,0,0,0,0,0,0,0,0,0,0,0,0,0,0,0,0,0,0,0,0,0,0,0,0,0,0,0,0,0,0
CED897,0,0,0,0,0,0,0,0,0,0,0,0,0,0,0,0,0,0,0,0,0,0,0,0,0,0,0,0,0,0,0,0,0,0,0,0,0,0,0,0,0,0,0,0,0,0,0,0,0,0,0,0,0,0,0,0,0,0,0,0,0,0,0,0,0,0,0,0,0,0,0,0,0,0,0,0,0,0,0,0,0,0,0,0,0,0,0,0,0,0,0,0,0,0,0,0,0,0,0,0,0,0,0,0,0,0,0,0,0,0,0,0,0,0,0,0,0,0,0,0,0,0,0,0,0,0,0,0,0,0,0,0,0,0,0,0,0,0,0,0,0,0,0,0,0,0,0,0,0,0,0,0
CED994,0,0,0,0,0,0,0,0,0,0,0,0,0,0,0,0,0,0,0,0,0,0,0,0,0,0,0,0,0,0,0,0,0,0,0,0,0,0,0,0,0,0,0,0,0,0,0,0,0,0,0,0,0,0,0,0,0,0,0,0,0,0,0,0,0,0,0,0,0,0,0,0,0,0,0,0,0,0,0,0,0,0,0,0,0,0,0,0,0,0,0,0,0,0,0,0,0,0,0,0,0,0,0,0,0,0,0,0,0,0,0,0,0,0,0,0,0,0,0,0,0,0,0,0,0,0,0,0,0,0,0,0,0,0,0,0,0,0,0,0,0,0,0,0,0,0,0,0,0,0,0,0
CED997,0,0,0,0,0,0,0,0,0,0,0,0,0,0,0,0,0,0,0,0,0,0,0,0,0,0,0,0,0,0,0,0,0,0,0,0,0,0,0,0,0,0,0,0,0,0,0,0,0,0,0,0,0,0,0,0,0,0,0,0,0,0,0,0,0,0,0,0,0,0,0,0,0,0,0,0,0,0,0,0,0,0,0,0,0,0,0,0,0,0,0,0,0,0,0,0,0,0,0,0,0,0,0,0,0,0,0,0,0,0,0,0,0,0,0,0,0,0,0,0,0,0,0,0,0,0,0,0,0,0,0,0,0,0,0,0,0,0,0,0,0,0,0,0,0,0,0,0,0,0,0,0