CED_CODE_2016,F_Mauritius_0_4,F_Mauritius_5_14,F_Mauritius_15_24,F_Mauritius_25_44,F_Mauritius_45_54,F_Mauritius_55_64,F_Mauritius_65_74,F_Mauritius_75_84,F_Mauritius_85ov,F_Mauritius_Tot,F_Myanmar_0_4,F_Myanmar_5_14,F_Myanmar_15_24,F_Myanmar_25_44,F_Myanmar_45_54,F_Myanmar_55_64,F_Myanmar_65_74,F_Myanmar_75_84,F_Myanmar_85ov,F_Myanmar_Tot,F_Nepal_0_4,F_Nepal_5_14,F_Nepal_15_24,F_Nepal_25_44,F_Nepal_45_54,F_Nepal_55_64,F_Nepal_65_74,F_Nepal_75_84,F_Nepal_85ov,F_Nepal_Tot,F_Netherlands_0_4,F_Netherlands_5_14,F_Netherlands_15_24,F_Netherlands_25_44,F_Netherlands_45_54,F_Netherlands_55_64,F_Netherlands_65_74,F_Netherlands_75_84,F_Netherlands_85ov,F_Netherlands_Tot,F_New_Zealand_0_4,F_New_Zealand_5_14,F_New_Zealand_15_24,F_New_Zealand_25_44,F_New_Zealand_45_54,F_New_Zealand_55_64,F_New_Zealand_65_74,F_New_Zealand_75_84,F_New_Zealand_85ov,F_New_Zealand_Tot,F_Nthern_Ireland_0_4,F_Nthern_Ireland_5_14,F_Nthern_Ireland_15_24,F_Nthern_Ireland_25_44,F_Nthern_Ireland_45_54,F_Nthern_Ireland_55_64,F_Nthern_Ireland_65_74,F_Nthern_Ireland_75_84,F_Nthern_Ireland_85ov,F_Nthern_Ireland_Tot,F_Pakistan_0_4,F_Pakistan_5_14,F_Pakistan_15_24,F_Pakistan_25_44,F_Pakistan_45_54,F_Pakistan_55_64,F_Pakistan_65_74,F_Pakistan_75_84,F_Pakistan_85ov,F_Pakistan_Tot,F_PNG_0_4,F_PNG_5_14,F_PNG_15_24,F_PNG_25_44,F_PNG_45_54,F_PNG_55_64,F_PNG_65_74,F_PNG_75_84,F_PNG_85ov,F_PNG_Tot,F_Philippines_0_4,F_Philippines_5_14,F_Philippines_15_24,F_Philippines_25_44,F_Philippines_45_54,F_Philippines_55_64,F_Philippines_65_74,F_Philippines_75_84,F_Philippines_85ov,F_Philippines_Tot,F_Poland_0_4,F_Poland_5_14,F_Poland_15_24,F_Poland_25_44,F_Poland_45_54,F_Poland_55_64,F_Poland_65_74,F_Poland_75_84,F_Poland_85ov,F_Poland_Tot,F_Scotland_0_4,F_Scotland_5_14,F_Scotland_15_24,F_Scotland_25_44,F_Scotland_45_54,F_Scotland_55_64,F_Scotland_65_74,F_Scotland_75_84,F_Scotland_85ov,F_Scotland_Tot,F_Singapore_0_4,F_Singapore_5_14,F_Singapore_15_24,F_Singapore_25_44,F_Singapore_45_54,F_Singapore_55_64,F_Singapore_65_74,F_Singapore_75_84,F_Singapore_85ov,F_Singapore_Tot,F_South_Africa_0_4,F_South_Africa_5_14,F_South_Africa_15_24,F_South_Africa_25_44,F_South_Africa_45_54,F_South_Africa_55_64,F_South_Africa_65_74,F_South_Africa_75_84,F_South_Africa_85ov,F_South_Africa_Tot,F_SE_Europe_nfd_0_4,F_SE_Europe_nfd_5_14,F_SE_Europe_nfd_15_24,F_SE_Europe_nfd_25_44,F_SE_Europe_nfd_45_54,F_SE_Europe_nfd_55_64,F_SE_Europe_nfd_65_74,F_SE_Europe_nfd_75_84,F_SE_Europe_nfd_85ov,F_SE_Europe_nfd_Tot,F_Sri_Lanka_0_4,F_Sri_Lanka_5_14,F_Sri_Lanka_15_24,F_Sri_Lanka_25_44,F_Sri_Lanka_45_54,F_Sri_Lanka_55_64,F_Sri_Lanka_65_74,F_Sri_Lanka_75_84,F_Sri_Lanka_85ov,F_Sri_Lanka_Tot,F_Taiwan_0_4,F_Taiwan_5_14,F_Taiwan_15_24,F_Taiwan_25_44,F_Taiwan_45_54,F_Taiwan_55_64,F_Taiwan_65_74,F_Taiwan_75_84,F_Taiwan_85ov,F_Taiwan_Tot,F_Thailand_0_4,F_Thailand_5_14,F_Thailand_15_24,F_Thailand_25_44,F_Thailand_45_54,F_Thailand_55_64,F_Thailand_65_74,F_Thailand_75_84,F_Thailand_85ov,F_Thailand_Tot,F_FYROM_0_4,F_FYROM_5_14,F_FYROM_15_24,F_FYROM_25_44,F_FYROM_45_54,F_FYROM_55_64,F_FYROM_65_74,F_FYROM_75_84,F_FYROM_85ov,F_FYROM_Tot,F_Turkey_0_4,F_Turkey_5_14,F_Turkey_15_24,F_Turkey_25_44,F_Turkey_45_54,F_Turkey_55_64,F_Turkey_65_74,F_Turkey_75_84,F_Turkey_85ov,F_Turkey_Tot,F_USA_0_4,F_USA_5_14,F_USA_15_24,F_USA_25_44,F_USA_45_54,F_USA_55_64,F_USA_65_74,F_USA_75_84,F_USA_85ov,F_USA_Tot
CED101,0,3,6,24,29,33,18,13,8,135,0,0,3,23,15,10,10,3,3,67,9,36,320,930,22,32,3,0,0,1360,0,0,0,7,3,15,13,15,14,68,5,78,188,440,233,194,76,30,8,1262,0,5,0,5,5,8,11,5,3,45,5,7,12,68,14,14,3,0,0,123,0,0,3,13,11,16,0,0,0,51,6,66,129,594,238,215,85,22,4,1357,0,0,8,48,13,16,24,15,15,141,0,0,0,12,21,35,27,25,13,136,4,19,19,36,31,33,16,8,0,169,0,8,13,81,46,32,27,13,6,234,0,0,0,9,24,27,17,10,3,90,0,3,16,47,29,26,16,10,8,138,3,6,19,142,27,24,12,3,0,239,8,15,31,239,76,42,16,0,0,421,0,5,19,139,172,186,129,73,16,732,0,0,3,19,12,12,12,10,0,65,3,37,19,65,23,26,15,4,0,194
CED102,0,0,0,32,7,6,7,3,8,72,0,0,3,23,6,12,8,7,0,60,11,70,669,1800,50,43,5,0,0,2648,0,0,0,23,8,4,12,3,3,56,6,73,155,487,220,192,73,14,13,1238,0,0,0,13,3,0,5,3,0,24,0,14,15,76,12,7,4,0,0,126,0,0,3,24,10,11,3,4,4,55,11,62,125,920,306,253,123,37,11,1839,0,3,6,98,9,22,6,17,8,171,0,0,0,37,22,40,28,10,9,147,0,12,31,90,25,36,19,9,3,227,0,4,12,76,33,22,20,12,3,177,0,0,0,13,15,39,30,16,11,124,0,0,5,44,10,15,7,4,3,93,3,3,32,209,33,35,10,0,0,334,7,16,68,552,92,72,15,3,0,816,4,17,30,223,262,397,378,241,64,1626,0,6,5,67,46,29,26,9,4,195,11,28,31,88,32,16,11,4,0,222
CED103,0,0,15,17,13,10,7,6,5,74,0,0,23,47,26,32,18,10,3,152,3,0,35,178,6,0,0,0,0,229,0,3,4,18,11,16,21,22,12,104,17,84,132,278,190,158,97,33,20,1006,0,0,0,3,9,3,7,3,3,32,12,32,28,149,19,10,4,3,0,257,0,0,3,18,21,15,6,7,3,73,12,89,89,749,226,197,80,24,22,1483,0,0,0,65,26,42,24,13,11,186,0,4,7,38,28,43,32,27,22,204,19,30,55,131,54,58,35,13,4,401,3,16,39,140,74,49,45,25,7,401,0,0,0,11,17,21,20,14,3,92,8,37,55,283,160,147,81,55,19,845,6,13,62,335,85,73,35,11,0,619,3,13,42,294,70,35,15,3,3,478,0,0,3,8,16,18,13,8,0,67,0,0,3,44,18,23,8,8,4,114,14,59,58,118,37,24,26,8,3,351
CED104,0,0,0,9,14,18,3,7,0,54,0,0,3,17,19,18,3,3,3,63,0,3,16,74,8,3,0,0,0,110,0,7,11,21,28,25,61,26,13,194,3,62,112,259,229,227,119,42,17,1084,0,0,3,9,10,12,8,8,3,55,0,11,18,82,40,20,8,9,0,185,0,0,0,21,23,20,11,4,0,75,3,20,52,245,154,155,82,30,9,740,0,0,3,60,26,63,27,7,12,196,0,14,11,40,61,57,64,35,28,301,9,38,48,66,74,65,48,12,5,359,9,101,146,307,224,143,70,38,17,1065,0,0,0,6,17,11,11,3,0,40,0,36,53,229,228,178,84,43,18,871,3,12,21,115,57,71,33,5,0,318,0,3,26,105,40,28,11,0,0,209,0,0,0,3,3,3,0,3,0,16,0,3,0,7,20,12,0,3,0,43,11,84,49,115,68,39,27,14,3,398
CED105,0,6,3,26,16,26,15,20,3,116,0,12,23,125,58,47,23,12,3,301,0,17,360,849,20,16,3,0,0,1267,0,0,4,3,3,3,3,10,15,38,24,155,189,342,118,71,46,11,0,959,0,0,0,0,3,0,6,0,0,18,57,192,186,740,115,60,10,3,0,1362,0,0,0,3,4,10,3,3,0,24,4,35,94,433,258,210,94,32,15,1174,0,3,3,23,10,25,34,47,69,219,0,0,0,4,7,28,22,18,16,90,3,6,9,31,14,12,8,8,0,91,0,3,4,19,16,15,14,3,0,72,0,0,0,3,9,21,18,14,3,74,0,17,45,176,87,65,49,26,11,476,0,0,31,202,26,22,4,0,0,293,3,19,45,196,42,36,3,3,0,341,0,3,16,83,118,161,139,78,18,619,3,12,45,299,368,200,130,73,11,1147,0,16,16,24,11,7,5,0,0,88
CED106,0,4,0,12,9,18,13,3,3,56,0,0,0,15,20,6,7,12,4,67,0,17,91,262,21,8,4,0,0,396,3,28,16,29,36,23,46,30,15,219,8,97,181,280,324,236,168,95,48,1435,0,0,0,7,20,11,11,8,3,66,3,9,4,70,19,18,9,6,0,144,0,0,0,33,52,42,24,24,9,195,12,56,53,461,142,125,51,12,12,921,0,3,0,54,24,54,26,18,12,190,0,22,23,42,77,54,45,42,27,324,18,89,69,126,78,83,41,19,0,514,16,160,272,603,504,396,169,97,48,2266,0,0,0,7,5,14,10,3,0,43,0,14,20,164,96,66,39,28,11,438,8,21,56,382,113,119,70,13,0,783,6,16,40,186,55,25,8,3,3,342,0,0,3,6,9,0,3,3,0,23,0,6,8,18,20,6,0,6,3,68,22,128,90,130,107,80,39,23,8,622
CED107,0,0,0,3,3,0,0,0,0,7,0,0,0,3,0,0,0,3,0,16,0,10,10,58,3,0,0,0,0,78,0,0,3,11,15,38,81,42,17,197,7,40,57,216,170,150,109,29,13,787,0,0,0,5,3,9,14,8,0,38,0,5,3,13,3,0,0,0,0,27,0,3,0,4,15,5,4,3,0,39,5,25,12,159,81,83,21,3,3,397,0,0,0,6,5,13,3,20,15,60,3,3,5,21,50,55,63,32,14,245,0,3,3,8,10,3,3,3,0,38,0,21,27,80,36,29,24,5,0,218,0,0,0,0,5,9,15,4,3,28,3,4,3,33,10,11,3,0,0,70,0,3,3,6,4,3,3,0,0,22,4,10,13,55,22,7,0,0,0,107,0,0,0,0,3,0,3,0,0,11,0,0,4,5,0,0,0,0,0,10,3,21,13,50,20,19,17,3,0,145
CED108,0,3,3,38,28,49,34,18,10,189,0,4,16,72,45,30,12,3,0,183,0,21,45,197,17,8,3,0,0,291,0,0,3,4,5,22,45,33,16,125,69,335,536,999,284,180,69,22,3,2488,0,0,0,3,9,8,15,3,3,42,41,166,172,665,172,76,25,8,0,1338,0,0,0,7,15,3,0,0,0,32,45,353,775,2964,1741,1491,659,172,114,8316,0,0,5,27,30,67,48,50,87,312,0,3,0,16,30,55,62,38,21,218,3,9,6,17,8,21,7,3,4,83,0,14,22,80,44,48,21,17,3,251,0,0,4,13,28,22,30,20,8,127,10,39,44,309,96,101,51,23,15,676,0,3,4,29,3,9,0,0,0,42,4,11,22,114,37,20,10,3,0,217,0,0,0,12,11,22,13,9,0,65,5,6,16,96,93,57,40,15,0,331,4,25,21,49,14,4,10,3,0,142
CED109,0,0,0,10,8,13,8,6,5,42,0,0,0,5,8,4,0,4,0,22,0,3,9,39,3,0,0,0,0,57,0,3,3,22,14,13,38,20,18,126,6,48,96,395,223,188,97,43,21,1120,0,0,3,5,9,7,15,10,3,57,0,3,3,15,3,4,0,0,0,37,0,0,0,17,9,8,3,0,3,38,5,20,32,230,145,114,44,13,4,606,0,3,5,67,25,23,10,12,9,154,0,4,0,44,57,53,63,43,19,282,0,13,9,25,12,20,21,4,0,117,0,16,31,124,78,49,43,15,6,361,0,0,0,4,20,26,14,14,3,76,0,0,0,17,11,4,3,0,0,44,0,0,0,30,16,18,11,0,4,83,3,7,20,161,50,23,9,0,0,272,0,4,13,63,95,77,53,20,6,332,0,0,0,21,25,16,16,7,0,95,3,22,31,81,34,27,24,7,0,227
CED110,0,0,0,3,8,6,0,0,0,17,0,23,34,85,20,9,0,0,0,166,0,3,0,10,3,0,0,0,0,15,0,0,3,17,20,48,97,64,32,285,4,28,46,230,234,257,183,81,33,1095,0,0,0,8,15,8,14,21,0,74,3,11,8,6,3,0,0,0,0,38,0,0,0,27,22,21,5,3,3,83,3,23,20,163,98,107,39,12,3,480,0,0,0,11,10,13,14,11,9,57,0,10,3,26,48,61,111,60,34,351,0,4,0,8,10,12,3,3,0,35,0,18,18,68,49,51,40,25,3,272,0,0,0,0,3,3,3,10,5,26,0,0,6,8,7,0,3,3,0,29,0,3,8,17,6,3,0,0,0,40,3,16,17,69,29,19,5,0,0,169,0,0,0,0,0,3,0,3,0,8,0,0,0,4,3,0,0,0,0,13,4,32,14,59,32,34,41,9,3,225
CED111,0,0,0,0,3,3,0,3,0,8,3,5,18,51,11,9,12,0,0,104,0,0,4,22,0,0,0,0,0,25,0,3,7,23,18,53,100,64,39,294,0,49,91,288,164,145,84,35,14,884,0,0,0,11,8,15,21,16,3,72,0,3,7,49,6,6,3,0,0,74,0,0,0,18,10,7,0,0,0,36,7,25,22,184,69,131,55,13,8,507,0,3,0,36,12,39,23,28,30,167,0,6,3,41,84,114,131,81,38,512,3,8,5,24,5,9,4,3,0,57,0,13,30,88,42,43,29,14,0,249,0,0,3,18,33,52,45,45,20,207,3,9,17,50,14,16,7,8,0,122,0,0,3,27,10,6,4,0,0,58,9,33,59,172,49,23,9,0,0,350,0,0,11,113,182,255,288,202,48,1087,0,3,6,32,81,26,36,21,0,215,7,25,52,112,47,33,32,4,0,312
CED112,0,0,0,6,11,12,8,7,4,40,0,0,0,3,3,0,3,4,0,11,0,0,3,13,0,0,0,0,0,17,0,0,0,14,23,37,82,40,27,219,13,47,84,340,310,260,157,81,30,1315,0,3,3,6,20,15,21,17,3,83,0,8,0,20,8,0,0,0,0,38,0,0,3,21,21,13,0,3,0,60,8,27,29,213,132,130,47,7,4,607,0,4,0,27,5,17,13,3,4,76,0,6,5,40,56,82,116,73,37,421,0,3,0,4,14,13,4,0,3,39,0,15,29,102,53,47,31,16,10,305,0,0,0,0,7,5,11,9,0,37,0,0,0,18,7,8,6,3,0,49,0,3,3,12,5,3,0,0,0,29,3,9,12,87,32,24,0,0,0,174,0,0,0,0,3,3,5,5,0,14,0,0,0,4,0,0,0,0,0,6,6,14,19,57,38,35,16,3,0,183
CED113,0,0,0,6,0,4,0,0,0,13,0,0,0,3,3,3,4,3,0,18,0,4,16,47,0,0,0,0,0,73,0,3,0,21,31,63,94,48,21,279,8,23,59,246,209,216,105,30,10,911,0,0,4,10,3,5,15,3,0,40,0,3,3,24,3,3,0,0,0,46,0,0,0,32,38,8,3,0,0,84,3,39,35,167,79,105,33,13,0,466,0,0,0,23,4,29,11,10,15,95,0,3,4,35,39,72,88,46,12,301,0,4,3,8,15,19,4,0,0,54,0,15,35,74,51,44,16,10,4,241,0,0,0,5,16,11,23,17,3,72,0,3,5,26,11,14,5,0,0,65,0,0,11,55,0,3,0,0,0,70,3,5,16,81,27,18,11,0,0,161,0,3,17,58,55,68,30,16,10,256,0,0,0,3,7,0,0,0,0,17,3,36,22,96,45,74,48,8,0,330
CED114,0,0,0,5,0,0,0,0,0,6,0,0,0,8,0,0,0,0,0,11,5,35,34,29,3,0,0,0,0,113,0,3,0,19,18,42,73,38,20,216,10,88,89,228,152,135,89,34,4,827,0,0,0,3,5,0,6,3,3,20,3,19,7,43,0,0,0,0,0,73,0,4,0,15,12,4,0,0,0,32,16,37,49,218,91,94,43,10,4,555,0,0,0,3,3,7,4,0,6,26,0,0,4,22,25,45,66,46,19,215,0,0,0,7,9,3,4,0,0,29,3,23,24,68,39,14,22,6,6,202,0,0,0,0,0,7,7,10,3,35,3,13,7,55,14,11,3,3,0,100,0,3,19,115,0,0,0,0,0,142,0,5,9,60,38,14,5,0,0,137,0,0,0,0,0,0,3,0,0,7,0,5,4,21,10,6,4,0,0,45,4,14,12,41,19,24,12,3,0,122
CED115,0,5,0,24,6,22,25,9,4,100,0,0,16,62,25,22,10,0,3,152,0,0,11,78,3,0,0,0,0,96,0,0,4,0,3,9,12,12,9,45,32,185,313,418,119,70,35,8,3,1183,0,0,0,0,6,10,3,6,5,27,5,27,29,121,17,16,7,0,0,227,0,3,0,5,0,0,0,0,0,17,11,42,101,464,211,251,166,31,22,1296,5,0,0,35,39,79,40,35,52,278,0,0,0,11,9,21,23,19,10,87,0,0,5,10,3,14,11,3,3,45,0,5,5,17,12,6,7,3,0,64,0,0,7,107,72,140,100,66,15,508,3,6,5,32,13,23,14,5,0,103,0,0,13,38,12,26,3,0,0,93,0,32,74,374,103,67,32,4,3,691,0,7,13,83,86,100,87,40,9,426,8,3,18,53,61,38,36,12,3,228,3,12,18,20,0,6,3,0,0,69
CED116,0,0,0,3,3,7,7,7,0,23,0,0,0,3,0,0,0,0,0,11,0,0,3,15,3,0,0,0,0,21,0,0,3,11,18,61,122,73,22,316,7,42,37,212,174,233,167,67,21,961,0,3,0,5,11,11,39,14,8,96,0,3,0,5,0,3,0,0,0,9,0,0,0,13,12,15,3,5,0,44,8,18,19,119,88,89,38,8,0,388,0,0,0,20,3,21,18,14,9,82,3,8,3,27,50,105,132,92,37,462,0,3,0,7,6,3,15,4,0,38,0,4,5,57,32,41,57,14,3,223,0,0,0,0,10,16,12,11,0,46,0,4,0,13,5,3,5,0,3,39,0,0,0,7,0,0,0,0,0,8,5,8,6,72,31,13,12,0,0,140,0,0,0,0,3,9,8,0,0,25,0,0,0,3,4,0,3,0,0,5,7,18,17,62,35,47,44,11,4,253
CED117,0,0,0,21,9,15,10,4,3,67,0,0,3,32,12,8,3,3,0,59,3,22,204,487,4,7,4,0,0,734,0,0,7,62,21,15,26,4,0,138,15,38,108,755,389,302,121,30,13,1769,0,0,3,33,17,7,15,3,0,76,0,3,3,19,4,0,0,0,0,33,0,0,3,28,18,15,5,3,0,75,10,27,64,497,133,124,83,15,5,960,0,0,8,109,14,40,20,14,12,222,0,4,12,119,66,67,51,13,4,340,4,15,23,99,29,19,11,3,3,197,0,7,29,203,68,55,30,9,0,402,0,0,0,13,10,19,19,13,0,74,0,0,9,72,17,22,10,4,4,147,0,0,13,119,8,14,8,3,0,173,5,15,71,503,65,46,18,3,3,734,0,0,3,18,8,22,21,16,3,102,0,0,5,63,36,24,25,7,0,161,23,48,68,324,93,58,40,9,0,669
CED118,0,4,3,45,34,47,33,14,10,193,0,10,22,88,64,36,21,6,3,240,0,33,53,296,27,24,0,3,0,446,0,0,9,14,11,11,34,28,4,112,15,171,263,514,247,180,71,13,4,1485,0,0,0,9,10,9,19,3,3,56,12,69,52,296,68,48,23,9,0,569,0,0,6,18,14,11,3,0,0,51,22,144,265,1436,776,625,252,60,46,3628,0,0,3,67,31,49,37,13,17,215,3,9,7,34,47,51,46,26,11,240,7,32,35,53,31,24,15,10,0,210,3,50,93,229,127,84,45,20,3,657,0,0,0,20,18,33,24,33,3,132,17,95,171,900,391,263,145,70,19,2081,8,0,7,61,12,25,8,0,4,124,0,12,17,112,45,22,8,0,0,217,0,0,0,7,8,8,8,0,0,37,5,3,22,106,113,49,31,10,0,331,5,44,56,95,35,21,11,0,0,266
CED119,0,0,0,11,32,33,17,18,6,117,0,0,0,8,5,7,3,0,3,26,0,4,14,83,6,8,0,0,0,113,0,3,3,15,17,22,38,21,23,149,6,59,81,343,239,141,70,18,10,978,0,0,0,4,10,7,17,6,3,49,0,6,3,39,14,15,0,0,0,85,0,0,0,16,19,14,3,0,0,51,4,21,38,278,145,152,58,10,13,720,0,0,0,59,29,42,28,16,6,186,0,9,12,48,55,63,73,31,14,310,5,10,9,28,20,22,12,0,0,102,0,19,42,142,85,74,43,22,6,433,0,0,0,3,20,20,13,11,7,77,0,6,8,38,20,22,13,5,3,112,0,0,4,27,8,9,5,0,0,53,0,6,16,124,23,15,9,0,0,203,0,3,4,43,44,66,48,19,4,233,0,0,0,18,13,4,3,0,0,46,8,18,34,96,44,28,18,8,0,258
CED120,0,0,0,8,13,6,13,0,0,41,0,0,5,4,0,3,0,0,0,14,0,0,3,14,4,0,0,0,0,25,0,0,3,11,19,50,78,33,16,203,8,28,61,234,187,179,95,31,9,839,0,4,3,18,24,9,36,8,0,107,3,3,4,21,10,3,0,0,0,49,0,0,0,7,16,9,0,0,0,39,3,15,24,136,74,81,28,6,3,376,0,0,0,31,6,18,14,9,7,92,3,10,7,49,60,92,97,40,12,373,0,10,6,8,15,4,6,0,0,45,0,14,25,96,41,38,26,7,0,248,0,0,0,5,12,13,4,8,3,44,0,3,3,20,10,6,0,7,0,49,0,0,0,23,3,4,0,0,0,34,0,6,10,76,23,12,4,0,0,131,0,0,0,7,11,9,0,3,0,28,0,0,0,5,8,4,0,0,0,14,4,23,19,54,34,32,10,9,0,189
CED121,0,0,3,5,0,10,3,0,0,22,0,0,4,7,3,0,0,0,0,19,0,0,0,10,0,0,0,0,0,10,0,0,3,11,10,33,83,33,24,206,10,52,74,328,233,185,141,59,29,1094,0,0,0,12,6,5,7,12,0,44,0,7,3,19,3,4,3,0,0,33,0,0,6,21,13,20,8,0,0,70,4,25,29,173,96,93,36,7,4,469,0,0,0,15,0,3,15,4,7,47,0,7,6,22,40,47,92,40,22,281,0,0,6,9,3,4,4,0,0,27,0,13,43,80,62,34,23,12,3,272,0,0,0,3,3,3,12,6,4,27,0,5,3,26,9,8,3,0,0,63,0,0,0,15,0,0,0,0,0,17,4,10,13,91,26,13,3,0,0,156,0,0,0,3,5,0,3,0,4,21,0,0,0,4,3,0,3,0,0,7,3,21,21,64,23,25,24,3,0,188
CED122,0,0,5,30,13,16,12,0,0,83,0,0,31,19,7,7,0,3,0,67,0,8,7,69,3,0,0,0,0,96,0,11,20,56,17,8,17,18,9,153,10,50,114,662,289,244,132,44,6,1557,0,0,14,73,27,10,21,3,3,154,3,9,13,57,14,12,4,0,0,107,0,4,3,26,21,19,8,7,3,92,4,54,100,599,233,217,100,37,11,1360,0,6,12,138,40,76,51,24,20,362,4,3,25,173,71,67,45,40,5,436,12,14,127,147,36,49,32,6,3,420,3,25,82,362,206,79,86,35,14,891,0,0,3,16,15,30,18,16,11,112,0,0,35,84,24,24,22,5,4,207,5,9,54,151,35,37,17,3,0,308,3,22,74,411,102,71,22,3,4,706,0,0,0,17,5,8,7,8,0,47,0,0,8,63,77,52,35,13,0,252,14,46,74,283,81,37,22,3,6,566
CED123,0,3,3,16,17,18,20,3,3,89,0,0,3,22,3,6,3,0,0,33,6,8,17,93,16,9,0,3,0,154,0,4,0,14,17,58,86,44,19,237,17,132,234,625,254,203,78,23,6,1572,0,4,0,19,23,33,40,15,9,146,4,23,46,123,28,21,8,3,3,259,0,3,0,21,8,4,3,0,0,43,10,53,117,690,337,298,117,29,23,1674,0,6,0,45,16,34,35,19,23,187,0,4,10,52,75,134,102,59,26,457,0,12,6,24,14,21,3,6,0,86,0,11,31,111,59,54,27,24,0,312,0,0,0,5,21,31,20,19,6,102,3,24,11,129,58,47,22,14,8,320,0,0,3,36,5,11,0,0,0,56,0,14,25,117,56,21,8,0,0,246,0,0,0,3,14,12,17,8,3,52,0,0,3,20,16,12,6,4,0,61,0,6,16,57,26,20,13,4,4,139
CED124,0,0,0,4,0,3,7,0,0,15,0,0,3,3,0,0,0,0,0,7,0,0,0,4,0,0,0,0,0,12,0,0,0,7,7,38,107,39,15,223,0,22,23,147,114,196,164,58,21,753,0,3,0,4,10,8,20,5,7,51,0,0,0,3,0,0,0,0,0,9,0,0,0,7,13,18,4,3,0,48,0,8,19,106,75,79,33,5,3,335,0,0,0,10,0,12,8,7,3,50,0,3,3,12,37,60,94,45,16,279,0,0,0,3,3,5,0,0,0,23,0,6,15,32,32,26,48,6,4,172,0,0,0,0,0,0,11,9,0,19,0,0,0,8,7,3,0,3,0,19,0,0,0,0,0,0,0,0,0,6,0,17,4,40,21,17,4,0,0,104,0,0,0,0,0,0,0,0,0,0,0,0,0,0,0,0,0,0,0,3,3,10,9,31,29,33,35,3,0,168
CED125,0,4,7,58,48,60,39,13,7,239,0,3,0,15,10,3,0,3,0,35,0,12,32,258,13,26,4,0,0,346,0,0,0,8,10,34,39,20,11,122,26,253,431,783,306,186,85,36,4,2111,0,0,0,12,22,24,37,13,4,109,9,41,41,239,58,32,4,0,3,429,0,0,9,20,16,4,0,0,0,57,10,87,154,777,468,375,159,46,16,2087,0,0,3,71,33,61,41,13,12,228,0,3,6,46,63,122,107,54,9,416,0,0,3,21,11,19,7,0,0,59,4,11,42,159,91,92,74,21,3,499,0,0,0,11,27,24,16,17,3,96,5,19,24,114,44,32,20,12,3,284,0,0,7,34,4,12,0,0,0,56,5,8,25,173,82,39,25,0,0,350,0,0,0,25,29,24,15,3,0,94,0,0,5,16,5,3,3,0,0,32,4,18,20,47,23,12,18,5,0,139
CED126,0,0,0,4,8,7,3,0,0,27,0,0,0,3,3,9,0,0,0,12,3,4,41,121,5,3,0,0,0,177,3,10,19,54,42,51,86,80,55,405,8,51,103,469,349,306,167,58,42,1559,0,0,5,18,24,13,15,14,4,87,0,0,0,7,3,0,8,0,0,16,0,0,0,12,26,18,3,3,0,75,4,18,55,280,152,110,32,13,3,663,0,0,3,64,26,32,22,5,13,168,0,12,24,118,93,78,91,65,27,510,3,10,17,30,29,23,3,4,0,123,0,69,86,324,214,125,74,44,16,950,0,0,3,27,32,39,37,39,19,194,0,0,0,17,11,11,8,4,0,51,0,3,5,26,4,3,3,0,0,41,3,9,30,154,76,38,3,7,0,320,0,0,0,4,5,6,3,0,0,20,0,0,0,15,16,15,10,4,3,60,13,47,61,183,114,84,53,15,0,575
CED127,0,0,0,4,4,10,4,0,3,26,0,0,0,0,0,3,0,6,0,14,0,0,0,9,0,0,0,0,0,6,0,4,11,26,38,63,88,53,29,304,3,31,56,274,262,233,135,46,12,1046,0,0,0,9,20,15,24,11,4,86,0,0,0,10,6,3,0,0,0,23,0,0,0,11,26,20,3,3,0,64,0,17,33,134,81,76,32,6,3,384,0,0,3,37,14,40,23,12,3,129,0,11,7,41,61,94,101,53,17,378,0,3,11,10,7,10,6,7,0,56,0,19,30,99,59,39,40,13,5,295,0,0,0,5,11,17,10,4,0,50,0,0,3,10,9,4,3,6,0,42,0,3,0,15,8,0,0,0,0,28,4,7,8,77,20,17,9,0,0,148,0,0,0,9,5,6,5,8,0,41,0,0,0,4,3,3,0,0,0,13,5,21,16,73,63,73,62,15,6,336
CED128,0,0,0,23,15,33,23,14,8,119,0,8,19,69,46,25,20,4,4,189,0,3,31,140,8,7,0,0,0,183,0,0,5,7,0,18,22,19,12,81,17,170,265,503,181,117,51,26,6,1332,0,4,0,3,11,17,16,7,0,55,11,63,62,260,39,34,15,9,0,487,0,0,0,6,7,3,0,0,0,22,7,71,132,735,425,377,172,40,25,1987,0,0,0,37,20,52,26,33,29,201,0,0,0,19,33,52,40,22,10,184,0,3,3,13,9,7,8,0,0,46,0,5,19,54,46,35,28,4,0,188,0,0,3,18,31,38,38,25,9,161,0,14,29,154,65,86,43,16,14,419,0,0,4,35,5,17,4,0,0,68,3,22,43,193,59,38,13,3,0,365,0,0,4,31,16,22,49,8,3,139,16,13,33,185,143,83,60,16,4,547,3,11,14,33,6,11,7,0,0,83
CED129,0,0,0,12,29,19,22,4,0,92,0,0,0,44,24,15,22,3,0,109,0,0,16,55,13,4,0,0,0,87,0,5,10,12,10,16,50,31,13,150,20,105,136,292,209,196,90,20,3,1070,0,0,0,8,6,18,20,8,0,66,6,30,31,168,54,37,12,5,3,352,0,0,3,18,14,9,3,0,0,52,5,41,77,502,318,304,167,24,26,1462,0,6,3,79,48,70,34,15,12,263,0,18,11,42,43,53,59,26,13,268,13,45,42,73,61,44,32,7,3,321,14,99,176,393,229,131,59,37,6,1139,0,0,0,7,19,9,13,10,3,65,10,52,68,390,299,214,100,53,21,1197,4,4,10,110,32,50,25,3,0,235,3,11,26,133,43,25,8,0,3,241,0,0,0,3,4,11,3,3,0,21,0,3,4,53,48,14,9,12,0,141,14,84,143,114,54,29,13,3,0,454
CED130,0,0,0,0,0,4,0,0,0,4,0,0,3,22,3,0,0,0,0,28,0,0,26,87,4,0,0,0,0,117,0,0,3,10,7,33,41,22,14,131,6,28,46,170,138,129,103,37,16,670,0,0,0,8,3,3,5,3,0,22,0,3,0,17,0,0,0,0,0,20,0,0,0,17,20,8,3,0,0,48,10,48,73,230,81,76,29,0,0,540,0,0,0,3,0,7,0,0,6,19,0,9,6,18,22,37,37,33,14,178,0,8,8,10,10,13,6,5,0,53,0,17,30,59,42,24,17,3,0,182,0,0,0,0,3,0,0,0,0,3,3,7,4,35,4,4,3,0,0,63,6,0,15,70,0,3,0,0,0,97,0,8,7,43,10,6,0,0,0,71,0,0,0,0,0,0,0,0,0,0,0,0,0,3,0,0,0,0,0,3,4,19,28,72,32,42,30,13,3,236
CED131,0,0,6,5,4,3,3,3,0,16,0,0,3,14,0,3,0,0,0,23,0,7,10,29,3,0,0,0,0,46,0,4,3,16,15,17,39,13,13,105,4,34,84,270,172,149,60,33,5,817,0,0,0,7,4,4,7,4,0,30,4,9,3,44,0,0,5,0,0,66,0,0,9,28,14,11,0,0,0,68,4,34,39,201,117,113,47,18,0,572,0,0,0,26,19,24,22,32,31,160,0,10,4,48,24,66,62,31,23,270,3,4,38,33,9,5,5,3,0,106,3,15,34,94,35,27,4,7,0,226,0,0,0,3,22,21,23,23,3,83,0,9,16,61,18,6,5,3,0,120,3,3,10,45,4,3,0,0,0,66,0,6,23,93,29,16,0,0,0,182,0,0,3,21,53,84,81,67,19,323,0,0,0,3,0,0,0,0,0,13,7,28,43,139,34,27,17,3,4,315
CED132,0,0,0,29,12,7,0,0,0,55,0,0,3,12,5,3,3,4,0,41,3,15,82,250,3,4,3,0,0,359,7,13,9,49,14,17,32,18,7,171,21,77,135,666,365,313,185,63,33,1860,0,0,0,25,14,14,9,3,0,73,5,6,3,71,13,5,6,0,0,116,0,3,0,41,41,34,13,30,10,171,16,43,81,556,168,110,74,19,10,1066,3,3,13,154,24,57,29,18,13,309,0,9,6,106,68,58,46,31,16,331,22,59,49,172,62,49,45,21,3,479,11,23,62,423,164,141,87,46,35,979,0,0,0,16,10,19,9,3,3,60,0,0,12,118,49,23,24,12,10,247,5,10,53,376,67,70,33,3,0,621,3,26,45,451,80,44,17,0,0,663,0,0,3,16,16,8,10,17,0,70,0,3,0,41,18,12,4,11,3,101,39,124,95,352,147,102,40,16,7,937
CED133,0,0,0,3,0,3,0,0,0,6,0,0,0,3,0,0,0,0,0,7,0,0,0,9,0,0,0,0,0,9,0,0,5,23,32,48,84,41,8,240,8,29,51,202,202,273,184,54,25,1029,0,0,0,3,5,6,9,4,3,36,0,3,0,13,3,4,0,0,0,21,0,3,3,15,34,25,3,3,0,92,10,26,22,166,116,89,41,5,0,466,0,0,0,4,3,3,8,7,4,38,0,10,0,15,33,54,83,33,16,244,0,0,0,10,8,3,3,0,0,24,0,15,16,60,35,40,24,12,9,216,0,0,0,0,0,3,0,3,0,13,3,3,0,14,6,3,0,0,0,36,0,3,15,54,3,0,0,0,0,77,3,9,4,49,38,16,3,0,0,124,0,0,0,0,0,0,0,0,0,3,0,0,0,0,3,0,0,0,0,4,3,12,17,65,30,47,38,12,7,227
CED134,0,0,0,0,3,0,0,0,0,7,0,0,0,3,4,0,0,0,0,8,0,6,15,94,3,0,0,0,0,123,0,0,0,12,3,28,30,18,3,98,3,21,41,167,103,104,59,24,7,526,0,3,0,9,3,8,5,3,0,23,3,8,3,29,4,0,0,0,0,50,0,4,3,16,12,6,0,0,0,44,7,31,41,176,75,58,26,9,3,426,0,0,0,3,0,6,4,0,3,19,0,4,3,7,17,30,25,13,0,108,0,3,0,7,0,5,8,3,0,22,3,18,29,62,26,17,7,12,3,172,0,0,0,0,4,4,12,7,0,23,4,10,11,44,21,4,4,3,0,96,0,0,3,12,0,0,0,0,0,22,0,8,0,38,16,11,0,0,0,71,0,0,0,0,3,4,3,0,0,5,0,0,0,3,0,0,0,0,0,4,3,10,3,37,13,24,20,9,5,126
CED135,0,4,20,41,17,17,18,6,8,125,0,4,16,74,35,32,22,5,4,193,3,30,205,782,46,27,3,0,0,1102,0,3,3,6,4,8,18,15,13,74,22,142,207,453,198,147,63,19,17,1270,0,0,3,10,7,3,4,0,0,36,32,87,87,455,50,31,7,4,0,750,0,0,8,18,9,10,7,0,0,47,17,100,177,1008,361,324,170,43,29,2223,0,0,5,57,30,62,33,23,19,220,0,4,0,21,19,19,40,19,19,140,3,27,21,80,28,43,15,9,0,228,3,3,27,94,45,38,19,7,7,246,0,0,0,18,20,21,16,6,0,81,21,86,118,718,325,211,140,88,20,1721,0,7,42,171,43,45,14,0,0,315,3,12,37,245,49,45,11,3,3,409,0,0,0,7,10,5,8,4,3,34,0,3,26,150,147,97,71,20,3,520,14,47,22,75,13,16,8,0,4,202
CED136,0,0,0,4,3,8,5,0,3,30,0,0,0,0,0,0,0,0,0,3,0,3,3,12,0,0,0,0,0,19,0,0,3,9,7,32,86,42,15,188,10,37,50,225,163,152,124,36,9,807,0,0,0,3,8,11,11,12,3,46,0,0,0,11,8,3,4,0,0,30,0,3,4,11,11,9,4,0,0,36,3,36,16,166,127,86,41,8,3,490,0,0,0,11,5,15,12,10,20,71,0,6,3,30,40,65,84,45,20,295,0,0,0,11,5,9,4,0,0,31,0,17,26,92,50,22,20,8,3,247,0,0,0,5,3,3,3,3,5,19,0,0,0,20,0,3,0,0,0,22,0,5,14,66,0,0,0,0,0,84,5,10,17,73,29,19,0,0,0,147,0,0,0,0,5,3,4,0,0,13,0,0,0,4,3,4,3,0,0,14,7,15,20,68,31,22,16,0,0,177
CED137,0,0,0,31,8,21,6,4,3,73,0,0,28,59,52,36,13,12,7,209,6,28,423,851,21,14,9,0,0,1360,0,4,6,18,11,12,14,0,5,69,12,64,120,391,195,176,97,31,5,1081,0,0,3,20,11,4,13,6,3,59,10,29,29,135,27,19,7,0,0,263,0,0,3,21,17,12,12,0,6,74,9,39,77,685,186,184,84,19,13,1300,0,0,4,81,18,51,30,28,21,222,3,3,6,52,29,32,35,23,10,187,10,34,49,108,26,44,32,10,3,320,6,17,35,160,74,46,25,15,4,384,0,0,3,13,13,20,14,13,7,80,4,23,61,320,212,191,113,77,62,1049,10,12,65,357,46,51,28,3,0,572,0,18,65,456,60,38,11,4,0,647,0,0,0,11,13,10,6,3,0,50,0,0,3,82,78,55,39,15,7,291,21,48,39,104,38,25,27,5,4,319
CED138,0,0,0,4,0,3,3,0,0,11,0,0,0,0,0,0,0,0,0,3,0,0,0,11,0,0,0,0,0,11,0,4,3,34,29,49,96,49,25,286,3,86,106,501,385,410,290,138,55,1978,0,0,0,6,6,7,19,7,3,62,0,0,0,0,3,0,0,0,0,10,0,0,3,43,32,23,7,3,0,117,4,27,26,168,97,94,36,12,3,469,0,0,0,31,4,13,9,8,8,69,0,9,6,47,42,72,101,75,43,396,3,3,0,16,15,8,9,3,0,49,0,12,21,97,66,56,45,20,10,321,0,0,0,3,3,3,16,6,0,37,0,3,0,11,9,8,4,3,0,33,0,0,0,22,5,0,3,0,0,32,0,11,23,113,42,30,7,0,0,226,0,0,0,0,0,0,0,0,0,4,0,0,0,6,3,3,0,0,0,13,6,20,33,119,87,90,53,16,3,423
CED139,0,0,0,0,0,3,0,0,0,4,0,10,6,42,4,0,0,0,0,63,0,5,4,24,4,3,0,0,0,40,0,0,3,7,9,34,63,26,8,149,3,12,46,127,109,116,55,14,13,490,0,0,0,0,3,3,9,9,0,31,3,13,6,28,3,0,3,0,0,53,0,6,8,13,9,8,3,0,0,53,14,53,35,170,71,56,32,3,0,423,0,0,0,3,3,0,4,8,6,21,3,3,10,10,31,27,53,19,10,154,0,0,7,10,3,6,0,0,0,30,0,23,21,58,35,19,16,4,0,174,0,0,0,3,4,6,3,8,3,24,0,5,3,37,9,6,3,0,0,65,0,0,13,51,4,0,0,0,0,70,0,3,7,30,20,0,3,0,0,64,0,0,0,0,0,0,0,0,0,3,0,0,0,0,0,0,0,0,0,4,0,5,15,44,23,23,19,3,0,131
CED140,0,0,0,6,4,10,8,0,0,33,0,0,0,4,4,0,3,4,0,20,0,3,0,20,0,3,0,0,0,25,0,6,6,23,22,38,76,46,17,233,9,43,59,332,260,285,180,67,34,1271,0,4,0,10,18,13,20,14,3,77,0,3,0,9,0,7,0,0,0,23,0,0,6,24,25,24,7,4,0,98,0,16,36,199,115,128,52,6,9,564,0,0,0,32,16,21,15,10,7,101,0,23,12,47,76,70,103,75,37,451,0,6,7,12,20,13,4,0,0,62,0,20,56,146,110,83,61,34,5,516,0,0,0,0,6,10,9,4,3,32,0,0,3,19,7,14,10,6,0,62,0,4,3,28,7,8,0,0,0,50,3,7,19,130,51,21,0,3,0,234,0,0,0,0,0,4,0,0,0,8,0,0,0,8,8,3,0,0,0,26,3,37,31,93,61,40,33,3,4,301
CED141,0,0,0,0,0,3,7,0,0,13,0,0,0,3,0,0,0,3,0,7,0,0,0,3,0,0,0,0,0,6,0,4,0,14,6,24,85,29,18,182,5,25,50,231,167,129,90,49,20,775,0,0,0,3,3,7,19,8,3,43,0,3,0,5,3,0,0,0,0,15,0,0,3,16,4,16,0,3,0,39,3,18,29,135,76,76,23,7,3,365,0,0,0,13,8,19,22,10,26,94,0,7,7,26,45,68,104,61,24,340,0,0,3,7,7,7,5,3,0,41,0,11,22,56,45,38,20,7,0,204,0,0,0,0,11,9,8,6,3,34,0,0,0,12,5,5,11,3,0,35,0,0,0,3,0,3,0,0,0,11,3,4,7,81,17,9,4,0,0,131,0,0,0,6,20,33,30,24,6,121,0,0,0,3,3,4,0,0,0,8,0,31,22,51,28,35,18,3,0,181
CED142,0,0,0,25,5,7,3,3,3,50,0,0,37,33,10,4,9,0,0,95,4,0,19,71,5,0,0,0,0,100,3,5,33,109,19,18,15,16,0,217,7,20,242,1058,385,310,130,54,9,2217,0,0,10,67,13,11,5,0,0,108,0,0,12,37,4,3,0,0,0,60,0,0,12,32,24,13,7,7,0,95,0,13,89,577,106,113,51,13,3,961,0,0,14,177,20,49,28,15,4,310,4,0,32,214,47,52,30,15,9,400,5,7,164,319,40,43,20,4,3,607,3,0,60,286,54,55,32,11,0,494,0,0,0,19,14,27,7,10,3,81,0,0,25,105,13,7,12,3,0,163,4,6,122,570,48,41,13,0,0,804,22,20,482,3287,163,75,17,3,0,4066,0,0,3,25,7,13,12,9,0,74,0,3,9,75,34,21,12,9,3,169,30,37,262,669,104,69,47,7,0,1226
CED143,0,0,0,12,10,4,3,0,0,35,0,0,0,7,0,4,0,0,0,9,0,7,27,124,3,3,0,0,0,161,5,15,9,101,63,34,39,25,18,313,9,70,129,783,444,332,184,80,34,2066,0,0,4,47,19,11,24,6,3,119,0,0,4,10,4,7,0,0,0,22,0,0,3,22,51,18,9,7,0,110,4,15,34,263,92,101,35,9,3,557,0,0,3,117,21,34,13,12,13,220,0,31,10,179,122,87,77,53,17,583,9,54,36,62,47,30,12,4,3,256,19,65,58,523,201,142,86,36,14,1147,0,0,0,15,13,21,8,15,5,81,0,0,0,44,19,17,12,8,3,102,3,7,6,63,22,21,11,0,0,134,4,11,18,217,59,36,3,0,0,360,0,0,3,13,8,7,5,0,0,43,0,8,0,34,21,12,13,3,8,90,34,157,110,455,203,93,57,14,0,1127
CED144,0,0,11,29,28,38,45,26,16,186,3,28,66,152,51,27,7,8,0,343,7,46,298,817,33,25,0,0,0,1227,0,0,0,5,4,4,11,5,0,38,22,98,155,334,151,110,59,14,3,947,0,0,0,8,0,0,8,0,0,18,58,158,122,679,103,29,8,3,3,1157,0,0,0,13,15,5,4,8,4,59,10,51,111,639,304,267,142,29,11,1568,0,0,4,42,26,20,27,19,21,156,0,0,3,11,12,9,22,14,12,78,0,13,24,51,18,32,17,7,6,164,0,3,10,50,30,13,16,11,0,144,0,0,0,3,10,8,16,15,3,56,0,12,17,111,56,78,49,24,17,366,3,0,20,97,30,27,11,0,4,187,4,11,52,290,59,58,19,0,0,494,0,0,0,24,38,29,26,21,3,138,0,3,3,61,46,28,19,11,5,170,4,17,24,52,20,3,9,3,0,133
CED145,0,0,7,17,6,14,3,0,0,44,0,0,0,5,0,3,4,3,6,24,0,0,0,23,0,0,0,0,0,34,3,5,10,97,21,12,33,10,17,208,7,53,134,954,384,280,193,74,30,2105,0,0,7,55,15,7,10,8,0,107,0,0,0,11,5,3,0,0,0,25,0,0,8,26,18,13,4,7,3,74,3,18,50,268,97,67,30,3,3,543,0,0,7,139,23,44,70,36,92,412,0,7,16,158,33,36,45,28,12,337,20,60,36,84,30,38,28,18,7,320,4,39,181,887,520,461,302,201,62,2654,0,0,0,10,15,12,15,8,4,69,0,0,3,28,18,9,6,5,4,78,4,4,10,61,18,14,7,0,0,104,8,9,28,199,39,22,16,0,0,323,0,0,0,13,7,3,0,0,0,32,0,0,0,30,12,0,8,8,3,68,40,130,113,580,143,88,55,17,10,1155
CED146,0,0,3,33,38,38,47,14,9,194,0,0,4,9,12,14,4,0,3,43,3,28,26,208,14,17,6,0,0,297,0,0,0,3,0,10,23,8,8,62,51,240,371,637,184,110,40,15,8,1651,0,0,0,3,3,15,8,3,0,29,7,61,69,271,75,18,9,3,0,511,0,0,4,4,9,8,4,0,0,27,5,49,145,718,484,475,178,36,26,2123,0,0,4,71,46,92,49,31,9,304,0,3,0,9,24,38,45,23,9,150,0,3,4,16,9,13,8,3,0,59,0,3,14,53,52,37,32,5,3,203,0,0,5,74,62,83,58,39,14,331,0,5,19,70,55,45,20,9,9,230,0,0,5,27,14,6,3,0,0,47,0,3,30,247,63,52,18,5,0,420,0,0,13,117,109,106,81,18,5,453,0,14,19,112,80,32,19,3,0,286,0,28,33,36,11,7,9,0,0,115
CED147,0,0,0,3,0,6,0,3,0,16,0,0,0,3,3,0,0,0,0,6,0,5,8,52,0,4,0,0,0,66,0,0,3,10,16,57,103,73,47,304,8,36,48,213,170,165,122,53,16,828,0,0,0,4,7,16,17,13,3,68,0,3,3,9,4,0,3,0,0,27,0,0,0,18,14,16,0,4,0,54,5,14,40,180,101,119,57,13,4,533,0,0,0,27,10,32,31,23,17,140,0,10,3,26,122,159,160,139,48,654,0,9,9,12,9,12,3,0,0,53,0,18,23,69,31,29,48,13,3,229,0,0,0,8,21,23,29,28,9,113,0,0,5,19,9,6,3,3,3,48,0,4,5,24,11,5,3,3,0,52,4,14,13,86,33,18,7,0,0,170,0,3,7,99,170,224,181,80,20,797,0,0,3,39,37,20,28,6,4,128,7,8,26,59,37,28,25,8,3,188
CED194,0,0,0,0,0,0,0,0,0,3,0,0,0,3,0,0,0,0,0,3,0,0,10,4,0,0,0,0,0,14,0,0,3,5,0,4,6,0,0,18,4,6,9,44,23,28,24,0,0,136,0,0,3,3,0,0,0,0,0,4,0,3,0,7,0,0,0,0,0,8,0,0,0,4,0,3,0,0,0,10,0,0,4,24,5,11,0,3,0,52,0,0,3,4,0,0,0,0,0,10,0,0,3,7,0,5,3,3,0,25,0,0,0,3,3,0,0,0,0,9,3,3,0,14,0,6,9,0,0,31,0,0,0,0,0,0,0,0,0,0,0,0,0,3,0,0,0,0,0,3,0,0,5,27,0,0,0,0,0,38,0,0,10,13,0,0,0,0,0,24,0,0,0,3,0,0,0,0,0,4,0,0,0,3,0,0,0,0,0,3,0,5,9,13,5,6,0,0,0,37
CED197,0,0,0,0,0,0,0,0,0,0,0,0,0,0,0,0,0,0,0,0,0,0,0,0,0,0,0,0,0,0,0,0,0,0,0,0,3,0,0,3,0,0,0,0,0,0,6,0,0,8,0,0,0,0,0,0,0,0,0,0,0,0,0,0,0,0,0,0,0,0,0,0,0,0,0,0,0,0,0,0,0,0,0,0,0,0,0,0,0,0,0,0,0,0,0,0,0,0,0,0,0,0,0,0,0,0,0,0,0,0,0,0,0,0,0,0,0,0,0,0,0,0,0,0,0,0,0,0,0,0,0,0,0,0,0,0,0,0,0,0,0,0,0,0,0,0,0,0,0,0,0,0,0,0,0,0,0,0,0,0,0,0,0,0,0,0,0,0,0,0,0,0,0,0,0,0,3,0,0,3,0,0,0,0,0,0,0,0,0,0,0,0,0,0,0,0,0,0,0,0
CED201,0,3,0,28,32,64,33,13,4,185,0,5,8,24,0,9,4,3,3,51,0,3,14,46,12,0,0,0,0,74,0,0,0,13,22,51,104,90,45,334,9,97,124,261,157,139,72,18,13,887,0,0,3,10,9,24,21,17,3,93,0,9,4,38,10,10,7,0,0,83,0,0,7,14,15,4,0,0,0,45,4,33,65,290,146,138,67,14,8,768,0,3,0,49,33,89,35,11,34,265,0,5,5,32,55,93,93,56,27,363,7,48,80,118,84,82,39,9,4,458,0,21,61,147,93,116,63,29,4,532,0,0,0,17,22,28,24,9,13,111,3,58,120,526,322,274,144,41,21,1516,3,5,8,78,18,28,11,0,0,152,0,16,24,117,45,22,5,0,0,223,0,0,0,6,3,7,8,3,0,27,0,0,3,8,15,17,9,0,0,51,3,21,28,56,31,17,12,5,0,169
CED202,0,0,3,11,4,9,0,0,0,25,0,0,3,4,3,0,4,0,0,17,0,0,4,21,3,0,0,0,0,28,0,3,5,17,22,84,174,110,30,435,5,34,59,223,161,138,86,29,13,745,0,0,3,3,14,15,14,6,6,59,0,6,8,23,3,0,0,0,0,33,0,0,3,16,14,4,0,0,0,35,4,26,25,145,58,61,17,3,0,341,0,0,0,18,3,9,7,8,11,64,0,5,11,28,52,74,104,47,16,338,0,6,4,18,10,6,0,0,0,45,0,12,17,55,34,22,22,3,0,179,0,0,0,4,11,17,13,10,7,58,0,6,4,36,5,3,14,0,0,82,0,0,3,15,3,0,0,0,0,23,0,6,13,59,15,10,0,0,0,107,0,0,0,0,3,0,3,3,0,13,0,0,0,3,3,3,0,0,0,9,3,8,21,59,28,49,21,0,0,189
CED203,0,6,19,69,21,12,17,9,6,143,0,3,3,11,0,0,0,0,0,27,0,10,92,266,9,10,0,0,0,380,0,0,4,44,9,5,24,20,6,115,9,34,89,756,171,133,42,20,5,1260,0,0,3,25,0,11,4,3,0,42,8,31,9,111,11,8,0,0,0,178,0,0,0,27,12,0,0,0,0,41,3,25,51,310,101,89,50,14,3,649,0,0,5,59,10,24,22,17,14,146,0,0,5,74,36,37,38,19,8,217,6,21,22,113,25,9,7,0,0,206,0,0,19,119,28,13,13,3,0,207,0,0,0,11,16,25,23,25,4,106,0,17,48,201,41,50,29,19,3,418,0,3,21,114,11,11,0,0,0,159,4,7,36,194,43,15,3,0,0,309,0,3,3,111,123,137,158,125,35,694,0,0,0,50,38,21,7,14,0,137,9,28,37,194,53,23,20,4,0,361
CED204,0,0,0,14,11,0,4,0,0,30,0,8,39,111,33,15,7,9,0,230,3,0,0,15,0,0,0,0,0,25,0,3,7,15,21,44,77,36,13,208,3,20,36,189,124,139,74,24,9,615,0,0,0,6,9,10,13,12,3,50,0,7,4,19,0,0,3,0,0,31,0,3,0,31,12,6,3,0,0,58,3,22,23,153,72,43,19,3,0,341,0,0,0,9,0,3,8,3,8,35,0,0,5,21,38,63,68,38,16,249,0,0,7,12,4,13,3,0,0,37,0,9,18,60,23,23,24,6,3,166,0,0,0,0,3,3,6,3,0,19,0,10,4,43,17,16,9,6,4,109,0,3,11,65,3,5,0,0,0,88,15,85,73,57,18,5,3,0,0,251,0,0,0,0,0,3,3,0,0,9,0,0,0,8,0,0,4,0,0,9,0,15,15,47,31,28,28,6,3,170
CED205,0,7,16,99,57,102,86,73,46,491,7,11,71,159,50,33,12,9,4,362,3,0,5,45,0,3,0,0,0,63,0,4,3,7,11,14,59,71,49,217,26,141,215,278,116,113,70,18,8,996,0,0,0,0,5,10,19,17,3,59,30,137,115,340,32,23,10,0,0,679,0,0,3,11,4,0,0,0,0,24,19,39,109,377,190,142,58,20,8,964,0,0,6,54,54,110,84,62,39,410,0,3,5,19,22,34,78,58,37,250,9,83,81,145,71,69,52,8,0,525,5,16,44,80,67,57,51,25,8,353,0,0,3,37,55,78,70,53,25,318,40,255,342,1432,616,474,301,180,76,3712,3,10,33,152,46,41,18,4,3,306,5,79,64,169,59,19,8,3,0,405,0,0,4,33,20,37,30,7,3,133,0,0,5,51,69,55,51,22,15,275,9,30,30,33,19,15,9,3,3,146
CED206,0,0,3,23,19,31,7,4,3,99,0,0,3,8,3,3,3,6,3,32,3,31,65,103,7,0,0,0,0,205,0,4,3,3,8,21,29,8,9,80,32,204,221,333,136,87,31,6,0,1049,0,0,4,0,5,12,21,5,6,53,32,50,56,294,38,10,12,0,0,496,0,3,3,10,9,0,3,0,0,24,9,59,109,492,293,307,107,26,12,1426,0,0,0,43,40,72,50,18,15,241,0,0,3,12,24,47,50,26,6,180,4,18,27,32,20,18,12,0,0,141,0,6,5,31,18,18,8,4,0,94,0,0,0,9,45,50,53,31,4,193,12,73,110,363,314,149,89,40,9,1164,0,0,0,30,3,6,0,0,0,47,0,13,13,114,31,14,8,0,0,202,3,3,3,72,117,176,128,47,22,569,14,48,131,833,918,463,280,113,22,2826,3,16,28,41,14,5,5,0,0,117
CED207,0,0,0,17,5,15,5,7,0,51,0,52,122,213,48,21,10,4,0,472,0,0,0,13,5,0,0,0,0,25,0,4,7,41,47,138,248,150,96,741,3,44,73,271,202,174,71,23,10,876,0,3,3,10,29,22,37,17,0,119,0,3,0,6,4,3,0,0,0,16,0,0,0,16,17,8,0,0,0,35,3,17,25,125,82,59,24,9,0,348,0,0,3,22,14,34,24,22,9,133,0,7,11,45,66,90,109,75,21,419,0,3,6,20,19,8,3,0,0,65,0,20,52,120,78,60,39,20,11,395,0,0,0,0,5,3,4,6,0,29,5,9,5,74,24,43,23,10,4,188,0,0,3,27,3,3,0,0,0,39,3,20,11,83,28,7,3,0,0,151,0,0,0,5,7,4,7,3,0,27,0,0,0,4,7,0,3,0,0,16,0,10,19,59,39,33,29,3,0,197
CED208,0,0,37,73,28,31,18,11,6,213,0,3,14,27,9,6,7,6,0,62,0,3,24,64,0,3,0,0,0,94,0,8,9,19,16,13,44,38,23,178,8,79,140,256,167,119,57,26,22,879,0,3,4,15,4,12,6,10,3,50,3,22,16,78,4,3,7,3,0,141,0,0,0,11,18,9,0,0,0,43,6,38,69,333,106,86,54,11,0,704,0,4,3,63,40,83,59,36,18,304,0,4,9,25,36,46,61,52,32,264,6,69,271,208,81,68,45,11,0,754,5,15,66,119,83,48,37,21,8,406,0,0,0,10,15,17,16,14,3,73,18,93,272,724,234,202,156,70,36,1807,3,18,70,286,39,64,16,4,0,498,3,19,52,207,65,27,10,3,0,386,0,0,0,3,6,11,7,15,4,46,0,0,4,9,8,7,4,10,3,46,17,44,63,83,45,24,18,3,0,292
CED209,0,0,4,10,7,3,3,0,0,26,0,0,4,5,0,0,0,0,0,10,0,0,3,8,3,0,0,0,0,22,0,3,9,20,28,72,124,64,44,366,6,48,71,266,154,123,83,15,12,766,0,5,3,18,17,29,34,15,9,122,0,0,8,18,3,0,4,0,0,34,0,0,0,17,11,8,3,3,0,47,4,14,28,114,58,48,39,3,0,304,0,0,0,20,11,12,7,5,17,74,3,13,9,40,57,78,95,65,25,387,0,6,11,18,13,13,3,0,0,75,0,18,24,88,57,29,24,12,3,258,0,0,0,3,5,12,11,5,0,35,0,10,19,40,17,15,6,3,4,102,0,3,0,19,5,0,0,0,0,28,4,6,12,50,20,7,4,0,0,102,0,0,0,9,5,6,9,3,0,29,0,0,0,4,0,0,3,0,0,12,8,29,20,92,42,32,25,8,4,260
CED210,0,3,3,14,5,0,3,3,0,24,3,5,38,85,30,16,15,0,0,191,0,0,6,26,0,0,0,0,0,29,0,0,3,16,16,71,180,130,61,475,5,30,68,249,149,126,64,25,11,723,0,3,0,15,19,22,33,23,4,114,5,33,30,45,3,3,0,0,0,109,0,0,0,11,11,7,5,3,0,39,8,32,73,231,132,94,46,4,8,632,0,0,0,29,15,35,37,40,40,193,0,9,7,45,53,123,123,93,20,475,0,12,14,24,13,10,10,0,0,84,3,3,15,50,27,24,17,15,4,155,0,0,0,7,31,45,61,43,21,205,3,4,3,47,7,12,10,0,3,88,3,0,3,12,5,3,4,0,0,27,4,80,55,79,29,16,6,3,0,273,0,0,5,32,45,87,83,52,16,310,0,0,3,13,11,3,14,8,0,54,3,20,21,72,23,17,26,4,4,189
CED211,0,7,16,28,22,11,12,9,0,104,5,84,176,395,79,36,20,4,7,804,0,3,15,53,0,3,0,0,0,79,3,0,3,20,16,40,100,85,41,306,4,79,80,305,160,125,68,27,21,881,0,4,0,8,13,11,14,15,11,75,4,7,14,83,9,9,3,0,0,136,0,0,3,19,24,9,3,0,0,56,3,24,32,222,104,79,35,17,4,523,0,0,3,51,28,47,35,29,24,204,3,3,9,49,44,75,95,75,41,399,5,40,33,114,51,47,24,9,5,329,4,19,49,163,79,54,44,18,7,439,0,0,0,10,11,21,12,13,5,77,3,17,33,251,79,95,60,41,27,598,3,10,11,167,20,23,11,0,0,246,10,29,47,196,42,18,12,3,0,356,0,0,0,3,3,7,6,4,0,28,0,0,3,19,6,5,5,3,0,44,8,34,33,77,53,28,19,7,3,257
CED212,0,7,7,42,19,22,17,11,0,122,0,0,0,5,4,3,0,3,0,14,0,0,0,3,0,0,0,0,0,6,0,7,8,20,27,85,119,103,48,411,8,69,144,485,286,276,157,47,24,1490,0,5,7,26,27,30,46,22,5,167,0,0,3,5,7,0,3,0,0,26,0,0,3,23,21,12,6,0,0,61,6,28,26,210,102,86,31,5,3,497,0,3,0,53,12,54,29,17,7,173,9,27,23,109,136,171,169,148,45,834,0,13,5,27,16,15,3,3,3,82,0,20,43,133,83,56,46,24,8,415,0,0,0,6,9,19,19,8,0,64,0,8,4,49,33,30,38,20,4,184,0,0,0,19,7,3,3,0,0,31,11,14,20,130,24,14,3,0,0,206,0,0,0,4,5,6,0,0,0,17,0,4,0,10,9,4,4,0,0,36,0,21,26,76,60,34,29,3,0,255
CED213,0,0,0,11,20,24,11,3,3,74,0,0,0,3,3,0,3,0,3,14,0,0,0,6,0,0,0,0,0,8,0,3,0,17,36,75,170,87,37,427,5,41,54,274,221,219,154,55,16,1029,0,3,4,12,15,29,33,24,4,128,0,0,0,0,0,3,0,0,0,3,0,0,0,18,10,5,0,3,0,41,3,21,15,123,54,46,28,6,0,307,0,0,0,21,12,15,20,7,10,77,0,11,15,61,114,121,168,93,44,627,0,7,0,10,11,14,4,3,0,53,3,7,22,74,48,42,48,13,3,263,0,0,0,9,10,12,12,4,3,47,0,4,3,10,16,27,18,5,0,78,0,0,0,7,3,0,0,0,0,17,0,14,6,69,20,8,3,0,0,132,0,0,0,10,4,5,0,3,3,30,0,0,0,10,6,4,7,0,0,29,4,11,14,53,38,37,30,6,3,213
CED214,0,0,7,41,15,12,5,3,3,91,4,38,44,186,22,10,4,7,0,316,0,3,82,249,0,3,3,0,0,348,0,0,3,26,19,16,28,16,13,127,28,134,182,900,252,168,60,16,9,1743,0,0,0,24,11,15,13,4,3,78,7,14,17,94,4,0,0,0,0,136,3,3,9,28,11,10,0,0,0,64,10,44,92,563,200,191,112,30,7,1249,0,0,4,77,29,73,59,65,80,385,3,5,6,85,54,66,75,49,21,367,4,11,27,96,23,5,10,3,0,179,0,0,10,139,35,14,11,3,3,211,0,0,3,16,40,51,45,59,17,241,3,13,35,150,36,12,6,16,3,275,0,3,8,79,13,3,0,0,0,100,10,24,37,215,52,16,10,0,0,362,0,3,0,73,113,186,216,106,18,722,0,0,3,45,33,25,11,9,4,132,3,22,26,170,42,32,13,0,0,314
CED215,0,0,0,5,8,5,8,0,0,32,0,0,0,12,3,0,0,3,0,18,0,0,3,10,0,0,0,0,0,9,0,3,4,16,22,108,200,101,46,497,10,45,52,205,133,174,88,32,4,739,0,0,0,0,7,19,27,15,5,76,0,3,8,15,6,0,0,0,0,34,0,3,3,18,8,6,7,0,0,41,9,24,23,174,93,95,53,10,3,477,0,0,0,7,7,24,19,9,21,90,0,8,6,31,38,87,156,81,24,428,0,4,5,14,10,6,0,0,0,36,0,16,21,54,39,28,12,6,0,177,0,0,0,0,0,7,11,6,3,27,0,8,3,36,11,5,5,0,4,72,0,0,9,45,3,0,0,0,0,62,3,8,14,51,21,15,0,0,0,108,0,0,0,0,3,3,0,0,0,7,0,0,0,0,3,0,0,0,0,7,0,16,9,37,20,32,28,6,0,136
CED216,0,0,0,33,22,19,8,10,0,92,0,0,3,7,9,6,0,0,0,23,0,0,10,35,0,0,0,0,0,48,3,21,14,29,29,34,31,17,14,195,10,81,117,441,327,229,105,38,23,1375,0,0,0,16,26,19,18,9,3,98,0,0,0,18,6,3,3,0,0,30,0,0,0,10,14,4,4,3,0,37,3,7,21,127,69,48,29,7,0,304,0,10,5,109,48,121,125,62,130,603,0,17,26,92,100,72,95,48,28,484,4,58,26,75,32,24,17,14,0,249,9,69,110,394,293,194,134,50,35,1282,0,0,3,12,23,26,15,15,4,99,0,7,7,88,45,59,44,35,13,297,0,0,3,63,10,13,4,0,0,90,3,19,20,98,18,8,5,0,0,176,0,0,0,10,15,7,3,4,0,38,0,0,0,20,21,17,15,7,3,83,20,113,75,159,113,77,24,11,7,595
CED217,0,4,5,57,24,22,10,6,0,129,0,25,62,141,18,13,3,4,0,266,0,9,13,54,6,3,0,0,0,84,0,3,0,17,9,28,45,13,12,124,62,461,393,664,239,144,59,16,0,2038,0,0,0,6,8,18,9,13,4,60,25,60,49,280,47,26,9,6,0,498,0,7,4,12,3,3,0,0,0,37,18,210,439,1512,778,558,198,59,22,3797,0,5,7,101,65,104,62,21,17,378,0,3,6,30,45,84,82,35,11,295,12,27,25,63,32,15,8,3,0,184,4,15,35,79,56,25,17,4,0,230,0,0,3,33,52,53,59,25,9,238,3,59,44,384,151,75,44,14,7,792,0,0,3,40,17,11,3,0,0,82,3,17,25,194,52,18,10,3,0,324,0,7,34,259,255,305,201,61,8,1135,0,3,12,76,75,47,21,4,0,241,7,33,18,57,16,7,0,0,0,133
CED218,0,0,13,56,14,24,10,14,3,134,3,0,5,9,12,6,6,3,0,45,0,0,34,81,3,0,0,0,0,121,0,7,7,46,16,19,32,9,6,146,14,54,201,879,217,187,86,51,18,1715,0,0,0,27,9,12,10,3,0,64,0,3,0,31,3,3,3,0,0,48,0,0,3,14,8,8,0,0,0,35,5,22,34,259,47,43,31,11,0,444,0,0,5,73,25,66,86,65,91,403,7,4,10,113,44,42,35,25,12,291,9,43,64,164,27,55,27,3,3,392,4,12,55,250,93,96,60,31,20,618,0,0,0,6,11,18,4,11,7,59,3,8,30,231,71,65,51,37,17,515,3,9,27,166,16,10,3,0,0,235,3,8,47,259,25,15,0,3,0,366,0,0,0,17,10,3,6,5,0,34,0,4,5,32,17,13,8,0,0,81,11,57,84,269,75,61,39,6,5,622
CED219,0,44,83,389,233,266,131,74,32,1255,0,4,3,30,15,11,7,3,0,74,3,8,20,72,12,6,0,0,0,117,0,3,9,12,24,71,127,87,39,371,71,478,505,943,351,206,67,25,12,2663,0,0,0,14,12,20,16,9,0,84,33,199,163,425,61,34,13,3,0,932,0,0,0,7,7,3,0,0,0,15,22,172,265,854,486,315,107,32,12,2269,0,9,18,110,72,148,79,35,26,498,0,6,11,42,62,105,86,81,29,429,3,29,37,67,52,34,15,0,0,229,3,30,58,178,118,77,71,26,13,576,0,0,5,45,82,97,71,38,14,357,32,286,285,1937,654,491,265,98,39,4072,3,0,0,48,6,16,3,0,0,73,3,18,18,219,54,27,6,0,0,339,0,0,3,74,50,48,26,5,4,214,3,0,11,83,106,49,36,20,3,317,6,30,31,47,24,11,8,0,0,156
CED220,3,3,21,106,71,72,87,42,18,423,7,11,44,106,29,22,6,7,0,233,0,4,23,50,3,0,0,0,0,83,3,4,3,13,11,25,33,26,10,130,19,96,129,326,156,105,45,20,8,898,0,0,3,11,14,7,14,8,3,69,5,5,11,77,10,8,6,4,0,132,0,0,0,16,8,5,3,0,0,28,4,44,74,344,157,159,58,8,3,854,0,4,3,73,42,82,95,39,27,365,0,13,11,43,41,40,68,44,21,279,0,19,24,70,26,17,15,7,0,184,5,27,71,202,138,83,67,28,5,626,0,0,0,8,16,34,36,29,10,126,6,21,61,352,151,184,174,82,52,1085,0,6,14,93,7,9,0,0,3,133,7,47,43,284,55,43,6,0,0,488,0,0,0,4,13,8,13,5,5,47,0,3,7,28,62,44,43,27,3,222,7,45,25,66,30,13,12,6,0,200
CED221,0,0,0,9,3,0,0,0,0,18,0,0,0,6,0,0,0,0,0,11,0,14,18,16,0,0,0,0,0,54,0,0,3,25,21,73,113,51,18,307,3,29,34,173,143,138,76,30,11,635,0,0,0,4,8,6,10,11,3,45,0,0,0,15,0,0,0,0,0,21,0,0,0,17,15,9,3,0,0,41,7,15,24,146,53,62,25,3,0,333,0,0,0,11,3,3,10,7,14,45,0,0,3,26,31,64,76,34,11,244,0,0,4,13,8,4,4,0,0,34,0,8,20,45,25,20,11,3,3,133,0,0,0,0,3,13,13,14,4,52,0,9,3,33,11,9,4,3,0,72,0,3,13,38,0,3,0,0,0,63,10,8,4,43,19,7,3,3,0,93,0,0,0,0,0,4,0,0,0,10,0,0,0,3,3,0,0,0,0,6,3,11,6,43,30,37,30,9,0,168
CED222,0,12,15,123,70,94,74,41,19,448,0,6,10,58,10,17,6,3,0,109,0,0,0,36,3,3,0,0,0,44,0,6,0,25,21,42,60,58,57,275,34,159,219,550,315,190,93,34,15,1611,0,3,0,25,13,16,19,19,7,108,8,38,38,124,15,14,11,0,0,250,0,0,0,7,11,9,0,0,0,36,7,37,111,387,251,167,68,22,6,1062,0,0,3,74,43,81,60,39,23,326,0,17,17,92,86,110,122,82,29,567,3,14,9,58,31,25,8,0,0,145,8,52,76,238,118,79,58,16,7,652,0,0,0,15,31,28,26,35,10,153,5,43,67,420,217,192,169,72,44,1223,0,3,8,46,13,16,0,0,0,84,5,30,30,218,48,22,8,0,0,358,0,3,13,132,84,79,44,29,7,396,0,5,5,70,105,58,38,14,4,299,8,37,37,71,38,28,10,0,0,234
CED223,0,0,7,19,13,19,17,5,3,89,0,0,7,15,3,0,3,0,0,33,0,0,6,19,0,0,0,0,0,24,0,7,0,25,17,22,47,34,13,169,10,53,60,316,166,128,61,25,8,836,0,3,0,15,7,9,19,5,6,65,0,0,4,37,10,9,0,0,0,62,0,0,0,20,17,6,3,0,0,48,3,3,29,152,57,51,29,7,5,339,0,5,0,46,24,32,21,29,19,170,3,15,22,59,53,75,60,45,19,345,0,21,25,76,22,22,17,10,0,185,3,14,32,120,81,32,18,10,0,306,0,0,0,6,19,16,19,14,3,80,0,14,24,118,64,53,46,21,10,342,0,0,10,58,14,14,4,0,0,99,3,7,31,89,30,12,7,0,0,177,0,0,3,21,35,48,50,16,0,178,0,0,0,11,9,9,5,6,0,46,9,37,30,100,60,38,36,5,0,308
CED224,0,0,4,28,19,8,3,0,0,61,0,0,3,18,11,6,3,4,6,40,0,0,10,21,3,0,0,0,0,42,0,8,9,19,11,22,33,17,4,120,12,87,130,397,198,158,98,66,19,1168,0,0,0,9,15,3,10,5,10,44,0,3,13,35,12,8,0,0,0,77,0,0,0,17,21,6,5,0,0,43,3,20,23,188,39,43,16,3,3,337,0,0,0,43,18,35,30,30,27,184,0,15,8,53,42,39,61,34,24,290,13,50,72,148,69,87,46,18,11,508,0,20,52,161,89,63,44,22,8,463,0,0,0,3,16,11,9,12,3,53,0,25,51,203,95,73,51,31,16,544,0,12,32,229,55,74,39,7,0,449,0,5,42,174,40,16,5,4,0,291,0,0,0,10,15,14,11,8,3,64,0,0,5,22,27,4,3,4,3,74,19,83,77,149,96,49,22,10,9,509
CED225,0,3,28,125,81,76,53,18,12,390,0,0,0,16,0,0,3,0,4,16,3,3,6,23,5,0,0,0,0,38,0,3,4,37,35,108,180,74,49,490,25,116,177,378,252,159,73,22,4,1202,0,0,0,17,33,28,37,10,4,128,3,27,33,114,24,13,4,0,0,219,0,0,0,25,22,5,0,0,0,48,4,29,60,274,129,95,26,5,3,624,0,0,3,85,56,63,34,19,11,270,3,17,20,77,108,147,100,60,30,548,4,26,42,63,45,31,10,5,0,231,0,37,82,198,165,79,51,22,12,640,0,0,0,14,31,38,24,16,12,134,17,146,100,726,310,141,90,35,7,1582,0,9,0,53,3,4,3,0,0,79,4,0,9,86,23,9,5,0,0,137,0,0,3,9,6,11,0,0,0,37,0,0,0,17,26,12,9,3,0,68,8,36,30,69,40,38,28,7,0,252
CED226,0,9,22,176,37,23,20,0,3,298,0,48,155,554,177,103,43,29,9,1119,0,16,31,176,8,5,3,0,0,244,0,3,0,24,12,44,48,19,8,157,142,733,689,1591,501,302,94,29,7,4081,0,0,4,22,19,31,24,0,3,113,33,112,77,614,50,29,12,0,0,933,0,0,0,33,5,0,0,3,0,43,24,236,388,1443,723,409,157,36,25,3433,0,3,11,106,57,75,46,20,11,338,0,17,15,85,101,145,120,69,19,569,15,117,89,202,91,39,16,5,0,570,8,69,84,245,110,51,28,10,0,605,0,0,3,29,58,74,36,24,10,232,14,78,67,554,137,81,42,15,7,997,3,10,15,91,16,14,3,0,0,152,26,244,229,337,59,35,11,0,0,935,0,0,10,100,98,99,48,15,8,377,0,0,3,27,18,13,9,4,0,76,21,76,39,91,32,23,13,0,3,299
CED227,0,6,0,10,0,0,0,0,0,21,0,0,10,30,7,9,0,0,0,56,0,0,6,21,0,0,0,0,0,25,0,0,3,14,3,32,61,27,9,147,7,27,52,166,109,82,45,21,3,526,0,0,0,3,3,6,8,0,0,21,0,18,5,14,3,0,0,0,0,35,0,3,0,5,7,8,4,3,0,26,6,36,31,180,70,76,26,7,0,438,0,0,0,0,0,3,7,3,3,16,0,0,4,8,30,29,35,29,16,151,0,3,0,8,0,0,0,0,0,19,0,9,30,43,21,15,10,3,3,130,0,0,0,4,3,5,14,5,8,33,3,3,6,31,8,9,3,0,3,64,0,0,26,98,3,0,0,0,0,130,7,19,16,51,21,10,3,0,0,120,0,0,0,3,0,0,0,0,0,4,0,3,12,42,43,29,13,8,0,155,0,0,5,25,11,16,15,4,0,81
CED228,0,0,3,35,17,18,10,9,6,93,0,50,68,215,26,15,0,0,0,376,3,3,52,161,8,5,0,0,0,239,0,0,0,18,3,8,27,21,3,89,29,128,188,426,147,100,39,6,3,1063,0,0,0,8,3,7,9,11,10,53,7,20,28,137,9,13,4,0,0,216,0,0,8,17,5,0,3,0,0,36,11,53,99,519,238,192,115,27,20,1284,0,0,7,51,36,68,67,81,80,384,0,10,6,25,21,40,37,26,16,181,3,14,16,77,19,11,6,0,3,157,0,0,9,47,19,16,5,0,3,106,0,0,0,16,33,53,50,63,22,230,3,23,33,195,56,57,38,16,15,437,5,0,4,83,9,10,0,0,0,114,0,5,37,189,46,19,5,0,0,304,0,3,5,70,91,124,121,62,12,486,0,3,3,43,58,24,21,5,3,172,3,30,28,65,19,12,8,0,3,164
CED229,0,4,18,56,20,12,7,3,3,124,0,4,3,12,4,3,0,0,0,22,0,12,20,90,4,0,0,0,0,119,0,4,3,14,15,48,82,35,9,208,51,260,212,588,293,171,69,25,10,1680,0,0,3,4,27,19,29,13,3,95,11,56,35,220,17,23,5,0,0,362,0,0,4,24,17,4,4,0,0,56,10,56,105,474,226,120,37,14,3,1052,0,0,3,45,16,31,9,13,7,130,0,6,7,58,67,97,104,61,17,430,3,31,37,86,44,14,6,3,0,225,3,44,57,123,75,33,18,7,0,356,0,0,0,9,20,26,14,9,6,79,17,96,69,568,179,81,53,18,7,1084,0,3,7,25,3,3,3,0,0,41,3,18,31,158,41,16,8,0,0,265,0,0,8,147,101,104,55,15,7,432,0,9,26,161,133,58,25,6,4,423,10,27,29,77,28,40,21,3,0,239
CED230,3,12,14,67,37,24,17,5,0,183,0,0,5,21,0,3,4,0,0,30,0,0,7,16,4,3,0,0,0,25,0,5,4,33,35,154,273,152,69,728,19,98,122,379,229,184,118,47,15,1202,0,0,0,8,15,21,30,14,3,98,3,11,3,41,6,3,3,0,0,60,0,6,0,16,12,3,0,0,0,34,3,34,57,221,128,72,43,6,3,573,0,0,0,13,11,19,17,14,13,92,0,6,7,52,47,116,162,79,28,494,0,3,3,27,7,8,0,3,0,51,0,17,24,74,52,33,29,7,4,249,0,0,0,10,7,18,18,12,4,69,5,24,13,192,38,28,40,3,7,357,0,0,7,53,0,3,0,0,0,64,0,4,6,76,19,4,0,3,0,125,0,0,0,0,0,0,3,0,0,10,0,0,0,3,3,0,6,0,0,14,8,9,17,49,25,27,26,3,0,167
CED231,0,0,41,82,3,5,3,3,3,134,0,4,72,34,9,7,0,3,0,130,0,3,19,65,3,0,0,0,0,90,0,3,27,77,11,21,34,8,3,182,13,43,387,1505,228,169,74,18,12,2435,0,0,0,44,5,12,3,0,0,67,3,3,10,67,5,5,0,0,0,99,0,0,8,30,12,3,3,0,0,57,3,17,112,457,69,51,29,3,3,753,0,0,6,100,10,32,14,7,17,188,0,4,31,150,48,42,45,12,7,332,15,15,548,403,40,34,9,0,0,1071,0,6,81,204,42,21,12,3,0,371,0,0,0,16,6,16,14,21,3,79,0,5,95,201,28,24,16,6,3,381,0,3,210,660,30,24,9,0,0,931,8,14,311,804,62,21,8,0,0,1223,0,0,8,37,22,12,8,5,0,89,0,0,14,71,53,25,28,14,0,207,20,41,160,486,60,47,30,7,3,862
CED232,0,0,8,67,15,11,7,7,4,113,0,0,3,9,4,3,3,0,7,27,0,0,24,52,6,0,0,0,0,80,4,16,8,72,25,15,35,15,9,196,21,40,274,1214,284,242,84,29,7,2189,0,0,6,61,19,10,3,3,4,109,0,0,9,48,0,3,0,0,0,65,0,3,3,23,15,7,0,0,0,57,4,12,37,372,55,40,25,7,3,555,0,0,0,130,34,86,99,120,238,709,3,3,32,184,75,40,45,23,9,406,3,13,92,213,41,24,15,3,3,405,0,10,87,387,168,141,77,46,23,936,0,0,0,28,4,19,11,17,9,79,0,0,11,138,28,33,17,3,3,236,5,4,45,178,14,21,5,0,0,277,10,6,43,264,38,8,8,0,0,377,0,4,4,22,13,7,6,0,0,47,0,3,0,46,25,20,6,3,8,109,37,80,81,438,136,85,58,4,5,925
CED233,0,0,0,15,10,14,11,4,0,51,0,0,3,12,0,6,0,3,3,30,0,0,0,10,0,0,0,0,0,8,3,4,0,7,9,16,43,42,27,154,3,45,92,154,128,107,53,31,18,627,0,0,0,7,11,15,13,9,4,55,3,25,21,65,15,12,11,0,0,158,0,3,4,7,6,10,3,4,0,42,3,18,15,134,63,48,44,4,0,322,0,0,0,16,13,37,32,23,10,128,0,3,9,26,33,46,60,47,25,242,3,48,60,154,75,89,55,13,5,493,4,44,135,190,186,100,61,34,6,765,0,0,0,4,6,11,14,11,10,53,3,4,16,112,72,91,70,31,14,409,0,6,27,185,64,74,44,8,8,410,6,3,13,86,21,14,0,3,0,138,0,0,0,21,22,29,30,31,3,140,0,0,4,21,29,20,9,11,3,95,9,40,27,54,42,19,12,6,3,213
CED234,0,0,0,3,3,0,0,0,0,7,0,0,0,4,0,0,0,0,0,10,0,0,3,10,3,0,0,0,0,14,0,4,5,15,15,49,106,34,14,249,13,62,91,220,165,143,74,38,9,810,0,0,0,8,6,10,11,3,3,45,8,25,23,45,0,0,0,0,0,100,0,0,0,9,9,3,0,0,0,17,6,41,38,228,104,90,48,6,0,569,0,0,0,3,3,6,3,4,5,31,0,0,0,13,31,55,71,27,6,204,0,0,5,9,6,3,0,0,0,27,0,3,15,29,14,8,13,3,0,97,0,0,0,0,7,5,17,4,4,33,6,13,3,45,15,4,3,3,0,92,0,0,32,140,3,3,3,0,0,183,4,3,12,51,32,12,3,0,0,117,0,0,0,3,4,8,10,14,0,44,0,0,7,39,38,24,12,4,0,125,3,16,6,33,22,18,13,4,3,121
CED235,3,4,11,56,21,24,4,6,0,130,0,0,3,15,5,4,0,0,0,27,0,16,39,133,6,10,4,0,0,206,0,3,4,11,3,20,19,13,5,74,24,170,142,295,127,97,24,9,0,899,0,0,3,4,7,10,17,12,0,59,7,28,33,185,21,22,4,3,0,295,0,3,3,10,3,3,0,0,0,22,3,47,104,439,214,191,88,20,8,1119,0,0,0,31,19,38,24,11,6,131,0,4,3,20,38,56,43,29,10,201,0,14,28,56,16,23,8,0,0,153,0,19,17,66,36,24,13,8,0,182,0,0,0,7,27,34,34,19,10,139,13,67,106,538,209,161,80,40,10,1226,0,3,5,37,7,3,0,0,0,65,3,3,18,123,23,14,3,0,0,190,0,18,63,409,459,614,528,266,50,2412,0,6,12,86,119,74,39,14,3,356,3,16,19,40,16,16,0,0,0,111
CED236,0,0,0,3,0,6,3,0,0,7,0,0,0,4,0,0,0,0,0,14,0,0,4,3,0,0,0,0,0,3,0,0,3,14,23,58,113,49,29,287,9,52,77,239,197,128,76,21,6,811,0,0,0,5,3,6,7,13,3,36,0,7,0,9,0,0,0,0,0,19,0,0,3,3,5,3,3,0,0,23,3,31,25,164,73,59,25,4,0,380,0,0,0,5,0,8,4,0,0,22,0,0,3,20,29,48,71,47,16,229,0,0,3,8,8,3,0,0,0,20,3,7,13,58,26,13,8,3,0,124,0,0,0,0,7,9,9,3,0,24,0,4,5,35,9,3,5,3,0,71,0,0,23,79,0,0,0,0,0,107,0,4,6,33,22,6,0,0,0,78,0,0,0,0,3,0,0,0,0,5,0,0,0,3,0,0,0,0,0,3,0,3,10,32,17,28,18,4,0,108
CED237,0,3,13,61,13,5,9,0,0,109,0,0,10,24,7,7,8,0,0,55,3,22,250,693,16,16,5,3,0,1003,0,5,5,29,15,10,15,10,3,99,9,48,180,909,192,106,40,11,8,1511,0,0,0,16,8,9,3,10,3,43,65,138,92,630,42,15,8,6,3,998,0,0,0,28,10,0,0,0,0,47,16,36,54,341,108,113,49,17,7,738,0,0,3,74,23,30,40,41,51,270,0,3,17,96,36,23,24,23,15,238,0,6,26,92,24,13,3,3,0,168,3,7,21,112,12,15,5,3,0,187,0,0,0,9,11,7,20,19,9,74,9,32,43,235,91,65,26,14,12,517,4,0,15,87,5,5,3,0,0,121,3,10,32,193,41,11,4,0,0,299,0,0,0,23,15,20,15,7,3,80,6,3,16,249,295,121,94,45,4,836,4,27,53,234,38,24,18,9,7,421
CED294,0,0,0,0,0,0,0,0,0,4,0,0,0,3,0,0,0,0,0,5,0,0,3,0,0,0,0,0,0,6,0,0,0,3,0,4,5,0,0,12,3,5,9,46,13,14,4,0,0,99,0,0,0,0,0,0,0,0,0,4,0,0,0,3,0,0,0,0,0,3,0,0,0,0,3,0,0,0,0,3,0,0,3,17,0,3,3,0,0,24,0,0,0,6,0,0,0,0,0,4,0,0,3,3,0,3,0,0,0,15,0,0,8,0,0,3,0,0,0,7,0,0,0,3,0,0,0,0,0,13,0,0,0,0,0,0,0,0,0,0,0,0,0,7,3,0,0,0,0,6,0,0,12,23,4,0,0,0,0,40,0,0,3,9,0,0,0,0,0,11,0,0,0,0,0,0,0,0,0,0,0,0,0,0,0,0,0,0,0,7,0,0,3,10,0,0,0,0,0,19
CED297,0,0,0,0,0,0,0,0,0,0,0,0,0,0,0,0,0,0,0,0,0,0,0,0,0,0,0,0,0,0,0,0,0,0,0,0,0,0,0,0,0,0,0,0,0,0,0,0,0,0,0,0,0,0,0,0,0,0,0,0,0,0,0,0,0,0,0,0,0,0,0,0,0,0,0,0,0,0,0,0,0,0,0,0,0,0,0,0,0,0,0,0,0,0,0,0,0,0,0,0,0,0,0,0,0,0,0,0,0,0,0,0,0,0,0,0,0,0,0,0,0,0,0,0,0,0,0,0,0,0,0,0,0,0,0,0,0,0,0,0,0,0,0,0,0,0,0,0,0,0,0,0,0,0,0,0,0,0,0,0,0,0,0,0,0,0,0,0,0,0,0,0,0,0,0,0,0,0,0,0,0,0,0,0,0,0,0,0,0,0,0,0,0,0,0,0,0,0,0,0
CED301,0,0,0,11,0,3,0,0,0,17,0,0,0,3,0,0,3,0,0,9,0,3,0,6,0,0,0,0,0,7,0,0,3,22,18,55,78,32,13,233,47,445,457,1215,490,332,177,44,16,3215,0,0,3,10,10,20,8,8,3,57,0,8,3,14,5,0,0,0,0,36,0,10,16,58,28,23,6,8,3,162,15,65,82,337,141,109,39,11,0,807,0,3,0,9,3,10,8,4,4,46,0,3,6,46,57,74,75,47,16,320,0,4,3,23,12,6,3,0,0,52,0,12,41,112,48,28,20,12,0,275,0,0,0,0,4,3,3,0,0,13,0,6,0,37,8,9,3,0,0,62,0,0,15,35,8,4,0,0,0,53,0,7,10,65,24,14,6,0,0,139,0,0,0,0,0,0,0,0,0,6,0,0,0,3,4,0,0,0,0,13,5,13,21,61,21,30,11,3,0,169
CED302,0,0,6,5,3,6,0,3,0,22,0,0,3,3,6,6,8,3,3,22,0,3,8,25,6,0,0,0,0,40,0,3,3,18,19,21,47,25,11,154,31,300,417,1259,680,483,232,79,26,3517,0,3,3,28,16,14,14,13,4,94,3,10,3,47,4,0,3,0,0,75,3,21,22,131,87,52,32,20,4,366,7,38,90,313,214,189,66,15,8,939,0,3,6,40,5,22,17,15,11,120,3,23,16,75,84,68,58,48,21,389,3,25,25,80,41,32,15,5,3,233,8,98,151,334,206,77,42,21,11,948,0,0,0,18,17,16,11,3,8,66,12,36,38,167,78,64,24,13,4,434,11,21,61,254,45,48,14,4,3,456,0,12,17,126,52,20,11,0,0,232,0,0,0,3,3,5,10,4,0,22,0,0,4,5,6,3,0,0,0,21,10,39,26,102,35,27,15,5,0,266
CED303,0,0,0,7,8,7,3,3,0,21,0,0,0,3,5,4,3,0,3,24,0,0,0,14,0,0,0,0,0,16,0,5,4,14,32,61,127,57,34,327,18,297,421,1192,807,680,355,145,54,3963,0,4,3,12,17,15,21,3,5,85,0,3,6,3,4,0,3,0,0,20,0,6,14,55,69,44,19,11,5,232,3,25,58,193,115,109,37,16,0,560,0,0,7,31,13,33,13,21,12,122,0,28,31,78,126,150,119,79,22,633,0,3,4,21,15,15,8,3,0,71,6,115,182,387,294,126,71,47,9,1240,0,0,0,3,4,14,8,3,0,33,0,10,10,23,17,14,8,4,0,89,4,3,11,38,22,18,7,0,0,105,0,15,9,87,26,16,5,0,0,154,0,0,0,3,9,0,0,0,0,7,0,0,5,3,5,0,0,0,0,10,8,32,27,58,48,39,32,9,5,250
CED304,0,0,4,4,4,4,0,0,0,18,0,0,4,26,7,4,0,0,0,44,6,5,107,241,4,4,0,0,0,366,0,12,15,50,23,25,22,14,5,161,11,77,280,1054,406,320,159,47,22,2368,0,0,5,35,12,8,9,0,0,63,3,6,7,40,3,0,4,0,0,60,4,19,61,162,102,33,12,7,3,390,4,36,53,382,98,86,30,8,4,696,0,0,6,82,19,22,20,14,8,177,3,5,19,117,57,53,54,15,13,349,8,23,125,111,20,24,11,0,0,324,6,10,99,306,85,48,33,9,4,603,0,0,0,9,3,10,3,3,0,32,3,18,7,97,24,21,11,6,7,200,12,16,139,359,40,27,14,4,0,608,3,17,68,292,37,30,10,0,0,461,0,0,0,12,3,0,3,0,0,21,0,3,0,19,7,0,3,0,0,30,16,59,85,264,73,49,31,8,0,590
CED305,0,0,0,3,0,0,0,0,0,8,0,0,3,11,7,0,0,0,0,23,0,9,10,41,3,3,0,0,0,57,0,0,3,10,8,19,34,17,8,99,10,88,119,469,335,278,112,31,5,1446,0,3,0,5,0,7,6,3,0,27,0,3,6,17,0,4,0,0,0,25,0,12,12,49,45,13,3,4,0,140,11,68,91,349,170,126,54,4,3,881,0,0,0,5,0,0,0,0,3,14,0,3,7,21,34,36,36,23,3,170,0,3,0,11,10,5,3,0,0,33,4,39,63,144,79,34,18,10,0,395,0,0,0,0,0,0,4,0,0,5,3,16,8,41,17,0,3,0,0,91,3,0,3,21,0,0,0,0,0,29,3,11,14,70,43,11,0,0,0,158,0,0,0,0,0,0,0,0,0,0,0,0,0,3,0,0,0,0,0,4,0,9,19,48,26,19,25,0,0,143
CED306,0,0,0,4,0,4,3,0,0,13,0,0,0,8,7,0,0,0,0,17,0,0,9,28,7,0,0,0,0,42,0,0,8,26,19,31,45,22,3,159,12,108,201,656,428,363,169,39,18,1986,0,0,0,13,6,7,7,3,0,37,3,3,0,19,0,4,0,0,0,30,0,15,10,82,52,29,7,3,0,207,29,115,153,490,196,139,46,11,0,1183,0,0,0,21,4,7,7,3,0,50,0,10,18,44,55,54,51,21,8,250,0,0,3,9,7,5,0,0,0,32,0,85,108,251,158,59,15,10,0,689,0,0,0,0,3,4,7,3,0,19,0,10,7,43,13,14,9,4,0,101,0,0,20,116,0,0,0,0,0,137,9,14,18,104,58,15,3,0,0,230,0,0,0,0,0,0,0,0,0,0,0,0,0,4,0,0,0,0,0,3,4,24,19,75,35,24,16,9,3,209
CED307,0,0,0,3,4,8,4,0,0,27,0,0,9,19,7,7,0,0,0,46,0,3,3,20,0,0,0,0,0,26,0,10,3,26,32,36,55,28,15,210,21,252,333,1088,599,404,194,67,22,2974,0,8,7,17,21,14,15,4,3,92,0,0,0,10,3,0,0,0,0,17,0,6,20,86,85,39,15,10,0,262,8,41,63,285,156,106,53,5,0,715,0,0,3,31,9,26,14,7,0,85,0,26,15,72,69,82,82,31,6,386,3,3,10,36,12,14,5,4,0,84,5,94,147,339,238,104,42,25,6,1008,0,0,0,3,6,10,3,0,0,23,0,3,5,30,22,18,16,3,3,99,0,3,0,34,3,4,4,0,0,53,3,15,16,84,33,6,7,0,0,168,0,0,0,7,3,3,0,0,0,10,0,3,0,0,0,0,0,0,0,7,4,14,23,77,55,24,28,7,3,229
CED308,0,0,0,16,11,17,11,3,3,68,0,0,0,4,3,5,3,3,0,20,0,0,3,34,0,0,0,0,0,41,0,0,10,24,27,48,102,50,27,281,88,744,952,2587,1482,1143,785,320,94,8197,0,0,4,15,18,13,29,9,4,101,0,12,7,50,10,10,3,0,0,93,0,4,18,51,52,31,9,8,0,178,11,36,64,387,216,165,71,12,6,977,0,0,6,39,13,37,25,8,13,143,0,23,31,81,101,110,136,74,31,587,0,7,35,49,35,31,13,7,3,171,5,86,171,400,264,157,96,37,8,1226,0,0,0,16,30,25,16,12,4,105,0,14,7,42,17,18,13,0,0,117,5,6,24,92,27,28,17,0,6,201,0,10,30,160,50,38,5,3,3,297,0,0,0,6,15,4,8,3,0,28,3,0,0,11,17,14,18,5,0,73,9,45,40,103,47,46,21,8,4,330
CED309,0,0,3,6,7,6,0,0,0,28,0,0,0,6,0,0,0,4,0,12,0,0,5,23,0,0,0,0,0,28,4,15,5,51,35,50,99,53,28,335,12,214,298,952,729,692,445,182,72,3598,0,0,9,10,23,17,16,15,0,90,3,0,0,21,0,0,0,0,0,24,0,3,9,57,63,35,15,4,0,192,4,28,28,196,102,89,31,5,0,492,0,0,3,25,4,17,7,10,6,75,0,16,24,66,87,82,108,68,19,467,0,3,7,20,19,14,9,0,0,74,4,74,107,279,180,102,75,38,10,852,0,0,0,0,4,4,13,7,4,26,0,7,4,17,5,7,3,3,3,53,0,3,0,51,0,3,0,0,0,57,6,18,28,96,69,12,6,0,0,238,0,0,0,0,3,0,0,0,0,8,0,0,0,4,3,0,0,0,0,9,6,41,43,156,68,57,47,13,3,438
CED310,0,0,0,4,3,7,5,0,0,23,0,0,0,4,0,4,3,4,3,18,0,3,16,39,0,4,0,0,0,63,0,4,6,28,31,44,112,64,23,319,17,221,273,870,673,640,439,200,69,3407,0,0,3,15,5,19,24,16,4,92,0,0,3,3,0,0,3,0,0,10,0,7,13,51,51,39,23,6,3,191,4,29,28,174,78,57,22,3,0,396,0,0,0,25,8,10,15,9,8,78,0,10,17,57,70,82,117,64,32,451,0,6,3,11,11,9,7,6,0,54,3,59,76,204,120,75,57,26,3,623,0,0,0,0,0,6,3,3,0,18,0,3,3,21,3,3,3,0,3,45,0,0,15,47,4,4,0,0,0,74,0,19,12,75,31,11,3,0,0,156,0,0,0,3,3,0,0,0,0,7,0,0,0,4,3,0,0,0,0,4,8,40,33,90,60,53,50,20,0,350
CED311,3,0,0,3,0,0,0,0,0,10,0,0,0,3,0,0,0,0,0,7,0,0,3,25,0,0,0,0,0,24,0,3,0,10,19,44,46,20,6,156,28,177,187,699,458,407,175,39,8,2179,0,0,0,3,13,4,4,0,0,27,5,0,0,17,0,0,0,0,0,19,0,12,6,59,39,24,7,0,0,143,25,102,88,397,172,136,59,10,0,978,0,0,0,14,3,8,4,0,0,30,4,3,5,36,30,42,36,12,5,172,0,4,6,8,4,3,3,0,0,35,0,84,85,223,104,36,20,3,0,562,0,0,0,0,3,3,0,3,0,10,0,15,6,36,8,4,0,0,0,65,0,0,13,58,3,0,0,0,0,81,0,12,3,83,23,16,3,0,0,143,0,0,0,0,0,0,0,0,0,0,0,0,0,0,0,0,0,0,0,3,7,17,5,50,24,36,10,12,0,170
CED312,0,3,5,4,9,12,10,3,0,50,0,0,5,18,6,3,0,3,3,45,0,3,4,14,0,0,0,0,0,19,0,0,3,25,32,48,126,70,20,320,96,773,1018,2753,1221,840,459,133,58,7351,0,0,3,14,5,18,20,12,0,73,6,23,9,46,14,3,5,0,0,102,3,10,18,97,68,41,29,16,8,283,9,42,85,370,216,189,54,26,5,991,0,0,3,32,13,33,18,11,5,111,0,14,22,73,96,98,95,53,16,472,0,7,11,28,17,23,5,4,3,97,6,44,94,281,164,110,70,18,11,806,0,0,0,10,10,26,22,6,3,83,0,11,6,38,21,16,6,9,3,107,0,11,9,99,23,39,12,5,0,207,0,16,29,135,25,23,3,0,0,237,0,0,3,8,3,3,3,0,0,20,0,4,7,33,16,6,0,0,0,67,5,30,15,55,26,29,25,3,0,185
CED313,0,0,4,12,9,3,0,3,0,36,0,0,9,7,4,10,3,0,0,35,0,6,67,177,7,0,0,0,0,257,3,12,12,62,18,20,35,12,9,170,15,104,290,1109,431,350,138,39,14,2489,0,0,3,40,13,8,11,5,0,84,0,5,4,39,5,3,3,0,0,67,0,11,36,122,88,45,3,6,3,324,6,18,68,357,95,98,56,9,4,715,0,0,7,75,13,23,14,10,11,150,0,10,19,134,78,62,42,18,20,383,6,18,44,90,21,16,9,4,0,212,3,27,87,306,106,64,29,12,6,637,0,0,0,14,14,14,13,11,3,71,0,32,36,151,57,12,17,10,8,320,0,14,88,322,40,30,3,0,0,503,0,20,62,237,45,20,10,0,0,385,0,0,0,5,10,4,0,4,0,20,0,3,5,26,6,0,3,0,0,47,16,53,74,270,54,40,20,6,0,529
CED314,0,0,0,0,0,0,0,0,0,8,0,0,0,0,3,0,0,0,0,12,0,6,26,97,0,5,0,0,0,129,0,0,4,14,10,36,60,26,15,168,9,50,94,346,220,199,104,46,11,1079,0,0,3,10,6,12,14,3,0,49,3,21,17,21,4,7,0,0,0,65,8,11,36,62,46,25,4,4,3,196,7,65,73,267,121,74,34,8,0,654,0,0,0,8,3,12,0,4,5,31,0,11,3,25,23,31,64,33,19,204,5,5,7,18,18,12,4,3,0,74,0,40,55,128,86,55,26,12,9,413,0,0,0,0,3,3,0,3,0,13,4,17,16,76,18,8,9,4,0,154,0,4,10,49,7,9,0,0,0,85,0,5,9,37,20,8,7,0,0,86,0,0,0,0,3,0,0,0,0,3,0,0,0,3,0,0,3,0,0,10,5,21,25,56,31,30,29,13,3,218
CED315,0,3,3,12,0,0,0,0,0,20,0,0,3,29,10,6,6,0,0,53,0,10,20,39,0,0,0,0,0,63,0,4,8,22,13,35,40,16,9,141,17,120,191,615,405,324,156,55,18,1896,0,3,3,7,4,8,8,6,0,48,3,5,0,20,0,3,0,0,0,30,3,40,100,168,105,51,21,3,0,501,8,71,115,402,199,141,65,16,3,1022,0,0,0,19,5,5,8,3,3,48,0,5,18,71,48,61,54,29,4,284,0,0,5,17,18,9,0,0,0,48,0,26,85,135,70,43,27,8,3,399,0,0,0,0,0,7,0,4,0,21,0,14,17,38,14,12,5,3,0,102,0,3,3,26,3,3,0,0,0,36,3,21,19,80,53,24,0,0,0,199,0,0,0,0,0,0,3,0,0,9,0,0,0,3,0,0,0,0,0,7,4,15,52,126,37,26,18,0,0,291
CED316,0,0,0,3,0,3,4,0,0,11,0,0,0,12,0,0,5,0,0,20,0,0,8,41,3,4,0,0,0,49,0,0,4,12,26,59,109,71,16,292,12,89,107,388,374,407,389,145,36,1952,0,0,0,7,3,8,21,8,3,54,3,3,4,20,0,0,0,0,0,30,0,0,7,31,50,25,5,4,0,120,4,33,29,211,156,175,94,20,0,726,0,0,0,3,7,6,8,10,4,37,0,3,5,30,38,57,121,83,21,356,0,0,0,13,4,9,5,0,0,29,0,33,31,114,53,53,34,21,10,346,0,0,0,0,4,7,8,3,0,18,3,6,3,28,8,10,12,3,0,74,0,0,33,112,0,0,3,0,0,153,0,10,9,64,40,15,0,0,0,141,0,0,0,0,0,0,0,0,0,6,0,0,0,8,8,4,3,0,0,26,0,12,12,34,15,33,23,6,3,144
CED317,0,0,0,4,0,0,0,0,0,7,0,0,0,10,0,0,0,0,0,10,0,3,3,10,0,0,0,0,0,22,0,0,3,23,9,30,60,31,10,173,12,117,125,473,338,322,167,45,14,1603,0,5,0,5,8,8,7,0,0,28,0,0,0,9,4,3,0,0,0,18,3,30,32,136,100,63,27,14,0,413,8,73,59,358,195,192,66,11,3,957,0,0,0,15,0,11,7,3,4,35,0,3,0,20,25,36,52,13,6,165,0,0,0,8,11,4,0,0,0,24,0,25,18,92,36,22,14,7,0,225,0,0,0,0,3,8,8,7,0,30,0,5,0,30,7,10,0,0,0,59,0,0,19,63,0,0,0,0,0,83,3,16,22,106,29,25,0,0,0,200,0,0,0,0,0,0,0,0,0,0,0,0,0,4,3,0,3,0,0,9,0,6,8,59,23,46,27,7,3,176
CED318,0,0,0,8,7,9,6,10,3,48,0,0,6,30,4,4,0,0,0,41,10,59,88,35,3,0,0,0,0,194,0,3,4,67,39,57,73,27,13,285,12,152,198,787,562,522,223,99,19,2566,0,0,7,18,19,10,6,5,0,74,0,4,3,14,0,0,0,0,0,29,8,137,194,500,288,208,81,17,5,1433,7,85,102,500,290,242,80,13,0,1325,0,0,0,46,6,18,14,5,3,95,0,10,15,98,81,81,69,26,7,384,0,5,4,22,20,22,6,0,3,89,3,30,45,137,90,49,37,13,0,401,0,0,0,3,12,5,3,4,3,33,0,4,9,38,12,19,9,4,3,100,0,4,16,175,11,8,0,0,0,217,5,24,47,211,101,31,21,6,0,436,0,0,0,0,0,0,0,0,0,0,0,0,0,4,11,3,0,0,0,21,5,21,38,131,54,65,41,18,3,368
CED319,0,3,3,5,6,0,4,0,0,20,0,5,23,79,20,15,6,0,0,149,0,10,65,144,4,3,0,0,0,233,0,4,3,28,18,33,42,17,9,160,25,190,355,1171,533,422,188,83,28,2999,0,0,0,16,6,9,9,8,3,48,3,4,7,36,5,3,0,0,0,57,5,15,60,138,111,71,35,18,4,451,13,91,141,547,298,239,88,22,3,1448,0,0,3,49,15,29,14,14,23,141,0,10,12,82,47,54,61,39,20,323,0,13,14,54,16,17,9,3,0,121,4,28,71,198,82,46,34,12,3,490,0,0,0,3,6,4,7,0,0,32,5,27,20,101,36,42,24,15,9,277,5,7,19,105,17,15,7,0,0,182,4,48,48,155,54,18,15,0,0,340,0,0,0,6,5,9,0,4,0,22,0,0,0,12,0,0,0,0,0,17,7,24,33,109,30,29,14,3,0,246
CED320,0,0,0,3,11,12,6,4,0,38,0,0,5,3,3,0,0,4,3,18,0,0,0,0,0,0,0,0,0,4,0,3,11,23,28,49,92,47,16,274,30,318,384,1176,700,592,407,122,39,3754,0,0,0,11,12,19,19,8,3,75,0,0,0,4,3,0,0,0,0,11,3,33,23,96,65,71,30,10,0,322,0,40,69,276,165,149,96,25,3,820,0,0,0,15,13,19,13,9,4,62,0,7,7,45,67,83,100,51,18,375,0,3,3,16,12,17,9,0,0,60,0,43,70,168,106,50,55,12,3,507,0,0,0,0,0,4,6,3,0,13,0,0,3,7,10,8,6,3,0,42,0,4,76,211,10,7,3,0,0,309,0,10,11,70,32,9,7,0,0,136,0,0,0,0,0,0,0,0,0,7,0,0,0,3,0,0,3,0,0,9,3,11,20,51,41,42,31,0,0,202
CED321,0,0,0,3,0,0,3,0,0,6,0,0,0,3,0,0,0,0,0,10,0,3,0,18,0,4,0,0,0,19,0,3,0,25,13,32,62,28,4,177,4,46,58,310,253,229,170,50,16,1137,0,0,0,9,3,7,8,3,0,36,0,6,0,7,0,0,0,0,0,17,0,4,5,28,35,16,6,3,0,97,10,110,84,320,141,116,51,6,3,847,0,0,0,9,0,10,3,3,4,34,0,4,4,22,15,35,43,19,4,142,0,0,0,4,5,3,0,0,0,17,3,34,30,104,39,35,25,7,3,274,0,0,0,3,3,0,3,7,0,17,0,0,5,19,3,0,0,0,0,37,0,3,9,65,0,0,0,0,0,77,4,3,15,34,12,7,0,0,0,77,0,0,0,0,0,0,3,0,0,7,0,0,0,0,0,0,0,0,0,3,0,8,14,30,20,25,21,12,3,129
CED322,0,0,8,11,10,15,7,0,0,49,0,0,0,3,6,5,5,4,0,22,0,0,0,9,0,0,0,0,0,13,0,4,4,28,29,48,83,50,21,261,39,282,447,1486,904,835,517,205,97,4800,0,0,0,16,14,14,18,20,5,95,0,0,3,15,0,0,0,0,0,25,0,7,10,54,41,29,11,3,0,152,3,19,78,245,162,131,36,8,0,688,0,7,3,44,13,35,26,18,16,162,0,10,10,69,65,88,117,66,39,468,0,7,16,28,20,24,17,8,0,124,10,60,119,317,154,130,74,32,10,909,0,0,0,4,15,19,13,15,5,74,0,3,9,22,6,16,16,7,0,86,0,8,19,95,27,23,19,3,0,194,6,15,27,146,39,24,0,0,0,261,0,0,0,7,14,8,9,0,0,33,0,0,3,12,15,3,3,0,0,30,20,43,54,143,55,60,39,5,3,426
CED323,0,0,0,15,0,7,3,3,0,38,0,0,3,4,3,0,0,0,0,13,0,0,75,122,0,0,0,0,0,198,0,3,3,27,21,35,88,54,35,261,42,301,628,1876,1101,957,691,311,111,6012,0,0,3,19,11,12,24,8,3,81,0,4,3,16,3,0,0,0,0,32,3,8,20,53,52,33,12,9,0,190,9,36,82,405,212,163,84,16,11,1008,0,3,7,59,24,41,35,22,19,212,0,7,12,61,50,69,91,62,30,381,0,7,26,48,26,32,12,6,0,163,4,27,92,246,112,109,73,45,17,716,0,0,0,11,18,24,21,21,9,106,0,9,7,33,11,11,14,4,3,81,3,11,77,271,45,46,22,10,0,485,7,25,41,280,74,27,13,0,0,468,0,0,0,9,6,9,4,4,0,35,0,0,0,8,10,0,10,3,0,39,7,26,57,136,56,35,33,10,5,373
CED324,0,3,0,5,3,3,3,0,3,18,0,3,7,19,10,10,9,0,0,59,0,0,29,68,3,0,0,0,0,97,0,0,5,31,11,14,54,19,9,157,18,206,349,780,408,264,152,42,21,2253,0,0,3,18,9,5,14,5,3,58,10,56,43,182,29,13,5,3,0,348,0,23,29,107,89,64,30,34,12,396,3,36,113,402,194,152,67,9,8,992,0,4,3,43,20,27,27,14,24,165,0,12,12,45,39,57,45,39,19,268,4,31,34,101,39,26,16,3,0,263,5,38,74,216,92,82,44,15,8,572,0,0,0,24,17,28,23,16,0,114,0,33,45,144,60,46,27,14,7,381,28,70,299,1363,275,359,144,25,6,2576,4,19,45,159,42,17,6,0,0,297,0,0,3,9,9,8,6,9,0,46,0,0,0,10,9,9,0,0,0,34,3,57,49,122,51,28,26,5,5,344
CED325,0,0,3,12,10,8,0,0,3,33,0,4,0,32,12,14,3,0,0,71,0,3,8,59,11,0,0,0,0,78,0,0,6,27,16,45,82,42,18,235,87,673,905,1823,730,422,182,76,18,4906,0,6,0,24,23,26,34,17,0,131,6,19,10,46,8,6,4,0,0,93,0,6,13,96,41,42,15,4,0,224,9,69,140,542,272,174,73,21,7,1306,0,0,3,48,25,33,20,9,24,168,0,20,13,78,74,84,67,35,17,388,3,20,24,59,33,44,23,0,0,203,5,43,126,281,176,81,62,18,6,793,0,0,3,14,22,15,13,10,3,81,3,33,60,211,131,101,35,21,7,606,4,3,18,140,35,50,15,3,0,264,0,10,7,127,27,22,8,3,0,211,0,0,0,3,10,9,6,3,0,35,0,0,4,6,7,5,0,0,0,23,3,34,35,91,38,25,23,6,0,246
CED326,0,0,0,10,6,8,8,3,0,37,0,0,4,20,0,8,3,0,0,38,0,7,13,107,5,6,0,0,0,141,0,8,8,27,30,41,75,54,25,261,59,562,608,1771,870,622,384,160,63,5109,0,14,5,15,16,8,19,20,6,106,0,0,7,31,5,0,0,3,0,46,0,20,52,120,71,59,22,14,0,357,14,80,154,569,334,228,99,17,3,1500,0,3,0,27,6,17,17,3,10,87,3,20,36,77,89,78,136,85,29,548,0,12,8,40,20,23,9,7,0,116,20,118,145,418,191,93,74,20,14,1096,0,0,0,0,14,8,10,7,0,45,3,16,6,98,25,26,37,11,9,241,3,10,14,60,7,6,3,0,0,99,4,14,20,104,44,26,3,3,0,212,0,0,0,4,3,3,3,0,0,13,0,0,3,5,0,0,0,0,0,9,3,37,23,85,29,24,33,10,4,239
CED327,0,0,6,10,9,8,4,4,4,41,4,33,129,290,72,39,23,0,3,596,0,0,3,19,0,0,0,0,0,23,0,0,0,11,13,38,65,37,8,172,108,868,1185,2505,1078,696,296,103,19,6846,0,0,0,10,16,12,21,5,3,69,12,74,66,228,38,29,9,0,0,455,3,20,36,161,100,81,43,20,3,474,14,85,137,602,309,276,110,22,12,1552,0,0,0,28,20,31,22,10,3,109,0,6,14,36,66,89,77,49,17,368,0,16,23,65,36,39,14,0,0,200,4,40,121,238,153,90,53,20,7,713,0,0,0,28,24,30,26,17,4,127,0,22,23,107,53,46,28,6,4,286,26,32,108,571,117,148,42,14,3,1054,12,100,89,192,41,25,10,0,0,466,0,0,6,24,22,27,7,0,0,92,4,0,9,28,12,3,4,0,0,54,3,18,29,52,25,27,24,5,3,182
CED328,0,0,3,6,3,7,4,0,3,35,0,0,13,30,11,6,3,3,3,60,0,0,28,79,0,4,0,0,0,117,0,6,14,46,42,38,56,22,13,234,16,129,255,656,391,300,156,67,24,1994,3,3,3,16,28,15,13,7,5,89,0,8,9,35,14,0,0,0,0,61,0,13,40,120,95,53,13,14,4,350,0,21,54,213,76,81,25,9,3,477,0,0,3,48,16,32,11,3,8,132,4,34,25,83,109,96,70,42,29,492,8,26,272,170,47,33,17,10,3,574,9,117,280,499,325,210,90,40,21,1593,0,0,0,0,4,6,7,6,0,31,3,24,38,93,61,55,40,14,7,324,4,16,63,168,50,50,18,0,0,376,6,27,60,117,38,16,8,3,3,275,0,0,0,9,5,6,10,3,0,28,0,0,0,5,10,3,0,0,0,15,18,90,140,231,113,59,49,10,3,715
CED329,0,0,0,0,0,3,3,5,3,16,0,0,0,0,0,0,3,0,0,6,0,0,0,0,0,0,0,0,0,3,0,6,4,30,32,52,105,46,16,300,5,96,107,438,445,538,370,119,37,2156,0,0,0,4,10,6,22,8,3,52,0,0,0,4,0,0,0,0,0,4,0,5,8,36,63,33,11,5,0,154,4,24,23,181,128,135,66,11,0,575,0,0,0,14,7,14,6,6,3,52,0,9,3,36,52,76,91,54,20,343,0,0,0,10,12,14,3,0,0,41,0,20,27,88,88,59,50,26,10,357,0,0,0,3,0,3,11,5,0,19,0,3,0,6,4,4,4,3,0,27,0,0,3,20,3,3,4,0,0,31,7,7,15,58,41,14,14,0,0,142,0,0,0,0,0,0,0,0,0,0,0,0,0,0,0,0,0,0,0,0,0,22,20,51,45,52,46,19,0,265
CED330,0,0,0,4,3,3,3,4,0,17,0,0,0,4,3,0,0,0,0,14,0,0,0,3,0,0,0,0,0,10,0,3,13,27,46,66,105,31,14,304,9,186,258,1076,833,539,298,95,27,3317,0,0,0,12,12,13,15,8,0,71,0,6,3,8,3,3,0,0,0,25,0,9,15,82,63,29,10,4,0,211,3,10,21,151,96,75,29,4,3,402,0,0,0,24,11,17,15,8,3,84,0,15,17,47,98,74,87,36,7,376,0,4,22,22,9,10,4,0,0,87,0,39,73,178,146,61,32,24,0,560,0,0,0,3,10,16,10,6,4,44,0,4,0,11,11,10,0,0,3,36,0,3,56,192,12,10,6,0,0,289,0,17,8,92,27,7,0,0,0,154,0,0,0,6,3,3,0,0,0,16,0,0,0,0,6,0,3,0,0,10,0,22,27,56,46,51,37,3,3,253
CED394,0,0,0,0,0,0,0,0,0,0,0,0,0,0,0,0,0,0,0,0,0,0,0,0,0,0,0,0,0,0,0,0,10,11,0,8,8,3,0,38,0,5,13,65,40,76,64,4,0,270,0,0,3,9,0,0,0,0,0,13,0,0,0,0,0,0,0,0,0,0,0,0,3,7,11,0,0,0,0,25,0,5,4,11,9,7,5,3,0,41,0,0,0,0,0,0,0,0,0,5,0,0,11,10,6,7,10,3,0,45,0,0,7,7,0,0,0,0,0,8,0,0,0,8,4,3,3,0,0,23,0,0,0,0,0,0,0,0,0,0,0,0,0,8,0,0,0,0,0,9,0,4,17,57,0,0,0,0,0,75,0,0,3,4,0,0,0,0,0,15,0,0,0,0,0,0,0,0,0,0,0,0,0,0,0,0,0,0,0,0,0,3,7,13,0,6,4,0,0,31
CED397,0,0,0,0,0,0,0,0,0,0,0,0,0,0,0,0,0,0,0,0,0,0,0,0,0,0,0,0,0,0,0,0,0,0,0,0,0,0,0,0,0,0,0,0,0,0,0,0,0,3,0,0,0,0,0,0,0,0,0,0,0,0,0,0,0,0,0,0,0,0,0,0,0,0,0,0,0,0,0,0,0,0,0,0,0,0,0,0,0,3,0,0,0,0,0,0,0,0,0,0,0,0,0,0,0,0,0,0,0,0,0,0,0,0,0,0,0,0,0,0,0,0,0,0,0,0,0,0,0,0,0,0,0,0,0,0,0,0,0,0,0,0,0,0,0,0,0,0,0,0,0,0,0,0,0,0,0,0,0,0,0,0,0,0,0,0,0,0,0,0,0,0,0,0,0,0,0,0,0,0,0,0,0,0,0,0,0,0,0,0,0,0,0,0,0,0,0,0,0,0
CED401,0,0,3,13,0,0,0,0,0,20,3,12,28,60,7,3,0,0,0,116,0,15,40,155,4,0,0,0,0,216,0,9,8,20,16,31,69,26,13,196,8,44,61,188,113,112,66,25,8,631,0,3,3,16,13,21,15,4,3,74,21,57,32,136,14,3,0,0,0,270,0,0,0,20,14,9,5,3,0,58,5,45,67,345,112,93,45,12,0,739,0,0,7,82,19,61,47,49,55,328,0,12,16,62,60,91,64,53,33,387,4,30,113,123,40,26,15,6,0,350,3,17,59,115,51,34,32,10,3,321,0,0,0,11,25,25,27,25,13,125,7,32,34,138,27,21,11,3,3,274,5,9,43,134,9,4,0,0,0,198,6,16,31,188,39,19,8,0,0,304,0,0,0,3,0,4,0,0,0,14,0,0,3,17,3,8,3,0,0,44,11,34,43,121,42,38,34,17,3,335
CED402,0,3,0,0,0,0,0,0,0,3,0,6,8,52,13,10,6,3,0,104,0,0,0,4,0,0,0,0,0,5,0,3,0,16,10,80,150,59,32,350,11,49,68,203,126,88,64,13,6,623,0,0,5,3,9,4,11,3,4,29,0,10,4,10,3,0,0,0,0,33,0,0,0,9,14,4,0,4,0,37,10,84,63,289,110,94,36,7,0,694,0,0,0,6,6,9,15,11,14,50,0,5,4,27,43,71,82,40,16,285,0,0,0,7,4,0,0,0,0,14,3,21,20,60,27,31,12,3,0,175,0,0,0,0,3,7,4,6,0,17,3,6,0,22,3,0,3,0,0,35,0,0,47,137,0,0,0,0,0,183,3,36,34,50,21,3,0,0,0,159,0,0,0,0,0,3,0,0,0,3,0,0,0,4,3,18,3,0,0,27,0,11,13,37,20,28,12,5,0,126
CED403,0,0,0,5,0,0,0,0,0,13,0,0,0,7,5,0,3,0,0,18,4,6,36,114,0,3,0,0,0,164,0,8,14,27,27,65,126,61,61,387,4,26,48,170,144,131,66,31,12,628,0,0,3,9,22,23,23,18,4,104,7,21,23,66,13,5,4,0,0,136,0,6,3,32,16,9,3,4,0,78,3,29,64,211,108,72,36,12,6,534,0,3,4,65,45,82,45,31,31,297,0,28,26,84,103,123,114,51,55,585,3,19,54,56,27,20,21,0,0,200,0,51,93,146,102,48,36,13,4,501,0,0,0,9,13,20,17,11,8,79,0,24,22,97,28,14,14,6,6,203,0,3,11,45,12,4,0,0,0,73,3,6,13,71,21,6,4,0,0,127,0,0,0,0,0,3,0,0,0,9,0,0,0,3,5,4,3,4,0,17,4,27,37,77,40,35,40,0,5,261
CED404,0,0,0,0,0,0,0,0,0,0,0,0,0,4,0,0,0,0,0,6,0,0,0,3,0,0,0,0,0,6,0,4,0,4,19,60,101,45,15,254,7,23,32,129,100,97,64,16,4,461,0,0,0,7,9,8,17,5,3,59,0,9,4,23,0,0,0,0,0,34,0,0,0,6,7,8,0,0,0,30,9,38,38,196,92,102,44,15,3,547,0,0,0,10,0,5,8,0,3,29,0,3,3,21,65,135,135,103,33,494,0,0,0,3,8,7,0,0,0,16,5,31,22,74,53,22,16,0,0,224,0,0,0,0,3,3,8,4,3,20,3,7,6,38,4,4,3,0,0,58,0,0,3,13,0,0,0,0,0,18,0,10,0,36,21,9,0,0,0,79,0,0,0,0,0,0,0,3,0,9,0,0,0,0,0,0,0,3,0,4,0,9,3,21,17,26,9,3,0,92
CED405,0,0,0,4,0,0,0,0,0,8,0,0,0,8,0,0,0,0,0,13,0,16,88,226,3,7,0,0,0,342,0,3,5,23,11,34,84,40,13,208,3,35,45,184,92,78,48,25,8,523,0,3,3,12,16,20,29,15,0,101,20,30,23,123,8,4,3,0,0,214,0,0,3,14,5,4,0,3,0,31,4,53,77,348,118,95,62,19,4,780,3,3,10,73,27,66,52,43,37,312,3,30,18,87,81,93,111,62,27,514,7,8,9,46,17,21,13,0,0,122,3,14,41,110,54,37,19,12,3,304,0,0,3,19,20,25,26,25,7,121,5,8,8,75,16,8,11,3,0,140,0,6,6,51,8,8,0,0,0,80,5,17,20,116,32,26,3,3,0,217,0,0,0,4,11,7,15,25,3,68,0,3,0,7,0,0,4,3,0,19,7,14,25,106,30,25,15,5,0,229
CED406,0,0,0,5,3,4,0,0,0,13,0,0,0,4,3,0,0,0,0,8,0,0,0,7,0,0,0,0,0,7,0,3,3,23,27,113,163,65,41,434,4,32,43,228,151,145,81,24,10,713,0,3,5,27,32,22,45,35,3,163,0,14,25,46,14,8,4,0,0,109,0,0,5,24,14,5,0,0,0,46,3,25,47,243,144,113,56,11,3,653,0,3,10,85,44,97,62,14,14,335,0,38,54,150,197,200,206,135,40,1014,0,0,8,22,21,12,6,0,0,73,4,59,70,155,106,44,28,14,0,473,0,0,0,11,18,19,10,18,4,79,0,8,5,41,8,3,3,0,0,70,0,0,0,10,0,0,3,0,0,16,0,12,11,76,19,10,0,0,0,129,0,0,0,3,0,0,0,0,0,4,0,0,0,3,0,0,0,0,0,8,3,20,10,59,31,30,25,3,6,184
CED407,0,0,0,3,3,0,0,0,0,12,0,5,18,34,9,0,0,0,0,68,0,9,21,55,5,0,0,0,0,98,0,0,6,19,17,70,117,53,37,316,8,27,44,153,92,76,45,21,4,474,0,5,3,13,20,23,53,23,14,162,8,57,19,84,13,3,4,0,0,186,0,0,0,18,12,4,0,3,0,41,10,49,85,348,191,140,41,14,0,880,0,0,10,70,57,120,53,32,31,368,0,9,18,55,91,167,193,124,40,683,3,3,10,24,13,23,13,6,0,98,0,25,42,106,77,34,19,14,4,320,0,0,3,15,21,23,25,18,5,114,3,30,16,116,30,14,12,7,0,226,0,8,11,60,10,0,3,0,0,85,3,8,11,89,15,9,3,0,0,142,0,0,0,3,0,10,5,3,0,34,0,0,0,5,9,5,0,0,0,23,0,19,19,53,28,16,16,6,3,163
CED408,0,0,0,3,0,0,3,0,0,9,0,0,3,3,0,0,0,0,0,9,0,0,3,3,0,0,0,0,0,4,0,4,4,27,32,118,179,66,18,444,3,21,22,166,130,145,82,38,8,611,0,0,0,11,13,23,23,15,4,81,0,3,0,0,0,0,0,0,0,3,0,0,0,10,25,6,0,0,0,46,9,24,32,118,65,30,13,7,0,298,0,0,0,28,10,23,13,12,3,84,0,22,15,48,88,136,142,59,23,528,3,4,3,15,9,12,8,0,0,54,0,41,46,106,71,52,27,12,9,353,0,0,0,0,5,3,4,3,0,17,0,3,0,20,3,3,3,0,0,38,3,0,3,8,6,3,0,0,0,24,3,7,5,50,23,6,3,0,0,98,0,0,0,0,0,0,0,0,0,3,0,0,0,0,0,0,0,0,0,7,0,25,24,60,47,55,44,8,3,268
CED409,0,0,0,3,0,3,0,0,0,6,0,20,41,112,15,7,0,3,0,196,3,50,81,74,0,0,0,0,0,209,0,0,4,7,14,63,67,37,15,209,8,39,56,197,108,107,44,10,5,583,0,0,0,7,14,36,18,13,3,93,11,62,32,126,6,0,0,0,0,241,0,3,3,14,7,5,0,0,0,29,13,110,160,564,268,210,90,34,10,1465,0,0,5,78,48,120,72,78,105,518,0,11,13,43,85,115,126,78,33,490,0,8,5,33,10,12,3,0,0,71,0,8,32,67,35,26,12,3,0,178,0,0,3,36,32,51,48,45,22,234,6,7,10,60,14,3,3,0,0,100,0,0,32,77,12,3,6,0,0,126,3,19,26,230,55,16,3,0,0,353,0,0,3,7,8,10,9,14,0,42,0,3,5,11,8,0,4,0,0,38,7,14,15,43,35,17,10,0,0,132
CED410,0,0,0,6,0,0,3,0,0,15,0,0,0,5,3,3,0,0,0,15,0,9,18,104,3,3,0,0,0,139,4,4,5,9,12,35,79,53,29,225,8,37,41,128,78,96,55,32,20,496,0,3,0,13,9,17,27,8,4,76,8,33,15,86,12,6,0,0,0,164,0,4,3,12,15,3,3,3,0,49,3,39,73,270,97,95,49,15,3,639,0,0,7,68,51,68,61,57,42,358,0,11,12,44,50,82,95,59,38,400,10,31,44,94,45,26,44,8,3,307,0,28,56,107,78,49,32,14,13,374,0,0,0,11,19,16,11,23,12,85,10,89,49,272,89,33,23,13,4,594,7,10,19,62,25,13,14,0,0,148,0,6,16,85,31,11,8,0,0,150,0,3,0,3,0,0,0,0,0,4,0,0,3,11,11,14,7,15,3,64,6,33,37,62,35,35,25,7,5,245
CED411,0,0,0,3,4,0,5,0,0,12,0,29,40,107,13,6,3,0,0,209,8,97,90,18,0,0,0,0,0,219,0,0,5,17,32,73,116,54,22,319,5,23,49,196,122,83,38,10,4,541,0,0,4,7,40,30,47,15,7,157,5,46,12,37,0,3,0,0,0,108,0,0,0,10,12,3,0,0,0,21,9,52,57,264,121,93,51,3,0,659,0,0,4,33,10,26,16,9,12,118,0,8,8,57,127,205,198,169,49,815,3,3,0,14,13,10,0,0,0,42,4,17,24,64,43,22,17,3,0,187,0,0,0,3,4,11,19,4,5,53,3,3,4,21,6,0,0,0,0,42,0,3,0,26,4,0,0,0,0,36,0,9,12,79,30,8,4,0,0,138,0,0,0,4,0,3,3,0,0,10,0,0,3,12,3,3,0,4,0,20,0,17,15,54,22,25,22,0,0,157
CED494,0,0,0,0,0,0,0,0,0,0,0,0,0,0,0,0,0,0,0,0,0,0,0,0,0,0,0,0,0,0,0,0,0,0,0,3,0,0,0,8,0,0,0,3,0,9,4,0,0,21,0,0,0,0,0,0,0,0,0,0,0,0,0,0,0,0,0,0,0,7,0,0,0,0,0,0,0,0,0,0,0,0,0,3,0,0,3,0,0,6,0,0,0,0,0,0,0,0,0,0,0,0,0,0,4,0,0,0,0,9,0,0,0,0,0,0,0,0,0,0,0,0,0,0,3,0,3,0,0,12,0,0,0,0,0,0,0,0,0,0,0,0,0,0,0,0,0,0,0,0,0,0,4,12,0,0,0,0,0,13,0,0,0,0,0,0,0,0,0,3,0,0,0,0,0,0,0,0,0,0,0,0,0,0,0,0,0,0,0,0,0,0,0,3,0,0,0,0,0,4
CED497,0,0,0,0,0,0,0,0,0,0,0,0,0,0,0,0,0,0,0,0,0,0,0,0,0,0,0,0,0,0,0,0,0,0,0,0,0,0,0,0,0,0,0,0,0,0,0,0,0,0,0,0,0,0,0,0,0,0,0,0,0,0,0,0,0,0,0,0,0,0,0,0,0,0,0,0,0,0,0,0,0,0,0,0,0,0,0,0,0,0,0,0,0,0,0,0,0,0,0,0,0,0,0,0,0,0,0,0,0,0,0,0,0,0,0,0,0,0,0,0,0,0,0,0,0,0,0,0,0,0,0,0,0,0,0,0,0,0,0,0,0,0,0,0,0,0,0,0,0,0,0,0,0,0,0,0,0,0,0,0,0,0,0,0,0,0,0,0,0,0,0,0,0,0,0,0,0,0,0,0,0,0,0,0,0,0,0,0,0,0,0,0,0,0,0,0,0,0,0,0
CED501,0,3,6,27,5,11,6,3,4,73,0,0,3,21,11,14,7,7,0,66,4,4,8,29,3,0,3,0,0,46,0,4,10,36,39,48,92,41,23,300,77,528,598,1666,714,470,159,63,11,4293,0,25,11,36,34,23,37,15,6,187,3,3,6,36,9,3,5,0,0,73,0,4,4,27,11,3,3,0,0,54,22,236,221,690,230,142,35,11,0,1593,3,0,3,45,16,20,9,4,0,102,6,76,78,302,246,224,187,115,43,1275,3,13,26,78,50,34,20,12,3,234,17,121,219,557,270,135,63,31,8,1423,0,0,0,16,12,13,12,4,0,48,0,12,8,51,12,3,7,0,0,98,0,0,3,42,3,0,0,0,0,54,3,31,25,187,73,36,14,0,0,370,0,0,3,12,3,3,0,0,0,23,0,0,0,0,0,4,0,0,0,4,0,34,33,86,32,36,19,3,3,240
CED502,0,23,17,122,24,27,9,3,0,240,0,19,67,256,133,126,66,42,15,721,0,7,3,58,5,3,0,0,0,80,0,9,6,37,29,67,134,84,29,393,48,328,388,996,540,316,132,51,6,2797,0,6,3,18,21,31,27,11,3,124,9,72,52,235,29,16,3,0,0,422,3,25,21,46,15,11,0,0,0,123,22,232,240,705,276,157,50,16,4,1697,0,5,0,44,20,24,5,8,7,119,0,22,16,156,138,174,141,81,20,757,16,112,202,398,236,227,100,46,3,1329,6,173,244,543,318,159,67,29,4,1548,0,0,0,7,7,15,3,10,0,38,9,84,56,363,100,52,34,17,0,716,3,0,27,186,15,8,0,0,0,244,9,86,64,259,78,43,7,3,0,543,0,0,0,0,0,0,0,0,0,3,0,0,3,26,11,3,3,0,0,46,5,31,16,73,38,26,12,3,3,209
CED503,0,5,8,40,11,12,5,0,3,83,0,0,0,10,9,5,8,9,5,47,0,3,0,16,0,0,0,0,0,27,0,7,13,47,37,72,162,81,40,460,24,223,271,856,514,415,180,58,12,2550,0,3,7,18,20,19,22,12,11,110,0,10,3,36,0,0,0,0,0,53,0,11,10,24,16,3,0,0,0,64,4,83,100,310,146,77,34,7,0,752,0,3,0,27,8,15,10,4,6,84,5,33,49,127,171,162,179,98,24,850,3,6,11,44,36,28,12,7,0,157,6,108,190,355,220,86,67,30,4,1067,0,0,0,3,6,0,4,0,3,17,7,19,6,51,3,6,4,0,0,91,0,0,0,15,0,0,3,0,0,25,3,22,26,144,66,37,10,3,0,303,0,0,0,3,0,0,0,0,0,3,0,0,0,3,0,0,0,0,0,3,0,14,22,49,39,42,32,9,0,212
CED504,3,12,20,82,47,58,39,15,11,284,9,50,102,332,172,150,84,59,19,972,0,0,5,24,3,0,0,0,0,39,0,8,3,23,10,19,72,42,19,201,26,198,253,709,397,294,121,45,8,2057,0,5,10,36,19,26,22,15,4,138,0,20,21,59,19,7,8,0,0,139,0,11,3,19,7,0,4,0,0,50,11,120,150,410,196,141,54,15,3,1105,0,0,7,68,39,85,34,19,8,261,3,40,53,182,152,138,141,81,17,809,4,19,46,109,88,78,43,18,7,408,7,185,227,521,267,134,78,27,9,1461,0,0,4,28,28,32,16,13,0,117,0,5,15,40,27,49,29,10,4,179,0,0,20,109,4,11,0,0,0,144,11,61,66,200,74,44,13,3,0,468,0,3,17,183,101,89,52,22,4,477,0,0,0,8,0,0,0,0,0,13,3,24,24,51,14,18,9,3,0,143
CED505,0,3,12,29,12,11,6,6,4,82,0,0,3,17,18,15,15,13,11,92,0,3,23,49,4,0,0,0,0,75,9,26,14,53,41,28,46,35,19,271,12,45,113,523,250,262,136,41,11,1394,0,7,3,35,23,16,20,16,0,124,3,10,10,44,4,9,0,4,0,86,0,0,4,31,26,10,0,0,0,71,6,16,32,168,49,34,19,6,4,336,0,11,0,105,22,51,19,27,20,259,3,55,59,174,142,130,101,60,38,764,6,60,206,223,123,120,68,38,3,844,14,107,241,478,282,177,108,54,24,1493,0,0,3,13,13,12,15,7,3,64,6,13,17,74,43,37,37,17,11,253,3,3,17,85,20,18,18,3,0,159,4,13,20,77,34,16,11,0,0,186,0,0,0,12,3,12,9,5,0,39,0,3,3,18,3,3,0,0,0,33,20,120,106,224,114,93,50,14,11,760
CED506,0,0,0,16,3,4,0,0,0,24,0,3,0,12,7,3,0,5,0,26,0,0,0,21,0,0,0,0,0,26,0,3,5,40,22,27,61,12,8,187,29,161,243,973,553,451,114,31,10,2563,0,4,3,23,11,11,15,0,4,69,6,5,4,34,7,0,0,0,0,54,0,9,4,39,16,13,3,0,0,83,32,177,142,600,245,118,50,4,0,1365,0,0,0,22,8,6,9,0,4,51,0,6,11,79,69,84,47,19,10,336,0,0,5,24,20,15,14,3,0,85,7,74,90,304,157,76,31,11,0,746,0,0,0,0,3,4,6,3,0,17,0,19,4,49,10,3,3,0,0,97,0,0,15,132,0,0,0,0,0,150,8,24,36,220,104,36,3,0,0,433,0,0,0,10,7,4,0,0,3,19,0,0,0,6,4,0,0,0,0,8,9,11,9,78,42,23,14,4,0,192
CED507,0,0,3,11,9,6,5,0,0,32,0,0,0,11,4,3,4,0,0,28,0,0,3,14,0,0,0,0,0,18,0,7,3,50,34,61,96,37,20,301,17,175,191,711,421,357,144,53,9,2079,0,3,5,19,27,17,27,8,4,109,6,6,3,23,3,0,3,0,4,39,0,3,0,14,9,13,0,0,0,36,21,123,78,373,116,66,29,0,0,800,0,0,5,23,8,15,17,7,14,91,0,13,21,80,89,126,102,62,15,514,3,7,6,33,20,11,11,3,0,96,5,112,127,393,219,106,88,35,4,1098,0,0,0,4,0,0,7,0,0,10,5,7,5,23,8,8,3,4,0,54,0,0,23,141,0,0,0,0,0,160,0,16,11,79,45,19,3,0,3,179,0,0,0,0,0,0,0,0,0,0,0,0,0,0,0,0,0,0,0,4,0,17,18,79,39,47,25,11,5,232
CED508,0,3,10,36,20,9,8,3,0,80,0,0,3,22,9,10,10,14,3,75,3,4,6,39,0,0,0,0,0,50,0,4,7,45,46,47,69,25,17,248,32,154,224,788,387,291,94,20,4,2001,0,10,0,36,21,18,18,17,3,127,3,3,4,39,6,3,3,0,0,63,0,0,4,9,14,11,0,0,0,40,30,204,207,587,202,87,29,4,3,1359,0,3,7,81,24,54,29,18,7,215,3,27,48,189,169,163,136,75,23,827,3,35,84,182,96,97,37,20,4,547,7,71,144,484,215,129,74,21,14,1163,0,0,0,28,22,33,39,18,15,154,0,15,12,78,22,24,14,3,4,170,3,0,13,85,7,8,3,0,0,113,4,21,33,147,52,28,8,3,0,292,0,0,0,6,0,10,3,6,0,21,0,0,0,6,8,4,5,0,0,20,7,41,37,143,50,35,34,4,0,345
CED509,3,17,19,55,16,23,8,7,3,145,0,16,64,139,84,54,43,22,9,436,0,3,10,64,5,3,0,0,0,84,0,10,3,40,43,44,115,64,22,340,26,190,281,758,497,385,146,49,13,2345,0,4,3,16,24,16,25,16,3,112,5,25,15,56,9,9,12,0,0,130,0,12,12,25,15,12,0,0,0,74,29,185,236,630,237,132,56,15,3,1512,0,0,4,35,15,38,28,17,24,162,0,14,16,87,121,170,135,93,41,682,3,11,14,89,49,66,32,16,7,286,0,56,65,224,129,81,44,34,4,642,0,0,0,0,9,7,6,14,3,40,0,31,10,119,22,13,14,7,3,219,3,6,9,81,11,0,0,0,0,111,0,50,41,147,51,39,9,0,0,328,0,0,3,15,3,3,0,0,0,19,0,3,9,24,4,0,0,0,0,43,8,20,24,63,38,42,36,9,3,239
CED510,0,3,13,29,17,27,10,5,3,96,0,0,4,13,31,33,37,15,4,127,3,0,0,9,0,0,0,0,0,11,0,9,9,35,29,46,83,42,23,274,14,122,164,651,415,350,114,43,11,1879,0,9,3,58,37,26,42,16,7,188,0,0,4,16,3,4,10,0,0,32,0,3,4,18,18,4,0,0,0,54,5,25,22,145,75,82,43,10,0,401,0,5,11,90,42,108,48,16,17,330,7,107,105,309,324,344,206,93,41,1531,5,26,45,75,95,74,50,21,6,395,24,283,484,832,608,290,123,59,21,2727,0,0,0,12,7,13,5,0,0,43,0,0,5,18,12,7,13,0,0,60,0,3,0,50,10,4,3,0,0,73,9,11,26,120,52,18,3,0,0,240,0,0,0,6,13,17,8,3,0,46,0,0,0,5,0,0,0,0,0,13,9,43,30,89,45,36,24,4,3,288
CED511,0,0,0,3,3,0,0,0,0,13,0,3,11,55,22,15,7,5,0,121,0,0,0,8,0,0,0,0,0,10,0,0,0,43,22,53,113,43,22,296,27,213,285,924,578,474,160,46,13,2714,0,0,0,15,13,19,14,8,0,75,0,7,3,12,0,0,0,0,0,28,0,26,18,38,24,7,0,0,0,121,6,120,108,423,164,127,42,11,0,1003,0,0,3,17,8,8,11,14,13,78,0,7,12,74,81,116,92,65,17,467,0,3,4,26,13,13,4,3,0,77,12,97,119,288,175,91,51,15,4,849,0,0,0,0,0,5,3,4,3,16,0,4,0,28,8,4,4,3,0,50,0,0,3,45,0,0,0,0,0,52,4,43,29,119,58,18,3,0,0,277,0,0,0,0,3,0,8,5,0,21,0,0,0,3,0,0,0,0,0,8,0,11,15,67,35,38,42,4,4,204
CED512,3,12,29,105,39,28,6,5,3,227,0,0,13,46,17,19,18,8,0,115,0,0,4,19,0,0,0,0,0,24,0,8,7,32,19,53,102,41,19,284,42,391,452,1492,681,457,189,48,6,3758,0,13,6,49,30,25,23,18,0,166,0,6,9,45,0,3,0,5,0,75,0,5,7,26,12,8,3,0,0,52,9,169,169,568,198,97,31,6,0,1254,0,5,8,84,38,52,34,13,10,235,16,117,149,455,319,216,174,71,27,1548,3,28,36,124,63,67,25,4,0,353,17,322,438,1014,523,190,99,34,10,2644,0,0,0,11,12,7,11,8,3,54,0,16,0,64,16,13,8,0,0,123,4,0,27,119,9,3,0,0,0,158,0,23,38,162,53,13,4,0,0,300,0,0,0,17,9,10,3,3,0,46,0,0,0,4,3,0,0,0,0,6,3,21,30,87,42,38,17,3,4,254
CED513,0,3,18,97,42,25,29,22,6,240,0,3,17,65,66,100,51,40,23,364,4,12,55,124,0,7,0,0,0,196,0,3,11,50,21,31,60,30,34,227,10,68,174,691,334,257,113,38,10,1696,0,0,8,51,22,9,13,9,10,131,15,22,18,97,6,9,6,3,0,169,0,0,0,22,7,8,0,0,0,43,12,80,122,430,134,90,45,6,0,924,0,3,6,126,32,97,47,47,50,404,0,9,23,251,112,112,84,77,16,683,16,15,57,240,81,103,50,36,9,608,0,12,88,331,122,121,58,24,9,771,0,0,3,30,26,36,25,22,9,153,0,11,17,98,26,30,31,13,13,240,8,3,59,380,10,0,4,0,0,467,4,21,59,248,76,45,15,3,0,477,0,0,3,25,19,31,34,24,7,156,4,0,4,29,7,0,0,4,4,47,14,26,60,202,53,39,23,7,3,425
CED514,3,10,28,103,20,31,25,17,12,240,5,26,58,255,106,95,65,42,27,689,0,3,20,70,3,0,0,0,0,99,0,7,7,38,14,20,73,40,27,227,21,135,170,666,274,239,116,44,9,1681,3,0,3,44,18,12,15,16,0,112,16,31,33,138,12,8,3,4,0,243,0,3,0,8,18,3,0,0,0,33,3,96,120,417,121,99,44,10,0,909,0,7,4,93,44,87,45,45,27,351,4,10,31,117,88,97,89,64,31,531,0,12,30,132,69,73,27,25,8,379,5,60,176,423,253,218,111,61,25,1331,0,0,0,28,27,34,25,19,9,131,3,16,11,94,25,26,18,10,6,215,3,0,9,194,13,7,0,0,0,222,3,64,66,198,50,33,19,0,0,426,0,0,24,135,119,143,100,76,20,620,7,5,19,42,7,4,3,0,0,89,9,32,21,95,36,23,21,12,0,253
CED515,0,17,65,164,27,29,20,13,8,337,3,4,39,147,77,103,62,47,42,523,3,16,89,236,14,8,0,0,0,372,0,0,7,34,19,28,68,52,40,247,32,148,257,792,374,316,136,44,15,2102,0,0,9,36,22,22,21,11,0,119,39,58,43,208,20,17,5,0,0,381,3,16,11,37,15,10,0,0,0,95,28,216,256,765,240,137,56,15,0,1706,0,3,5,73,28,47,43,45,25,270,0,15,26,149,100,132,101,72,33,624,3,21,160,378,84,153,85,34,13,922,0,33,117,281,124,102,57,34,19,773,0,0,0,6,11,16,12,5,9,54,7,32,34,248,38,35,23,13,7,446,0,4,50,365,9,10,3,0,0,440,10,28,55,302,66,58,18,3,7,525,0,0,0,9,3,4,0,0,0,23,0,3,10,71,43,14,8,0,0,157,14,27,25,122,37,37,17,4,3,289
CED516,0,9,20,47,16,13,10,3,0,112,0,0,4,42,36,30,29,25,12,177,0,3,8,18,0,0,0,0,0,39,0,3,9,27,26,32,77,53,50,281,11,103,118,333,272,204,141,42,16,1230,0,0,5,19,22,28,30,13,10,131,9,12,12,62,11,14,0,0,0,126,0,3,11,12,12,6,0,0,0,52,8,65,62,219,70,65,30,13,4,544,0,3,3,37,21,40,17,21,11,145,0,28,49,111,128,160,146,91,48,771,9,123,258,347,238,280,149,64,17,1482,0,72,158,292,217,163,98,54,26,1091,0,0,0,4,4,16,7,8,4,39,3,70,66,193,143,83,42,25,6,624,3,6,27,179,29,30,16,3,0,296,5,15,28,104,57,45,14,3,0,272,0,0,0,6,3,0,3,3,0,13,0,0,0,14,3,4,4,0,0,31,9,40,32,65,48,36,23,7,3,267
CED594,0,0,3,0,0,0,0,0,0,3,0,0,0,3,0,0,0,0,0,3,0,0,0,0,0,0,0,0,0,0,0,0,0,7,0,3,3,0,0,13,0,0,13,32,21,34,10,0,0,104,0,0,0,0,0,0,0,0,0,0,0,0,0,0,0,0,0,0,0,0,0,0,0,0,0,0,0,0,0,0,0,0,0,9,5,3,0,0,0,15,0,0,0,0,0,0,0,0,0,3,0,0,3,7,0,7,0,0,0,13,0,0,0,0,0,3,0,0,0,5,0,0,0,3,0,0,0,0,0,15,0,0,0,0,0,0,0,0,0,0,0,0,0,0,0,0,0,0,0,0,0,0,6,11,0,0,0,0,0,24,0,0,0,0,0,0,0,0,0,3,0,0,0,0,0,0,0,0,0,0,0,0,0,0,0,0,0,0,0,0,0,0,0,8,0,0,0,0,0,13
CED597,0,0,0,0,0,0,0,0,0,0,0,0,0,0,0,0,0,0,0,0,0,0,0,0,0,0,0,0,0,0,0,0,0,0,0,0,0,0,0,0,0,0,0,0,0,0,0,0,0,0,0,0,0,0,0,0,0,0,0,0,0,0,0,0,0,0,0,0,0,0,0,0,0,0,0,0,0,0,0,0,0,0,0,0,0,0,0,0,0,0,0,0,0,0,0,0,0,0,0,0,0,0,0,0,0,0,0,0,0,0,0,0,0,0,0,0,0,0,0,0,0,0,0,0,0,0,0,0,0,0,0,0,0,0,0,0,0,0,0,0,0,0,0,0,0,0,0,0,0,0,0,0,0,0,0,0,0,0,0,0,0,0,0,0,0,0,0,0,0,0,0,0,0,0,0,0,0,0,0,0,0,0,0,0,0,0,0,0,0,0,0,0,0,0,0,0,0,0,0,0
CED601,0,0,0,4,0,3,0,0,0,5,0,21,18,37,7,0,0,0,0,77,4,47,72,21,0,0,0,0,0,147,0,0,3,10,7,37,100,70,25,248,0,27,32,121,88,85,57,13,10,425,0,0,0,6,5,5,8,5,0,28,3,7,3,10,0,0,0,0,0,23,0,0,0,19,14,4,3,0,0,43,0,7,15,122,62,54,22,3,0,289,0,0,0,10,4,12,5,4,10,48,0,0,3,20,27,52,76,33,15,225,0,5,20,22,7,7,3,3,0,64,0,7,17,46,24,21,17,6,3,131,0,0,0,0,0,0,0,0,0,6,0,4,0,22,6,9,3,0,0,36,0,0,0,15,6,0,0,0,0,26,0,3,6,33,10,3,0,0,0,64,0,0,0,0,0,0,0,0,0,3,0,0,0,3,0,0,0,0,0,3,0,11,9,53,18,17,17,7,3,138
CED602,0,0,0,0,0,0,0,0,0,3,0,0,0,3,0,0,0,3,0,6,0,0,0,0,0,0,0,0,0,0,0,0,3,12,13,42,86,46,25,229,7,25,32,142,115,107,74,19,9,533,0,0,0,0,9,3,9,3,0,31,0,0,0,4,0,0,0,0,0,12,0,0,0,14,4,3,0,0,0,27,0,15,15,83,50,64,43,8,3,285,0,0,0,3,3,3,10,0,4,26,0,0,5,9,31,36,76,31,8,203,0,3,0,3,0,8,3,0,0,22,0,4,9,34,23,21,13,7,0,123,0,0,0,0,0,0,4,3,0,7,0,15,3,21,8,0,6,0,0,54,0,0,10,32,0,0,0,0,0,46,0,7,3,32,13,6,0,0,0,63,0,0,0,0,0,0,0,0,0,0,0,0,0,0,0,0,0,0,0,3,4,10,8,21,18,14,16,4,0,90
CED603,0,0,0,0,0,0,3,0,0,7,0,5,12,25,9,8,0,0,0,63,7,41,89,64,0,3,0,0,0,206,0,0,4,17,11,21,48,29,10,149,3,20,34,146,100,95,50,28,6,479,0,0,0,0,3,4,6,0,3,24,3,22,8,41,3,0,0,0,0,82,0,0,3,15,18,8,3,0,0,45,8,23,28,107,52,52,24,5,3,310,0,0,0,30,18,22,36,34,37,183,0,7,9,33,45,30,46,43,16,226,0,4,75,37,17,9,4,6,0,166,0,5,22,75,33,45,21,5,8,212,0,0,0,0,0,0,0,8,0,12,0,3,12,29,12,7,3,4,0,72,3,3,9,43,3,0,0,0,0,64,0,24,26,76,15,5,0,0,0,164,0,0,0,0,0,0,0,0,0,3,0,0,0,3,0,3,0,3,0,5,0,13,31,93,43,30,26,10,3,242
CED604,0,0,0,6,0,0,0,0,0,5,0,0,0,5,0,0,0,0,0,3,0,6,12,10,0,0,0,0,0,27,0,3,3,17,20,42,83,54,31,251,6,27,29,150,111,108,83,18,9,540,0,0,0,3,3,10,17,6,0,41,0,4,0,8,0,0,0,0,0,9,0,0,0,15,9,4,0,0,0,36,3,4,8,76,37,34,17,3,0,178,0,0,0,17,10,10,9,3,3,45,0,3,9,15,42,59,69,42,22,266,0,4,6,8,10,7,6,3,0,51,0,10,12,75,30,42,34,18,4,225,0,0,0,0,0,0,0,0,0,9,0,3,0,9,3,7,3,3,0,31,3,0,5,26,0,3,0,0,0,38,3,7,9,50,15,5,3,0,0,89,0,0,0,0,0,0,0,0,0,0,0,0,0,0,0,0,3,0,0,8,5,15,15,45,34,44,42,7,4,212
CED605,0,0,0,0,0,3,3,0,0,10,0,0,0,0,3,0,3,0,0,6,0,0,0,3,0,0,0,0,0,4,0,0,6,15,20,33,87,37,9,212,3,14,16,116,104,134,94,24,10,517,0,0,0,3,8,4,13,0,3,25,0,0,3,0,3,0,0,0,0,5,0,0,0,7,8,9,6,0,0,33,6,9,6,75,39,36,20,4,0,198,0,0,0,6,5,6,12,3,3,32,0,0,0,12,22,39,72,34,11,195,0,0,0,10,6,4,0,0,0,22,0,7,11,29,17,21,15,4,0,103,0,0,0,0,3,0,0,0,0,4,0,0,0,3,0,3,0,0,0,11,0,0,0,17,0,0,0,0,0,16,3,0,3,20,15,9,3,0,0,57,0,0,0,0,0,0,0,0,0,0,0,0,0,0,4,3,0,0,0,8,0,5,5,25,29,35,39,3,3,133
CED694,0,0,0,0,0,0,0,0,0,0,0,0,0,0,0,0,0,0,0,0,0,0,0,0,0,0,0,0,0,0,0,0,0,0,0,0,3,0,0,3,0,0,3,3,4,0,0,0,0,9,0,0,0,0,0,0,0,0,0,0,0,0,0,0,0,0,0,0,0,0,0,0,0,0,0,0,0,0,0,0,0,0,0,0,0,0,0,0,0,0,0,0,0,0,0,0,0,0,0,0,0,0,0,0,0,0,0,0,0,0,0,0,0,0,0,0,0,0,0,3,0,0,0,0,0,0,0,0,0,0,0,0,0,0,0,0,0,0,0,0,0,0,0,0,0,0,0,0,0,0,0,0,0,0,0,0,0,0,0,0,0,0,0,0,0,0,0,0,0,0,0,0,0,0,0,0,0,0,0,0,0,0,0,0,0,0,0,0,0,0,0,0,0,0,0,0,0,0,0,0
CED697,0,0,0,0,0,0,0,0,0,0,0,0,0,0,0,0,0,0,0,0,0,0,0,0,0,0,0,0,0,0,0,0,0,0,0,0,0,0,0,0,0,0,0,0,0,0,0,0,0,0,0,0,0,0,0,0,0,0,0,0,0,0,0,0,0,0,0,0,0,0,0,0,0,0,0,0,0,0,0,0,0,0,0,0,0,0,0,0,0,0,0,0,0,0,0,0,0,0,0,0,0,0,0,0,0,0,0,0,0,0,0,0,0,0,0,0,0,0,0,0,0,0,0,0,0,0,0,0,0,0,0,0,0,0,0,0,0,0,0,0,0,0,0,0,0,0,0,0,0,0,0,0,0,0,0,0,0,0,0,0,0,0,0,0,0,0,0,0,0,0,0,0,0,0,0,0,0,0,0,0,0,0,0,0,0,0,0,0,0,0,0,0,0,0,0,0,0,0,0,0
CED701,0,0,0,4,0,3,0,0,0,11,0,0,0,17,3,0,3,0,0,19,3,0,5,43,3,0,0,0,0,62,0,0,3,23,13,17,14,10,5,83,23,85,84,352,191,212,56,15,0,1026,0,7,0,4,7,0,6,3,0,31,0,0,0,15,0,0,0,0,0,16,0,6,9,44,37,15,7,0,0,112,10,43,50,297,145,98,37,13,6,700,0,0,0,16,6,0,0,0,3,25,0,0,3,22,24,30,16,7,0,118,0,0,0,13,12,11,3,3,0,40,0,18,22,64,42,15,7,3,0,165,0,0,0,0,0,8,0,0,0,7,3,5,4,45,4,5,0,0,0,68,0,4,15,76,3,3,0,0,0,105,5,13,17,79,47,21,12,3,0,198,0,0,0,3,0,0,0,0,0,6,0,0,0,3,0,0,0,0,0,3,17,58,38,131,63,52,12,0,0,361
CED702,0,3,3,13,4,3,0,4,0,24,0,5,7,44,16,4,0,0,0,82,9,30,109,298,9,13,4,0,0,460,0,3,3,29,17,19,28,11,0,114,13,73,99,403,224,209,79,25,3,1123,0,0,4,18,5,5,7,3,0,55,7,16,9,61,15,6,0,0,0,115,0,11,12,88,60,33,11,3,0,222,47,277,309,1239,384,257,110,34,13,2662,0,0,0,20,3,9,5,3,0,42,3,5,13,58,42,38,26,15,3,209,3,7,11,31,31,29,19,11,0,141,7,26,31,124,46,21,9,4,0,261,0,0,0,0,3,3,4,0,0,10,10,39,17,150,22,29,23,8,3,303,8,3,26,265,7,4,0,0,0,313,10,27,55,221,116,50,20,6,0,512,0,0,0,0,0,0,0,0,0,4,0,0,0,6,3,0,0,0,0,14,3,35,25,69,30,15,11,3,0,192
CED794,0,0,0,0,0,0,0,0,0,0,0,0,0,0,0,0,0,0,0,0,0,0,0,3,0,0,0,0,0,3,0,0,0,0,0,0,6,0,0,10,0,0,0,4,7,10,10,0,0,26,0,0,0,0,0,0,0,0,0,0,0,0,0,0,0,0,0,0,0,0,0,0,0,0,0,0,0,0,0,0,0,0,0,0,0,0,0,0,0,4,0,0,0,0,0,0,4,0,0,4,0,0,0,3,0,3,3,0,0,5,0,0,0,0,0,0,0,0,0,0,0,0,0,0,0,0,0,0,0,0,0,0,0,0,0,0,0,0,0,0,0,0,0,0,0,0,0,0,0,0,0,0,0,3,0,0,0,0,0,3,0,0,0,0,0,0,0,0,0,3,0,0,0,0,0,0,0,0,0,0,0,0,0,0,0,0,0,0,0,0,0,0,0,7,0,0,0,0,0,6
CED797,0,0,0,0,0,0,0,0,0,0,0,0,0,0,0,0,0,0,0,0,0,0,0,0,0,0,0,0,0,0,0,0,0,0,0,0,0,0,0,0,0,0,0,0,0,0,0,0,0,0,0,0,0,0,0,0,0,0,0,0,0,0,0,0,0,0,0,0,0,0,0,0,0,0,0,0,0,0,0,0,0,0,0,0,0,0,0,0,0,0,0,0,0,0,0,0,0,0,0,0,0,0,0,0,0,0,0,0,0,0,0,0,0,0,0,0,0,0,0,0,0,0,0,0,0,0,0,0,0,0,0,0,0,0,0,0,0,0,0,0,0,0,0,0,0,0,0,0,0,0,0,0,0,0,0,0,0,0,0,0,0,0,0,0,0,0,0,0,0,0,0,0,0,0,0,0,0,0,0,0,0,0,0,0,0,0,0,0,0,0,0,0,0,0,0,0,0,0,0,0
CED801,0,3,0,26,9,13,6,0,0,57,0,0,9,47,15,15,11,5,3,108,4,12,21,98,10,7,5,0,0,153,3,5,9,29,21,62,87,49,22,284,19,85,125,361,278,262,143,59,16,1345,0,0,0,17,10,21,20,10,4,89,7,34,26,126,26,13,9,0,0,239,0,3,13,58,67,37,9,5,0,189,16,64,97,527,174,158,81,12,6,1141,0,3,5,69,32,69,51,34,31,296,6,15,7,56,83,110,131,81,29,518,3,24,72,77,37,31,19,13,3,276,4,23,67,166,87,60,32,20,3,467,0,0,0,12,22,20,29,27,3,107,0,30,37,235,110,99,61,27,13,608,3,8,18,69,11,9,5,0,0,128,3,23,55,208,63,49,18,3,3,429,0,0,5,30,10,22,14,5,0,91,0,0,4,16,8,12,6,0,0,48,18,97,81,243,103,97,73,13,6,723
CED802,0,11,5,52,14,5,3,0,0,98,0,5,10,101,37,25,14,9,0,213,0,14,34,155,11,8,5,0,0,224,5,11,9,38,26,34,87,39,15,264,7,98,134,454,182,153,88,36,8,1165,0,4,0,8,12,20,20,9,3,79,26,73,64,378,43,15,9,3,0,616,3,10,19,77,55,30,9,3,0,204,13,57,111,572,219,128,66,18,7,1187,3,5,3,80,19,56,35,23,21,254,0,4,13,67,60,60,84,63,20,380,4,23,35,110,35,27,14,3,0,262,0,66,86,201,123,40,29,10,7,557,0,0,0,11,15,22,9,17,3,87,6,57,63,356,137,96,42,27,8,802,4,0,12,110,15,9,0,0,0,160,4,30,66,233,50,36,19,3,0,438,0,0,4,33,18,30,16,6,0,111,3,0,0,21,9,12,7,3,0,51,24,93,90,278,96,77,52,16,3,719
CED894,0,0,0,0,0,0,0,0,0,0,0,0,0,0,0,0,0,0,0,0,0,0,0,0,0,0,0,0,0,0,0,0,0,0,0,0,0,0,0,0,0,0,0,4,0,0,0,0,0,3,0,0,0,0,0,0,0,0,0,0,0,0,0,0,0,0,0,0,0,0,0,0,0,0,0,0,0,0,0,0,0,0,0,0,0,0,0,0,0,6,0,0,0,0,0,0,0,0,0,0,0,0,0,0,0,0,0,0,0,0,0,0,0,0,0,0,0,0,0,0,0,0,0,0,0,0,0,0,0,3,0,0,0,0,0,0,0,0,0,0,0,0,0,0,0,0,0,0,0,0,0,0,0,0,0,0,0,0,0,0,0,0,0,0,0,0,0,0,0,0,0,0,0,0,0,0,0,0,0,0,0,0,0,0,0,0,0,0,0,0,0,0,0,0,0,0,0,0,0,3
CED897,0,0,0,0,0,0,0,0,0,0,0,0,0,0,0,0,0,0,0,0,0,0,0,0,0,0,0,0,0,0,0,0,0,0,0,0,0,0,0,0,0,0,0,0,0,0,0,0,0,0,0,0,0,0,0,0,0,0,0,0,0,0,0,0,0,0,0,0,0,0,0,0,0,0,0,0,0,0,0,0,0,0,0,0,0,0,0,0,0,0,0,0,0,0,0,0,0,0,0,0,0,0,0,0,0,0,0,0,0,0,0,0,0,0,0,0,0,0,0,0,0,0,0,0,0,0,0,0,0,0,0,0,0,0,0,0,0,0,0,0,0,0,0,0,0,0,0,0,0,0,0,0,0,0,0,0,0,0,0,0,0,0,0,0,0,0,0,0,0,0,0,0,0,0,0,0,0,0,0,0,0,0,0,0,0,0,0,0,0,0,0,0,0,0,0,0,0,0,0,0
CED994,0,0,0,0,0,0,0,0,0,0,0,0,0,0,0,0,0,0,0,0,0,0,0,0,0,0,0,0,0,0,0,0,0,0,0,0,0,0,0,0,0,0,0,0,0,0,0,0,0,0,0,0,0,0,0,0,0,0,0,0,0,0,0,0,0,0,0,0,0,0,0,0,0,0,0,0,0,0,0,0,0,0,0,0,0,0,0,0,0,0,0,0,0,0,0,0,0,0,0,0,0,0,0,0,0,0,0,0,0,0,0,0,0,0,0,0,0,0,0,0,0,0,0,0,0,0,0,0,0,0,0,0,0,0,0,0,0,0,0,0,0,0,0,0,0,0,0,0,0,0,0,0,0,0,0,0,0,0,0,0,0,0,0,0,0,0,0,0,0,0,0,0,0,0,0,0,0,0,0,0,0,0,0,0,0,0,0,0,0,0,0,0,0,0,0,0,0,0,0,0
CED997,0,0,0,0,0,0,0,0,0,0,0,0,0,0,0,0,0,0,0,0,0,0,0,0,0,0,0,0,0,0,0,0,0,0,0,0,0,0,0,0,0,0,0,0,0,0,0,0,0,0,0,0,0,0,0,0,0,0,0,0,0,0,0,0,0,0,0,0,0,0,0,0,0,0,0,0,0,0,0,0,0,0,0,0,0,0,0,0,0,0,0,0,0,0,0,0,0,0,0,0,0,0,0,0,0,0,0,0,0,0,0,0,0,0,0,0,0,0,0,0,0,0,0,0,0,0,0,0,0,0,0,0,0,0,0,0,0,0,0,0,0,0,0,0,0,0,0,0,0,0,0,0,0,0,0,0,0,0,0,0,0,0,0,0,0,0,0,0,0,0,0,0,0,0,0,0,0,0,0,0,0,0,0,0,0,0,0,0,0,0,0,0,0,0,0,0,0,0,0,0