CED_CODE_2016,Canada_Before_1946,Canada_1946_1955,Canada_1956_1965,Canada_1966_1975,Canada_1976_1985,Canada_1986_1995,Canada_1996_2005,Canada_2006_2010,Canada_2011,Canada_2012,Canada_2013,Canada_2014,Canada_2015,Canada_2016,Canada_Yr_arrival_NS,Canada_Tot,China_exc_SARs_Taiw_Bef_1946,China_exc_SARs_Taiwan_46_55,China_exc_SARs_Taiwan_56_65,China_exc_SARs_Taiwan_66_75,China_exc_SARs_Taiwan_76_85,China_exc_SARs_Taiwan_86_95,China_exc_SARs_Taiwan_96_05,China_exc_SARs_Taiwan_06_10,China_exc_SARs_Taiwan_2011,China_exc_SARs_Taiwan_2012,China_exc_SARs_Taiwan_2013,China_exc_SARs_Taiwan_2014,China_exc_SARs_Taiwan_2015,China_exc_SARs_Taiwan_2016,China_exc_SARs_Tawan_arr_ns,China_exc_SARs_Taiwan_Tot,Croatia_Before_1946,Croatia_1946_1955,Croatia_1956_1965,Croatia_1966_1975,Croatia_1976_1985,Croatia_1986_1995,Croatia_1996_2005,Croatia_2006_2010,Croatia_2011,Croatia_2012,Croatia_2013,Croatia_2014,Croatia_2015,Croatia_2016,Croatia_Yr_arrival_NS,Croatia_Tot,Egypt_Before_1946,Egypt_1946_1955,Egypt_1956_1965,Egypt_1966_1975,Egypt_1976_1985,Egypt_1986_1995,Egypt_1996_2005,Egypt_2006_2010,Egypt_2011,Egypt_2012,Egypt_2013,Egypt_2014,Egypt_2015,Egypt_2016,Egypt_Yr_arrival_NS,Egypt_Tot,Fiji_Before_1946,Fiji_1946_1955,Fiji_1956_1965,Fiji_1966_1975,Fiji_1976_1985,Fiji_1986_1995,Fiji_1996_2005,Fiji_2006_2010,Fiji_2011,Fiji_2012,Fiji_2013,Fiji_2014,Fiji_2015,Fiji_2016,Fiji_Yr_arrival_NS,Fiji_Tot,Germany_Before_1946,Germany_1946_1955,Germany_1956_1965,Germany_1966_1975,Germany_1976_1985,Germany_1986_1995,Germany_1996_2005,Germany_2006_2010,Germany_2011,Germany_2012,Germany_2013,Germany_2014,Germany_2015,Germany_2016,Germany_Yr_arrival_NS,Germany_Tot,Greece_Before_1946,Greece_1946_1955,Greece_1956_1965,Greece_1966_1975,Greece_1976_1985,Greece_1986_1995,Greece_1996_2005,Greece_2006_2010,Greece_2011,Greece_2012,Greece_2013,Greece_2014,Greece_2015,Greece_2016,Greece_Yr_arrival_NS,Greece_Tot,Hng_Kng_SAR_China_Bfre_1946,Hng_Kng_SAR_China_1946_1955,Hng_Kng_SAR_China_1956_1965,Hng_Kng_SAR_China_1966_1975,Hng_Kng_SAR_China_1976_1985,Hng_Kng_SAR_China_1986_1995,Hng_Kng_SAR_China_1996_2005,Hng_Kng_SAR_China_2006_2010,Hong_Kong_SAR_China_2011,Hong_Kong_SAR_China_2012,Hong_Kong_SAR_China_2013,Hong_Kong_SAR_China_2014,Hong_Kong_SAR_China_2015,Hong_Kong_SAR_China_2016,Hng_Kng_SAR_Chna_arrival_ns,Hong_Kong_SAR_China_Tot,India_Before_1946,India_1946_1955,India_1956_1965,India_1966_1975,India_1976_1985,India_1986_1995,India_1996_2005,India_2006_2010,India_2011,India_2012,India_2013,India_2014,India_2015,India_2016,India_Yr_arrival_NS,India_Tot,Indonesia_Before_1946,Indonesia_1946_1955,Indonesia_1956_1965,Indonesia_1966_1975,Indonesia_1976_1985,Indonesia_1986_1995,Indonesia_1996_2005,Indonesia_2006_2010,Indonesia_2011,Indonesia_2012,Indonesia_2013,Indonesia_2014,Indonesia_2015,Indonesia_2016,Indonesia_Yr_arrival_ns,Indonesia_Tot,Iran_Before_1946,Iran_1946_1955,Iran_1956_1965,Iran_1966_1975,Iran_1976_1985,Iran_1986_1995,Iran_1996_2005,Iran_2006_2010,Iran_2011,Iran_2012,Iran_2013,Iran_2014,Iran_2015,Iran_2016,Iran_Yr_arrival_NS,Iran_Tot,Iraq_Before_1946,Iraq_1946_1955,Iraq_1956_1965,Iraq_1966_1975,Iraq_1976_1985,Iraq_1986_1995,Iraq_1996_2005,Iraq_2006_2010,Iraq_2011,Iraq_2012,Iraq_2013,Iraq_2014,Iraq_2015,Iraq_2016,Iraq_Yr_arrival_NS,Iraq_Tot,Ireland_Before_1946,Ireland_1946_1955,Ireland_1956_1965,Ireland_1966_1975,Ireland_1976_1985,Ireland_1986_1995,Ireland_1996_2005,Ireland_2006_2010
CED101,0,4,8,18,24,27,39,19,4,0,11,4,3,4,0,169,11,27,90,109,400,3392,4972,3551,596,624,704,829,774,411,622,17113,0,7,133,301,26,58,41,8,0,0,0,7,0,0,18,599,3,69,123,281,104,346,207,167,32,39,37,33,31,14,27,1519,0,0,12,36,112,299,170,72,7,6,15,15,14,4,28,794,0,102,52,44,35,25,47,26,0,7,14,10,10,3,8,372,3,128,701,566,73,68,50,15,29,36,28,11,8,3,59,1785,0,5,20,112,475,1227,603,188,27,39,50,56,36,33,63,2942,0,15,10,88,108,329,509,490,68,59,71,113,134,62,44,2107,0,3,3,38,129,276,611,276,38,26,40,28,35,12,32,1545,0,0,0,10,9,34,44,24,11,15,16,0,9,0,3,179,0,0,0,4,9,30,67,23,5,13,13,9,0,0,0,181,5,11,25,65,29,59,55,29
CED102,0,3,4,15,24,37,35,25,9,5,3,6,11,11,3,189,9,56,122,174,518,3695,4847,4086,778,866,951,1191,1241,635,770,19935,0,9,132,198,25,55,40,11,0,0,4,4,0,4,19,510,0,56,192,360,95,255,112,122,18,29,45,15,30,3,63,1389,0,0,10,46,168,293,205,70,15,11,15,19,7,15,42,921,0,39,37,45,46,32,50,33,3,13,7,8,13,4,15,338,6,392,2515,1582,217,96,61,46,26,77,68,47,44,21,263,5463,0,3,32,108,454,921,465,177,38,47,55,57,54,18,56,2489,3,4,7,108,54,206,432,627,139,172,232,234,318,255,85,2888,4,3,8,31,212,344,677,360,71,51,49,85,62,44,35,2030,0,0,0,5,14,42,37,60,13,34,42,16,10,3,11,288,0,0,0,6,9,32,57,23,0,5,3,3,0,4,0,148,0,5,10,59,15,80,89,64
CED103,0,0,12,40,36,46,53,39,11,8,14,4,10,9,7,284,7,67,105,111,412,3320,5446,4591,1008,1073,1262,1663,1675,884,902,22527,0,7,85,149,10,24,26,7,0,0,0,0,3,0,8,325,0,33,64,118,33,96,37,23,4,10,5,8,20,3,16,468,3,10,12,43,94,146,123,37,9,15,6,13,11,7,30,550,3,93,76,53,30,42,75,63,12,17,10,9,15,10,14,510,0,52,192,122,21,11,11,0,3,4,3,3,3,3,22,457,5,9,41,178,770,2287,962,282,74,96,72,98,101,57,105,5141,0,15,27,146,203,745,1100,1148,245,319,408,547,719,538,175,6344,0,15,12,58,149,235,543,244,36,58,49,61,79,55,29,1625,0,3,6,106,220,374,257,272,97,151,189,69,124,40,35,1934,0,0,7,24,29,40,70,35,4,0,3,33,20,5,3,267,0,5,37,53,37,120,85,70
CED104,0,6,18,61,57,63,57,30,4,4,6,6,3,4,13,337,6,28,81,51,144,1272,2237,1383,220,274,248,285,301,143,219,6901,0,7,44,75,9,21,12,0,0,0,0,0,0,0,7,181,0,22,32,87,10,48,33,15,0,3,3,0,0,0,11,261,3,0,13,36,79,115,79,25,0,6,3,0,3,0,6,370,8,126,120,91,62,58,83,62,3,3,3,9,8,4,15,665,0,25,61,45,5,10,7,0,4,0,0,0,0,0,6,167,5,4,23,68,296,1179,458,118,17,25,12,30,11,6,44,2299,3,13,19,179,223,871,1394,680,93,74,64,98,92,60,84,3964,3,10,15,33,89,132,180,49,8,6,13,4,8,3,10,553,0,4,0,34,116,285,204,189,45,46,25,22,35,5,14,1025,0,0,3,4,8,11,20,3,0,0,0,0,0,0,0,63,0,8,30,67,40,100,91,49
CED105,0,0,0,9,3,7,18,11,3,0,0,0,8,11,5,72,3,15,99,59,297,2151,2934,2749,380,382,416,474,383,214,406,10955,0,10,108,270,19,34,19,3,0,0,3,5,0,0,12,483,0,19,41,155,65,157,155,194,25,44,53,54,54,24,74,1120,0,0,11,32,129,331,217,107,13,17,33,16,26,9,59,997,3,168,61,32,20,23,40,16,0,3,7,3,0,3,18,390,3,63,470,393,65,39,18,3,11,24,15,7,10,3,49,1167,0,0,8,22,117,286,168,71,9,14,19,36,25,11,21,811,0,7,11,80,65,202,479,1095,114,149,201,350,343,198,115,3403,0,0,0,17,82,163,271,134,30,12,12,9,15,4,39,781,0,0,0,4,18,56,177,102,42,132,165,14,16,14,49,781,0,0,0,18,20,200,940,332,117,106,148,98,79,8,65,2130,3,7,10,54,14,14,18,11
CED106,4,4,16,76,50,69,124,60,8,11,24,12,15,9,17,494,24,77,119,100,325,2079,3742,2862,531,672,685,838,884,467,575,13965,0,7,45,41,3,26,3,3,0,0,3,0,0,0,8,134,3,24,51,45,15,21,11,5,0,6,5,3,3,6,7,206,8,7,17,21,45,60,47,19,10,5,9,3,0,0,4,260,21,98,83,71,56,54,133,77,9,20,11,14,15,15,24,698,0,24,46,36,4,7,6,0,0,0,4,0,0,0,0,133,6,22,74,185,687,1705,784,307,52,75,80,90,111,44,93,4316,5,32,41,203,223,516,860,841,146,188,233,251,358,244,98,4246,0,15,19,61,93,166,332,112,24,18,24,30,10,8,19,936,0,3,7,55,216,342,281,404,149,137,122,67,134,50,49,2014,0,0,0,12,3,3,17,3,0,3,0,0,0,0,0,46,0,10,27,51,43,121,87,77
CED107,0,4,3,19,23,13,27,27,7,3,8,9,3,6,7,155,0,5,25,13,37,40,66,70,19,20,14,12,13,6,56,396,0,7,27,50,3,3,6,0,0,0,0,0,0,0,6,100,0,6,3,3,0,5,11,8,0,6,0,0,0,0,5,54,0,0,5,6,14,38,23,14,3,3,0,0,5,0,19,138,3,196,93,55,34,38,11,14,3,4,0,0,3,0,20,463,0,13,36,25,3,0,3,0,0,0,0,0,0,0,9,97,0,0,5,15,22,8,5,5,0,0,0,6,3,3,12,86,0,5,7,22,8,21,56,218,53,110,48,42,46,29,25,695,0,4,10,3,3,5,14,9,3,3,0,0,0,7,4,69,0,0,0,0,3,4,15,8,10,12,3,0,8,0,9,66,0,0,0,3,0,4,6,16,0,0,0,3,0,0,25,62,0,11,20,47,13,25,28,26
CED108,0,3,0,14,10,17,29,7,0,0,0,0,3,7,4,85,0,12,19,14,68,354,430,424,54,50,57,70,48,29,59,1674,0,14,59,253,40,72,55,0,0,0,0,0,3,0,13,514,0,15,29,165,52,279,212,146,28,39,66,49,31,11,28,1154,0,0,3,37,270,1323,1619,697,128,103,110,92,64,54,101,4604,0,183,100,76,35,27,25,15,3,0,0,3,0,0,15,487,0,26,124,114,23,23,20,13,0,6,4,0,0,0,10,360,0,0,6,14,36,109,46,22,7,3,6,0,6,3,13,275,0,3,6,112,107,619,2230,3858,338,323,418,496,428,297,227,9473,0,8,12,18,78,141,225,64,13,0,3,3,8,3,20,604,0,0,0,15,37,78,86,62,58,51,52,16,15,7,8,483,0,0,0,12,24,157,464,262,88,60,123,51,103,32,24,1406,0,5,20,81,14,41,10,28
CED109,0,3,5,34,26,31,88,26,5,9,9,8,5,7,3,266,3,23,32,31,76,896,913,467,89,72,105,64,104,43,92,3012,0,9,89,152,13,44,21,3,0,0,0,0,0,0,8,333,0,97,185,328,112,252,113,67,14,9,15,11,19,5,38,1271,3,0,3,28,63,93,66,23,0,5,0,0,0,3,5,316,7,110,85,60,50,22,73,40,9,14,3,10,4,7,11,503,4,183,940,564,69,39,35,21,13,41,26,24,12,9,71,2066,3,0,18,51,138,250,96,30,5,3,8,5,9,9,9,629,0,13,17,91,40,80,132,160,36,42,31,21,46,25,26,754,0,6,15,27,53,97,100,43,10,7,3,0,4,3,8,375,0,0,0,8,18,24,16,30,11,3,7,3,0,4,0,117,0,0,3,4,6,31,19,3,0,0,0,0,0,0,0,72,0,11,31,74,39,100,83,67
CED110,0,0,23,50,33,39,54,26,3,4,3,12,17,7,7,274,6,8,18,6,6,39,56,66,12,10,8,4,18,10,26,302,0,3,12,22,0,0,3,0,0,0,0,0,0,0,0,51,0,12,24,13,0,5,14,11,5,3,6,0,4,0,6,103,3,5,17,20,21,38,30,21,0,3,4,7,0,0,4,179,4,204,149,91,98,62,55,31,4,3,7,9,4,3,35,750,0,10,17,11,3,0,6,0,0,0,0,0,0,0,3,49,3,3,12,22,19,11,11,7,0,0,0,4,3,3,4,104,0,23,19,48,31,53,62,202,23,58,44,46,26,15,20,657,0,7,4,4,5,7,10,13,3,4,6,0,0,0,3,81,0,0,0,0,4,3,3,5,3,9,6,14,0,0,0,61,0,0,0,0,0,3,8,3,0,0,0,0,0,0,0,18,0,7,18,69,30,32,46,64
CED111,0,3,11,44,28,39,73,61,24,14,16,6,6,6,7,339,0,9,13,6,29,110,310,383,124,178,277,461,552,270,164,2891,0,5,181,180,31,39,206,5,0,0,3,0,0,0,21,679,0,14,22,15,11,14,9,19,3,0,11,8,9,0,4,144,0,5,8,11,33,51,30,14,0,0,4,3,0,0,3,163,0,281,237,67,41,35,49,21,15,13,5,11,5,8,25,801,0,90,298,111,17,16,3,3,0,8,0,8,0,0,36,604,0,3,10,11,20,34,36,24,5,10,3,15,11,8,0,189,3,6,9,66,32,71,117,229,44,120,117,121,163,179,37,1319,0,3,5,9,18,21,69,27,15,12,10,18,23,36,4,265,0,0,0,0,18,28,36,64,28,43,69,28,39,15,3,375,0,0,0,3,0,7,29,47,14,33,84,74,25,42,18,385,0,11,30,83,23,54,57,52
CED112,0,0,6,31,26,19,50,27,6,8,3,0,4,0,3,196,3,11,28,8,30,92,130,121,17,26,27,20,17,17,18,550,0,3,30,58,0,9,3,0,0,0,0,0,0,0,5,113,0,32,41,26,6,19,5,5,0,0,0,0,0,0,4,147,0,0,6,22,19,45,13,19,6,4,0,3,0,0,9,164,0,138,107,62,40,36,26,27,0,0,0,5,0,0,24,468,0,25,55,51,4,4,0,0,0,3,0,0,0,0,7,158,5,3,9,9,13,15,16,9,0,0,3,4,0,0,4,90,0,11,11,60,18,35,80,185,44,59,27,25,33,21,22,629,0,13,9,6,21,32,27,18,6,7,11,13,9,5,4,166,0,0,0,7,7,5,11,4,0,6,3,0,0,0,0,53,0,0,0,3,0,8,5,4,0,0,0,0,0,6,4,32,3,11,45,128,56,76,43,28
CED113,0,0,20,54,39,42,53,30,3,7,14,4,8,4,18,295,8,7,21,3,7,35,83,87,21,5,14,14,8,15,30,347,0,14,51,144,3,17,5,0,0,0,0,0,0,0,10,249,0,12,9,13,3,3,0,5,7,3,0,5,3,6,3,77,0,7,5,13,17,35,39,31,12,5,8,3,4,0,8,183,0,283,248,123,72,53,57,26,0,3,6,3,3,0,35,920,0,25,84,52,7,7,4,3,0,0,0,0,0,0,6,188,0,0,12,10,6,18,9,10,0,0,0,3,4,0,13,100,3,14,11,29,13,44,109,417,42,45,50,95,61,43,18,992,0,16,12,6,9,23,26,13,0,3,3,12,17,9,3,143,0,0,0,3,7,10,0,9,0,3,0,3,11,3,4,49,0,0,0,3,3,0,3,5,3,0,0,3,0,0,3,21,0,8,26,59,32,30,29,36
CED114,0,0,5,12,6,11,15,12,5,7,0,3,0,0,8,101,0,4,3,3,6,39,47,76,13,18,9,17,20,17,10,275,0,3,13,38,4,7,3,0,0,0,0,0,0,0,4,79,0,4,6,10,0,5,8,7,4,0,3,0,4,3,3,49,0,0,4,8,20,57,52,63,12,21,19,24,3,3,16,306,0,205,125,59,20,13,20,22,0,5,4,3,4,8,24,513,0,19,39,11,5,3,0,0,0,0,0,0,0,0,3,86,0,0,5,5,13,17,4,10,7,4,3,7,10,4,8,89,0,6,3,30,33,79,280,733,69,117,126,108,105,70,87,1837,0,0,0,4,0,0,4,10,0,5,0,0,0,3,3,41,0,0,0,0,4,4,6,10,0,8,4,5,3,0,0,45,0,0,0,0,0,0,14,0,0,3,0,0,0,0,0,17,0,3,19,21,7,28,18,21
CED115,0,0,0,5,0,12,18,4,0,3,0,3,0,5,0,54,0,15,123,40,503,968,715,536,78,98,99,85,75,46,206,3577,0,29,256,736,61,188,705,19,3,4,3,3,8,0,67,2082,0,16,50,77,29,84,72,49,14,24,28,14,24,10,15,521,0,0,3,25,143,539,425,233,73,57,48,65,29,18,52,1715,0,160,108,57,33,21,43,8,0,3,0,0,0,0,12,444,0,31,149,155,35,29,37,7,5,15,7,3,8,0,28,508,0,0,9,19,94,144,54,24,0,4,6,6,3,0,21,392,0,3,8,43,52,176,375,992,101,167,176,179,171,98,50,2589,0,0,3,23,68,131,87,77,15,5,3,9,11,5,21,461,0,0,0,87,111,192,165,117,61,82,198,37,14,3,24,1092,0,0,20,352,411,1266,3191,2223,629,513,1029,585,426,406,197,11246,0,3,13,37,18,17,7,3
CED116,0,0,9,51,51,15,36,31,6,7,4,0,3,0,4,223,4,13,14,5,21,42,59,69,16,6,18,13,9,12,34,340,0,5,96,136,7,9,13,0,0,0,0,0,0,0,11,276,0,24,31,12,3,3,5,6,3,0,0,0,0,0,3,89,0,0,10,10,14,27,9,3,0,0,0,3,0,0,5,92,0,317,282,121,47,40,39,16,6,4,3,3,3,0,29,906,0,24,96,70,5,0,4,0,3,0,0,4,0,0,13,214,4,3,9,12,14,14,5,5,3,0,0,3,0,0,9,85,0,20,20,30,15,9,38,96,9,27,29,38,12,11,20,365,0,18,10,5,6,10,18,13,0,11,9,0,9,3,7,119,0,0,0,0,0,10,12,3,0,0,0,0,0,0,3,27,0,0,3,6,0,0,3,5,0,0,3,0,0,0,10,24,0,5,42,93,36,43,18,37
CED117,0,0,17,63,80,62,111,60,19,21,20,30,26,15,16,542,3,24,34,49,137,870,931,779,135,178,189,217,303,170,152,4175,0,3,54,94,10,33,9,4,0,0,3,0,0,0,17,224,0,18,51,82,21,21,16,11,8,0,10,3,0,0,28,267,3,3,17,38,82,137,62,17,3,5,8,0,13,3,16,412,3,67,57,80,75,63,105,94,17,23,13,23,19,16,37,695,3,133,937,647,44,20,27,14,3,9,8,16,6,3,129,2003,0,3,15,52,153,211,99,44,14,11,23,15,10,8,18,682,0,9,10,108,51,150,250,340,84,136,149,157,166,107,54,1777,0,3,9,31,68,109,178,112,27,15,37,33,31,21,20,696,0,0,0,13,17,53,29,31,15,21,20,14,10,7,6,251,0,0,0,6,10,13,7,11,0,0,9,0,7,3,3,80,0,11,29,88,68,169,299,215
CED118,0,4,6,18,21,30,37,37,7,6,4,4,13,18,12,212,0,11,44,26,88,654,930,735,95,131,99,128,106,66,97,3200,0,9,78,230,23,58,83,0,0,0,3,3,0,0,10,499,0,16,37,141,49,190,148,76,3,20,34,14,16,8,21,778,4,0,3,29,191,843,807,242,46,48,42,26,27,16,75,2390,0,163,69,50,46,31,56,15,6,3,8,7,3,5,12,477,0,21,123,127,24,12,5,0,3,3,4,0,3,0,14,349,0,0,3,23,133,268,146,31,5,3,12,10,9,11,17,683,0,7,15,162,225,1335,5288,6530,512,652,835,1024,896,633,519,18629,0,6,6,36,90,151,367,125,19,15,16,11,15,8,18,876,0,0,0,19,52,197,369,185,63,63,53,28,19,19,36,1107,0,0,0,10,11,42,102,31,7,8,6,4,0,3,19,256,0,3,18,82,17,62,45,57
CED119,0,0,10,39,25,29,58,37,11,10,7,3,4,4,7,238,0,13,29,28,57,394,511,353,64,76,70,49,46,19,76,1808,0,3,64,117,7,24,21,3,0,0,0,0,0,0,6,244,0,40,77,112,49,181,167,116,16,33,37,17,0,4,23,864,0,3,11,31,91,271,168,76,3,4,12,7,10,0,24,703,0,121,140,54,54,34,66,33,7,8,7,5,5,0,17,561,0,41,243,203,36,23,18,11,3,3,8,3,5,0,29,625,0,3,0,41,85,174,78,30,3,0,3,6,4,0,5,443,0,17,4,99,67,366,539,358,44,42,57,36,32,47,31,1742,0,3,7,19,56,97,213,66,18,8,10,6,9,6,10,538,0,0,0,3,7,14,9,22,6,5,10,4,0,0,0,87,0,0,0,3,7,18,31,34,3,4,4,3,0,0,3,113,0,3,21,71,34,140,100,77
CED120,0,0,5,15,22,25,40,31,10,0,8,3,6,0,7,183,0,11,15,4,13,55,99,91,12,17,23,11,21,13,22,391,0,4,49,106,7,25,10,6,0,0,0,0,0,0,10,224,0,19,15,28,7,29,11,14,0,0,10,4,0,0,8,144,0,4,5,7,24,70,69,37,3,17,8,3,0,0,18,261,0,188,119,85,47,41,33,12,7,7,0,3,6,6,31,581,0,16,69,43,15,6,3,0,0,11,0,0,0,0,14,182,4,0,4,10,13,19,9,6,3,3,3,0,0,0,12,85,0,8,15,45,16,46,68,123,23,29,14,28,31,18,17,480,0,9,4,9,19,17,24,5,5,6,0,0,0,0,8,109,0,0,0,3,11,15,4,14,4,3,0,4,9,0,8,78,0,0,6,14,9,16,22,15,0,4,11,9,0,0,7,103,0,7,30,97,45,76,45,36
CED121,0,3,4,29,26,16,25,17,10,6,5,9,0,3,6,168,3,6,13,3,18,33,48,77,15,16,18,17,9,0,30,301,0,0,15,33,3,0,8,7,0,0,0,0,0,0,3,70,0,7,7,7,0,3,4,0,0,0,0,3,0,0,0,37,0,5,5,10,24,38,15,17,3,6,0,0,3,3,18,141,3,250,102,41,19,16,21,12,3,3,0,10,0,3,34,514,0,10,12,9,0,0,0,0,0,0,0,0,0,0,3,47,0,0,3,15,5,11,15,4,0,0,0,3,3,3,9,74,0,15,11,44,14,13,50,159,34,35,23,16,32,12,24,476,0,3,9,5,0,5,31,7,0,3,6,0,0,0,3,88,0,0,0,0,0,5,3,9,0,7,0,0,3,0,9,35,0,0,0,0,0,0,3,4,0,0,0,0,9,0,3,24,0,5,20,58,15,28,22,38
CED122,0,0,8,36,40,48,103,106,23,27,37,37,34,22,18,520,9,36,84,96,271,1052,1249,1454,398,653,884,1552,2294,1734,775,12552,0,13,96,159,12,21,23,3,0,0,0,0,0,0,18,345,0,154,263,247,36,78,27,27,0,9,14,4,3,4,37,904,0,0,9,28,115,171,106,44,6,9,17,12,8,3,39,561,13,67,78,68,45,69,148,132,32,37,15,40,39,33,36,842,18,347,1021,491,60,37,13,23,12,15,9,17,15,6,109,2182,3,3,27,122,296,464,358,149,56,77,103,125,128,72,79,2069,0,8,25,146,111,172,303,364,69,115,147,166,185,220,68,2096,0,3,16,71,324,630,1244,702,155,161,213,224,218,182,87,4233,0,0,0,13,39,72,45,94,31,50,63,73,40,19,31,566,0,0,7,30,45,147,189,59,15,7,33,61,18,15,23,660,0,16,26,107,72,217,385,799
CED123,0,3,11,22,19,11,40,16,0,3,3,7,0,5,10,146,0,9,29,20,37,144,246,269,33,56,46,47,45,29,63,1072,0,9,63,253,19,43,28,0,0,0,7,0,0,4,16,446,0,24,31,86,22,139,67,49,8,17,14,12,7,0,18,487,0,0,6,29,100,331,240,85,38,23,22,18,21,4,23,937,0,264,169,115,51,32,28,18,8,9,3,4,0,3,17,720,3,39,149,108,27,17,4,6,3,0,5,3,3,0,21,387,0,0,0,16,17,48,18,11,4,3,0,0,5,0,13,154,0,3,13,159,88,315,601,1158,144,191,157,177,98,63,127,3301,0,5,4,6,38,40,76,40,6,10,13,4,5,0,9,261,0,0,0,17,33,58,51,50,30,23,25,19,19,11,6,327,0,0,0,27,23,64,69,55,9,4,13,10,4,0,12,292,0,6,43,149,88,83,41,22
CED124,0,6,18,31,12,28,30,10,3,3,0,8,0,3,3,160,0,8,3,6,9,22,28,33,8,9,7,13,4,10,17,173,0,0,20,24,6,3,0,0,0,0,0,0,0,0,5,66,0,16,19,10,3,0,11,11,0,0,0,0,3,0,0,75,3,3,3,7,3,16,6,4,0,0,0,0,0,0,0,56,4,200,144,55,41,16,46,19,8,7,4,3,0,5,16,564,0,9,26,8,3,0,0,0,0,3,0,0,0,0,3,56,3,3,0,12,11,7,5,0,0,0,0,0,0,0,0,46,0,15,9,26,9,3,30,68,15,31,15,14,6,14,15,263,0,14,11,9,3,10,12,9,3,0,6,3,4,0,0,74,0,0,0,3,4,3,0,3,0,0,0,3,0,0,0,19,0,0,0,8,3,3,3,4,0,0,0,0,0,0,0,16,0,9,39,58,20,32,19,5
CED125,0,0,6,15,13,20,39,20,0,3,10,0,8,0,0,132,3,7,37,11,71,301,317,295,48,58,54,54,40,25,47,1358,0,9,77,215,23,45,32,0,3,3,0,3,0,0,16,430,0,27,27,68,28,183,71,118,23,20,32,7,15,13,13,654,0,0,0,45,185,783,702,290,58,41,47,51,44,27,62,2333,0,122,124,88,45,30,44,28,3,0,0,0,0,0,15,498,0,12,89,110,15,14,12,3,0,3,0,0,4,0,11,271,0,4,4,11,43,77,40,15,6,3,3,0,13,3,4,232,0,8,5,134,79,355,783,1182,128,116,160,142,133,104,69,3395,0,4,5,4,64,81,178,92,5,9,7,3,5,7,14,487,0,0,0,22,28,33,61,40,13,19,4,0,3,0,8,227,0,0,4,27,29,115,345,187,39,15,37,30,15,6,7,848,0,5,22,106,47,55,26,21
CED126,0,4,34,72,71,93,117,80,23,12,19,19,10,12,20,573,4,28,28,27,46,466,520,337,43,49,76,151,132,87,86,2078,3,13,114,192,22,45,90,3,0,0,0,0,0,0,20,497,0,28,78,45,10,23,5,6,5,0,4,0,6,0,3,212,0,3,21,28,25,45,34,9,4,0,0,4,4,0,11,179,9,148,129,113,106,80,192,161,33,15,24,36,14,16,30,1107,3,28,42,29,3,7,3,8,0,0,3,0,3,0,7,140,9,10,19,45,86,111,57,33,7,7,9,6,5,3,16,423,0,17,21,64,35,99,181,319,20,43,85,139,71,49,38,1192,0,21,16,13,35,55,84,44,9,3,14,4,13,9,12,341,0,0,12,61,99,85,71,62,15,14,24,9,8,0,11,472,0,0,3,12,8,4,10,0,0,0,0,0,0,0,0,31,5,11,36,72,47,129,134,83
CED127,0,3,13,46,43,33,53,19,9,8,0,0,5,3,4,255,0,17,24,6,20,67,120,95,8,9,15,17,24,15,19,460,0,7,31,78,5,3,3,3,0,0,0,0,0,0,16,154,0,18,26,21,4,5,5,0,0,0,0,0,0,0,0,83,0,7,4,31,25,41,24,4,4,0,5,0,3,0,6,155,8,243,177,133,95,52,71,23,9,5,8,8,9,0,21,852,4,28,65,48,3,3,3,0,0,0,0,0,0,0,6,157,3,6,11,14,22,25,19,5,0,0,4,4,9,0,9,135,3,14,20,92,29,58,43,44,3,11,8,21,22,7,15,394,3,17,19,12,15,10,23,20,0,7,3,9,22,13,3,179,0,0,0,4,10,25,11,4,4,5,3,0,0,0,0,64,0,0,0,4,4,17,3,0,0,3,0,0,0,0,4,39,4,14,44,128,52,93,58,35
CED128,0,0,0,8,10,15,24,19,3,0,0,3,4,0,5,94,3,16,79,27,221,665,864,777,97,111,105,98,83,37,119,3287,0,9,171,519,28,99,106,4,5,4,0,0,0,0,25,965,0,28,39,142,59,160,131,75,17,12,26,10,19,11,25,757,0,0,3,32,173,628,459,195,19,23,19,19,21,10,49,1651,0,159,101,56,34,21,33,16,0,0,0,3,3,3,13,438,0,24,174,157,30,21,30,3,0,11,0,3,0,3,35,489,0,0,7,19,84,178,55,26,7,9,5,11,3,0,3,401,0,5,10,159,127,299,799,1108,84,88,121,208,153,101,89,3343,0,0,3,14,80,86,122,71,10,9,8,7,5,3,23,442,0,0,0,62,63,214,343,242,94,215,454,46,44,25,56,1870,0,3,6,262,211,1051,2935,2319,593,589,1323,781,537,563,242,11402,0,11,18,94,37,42,22,18
CED129,3,4,12,25,32,50,64,35,5,12,8,17,12,9,12,296,6,25,71,27,126,1356,2743,1821,278,311,316,337,307,123,317,8172,0,9,84,199,11,53,20,3,0,0,0,0,0,0,13,395,0,27,45,134,45,190,91,45,10,21,20,6,8,4,14,643,0,0,6,42,137,364,211,47,10,0,6,7,4,9,16,862,0,150,75,70,56,29,66,26,3,5,8,14,18,15,23,565,0,34,133,88,13,3,4,8,0,3,0,7,0,0,6,304,0,9,22,63,234,830,330,101,11,11,26,18,36,16,18,1724,0,11,23,236,254,1099,2110,1190,144,136,163,148,169,107,113,5904,0,8,8,39,114,145,382,95,22,16,14,14,11,15,9,890,0,0,3,26,99,388,409,355,98,121,97,39,68,14,31,1747,0,0,0,17,20,47,82,21,6,3,6,4,0,5,0,206,0,13,21,92,44,91,72,60
CED130,0,0,13,31,15,16,35,17,3,5,7,3,11,0,0,151,0,3,10,8,15,42,66,86,19,26,17,45,87,47,31,503,0,0,3,9,0,7,0,0,0,0,0,0,0,0,0,28,0,3,5,6,0,0,0,6,0,0,0,0,3,4,0,28,0,0,0,7,16,20,19,7,3,8,4,7,16,0,7,112,0,90,68,45,40,25,34,15,3,5,3,9,7,0,16,368,0,6,10,3,0,0,0,0,0,0,0,9,0,0,3,32,0,0,3,7,10,13,11,3,5,0,4,0,10,0,3,64,6,7,9,13,4,21,31,192,22,30,38,47,45,34,13,514,0,5,4,6,8,6,11,7,7,4,3,3,8,4,0,70,0,0,0,0,8,7,7,3,9,14,7,0,7,7,3,65,0,0,0,0,0,0,3,14,3,5,22,29,11,0,0,99,0,4,16,29,19,25,22,18
CED131,0,3,12,34,32,37,67,60,19,26,6,10,16,5,9,333,0,5,16,7,40,83,183,305,53,97,108,209,322,152,108,1697,0,3,26,103,7,7,25,0,0,0,0,0,0,0,8,181,0,7,7,17,3,10,5,20,0,0,5,3,0,0,4,89,0,0,0,15,18,34,24,12,0,9,0,0,4,3,3,137,0,245,61,36,28,30,47,39,9,7,7,11,10,3,40,582,3,86,141,84,19,7,3,0,3,0,0,0,0,3,20,374,3,0,4,18,47,43,23,29,8,3,16,21,24,19,23,276,0,13,6,40,30,42,146,292,70,131,96,104,97,64,32,1164,0,0,6,6,5,14,31,25,3,9,4,3,13,3,4,132,0,0,0,0,5,9,12,43,33,33,34,13,28,21,6,240,0,0,0,0,0,3,10,3,0,5,27,24,8,10,8,104,0,3,17,44,18,60,35,46
CED132,0,13,14,75,70,89,137,73,29,13,17,25,50,24,18,653,20,50,105,83,266,1576,2250,1743,339,368,414,527,558,290,311,8884,0,15,127,141,7,29,21,8,3,0,4,3,0,0,8,364,0,31,100,101,21,34,9,13,0,0,0,7,16,15,20,364,7,3,27,46,53,80,49,24,3,7,8,4,7,5,9,328,13,110,69,63,64,57,113,98,27,27,30,22,40,14,34,772,3,63,164,80,6,6,5,4,0,0,3,3,0,0,8,343,0,11,58,184,582,1096,572,185,44,74,50,83,87,27,75,3137,4,30,28,132,144,296,495,702,198,243,292,322,396,292,100,3671,5,12,14,37,86,126,231,118,23,25,27,30,48,18,26,832,0,3,9,57,165,219,141,229,67,75,85,38,73,40,21,1218,0,0,0,26,8,9,13,8,0,0,3,0,0,0,0,77,9,21,35,75,77,155,207,137
CED133,0,6,11,40,44,25,34,26,7,6,11,3,4,3,10,227,0,3,5,0,13,16,42,38,4,8,8,13,19,7,13,186,0,3,3,12,0,3,3,0,0,0,0,0,0,0,5,29,0,14,14,10,0,3,3,0,0,0,0,0,0,0,0,45,0,5,10,10,6,11,10,9,3,3,0,7,0,0,4,90,0,152,120,52,91,80,60,40,11,0,3,0,4,4,18,636,0,11,15,14,0,0,0,0,0,0,0,0,0,0,0,37,0,0,4,18,12,9,16,7,0,3,0,0,6,0,8,77,4,22,30,70,48,77,80,301,12,23,66,66,35,34,42,915,0,12,8,8,7,10,21,7,0,8,3,0,0,8,3,90,0,0,0,0,3,0,3,3,0,0,3,0,0,0,0,18,0,0,0,3,0,0,0,0,0,0,0,3,0,0,0,11,3,11,12,47,13,28,28,26
CED134,3,3,3,10,10,12,11,20,5,3,4,3,4,0,10,89,0,0,8,4,15,34,34,94,16,16,19,12,12,6,18,284,0,7,19,15,0,0,3,0,0,0,0,0,0,0,3,50,0,0,0,3,0,3,4,8,14,0,0,3,0,4,4,46,0,0,0,9,15,25,16,44,8,0,11,9,0,4,4,137,0,78,57,42,28,19,26,25,0,8,0,6,4,3,14,316,0,13,25,15,4,0,0,0,0,0,0,0,0,0,7,63,0,3,0,7,12,12,9,4,0,0,0,0,0,0,4,52,0,3,9,15,4,11,53,241,26,59,67,56,54,30,22,649,0,3,3,3,0,3,15,6,0,4,0,6,0,3,4,56,0,0,0,0,4,0,0,3,0,4,13,3,0,4,0,30,0,0,0,0,0,0,3,0,0,0,0,0,0,0,0,5,0,3,7,23,3,20,16,25
CED135,0,0,7,15,13,30,40,24,4,3,17,17,6,17,5,204,7,21,74,83,304,2675,4505,3435,594,562,597,656,568,321,498,14883,0,10,68,160,21,47,33,4,0,0,0,3,3,3,14,362,0,13,29,87,35,94,77,57,15,7,30,13,35,28,23,537,0,3,5,44,164,477,342,149,37,29,29,23,24,15,34,1391,0,66,57,39,26,23,38,46,11,3,8,9,11,8,14,346,3,52,228,154,22,15,5,3,0,7,3,0,3,0,31,529,0,0,19,64,329,941,513,215,34,41,51,49,55,12,34,2358,0,10,13,117,124,738,3339,7792,1216,1565,2237,3286,3598,2588,803,27427,0,0,4,30,90,159,339,150,29,23,19,14,15,3,24,897,0,0,0,29,72,287,473,385,246,309,690,119,112,43,70,2828,0,0,5,20,18,110,381,191,52,60,99,34,34,34,36,1061,0,6,12,59,26,44,31,35
CED136,0,0,7,22,23,19,43,41,13,5,6,10,3,0,8,205,0,7,8,7,11,51,43,92,19,6,11,20,9,13,9,292,0,3,41,39,3,8,7,0,0,0,0,0,0,0,3,104,0,14,18,11,0,0,12,8,0,0,0,0,0,0,3,57,0,3,8,10,18,32,22,24,14,0,0,4,0,0,5,137,3,299,137,44,43,37,8,19,3,12,0,0,7,0,21,644,0,18,20,17,5,3,4,0,0,0,0,0,0,0,4,77,0,0,0,14,16,23,5,6,3,0,0,9,0,0,9,91,0,7,8,28,10,29,82,206,19,35,18,19,24,19,16,524,0,11,3,4,7,8,16,15,3,3,0,0,0,3,0,78,0,0,0,0,3,0,0,0,0,0,4,0,0,0,0,11,0,0,0,10,0,3,3,5,0,0,0,0,0,0,0,25,0,4,19,57,8,23,28,21
CED137,0,0,0,19,20,33,41,61,12,14,14,15,19,4,18,272,10,60,214,147,527,3149,4883,5172,1070,1245,1417,1603,1557,720,935,22696,0,10,151,216,11,26,17,3,0,4,3,0,0,0,20,467,0,43,63,159,70,147,43,50,15,14,11,15,20,9,25,694,0,4,8,43,106,181,109,26,8,11,10,14,14,3,28,562,0,119,49,36,39,32,50,49,18,9,17,14,9,5,19,462,10,122,599,265,21,12,5,8,5,10,12,3,6,0,43,1129,3,9,42,151,563,909,496,248,74,97,95,92,75,45,75,2962,0,3,3,219,212,577,1182,1648,318,487,691,929,1130,826,272,8505,0,7,8,31,106,137,380,199,33,26,38,56,46,21,27,1126,0,0,0,6,37,88,62,148,71,76,76,24,50,17,24,678,0,0,0,13,17,25,38,40,5,3,13,3,0,0,19,177,0,8,34,73,41,134,135,151
CED138,7,3,23,61,50,47,86,68,14,27,12,7,11,9,18,436,4,5,15,3,22,22,49,62,15,9,23,16,27,9,16,294,0,7,27,16,0,0,0,0,0,0,0,0,0,0,0,48,0,10,11,14,0,3,3,0,0,3,0,0,0,0,3,50,4,7,14,20,11,24,30,19,3,0,0,3,0,0,11,145,0,187,128,80,98,108,114,68,7,19,14,12,7,3,30,878,0,15,15,8,0,3,3,0,0,0,3,0,0,0,4,63,3,0,9,6,14,13,7,4,0,3,0,0,3,0,4,77,4,16,23,40,33,29,57,166,20,12,37,38,7,6,16,508,0,9,16,4,12,12,15,17,3,3,7,3,4,3,10,126,0,0,0,0,0,7,11,3,0,0,0,0,0,0,0,29,0,0,0,0,0,0,0,0,0,0,0,0,0,0,0,3,3,3,31,78,27,29,41,45
CED139,0,0,4,13,5,16,23,30,5,3,0,6,3,0,9,119,3,0,10,9,9,38,70,106,18,17,17,15,41,38,48,441,0,0,15,24,0,0,3,0,0,0,0,0,0,0,0,52,0,3,4,0,3,10,29,21,3,27,3,0,5,0,3,114,0,0,9,6,6,18,24,10,3,8,10,3,0,3,3,104,0,125,61,38,14,18,15,10,4,0,0,0,4,0,15,304,0,10,17,11,0,0,0,0,0,0,0,0,0,0,0,55,0,3,0,5,15,18,14,7,0,0,3,3,4,3,6,93,3,3,3,10,6,7,70,264,64,131,113,77,44,19,43,847,0,10,8,0,6,7,12,14,0,11,7,0,3,0,3,77,0,0,0,0,8,0,17,11,4,14,20,13,7,5,3,96,0,0,0,3,0,3,25,20,0,3,0,0,3,0,0,65,0,15,16,22,11,6,20,20
CED140,0,8,11,54,46,41,79,52,9,8,6,4,6,6,8,344,6,28,42,8,37,106,235,199,41,34,40,43,27,14,48,906,0,8,39,49,4,13,6,3,0,0,4,0,0,0,5,129,0,26,43,54,9,9,5,10,7,6,4,0,0,3,4,187,0,8,5,21,27,55,28,11,4,3,0,0,0,4,16,189,4,156,114,62,53,36,71,55,7,10,13,3,0,3,15,591,0,27,73,32,3,0,11,0,0,0,0,0,0,0,5,159,3,0,6,21,20,46,29,10,0,3,3,4,3,0,8,164,3,18,20,63,40,40,81,201,48,45,45,46,35,22,25,737,7,12,10,15,19,12,43,33,13,3,8,0,10,3,7,200,0,0,0,11,3,15,10,12,6,0,0,0,4,6,0,72,0,0,0,3,3,3,8,3,3,0,0,0,0,0,0,27,6,19,35,101,40,90,82,86
CED141,0,4,6,17,15,27,39,26,4,9,3,3,0,3,6,170,0,7,14,17,23,56,67,74,12,19,14,13,19,10,17,359,0,12,31,43,7,0,3,0,0,0,0,0,0,0,0,94,0,14,8,21,4,5,6,11,0,0,0,3,0,0,3,64,0,0,9,9,17,24,6,6,0,0,4,0,3,4,9,91,3,343,117,39,26,23,29,20,8,0,7,6,3,6,20,648,0,30,38,34,5,0,0,0,0,0,0,0,0,0,4,113,0,0,3,10,19,24,10,14,0,0,0,3,0,0,3,95,0,9,8,39,17,33,85,104,12,19,18,14,14,9,19,389,0,6,3,3,9,9,35,23,4,5,7,5,5,0,3,113,0,0,3,0,4,0,4,15,0,5,0,0,0,7,0,42,0,0,0,3,3,3,3,4,0,0,0,0,0,0,0,11,0,6,23,54,21,31,40,27
CED142,0,0,8,48,64,92,122,138,36,56,73,117,132,103,35,1038,3,28,44,86,231,1297,2406,2993,777,1082,1524,2331,3786,2400,1252,20239,0,4,36,50,6,40,36,12,0,10,3,3,7,4,7,206,0,17,35,54,16,37,18,25,3,6,4,0,11,12,8,241,0,3,14,32,72,135,50,32,7,7,11,7,6,9,6,395,3,78,53,60,69,71,173,183,40,54,72,63,108,103,53,1170,3,69,349,142,29,23,12,17,3,10,8,5,7,0,30,711,3,5,29,90,310,507,377,222,76,87,135,148,138,116,94,2333,0,8,10,74,67,207,316,464,76,122,185,292,459,370,76,2720,0,11,5,35,91,238,922,919,322,425,403,709,663,328,144,5212,0,0,0,11,47,83,68,130,74,55,62,38,64,32,23,683,0,0,0,8,15,28,15,12,4,4,9,3,10,3,4,110,0,12,26,55,55,124,225,464
CED143,0,3,32,85,77,108,187,157,30,29,29,42,34,14,15,844,4,43,30,31,60,543,558,356,68,85,100,146,136,73,88,2321,6,10,90,75,18,42,21,10,0,0,0,5,3,0,5,285,0,30,68,49,10,13,6,7,0,0,0,3,0,3,9,197,3,4,19,24,37,35,29,17,0,0,3,0,3,0,12,186,9,94,106,80,74,100,222,176,53,47,59,52,56,19,42,1184,3,36,99,53,9,3,5,3,6,3,3,3,7,0,7,242,0,9,19,64,156,222,139,94,20,24,22,23,26,13,13,852,0,14,14,94,46,126,168,225,24,36,53,65,59,51,27,1013,0,10,17,20,32,64,58,38,8,3,13,7,15,6,18,303,0,0,6,28,78,81,47,52,14,13,12,4,17,3,9,375,0,0,0,13,9,5,15,7,0,0,3,5,6,0,4,67,3,10,39,109,70,154,225,193
CED144,3,3,0,17,16,9,29,12,6,0,5,4,10,8,3,116,7,34,77,109,418,2877,3243,2333,403,448,524,534,545,264,481,12285,0,7,96,147,7,17,16,0,0,0,0,9,0,0,10,312,0,31,84,225,81,209,177,153,20,35,35,34,30,28,55,1198,0,0,6,60,221,458,247,108,16,13,19,13,14,12,49,1225,0,70,38,49,25,12,39,23,4,4,0,4,9,0,11,270,7,241,1451,1196,170,80,61,25,23,53,30,44,29,14,155,3572,3,3,14,89,312,459,219,77,19,23,39,15,21,32,43,1371,0,3,8,84,94,284,717,1139,105,163,188,322,278,233,104,3712,0,0,7,56,192,426,653,530,73,69,85,71,96,42,69,2379,0,0,0,3,19,39,45,35,16,21,53,7,6,8,4,254,0,0,6,10,5,55,260,119,56,72,77,18,16,10,11,706,0,11,22,57,36,50,62,78
CED145,0,4,26,56,55,57,129,110,33,27,35,55,49,39,28,713,12,79,49,30,54,322,352,224,47,60,85,103,121,95,97,1731,0,12,36,26,11,20,6,0,3,0,3,0,0,0,4,129,0,48,121,46,13,24,3,9,0,0,3,3,0,0,6,282,3,4,9,19,39,41,17,10,0,3,3,4,4,0,8,179,66,161,91,84,72,83,190,162,20,46,43,45,48,48,33,1195,12,94,178,85,11,10,17,6,0,3,5,0,4,3,25,449,5,5,12,74,140,151,115,80,20,26,16,30,37,13,16,748,0,24,65,134,63,86,88,69,17,16,25,36,48,30,29,731,0,3,9,34,50,70,68,35,13,15,22,15,16,11,15,372,0,4,4,17,55,75,35,31,12,7,4,4,12,3,3,264,0,8,12,28,12,11,3,6,4,0,0,0,0,0,5,97,3,8,31,76,52,125,285,414
CED146,0,0,3,0,9,24,42,10,3,4,0,0,3,4,0,105,4,11,24,19,261,568,487,342,60,42,33,44,40,19,61,2019,0,15,118,392,59,171,379,5,0,3,0,0,4,0,21,1173,0,27,39,98,46,242,161,122,23,29,34,25,21,13,13,890,0,0,6,71,398,2283,1975,684,82,71,86,90,56,44,105,5952,0,131,57,71,27,29,51,13,0,0,0,3,10,0,10,402,0,23,189,200,31,34,26,22,3,9,11,0,0,0,20,568,0,3,0,10,63,98,57,17,0,0,0,0,6,0,5,262,0,3,3,61,100,621,1127,1051,121,102,117,84,77,58,53,3576,0,4,4,21,72,132,217,89,9,15,5,3,3,4,8,579,0,0,0,38,78,189,152,72,23,25,30,3,7,0,4,618,0,0,13,147,267,1032,2448,1771,308,191,440,212,211,170,101,7316,0,5,21,42,18,25,14,6
CED147,0,3,19,30,18,32,39,23,4,4,4,12,6,0,3,192,3,10,7,5,12,41,67,99,9,24,19,36,45,38,30,445,0,3,127,137,11,17,25,0,0,0,0,0,0,0,14,340,0,16,14,33,8,11,8,15,4,0,8,8,3,0,6,123,0,3,8,10,21,22,20,7,3,5,3,3,0,4,3,121,3,283,418,143,51,37,31,23,0,3,0,3,0,0,50,1052,0,34,112,73,16,4,6,3,0,0,0,5,0,0,15,277,0,3,3,13,14,21,20,7,0,0,0,7,15,9,6,119,0,10,17,45,7,28,58,169,15,25,30,14,25,17,18,483,5,6,6,0,8,13,25,23,3,3,0,5,0,0,4,107,0,0,0,0,10,12,13,12,0,0,7,0,4,0,0,60,0,0,0,7,0,4,14,10,3,4,5,6,0,27,7,85,0,11,47,97,30,34,31,9
CED194,0,0,0,3,3,7,0,3,0,0,5,0,11,4,5,34,0,0,0,0,0,12,15,29,13,18,20,35,24,43,18,225,0,0,0,3,3,4,0,0,0,0,0,0,0,0,0,10,0,0,0,3,0,5,3,3,0,0,0,0,0,3,4,23,0,0,3,0,0,8,9,3,0,0,0,0,0,0,7,22,0,5,9,3,4,4,3,0,0,0,0,5,19,13,11,78,0,0,0,4,0,0,0,0,0,0,0,0,0,0,4,10,0,0,0,0,0,8,3,5,0,3,0,9,10,7,4,39,0,0,0,0,3,5,10,17,3,4,3,9,11,61,18,140,0,0,0,0,0,4,3,0,0,0,0,4,0,7,6,35,0,0,0,0,0,3,0,3,0,0,0,0,0,3,3,20,0,0,0,0,0,5,4,6,0,0,0,10,0,8,4,36,0,0,4,0,0,3,7,3
CED197,0,0,0,0,0,0,0,0,0,0,0,0,0,0,0,0,0,0,0,0,4,3,7,6,0,0,0,0,0,0,3,20,0,0,0,3,0,0,0,0,0,0,0,0,0,0,0,3,0,0,0,0,0,0,0,0,0,0,0,0,0,0,0,0,0,0,0,0,0,0,0,0,0,0,0,0,0,0,0,0,0,0,0,0,0,0,0,0,0,0,0,0,0,0,0,0,0,0,0,0,0,0,0,0,0,0,0,0,0,0,0,0,0,0,0,0,0,0,3,0,0,0,0,0,0,0,0,5,0,0,0,0,0,0,0,0,0,0,0,0,0,0,0,0,0,0,0,0,0,0,0,0,0,0,0,0,0,0,0,0,0,0,0,0,0,0,0,0,0,0,0,0,0,0,0,0,0,0,0,0,0,0,0,0,0,0,0,0,0,0,0,0,0,0,0,0,0,0,0,0
CED201,0,4,7,13,16,21,30,14,3,3,4,3,4,3,9,134,0,9,10,32,116,576,1393,1882,309,300,323,362,267,120,208,5907,0,0,43,112,14,19,11,0,0,0,0,0,0,0,8,213,0,19,63,114,40,131,68,41,5,12,18,0,13,3,7,538,0,0,3,7,25,93,72,21,0,8,0,6,4,3,3,242,3,224,309,116,81,29,50,32,11,7,3,8,5,11,28,909,0,38,204,229,34,14,11,10,3,9,0,0,5,3,12,573,0,3,8,39,136,431,342,171,20,19,19,35,31,4,25,1292,0,14,27,205,166,507,1024,1089,142,149,88,110,105,74,89,3795,0,7,9,34,28,84,216,99,15,10,7,10,8,3,12,552,0,0,0,6,25,55,121,142,38,47,51,18,10,10,16,540,0,0,0,3,3,11,27,43,19,4,5,0,0,5,3,133,0,13,37,93,61,61,22,7
CED202,0,0,12,28,22,21,33,21,0,4,0,0,3,4,5,156,0,0,9,0,9,28,132,178,29,39,52,76,76,106,44,774,0,5,68,102,3,14,6,4,0,0,0,0,0,0,8,215,0,12,11,10,0,3,9,13,0,0,0,0,6,0,0,56,0,3,0,4,9,20,17,12,0,10,8,3,0,3,3,94,0,232,125,70,49,26,27,21,0,3,11,0,3,3,18,599,0,21,55,36,3,3,0,0,3,0,0,0,0,0,7,126,0,0,0,5,9,12,12,11,0,0,0,0,5,0,8,65,0,12,6,45,16,21,122,479,49,61,67,62,60,46,47,1098,0,9,4,3,3,5,7,12,0,3,0,9,0,0,0,64,0,0,0,0,10,10,10,20,7,8,12,0,0,0,0,74,0,0,0,0,0,0,6,12,0,0,0,3,4,0,0,36,0,21,21,59,22,30,30,24
CED203,0,0,3,32,27,36,61,48,22,20,14,24,24,13,7,339,0,7,4,15,66,784,1102,1379,213,277,346,435,416,251,198,5499,0,5,93,225,25,35,38,4,4,0,0,0,3,0,22,456,0,23,86,88,23,73,27,18,7,5,4,15,15,6,12,398,0,0,4,5,34,94,29,19,12,4,4,0,3,3,7,219,0,79,46,53,47,42,82,65,7,8,9,11,9,4,20,500,12,323,2128,1678,180,100,35,22,29,81,54,40,33,12,212,4939,0,0,0,15,53,80,63,54,14,21,18,17,16,13,10,383,0,8,11,80,61,145,420,1700,180,222,378,556,540,420,136,4860,0,0,0,6,19,46,99,52,11,19,19,17,15,9,10,325,0,3,0,3,18,29,42,102,81,86,168,37,36,24,11,641,0,0,0,0,4,36,85,67,20,23,45,22,23,7,7,339,0,9,15,46,41,95,75,109
CED204,0,0,4,26,21,13,44,23,3,3,0,4,11,3,9,165,0,0,0,0,9,23,67,111,20,25,21,27,29,14,34,380,0,3,19,38,0,0,3,0,0,0,0,0,0,0,7,82,0,8,7,3,0,5,14,8,3,0,9,8,3,0,6,81,0,4,0,0,3,15,13,13,3,0,0,7,0,8,3,82,0,163,109,53,32,19,30,17,3,0,9,0,0,0,21,470,0,12,36,26,8,3,0,0,0,0,0,0,0,0,9,92,0,3,6,4,10,8,13,11,4,0,6,7,5,0,15,80,0,11,13,31,10,9,95,340,29,37,46,51,60,40,53,822,0,8,5,0,10,5,20,15,3,0,0,3,3,3,8,94,0,0,0,0,0,0,3,9,0,4,12,6,3,9,0,51,0,0,0,0,0,0,16,0,0,0,0,0,3,0,6,32,0,19,36,37,12,30,31,19
CED205,0,0,3,12,16,23,24,13,8,10,4,3,3,0,3,125,0,19,75,55,259,1686,2660,2677,588,650,744,926,928,475,514,12258,0,5,106,298,32,87,287,7,7,0,0,8,0,0,17,858,3,33,119,177,44,84,65,44,10,5,24,9,10,5,18,662,0,3,3,15,49,193,138,57,13,13,30,14,13,0,5,537,3,194,211,75,40,33,65,22,3,5,6,3,8,4,14,695,3,121,875,959,126,64,51,18,20,54,35,30,19,3,60,2437,3,0,12,44,212,544,349,132,21,53,46,48,64,22,42,1594,0,29,21,344,233,828,1750,3814,373,510,652,928,792,613,333,11223,0,9,7,31,69,131,351,175,15,27,41,27,33,24,19,953,0,0,0,7,32,72,102,148,78,173,240,109,78,20,10,1067,0,0,4,4,14,50,52,61,11,17,45,16,14,5,11,310,0,14,29,43,24,29,12,18
CED206,0,0,3,14,7,14,17,21,0,8,8,0,4,3,0,104,0,3,19,3,32,178,221,236,42,20,28,29,40,21,37,909,0,13,211,789,80,106,53,8,3,0,0,3,7,0,34,1308,0,47,153,257,75,211,142,104,16,33,45,26,18,15,31,1184,0,0,0,8,71,210,127,106,5,20,8,20,31,0,29,639,0,214,94,30,40,37,28,27,3,0,3,7,0,0,18,505,0,129,526,553,83,47,49,18,11,28,20,7,10,7,59,1549,0,0,3,8,33,61,36,16,3,0,0,0,0,0,3,172,3,9,11,342,198,448,961,2068,172,194,312,402,333,224,209,5882,0,0,3,5,17,31,68,37,7,3,9,3,9,3,6,197,0,0,0,26,45,78,69,94,54,57,270,8,8,13,52,775,0,0,0,20,155,1073,2707,2017,544,313,884,414,290,322,182,8921,0,6,24,43,15,22,8,18
CED207,0,0,9,33,25,31,34,16,3,7,3,3,13,0,0,177,3,3,6,5,20,52,133,325,33,51,42,61,53,36,38,861,0,7,25,65,3,13,10,0,0,0,0,0,0,0,0,114,0,12,22,9,0,3,4,3,0,3,0,0,0,0,0,59,0,0,3,12,4,35,15,3,0,0,0,0,0,0,3,87,4,238,302,158,82,50,58,34,10,4,9,3,0,0,30,991,0,15,36,45,3,3,0,3,0,5,0,0,0,0,3,121,0,0,3,12,13,40,40,16,3,7,3,3,11,0,4,158,3,19,19,88,42,67,181,303,29,45,29,31,21,22,29,939,6,14,17,13,16,21,37,14,7,6,3,4,0,0,8,160,0,0,0,3,8,13,17,55,28,12,10,9,5,3,0,166,0,0,0,0,0,4,9,4,0,0,0,0,0,0,0,18,0,7,25,105,32,57,21,29
CED208,0,5,10,27,28,35,56,30,8,12,7,7,11,7,3,259,5,9,50,54,222,1966,3748,4807,1099,1360,1737,2426,3035,1582,1226,23318,0,5,76,89,5,28,10,0,0,0,0,0,0,0,7,221,0,49,88,72,14,44,39,14,4,3,5,3,10,3,12,357,3,0,5,12,50,103,55,20,4,6,3,4,9,4,13,289,3,144,138,55,40,37,65,51,4,6,6,9,15,7,11,586,3,194,1422,1045,134,55,37,20,13,57,50,34,23,11,133,3237,0,10,18,88,280,616,406,273,55,71,97,148,159,72,66,2372,3,29,11,190,136,492,1049,1698,236,298,370,600,699,599,154,6573,3,4,11,20,59,137,515,230,46,46,67,99,210,162,23,1622,0,0,4,0,21,78,61,112,63,78,111,60,58,43,12,689,0,0,0,0,0,12,12,34,0,0,26,30,3,3,7,133,0,19,49,59,26,66,37,36
CED209,3,0,4,22,24,24,53,42,14,10,7,4,8,8,10,230,3,4,11,3,9,40,131,248,48,60,38,69,81,49,31,822,0,5,48,96,4,12,8,0,0,0,0,0,0,0,10,181,0,4,12,12,3,10,14,21,3,0,4,4,3,3,3,85,0,0,0,7,6,9,12,12,4,3,4,0,0,0,3,62,4,278,144,66,55,27,46,28,7,10,6,3,5,8,22,705,0,23,59,28,11,0,3,0,3,0,0,0,0,0,4,136,0,0,6,13,10,21,14,24,3,4,3,9,10,0,3,120,4,10,9,38,19,38,80,429,54,32,80,107,143,114,46,1199,0,9,3,4,5,14,34,24,8,4,6,10,4,4,4,138,0,0,0,0,6,17,16,44,18,30,46,23,15,3,3,224,0,0,0,0,0,0,17,14,6,9,9,6,3,3,0,59,0,11,32,65,30,47,39,56
CED210,0,0,16,28,14,12,41,23,4,7,3,10,3,8,7,174,0,0,78,4,10,48,86,199,28,25,36,63,90,101,36,806,0,35,286,560,47,113,108,14,3,0,3,0,0,0,43,1216,0,15,16,20,0,3,10,3,0,3,0,3,0,0,3,77,0,0,0,4,0,16,5,17,7,10,14,6,3,0,0,86,0,490,206,61,38,28,30,26,3,0,3,9,0,4,51,947,4,45,160,132,9,7,6,0,0,3,0,0,0,0,31,396,0,3,0,3,15,19,14,17,0,4,8,5,10,5,9,109,0,8,3,48,12,11,70,531,58,58,85,109,150,89,41,1268,0,3,11,4,9,13,31,21,3,3,9,17,3,3,0,129,0,0,0,0,6,14,24,19,10,55,67,15,27,0,6,255,0,0,0,0,0,4,18,0,0,12,23,0,41,49,22,173,0,19,49,81,21,50,28,44
CED211,0,4,7,29,32,44,44,30,9,6,8,9,8,0,4,244,0,8,39,26,97,806,2103,2485,398,488,480,538,549,222,289,8517,0,10,41,102,3,28,0,0,0,0,0,0,0,0,0,197,0,26,53,32,12,23,16,37,9,10,10,21,3,0,11,271,0,0,3,19,29,65,42,22,3,3,0,0,0,0,8,199,3,233,181,84,63,43,50,43,3,7,5,3,0,0,24,745,3,74,302,191,25,17,13,0,3,3,3,0,3,0,16,653,0,0,16,29,144,475,319,128,35,25,41,27,36,31,34,1335,0,25,21,134,83,257,692,1307,161,168,266,286,266,170,101,3930,0,9,13,19,38,60,196,115,14,10,12,13,26,10,11,534,0,0,0,17,38,86,107,176,106,92,135,74,59,35,26,959,0,0,0,0,0,3,26,11,0,3,3,0,9,0,6,64,3,12,35,80,39,71,35,32
CED212,0,0,15,35,37,31,64,33,3,5,15,11,8,10,9,261,3,5,11,8,20,62,190,209,35,40,64,93,91,59,47,930,0,3,49,98,21,45,49,3,0,0,4,0,0,0,8,269,0,20,44,36,6,8,23,7,4,0,0,0,8,0,3,159,0,0,4,3,11,34,57,11,8,9,0,3,0,3,8,144,3,212,213,125,100,55,102,51,14,14,3,12,4,3,24,933,0,43,181,139,19,19,10,7,3,16,7,16,3,0,20,494,0,0,9,7,23,18,20,18,0,5,14,13,14,10,7,163,0,23,14,106,46,61,130,371,58,48,57,65,39,33,34,1075,0,3,10,4,15,18,27,25,3,9,9,6,8,0,6,145,0,0,0,3,6,7,13,13,7,3,13,7,8,0,0,79,0,0,0,0,0,9,8,3,3,0,0,0,0,0,0,24,0,26,59,146,73,97,60,66
CED213,4,3,18,34,27,34,44,30,7,9,4,3,3,3,3,226,6,5,13,5,15,24,41,61,7,8,8,13,18,8,10,251,0,16,53,122,9,12,5,0,0,0,3,0,0,0,9,230,0,35,60,27,3,14,3,8,0,0,9,0,0,0,5,160,0,6,5,10,9,22,10,5,0,0,4,3,0,0,3,72,4,246,231,107,78,39,57,32,3,9,3,13,0,0,23,862,3,67,272,170,14,11,9,6,0,0,7,0,0,0,26,585,0,0,0,10,18,9,5,11,0,4,0,0,3,0,3,58,8,16,22,64,21,31,37,107,6,17,6,11,8,4,8,368,3,13,5,4,3,10,16,14,0,0,8,6,5,6,3,95,0,0,0,0,4,0,0,0,5,0,0,0,0,0,0,11,0,0,0,0,0,4,3,3,0,0,0,0,0,0,0,8,0,15,51,103,47,75,67,55
CED214,0,0,8,15,35,43,57,51,20,27,13,12,12,12,8,311,0,0,10,5,68,331,516,547,111,124,123,160,206,106,80,2386,0,18,241,435,30,73,64,9,3,4,0,6,4,0,38,914,0,15,71,63,20,23,36,6,6,0,3,3,10,3,14,281,0,3,3,4,26,76,53,33,11,8,11,14,4,7,16,270,0,298,118,51,35,30,75,79,18,16,19,20,11,12,34,817,5,194,1031,791,92,30,27,10,13,19,14,8,3,3,86,2325,0,0,7,17,54,127,85,48,6,17,14,12,9,6,8,402,3,3,8,131,63,151,406,1722,154,235,474,595,527,377,150,5014,0,3,3,3,24,65,142,97,22,10,32,21,25,13,20,493,0,0,0,5,7,10,18,53,59,113,158,13,19,12,18,493,0,0,0,0,3,18,24,41,17,13,6,0,3,5,3,139,0,18,43,71,34,63,100,132
CED215,0,0,9,28,9,11,23,25,0,0,3,4,10,8,7,154,0,4,5,0,6,22,75,72,15,15,18,27,44,8,46,352,0,8,21,64,5,5,0,0,0,0,0,0,0,0,6,114,0,4,18,11,3,0,9,15,8,0,3,0,0,3,4,73,0,0,0,5,12,19,10,17,3,3,0,0,0,0,7,88,8,350,180,79,51,29,18,13,3,3,0,0,9,0,26,767,3,18,59,49,3,0,0,0,0,0,0,0,0,0,12,143,0,0,3,4,7,12,5,3,0,0,0,8,0,3,18,60,4,10,14,22,11,5,66,272,26,35,34,28,37,11,25,602,0,3,6,4,8,9,7,16,0,0,3,3,0,0,4,69,0,0,0,0,0,0,0,11,0,4,3,4,3,3,3,30,0,0,0,0,0,0,0,3,3,0,3,4,3,0,6,22,0,22,39,46,19,27,7,20
CED216,0,0,12,60,37,48,108,75,17,15,23,18,29,21,10,474,5,21,36,27,56,531,719,907,210,241,278,407,413,201,173,4227,0,3,65,83,7,16,17,0,3,0,8,0,0,0,7,216,3,42,91,92,19,22,21,17,0,0,0,0,0,0,6,316,0,0,0,19,21,28,15,3,0,3,0,3,0,0,3,93,34,244,175,87,83,84,136,86,18,21,20,23,36,14,34,1097,8,107,592,432,28,18,14,4,3,10,12,6,9,5,35,1285,0,3,10,45,63,76,87,57,13,14,24,17,16,8,9,430,0,32,26,203,95,192,343,793,124,169,214,286,288,203,70,3039,0,9,6,16,7,36,67,39,5,5,9,7,9,7,0,222,0,0,0,0,20,20,21,33,6,14,6,3,5,10,4,148,0,0,0,0,0,8,12,7,0,0,0,5,0,0,0,39,3,14,50,71,53,103,111,172
CED217,0,0,3,5,6,23,44,22,6,0,6,0,3,0,0,123,0,3,3,8,33,182,455,486,72,72,57,52,48,30,87,1582,0,12,98,656,70,163,149,14,3,4,3,7,7,0,31,1216,0,27,77,117,44,193,195,188,41,40,64,30,17,7,40,1068,0,0,3,10,33,236,184,191,21,26,21,11,7,10,16,763,3,281,107,75,44,29,70,11,3,3,3,0,6,3,32,683,0,38,215,320,50,29,19,3,4,12,12,11,0,0,30,742,0,0,0,11,45,125,81,28,6,3,0,4,9,8,20,332,0,5,7,215,134,397,1689,3050,251,267,329,426,345,243,221,7574,0,0,4,0,11,92,196,81,4,17,16,11,12,7,11,466,0,0,0,9,8,31,23,30,47,41,45,9,12,9,11,274,0,0,0,5,9,55,112,79,14,14,72,39,47,83,33,558,0,11,29,72,20,43,18,30
CED218,0,0,6,35,50,51,53,75,26,16,34,43,36,26,18,458,4,26,37,35,79,804,1028,1397,326,512,574,1073,1181,542,325,7947,4,12,30,61,6,26,23,0,0,0,3,3,0,0,7,184,0,34,79,70,14,18,13,8,3,4,6,0,8,0,9,269,0,0,4,8,18,42,22,19,0,7,3,4,3,8,7,145,24,165,101,67,37,40,79,52,23,8,27,25,44,12,21,738,3,143,1246,694,62,27,15,17,13,30,25,20,12,4,67,2386,5,10,27,60,117,214,141,93,25,46,33,55,48,21,28,929,8,22,22,196,96,229,509,1441,234,328,376,609,635,474,136,5313,0,5,7,24,25,70,232,92,41,48,28,52,60,51,18,770,0,5,0,3,21,56,37,79,30,52,44,13,43,15,8,405,0,0,0,3,3,5,12,3,5,5,7,3,3,0,0,55,3,11,31,51,34,73,60,172
CED219,0,3,4,4,9,15,45,28,10,5,3,0,3,0,3,138,0,0,57,21,181,329,649,905,100,107,96,97,88,53,80,2764,0,3,63,383,55,114,333,19,0,4,0,0,4,0,21,999,0,16,51,89,37,155,174,143,17,28,55,15,24,0,38,834,0,0,6,14,113,467,500,291,26,37,46,26,21,11,32,1606,0,125,168,78,69,40,62,34,3,7,6,7,4,0,25,639,0,28,175,254,30,35,19,16,5,13,13,9,4,0,29,607,0,0,4,8,52,89,62,55,5,4,9,4,10,10,6,325,0,10,11,338,240,995,3296,6226,579,607,558,580,528,366,385,14717,0,3,7,24,58,77,208,131,21,22,21,16,18,6,17,620,0,0,3,0,6,26,102,125,57,76,188,39,29,13,15,684,0,0,0,5,12,84,143,188,33,8,32,17,25,11,3,561,3,7,28,81,50,34,12,25
CED220,0,5,3,31,19,27,38,29,0,16,4,6,6,0,3,190,0,13,33,33,126,733,1298,1609,334,316,393,486,577,288,262,6506,0,11,96,173,14,26,19,4,7,0,0,0,0,0,4,350,0,29,112,127,35,50,23,20,0,8,14,0,5,3,11,440,0,3,0,9,36,86,78,31,8,7,3,3,0,8,15,293,3,148,129,65,35,32,57,30,11,8,7,9,10,0,14,552,5,177,1511,1672,194,95,44,31,44,118,82,78,40,10,149,4247,0,0,11,23,70,153,113,70,10,11,24,29,20,6,13,561,0,19,21,405,268,634,1121,2658,237,318,472,724,598,440,244,8166,0,4,3,17,44,67,203,86,16,24,36,19,21,17,28,575,0,0,0,0,12,13,20,33,28,22,30,5,21,6,4,193,0,0,0,0,6,19,32,19,5,8,8,4,6,3,5,131,0,19,32,78,30,66,61,73
CED221,0,3,9,32,25,13,30,11,3,4,8,0,3,9,4,160,0,3,5,0,3,15,39,58,12,9,10,23,17,10,15,215,0,8,71,75,7,4,5,0,0,0,0,0,0,0,5,184,0,9,4,3,0,0,4,9,0,0,0,0,0,0,0,35,0,3,3,3,3,12,16,7,3,0,0,5,0,0,4,64,0,356,278,100,49,32,42,17,9,4,3,4,0,0,33,930,0,11,35,35,9,0,0,0,0,0,0,0,0,0,3,100,0,0,0,4,16,6,4,3,3,0,3,0,7,3,0,54,3,8,4,25,4,9,63,252,20,36,18,26,34,17,19,542,0,7,5,5,0,8,7,10,0,4,0,0,0,3,0,48,0,0,0,0,0,6,5,3,4,11,3,4,0,0,0,41,0,0,0,0,0,0,3,3,0,0,0,0,0,0,0,6,0,3,22,33,18,27,20,9
CED222,0,0,10,15,26,30,56,35,10,13,7,7,14,3,14,243,0,8,66,23,109,383,626,770,154,134,170,188,238,147,146,3148,0,0,43,164,17,57,81,13,5,3,3,3,0,0,17,417,0,28,68,61,31,52,38,11,11,4,9,3,3,4,9,332,0,0,0,8,49,182,151,72,7,13,13,8,8,9,11,522,0,156,132,97,71,64,87,64,8,10,9,3,19,12,25,756,0,45,364,423,58,35,19,3,3,22,16,8,3,11,40,1052,0,4,3,18,50,103,76,21,4,6,10,9,5,0,4,313,3,13,14,341,194,613,1018,1725,117,185,211,299,241,185,164,5326,0,4,6,7,21,40,104,38,12,7,15,6,5,3,11,288,0,0,0,0,11,10,23,45,30,50,49,22,23,9,13,285,0,0,0,5,6,6,26,18,6,9,14,3,6,6,3,107,0,12,40,101,45,79,66,77
CED223,0,3,6,31,30,39,63,39,13,8,6,0,10,3,8,262,0,11,32,13,29,460,748,781,149,151,173,225,212,135,100,3219,0,9,75,205,8,43,17,0,0,0,0,0,4,0,5,362,0,20,57,44,11,28,20,12,4,0,5,3,3,0,9,223,0,0,3,6,12,22,11,7,6,3,4,0,0,3,0,88,8,212,126,68,49,27,76,56,9,5,4,11,8,5,25,695,5,121,427,274,35,14,10,7,8,11,9,9,11,0,37,973,0,0,12,28,80,128,64,49,3,16,10,20,10,6,6,427,0,9,7,114,57,140,324,498,95,94,123,155,169,121,43,1953,0,11,12,6,12,42,77,31,10,6,8,4,8,6,5,231,0,4,0,7,15,71,56,143,68,71,75,23,23,11,14,579,0,0,0,3,4,14,34,10,0,3,9,4,4,0,3,79,0,14,21,95,44,99,71,56
CED224,0,0,12,42,40,49,61,40,15,17,14,23,23,14,8,354,10,26,72,89,152,1612,1764,2045,429,552,695,866,878,449,429,10064,5,13,49,75,5,11,7,5,0,0,0,0,0,0,4,180,0,27,39,48,22,31,11,21,0,3,4,0,10,3,5,227,0,6,10,12,27,33,27,16,0,3,5,14,3,4,4,168,13,165,71,47,52,34,69,33,6,10,16,16,10,17,11,570,3,194,767,289,24,15,14,4,6,9,7,5,14,3,55,1416,3,10,36,116,283,483,307,129,21,35,49,45,42,18,47,1619,3,16,28,185,131,234,538,906,123,210,252,324,410,242,71,3666,0,8,10,32,51,86,189,105,28,19,31,44,60,33,12,707,0,0,0,5,59,81,62,107,31,55,57,49,52,21,15,598,0,0,0,0,3,5,12,3,4,19,34,41,35,3,3,170,3,21,41,50,37,66,47,69
CED225,0,0,8,36,26,23,63,32,12,5,0,0,3,6,4,225,3,0,38,3,53,136,385,537,80,110,108,94,118,69,75,1809,0,3,45,182,22,33,34,3,0,0,0,0,0,0,5,330,0,15,21,44,16,61,98,90,15,14,10,12,5,4,4,411,0,0,3,9,22,127,101,55,5,3,3,3,5,3,5,348,0,207,250,123,101,66,65,58,9,4,6,3,3,0,56,947,0,17,67,89,13,7,8,7,0,0,5,0,0,0,15,228,0,3,0,11,18,47,39,23,3,9,4,10,8,3,5,189,0,15,7,177,109,350,908,1294,154,142,167,136,93,86,96,3728,0,15,3,7,10,28,102,78,4,3,5,4,13,5,3,273,0,0,0,0,3,43,40,46,35,22,29,4,9,3,5,252,0,0,0,6,3,12,26,24,0,0,0,13,11,0,0,93,0,13,47,75,49,68,35,37
CED226,0,0,3,26,12,27,60,49,11,6,12,17,15,0,9,249,0,0,13,15,34,328,1520,1953,358,396,332,296,268,151,242,5912,0,11,88,221,32,49,107,10,4,3,3,0,7,0,9,546,0,5,41,52,20,67,111,80,30,8,12,3,6,6,17,456,0,0,0,7,61,227,260,216,56,35,55,33,34,18,13,1017,0,195,112,59,45,40,56,63,7,9,7,3,12,3,17,623,4,94,171,218,47,23,15,14,12,17,6,6,3,3,20,649,0,0,0,12,28,152,189,92,26,23,6,18,35,13,18,620,0,7,11,149,107,420,4432,10255,1077,1178,1304,1579,1529,1013,680,23744,0,3,0,8,35,120,681,331,58,48,47,25,42,18,38,1453,0,0,0,4,10,36,44,105,46,55,185,22,20,5,5,544,0,0,0,0,9,26,93,54,32,26,18,3,12,29,13,309,0,9,42,55,32,51,41,82
CED227,0,3,3,10,3,3,16,19,8,0,0,0,4,0,0,68,0,3,8,0,3,18,36,73,12,15,20,17,13,11,17,259,6,9,34,26,3,3,0,0,0,0,0,0,0,0,0,94,0,0,4,5,0,4,3,0,0,3,0,0,0,0,0,30,0,0,0,3,15,12,24,21,0,3,3,3,0,0,10,97,0,121,69,22,22,12,8,13,3,0,5,0,4,0,13,295,0,36,98,58,6,6,0,0,0,0,0,0,0,0,5,217,0,0,0,0,8,11,8,9,0,8,3,9,8,6,16,87,0,3,8,8,7,15,74,408,41,64,76,57,67,44,42,923,0,3,3,0,0,3,9,20,8,3,8,9,9,3,3,77,0,0,0,0,3,0,4,7,3,3,14,0,0,3,3,45,0,0,0,0,0,0,29,9,3,7,4,0,3,0,0,55,0,9,9,22,5,6,10,8
CED228,0,3,4,13,14,24,43,27,4,15,12,12,11,7,9,189,0,5,19,12,101,584,615,637,105,120,146,164,224,153,92,2988,3,41,282,730,61,91,78,4,0,3,12,0,10,0,61,1373,3,58,138,132,42,93,44,66,15,20,38,14,21,16,20,707,0,0,3,15,26,87,53,35,3,7,11,3,15,4,10,285,3,354,143,52,43,22,42,33,4,0,4,5,3,0,27,745,3,172,858,567,52,43,17,10,6,20,27,17,6,8,67,1876,0,0,10,22,83,207,107,59,9,11,10,14,9,8,8,548,0,8,12,251,107,209,582,2185,204,269,452,808,675,463,203,6433,0,3,7,9,30,58,114,47,12,13,5,9,17,16,3,340,0,0,3,30,13,25,46,62,75,112,208,35,25,0,26,651,0,0,0,3,9,27,48,25,26,4,27,11,20,40,18,261,0,12,40,54,25,56,45,71
CED229,3,0,10,22,25,33,59,28,12,0,5,15,13,0,0,219,0,3,5,9,5,52,182,242,43,39,43,37,67,60,110,888,0,7,51,201,16,40,26,7,0,0,3,0,0,0,13,377,0,33,51,61,8,49,62,67,22,17,21,9,8,3,7,418,0,0,3,15,41,133,132,112,18,17,8,13,17,3,7,506,0,254,142,80,70,45,54,59,10,11,3,3,3,4,14,748,0,60,166,161,45,29,29,15,10,12,5,7,8,0,22,569,0,0,3,6,11,26,40,27,0,0,7,0,5,5,7,137,3,12,13,111,68,228,1212,3421,345,357,330,393,336,273,217,7309,0,4,4,16,8,9,95,45,13,4,5,9,7,3,9,222,0,0,0,3,10,41,57,102,49,52,59,19,14,3,7,411,0,0,0,3,27,269,574,448,94,66,132,172,87,123,50,2041,0,6,53,60,40,85,64,52
CED230,0,3,13,26,33,17,35,27,4,9,8,0,3,3,3,179,0,4,16,3,10,37,63,118,13,16,30,14,30,6,31,394,0,6,27,106,17,13,10,0,0,0,0,0,0,0,4,186,0,15,13,16,3,3,34,46,14,21,12,13,8,5,3,205,0,3,3,4,14,41,37,48,0,11,0,5,0,3,5,177,3,317,242,88,69,17,43,25,5,10,7,5,5,3,35,872,0,19,40,46,4,7,0,0,0,0,0,0,0,0,4,134,0,0,3,3,3,21,17,5,0,3,0,3,0,0,7,73,0,11,18,49,26,67,250,756,66,50,87,83,99,48,49,1668,0,6,4,6,3,8,38,30,0,0,3,10,3,7,8,129,0,0,0,3,0,3,11,7,3,13,3,5,3,0,5,60,0,0,0,0,0,0,4,3,0,3,0,4,0,0,0,19,0,26,47,79,22,33,22,23
CED231,0,0,9,31,52,68,100,97,38,33,68,71,124,95,36,813,0,11,26,42,174,857,1670,2849,979,1399,1901,2900,4136,2562,1235,20739,0,5,41,99,3,33,35,4,3,0,0,0,3,0,11,248,0,13,38,73,23,58,56,28,8,5,12,12,14,11,9,356,0,3,3,16,16,54,19,14,3,9,5,5,10,7,5,168,3,108,60,53,57,47,84,79,35,38,38,61,62,50,31,805,0,96,609,450,37,26,14,7,10,12,4,15,16,3,46,1340,0,3,12,47,146,310,287,243,80,123,154,177,175,135,108,1993,0,9,7,89,64,130,339,849,290,385,505,879,1301,1055,197,6096,0,7,4,13,34,88,390,396,146,251,287,394,504,437,49,3001,0,0,0,3,21,39,57,122,54,83,70,73,73,42,19,657,0,0,0,0,4,8,40,14,3,0,3,6,11,7,3,108,0,10,25,35,36,81,104,178
CED232,0,0,14,42,57,56,90,95,43,37,55,67,58,53,25,699,0,19,30,14,33,395,755,1252,314,357,481,702,830,452,326,5947,0,4,31,72,4,29,34,3,3,4,0,4,0,0,4,198,0,42,63,55,11,26,11,6,3,3,3,0,3,5,15,248,0,0,3,17,33,36,28,22,3,4,9,5,0,3,4,173,50,230,119,48,74,64,128,130,22,39,41,52,63,38,34,1122,11,118,646,492,42,22,16,8,6,10,17,9,9,12,63,1480,0,0,9,32,62,153,141,119,33,32,38,40,43,22,21,742,0,15,13,119,69,145,427,987,165,202,309,428,537,376,120,3902,3,10,3,11,30,61,349,223,58,68,57,100,90,76,29,1169,0,0,0,7,34,27,41,103,39,49,51,32,42,26,16,462,0,4,0,9,5,12,12,12,0,3,0,0,0,0,0,72,0,9,28,51,33,82,109,372
CED233,0,3,14,21,10,30,31,22,6,3,3,6,4,3,3,165,3,44,98,119,344,1920,2533,2516,474,552,523,750,613,290,446,11218,0,9,138,135,11,31,7,3,0,3,0,0,0,0,10,347,0,60,78,138,37,139,78,84,11,21,26,12,13,6,12,706,0,4,3,14,51,61,39,9,0,0,0,5,3,0,3,193,4,212,154,78,67,36,33,18,0,3,3,0,6,6,16,647,6,348,1302,806,111,59,23,11,22,25,19,10,9,3,98,2865,3,5,41,141,472,1273,609,209,39,61,56,59,67,21,59,3119,3,10,17,180,107,295,397,414,32,64,90,96,80,52,53,1877,0,10,14,20,41,83,179,49,5,5,17,13,9,13,16,469,0,0,0,24,115,283,280,368,164,181,221,108,142,82,46,2014,0,0,0,0,0,32,32,16,12,3,3,9,0,0,4,128,0,9,28,47,20,41,19,7
CED234,0,0,0,14,10,15,15,11,3,7,4,3,0,3,3,86,0,0,3,8,3,21,27,79,12,9,23,16,14,5,26,244,0,3,20,35,6,3,6,0,0,0,0,0,0,0,0,77,0,7,7,4,0,0,8,11,0,0,0,6,0,0,0,52,0,0,0,0,6,10,11,18,3,3,5,0,3,0,3,68,0,144,71,39,22,14,19,10,3,3,4,6,3,7,14,357,3,44,91,40,3,6,0,0,0,6,0,0,0,0,18,217,0,0,0,3,4,7,9,5,0,4,8,5,7,3,6,65,3,10,5,16,10,45,163,746,70,60,79,111,95,63,48,1509,0,3,5,0,0,0,16,22,0,3,3,3,0,0,3,66,0,0,0,0,0,0,19,30,3,7,38,13,0,9,0,125,0,0,0,0,0,47,250,102,24,20,23,24,17,8,18,528,0,16,14,37,8,15,15,14
CED235,0,3,4,15,19,12,20,17,3,9,0,3,15,3,0,130,4,4,9,14,39,269,828,1086,149,193,206,235,221,98,135,3485,0,0,67,322,21,71,53,4,0,0,0,0,3,0,19,568,0,31,102,136,36,193,125,69,22,21,14,19,13,3,20,818,0,5,0,14,54,175,130,103,26,15,17,7,19,0,15,577,4,130,70,52,35,16,59,35,9,11,0,8,3,7,9,441,11,270,1334,1175,163,97,52,12,39,60,49,32,19,6,172,3482,0,0,12,6,33,105,61,22,4,8,10,7,17,3,8,297,0,5,5,87,101,368,1387,3860,374,388,543,673,586,412,285,9078,0,0,0,9,31,58,108,64,19,12,13,4,7,5,9,345,0,0,0,3,11,58,136,243,155,202,499,37,51,16,29,1435,0,0,0,5,19,260,812,431,109,69,165,60,113,56,47,2148,0,13,26,59,25,57,25,41
CED236,0,3,9,6,10,18,22,14,6,3,3,3,8,0,0,104,0,3,3,5,0,12,42,61,5,10,11,7,29,34,27,261,0,4,10,20,0,0,0,0,0,0,0,0,0,0,5,40,0,4,7,5,0,6,8,7,3,0,4,0,0,0,0,48,0,0,0,0,3,15,18,7,0,0,0,0,0,0,6,59,0,100,73,43,21,11,21,17,0,0,3,0,5,0,8,311,0,11,21,14,6,0,0,3,0,0,0,0,0,0,11,63,0,0,0,7,0,5,5,3,0,0,0,11,9,6,7,62,0,4,3,17,5,18,17,121,13,13,17,21,17,20,24,307,0,7,0,0,6,5,10,9,0,9,8,0,3,9,3,67,0,0,0,0,0,0,0,4,0,0,0,0,4,0,0,9,0,0,0,0,0,0,0,0,0,3,0,0,0,0,6,10,0,9,25,27,18,15,24,20
CED237,0,0,3,27,32,33,46,70,21,16,22,27,26,14,7,358,0,0,9,12,54,391,531,542,120,127,200,218,249,168,112,2738,0,6,111,171,20,36,23,0,0,3,0,0,0,0,16,397,0,85,166,105,45,64,40,32,11,8,12,14,15,10,25,622,0,0,3,7,43,96,71,41,5,9,5,6,10,0,7,314,0,160,78,37,27,37,93,82,29,15,21,18,27,16,22,678,3,199,1502,1152,149,87,33,14,18,38,40,23,30,9,205,3488,0,0,4,7,53,80,55,33,8,14,21,14,13,8,11,313,0,6,9,114,54,150,454,1381,186,243,308,457,374,282,128,4146,0,5,3,9,18,38,117,119,15,24,33,43,108,129,5,675,0,0,3,4,16,47,45,101,41,103,195,34,38,11,6,652,0,0,0,5,48,148,219,127,36,30,47,12,15,34,18,734,0,9,24,44,39,59,80,111
CED294,0,0,0,4,0,0,3,9,0,0,0,0,3,3,4,31,0,0,0,0,0,5,4,23,3,3,25,11,13,31,19,140,0,0,3,5,0,0,0,0,0,0,0,0,0,0,0,3,0,0,0,0,0,0,0,0,3,0,3,0,0,3,0,16,0,0,0,0,0,0,0,0,0,0,0,0,0,0,0,7,0,3,0,0,3,0,3,0,0,0,3,0,6,3,8,33,0,0,3,3,3,0,0,0,0,0,0,0,0,0,0,6,0,0,0,0,0,11,3,3,0,0,0,5,3,12,0,36,0,0,0,0,0,7,7,21,3,3,7,7,8,57,15,130,0,0,0,0,0,0,0,0,0,0,0,0,0,3,0,9,0,0,0,0,0,0,0,0,0,0,3,0,4,7,3,17,0,0,0,0,0,0,0,5,3,0,0,0,0,20,9,27,0,0,0,0,0,0,0,0
CED297,0,0,0,0,0,0,0,0,0,0,0,0,0,0,0,0,0,0,0,0,0,0,0,0,0,0,0,0,0,0,0,0,0,0,0,0,0,0,0,0,0,0,0,0,0,0,0,0,0,0,0,0,0,0,0,0,0,0,0,0,0,0,0,0,0,0,0,0,0,0,0,0,0,0,0,0,0,0,0,0,0,0,0,0,0,0,0,0,0,0,0,0,0,0,0,0,0,0,0,0,0,0,0,0,0,0,0,0,0,0,0,0,0,0,0,0,0,0,0,0,0,0,0,0,0,0,0,0,0,0,0,0,0,0,0,0,0,0,0,0,0,0,0,0,0,0,0,0,0,0,0,0,0,0,0,0,0,0,0,0,0,0,0,0,0,0,0,0,0,0,0,0,0,0,0,0,0,0,0,0,0,0,0,0,0,0,0,0,0,0,0,0,0,0,0,0,0,0,0,0
CED301,0,0,8,25,16,16,33,19,8,4,8,4,8,5,9,158,0,3,6,0,5,18,51,119,6,31,29,25,25,13,26,358,0,0,17,19,0,0,3,4,0,0,0,0,0,0,3,40,0,3,7,4,0,0,13,4,0,4,0,0,0,0,3,40,0,0,0,10,31,58,82,54,17,8,9,7,5,4,10,306,0,119,87,85,64,32,42,17,0,5,5,0,3,8,8,470,0,4,11,6,0,0,0,0,0,0,0,0,0,0,0,22,0,0,0,8,9,18,17,14,0,0,9,3,4,9,3,91,0,3,9,20,10,18,106,414,62,52,43,72,24,22,21,892,0,6,16,15,4,6,29,17,0,0,0,3,4,0,5,121,0,0,0,0,3,4,6,16,8,11,7,3,0,0,0,55,0,0,0,0,0,0,3,5,0,3,0,0,0,0,0,21,3,6,18,47,29,21,19,32
CED302,0,5,6,28,43,43,88,59,6,13,15,4,18,3,12,347,3,21,64,29,68,214,578,835,180,215,257,273,315,165,144,3366,0,0,23,53,0,22,29,9,0,0,0,0,0,0,5,151,0,8,19,16,0,6,6,8,0,0,0,3,0,0,4,80,0,0,10,28,63,338,203,103,16,22,9,5,9,13,5,824,0,124,70,59,48,45,67,57,7,11,7,3,9,3,14,528,4,97,145,60,20,10,15,9,3,8,3,0,0,0,16,396,0,3,3,33,74,234,148,98,12,25,26,24,33,18,22,754,0,19,20,76,48,135,363,1003,147,136,161,174,160,89,82,2611,0,9,15,5,19,46,128,60,9,8,15,5,13,3,11,355,0,6,0,0,19,48,44,129,37,35,54,11,12,3,12,419,0,0,0,0,0,6,36,19,3,0,8,5,0,0,0,72,0,11,28,49,44,72,106,186
CED303,5,0,18,42,34,63,73,29,4,11,11,3,3,0,5,307,3,11,29,7,8,45,110,104,9,32,26,19,32,16,14,467,0,4,28,72,6,9,20,7,0,3,0,0,0,0,3,156,0,7,10,13,0,9,6,9,0,0,0,0,0,0,0,63,0,0,7,23,33,78,75,41,7,3,10,3,4,4,3,296,0,195,103,85,112,53,71,58,9,3,6,4,7,3,19,734,0,14,31,25,10,4,5,0,0,0,3,6,0,0,0,92,0,5,0,17,21,31,17,18,5,7,0,3,0,0,3,133,0,15,14,40,20,45,104,249,33,21,26,41,21,14,32,676,0,25,13,13,18,6,51,8,0,4,0,0,0,8,4,163,0,3,0,0,11,21,16,8,3,10,6,0,0,0,0,73,0,0,0,0,0,0,9,0,0,0,4,7,0,0,0,22,5,15,23,59,41,54,61,79
CED304,0,3,11,51,71,68,97,157,41,48,51,53,58,32,16,756,3,8,21,23,50,178,325,510,155,189,307,497,610,370,214,3459,0,3,23,20,3,15,19,3,0,0,0,3,0,0,0,97,0,5,4,0,3,4,3,14,0,3,3,8,9,9,0,83,0,3,15,19,47,84,64,36,12,7,4,6,18,12,7,324,0,84,36,37,52,55,88,94,20,21,30,34,49,28,18,635,5,17,25,13,0,5,8,0,0,0,0,0,0,0,3,81,0,0,12,30,64,152,118,106,32,56,63,97,79,69,41,923,0,8,13,88,37,100,253,819,129,212,325,397,424,349,84,3242,0,13,11,10,14,34,79,52,15,12,20,25,45,28,3,369,0,0,4,3,7,24,51,139,52,101,46,49,50,29,10,575,0,0,0,0,0,6,7,13,0,5,16,10,0,30,0,96,0,20,23,43,63,118,111,165
CED305,0,0,3,20,24,18,17,31,3,14,6,3,12,0,8,155,0,0,0,6,8,10,33,71,10,15,14,20,32,11,15,247,0,0,7,3,6,0,3,0,0,0,0,0,0,0,0,25,0,0,0,3,0,0,0,4,0,0,0,0,0,0,0,15,0,0,7,11,18,26,23,15,0,8,4,3,3,3,3,124,0,64,53,53,40,17,45,28,0,5,9,3,0,3,12,334,0,5,3,3,3,0,0,0,0,0,0,0,3,0,0,21,0,0,0,4,5,14,3,15,0,0,0,0,0,0,3,55,0,5,5,7,4,10,72,292,36,52,31,44,37,27,16,636,0,6,7,4,6,5,14,17,14,6,5,3,0,0,0,106,0,0,0,0,3,3,9,9,10,5,0,0,3,0,0,43,0,0,0,0,0,0,0,4,3,0,0,0,0,0,0,8,0,12,14,29,10,13,10,26
CED306,0,0,6,31,22,25,49,47,21,20,11,9,10,12,9,273,0,6,8,6,5,27,57,120,14,24,21,18,22,15,20,371,0,3,8,10,0,0,8,0,0,0,0,0,3,0,0,36,0,0,0,0,0,5,0,3,4,0,3,3,0,0,0,29,0,0,8,11,16,37,32,52,9,22,13,12,16,3,6,246,0,122,91,54,40,32,50,61,12,10,8,13,10,7,18,536,0,5,18,14,0,0,0,0,0,0,0,0,0,0,0,47,0,0,3,8,8,13,12,11,0,0,5,11,13,0,10,94,0,0,9,13,9,25,118,426,49,63,54,63,31,20,25,913,0,5,7,10,4,8,26,35,5,3,15,5,9,3,3,143,0,0,0,0,3,0,8,0,3,7,4,9,0,0,3,39,0,0,0,0,0,0,0,0,0,0,0,0,0,0,0,10,0,10,11,23,22,18,34,40
CED307,0,4,7,42,35,44,63,47,14,10,4,3,3,6,12,294,0,4,3,3,9,36,75,103,15,24,19,18,39,18,6,377,0,3,3,20,3,15,3,3,0,0,0,0,0,0,0,48,0,5,0,7,0,3,16,19,0,4,0,0,0,0,0,54,0,3,3,21,42,150,167,95,23,17,10,6,8,3,3,562,0,114,57,62,69,52,87,88,4,10,6,3,4,3,17,580,0,12,7,3,0,4,3,0,0,0,0,0,0,0,0,35,0,3,3,12,10,31,23,14,3,7,5,5,8,3,4,116,0,6,11,62,28,35,139,385,20,24,51,53,33,30,35,929,0,3,14,9,12,19,34,27,5,3,0,3,8,0,3,135,0,0,0,3,4,8,13,33,3,9,5,3,0,0,0,77,0,0,0,0,3,8,17,6,0,7,0,0,0,57,0,99,0,11,16,53,36,54,83,79
CED308,0,7,12,55,29,52,73,67,15,21,10,11,17,21,8,403,0,18,8,11,27,145,421,604,96,147,195,215,235,116,106,2346,0,0,54,81,14,35,52,4,0,3,0,0,0,0,9,253,0,21,19,38,12,25,19,24,0,4,8,0,3,0,4,184,3,6,3,20,42,56,58,76,7,9,7,12,8,0,12,302,0,202,165,97,104,78,107,58,3,0,9,11,8,0,14,865,0,33,48,47,7,7,4,0,0,0,3,0,0,0,4,156,0,0,11,19,40,76,76,34,12,18,15,24,10,8,11,344,0,21,19,48,18,62,183,425,46,56,72,88,30,38,22,1116,0,10,17,10,23,42,110,45,3,10,9,11,10,7,11,320,0,0,3,3,23,46,53,84,10,30,23,20,5,7,0,304,0,0,0,12,0,13,36,33,9,0,17,16,0,0,4,143,0,11,20,61,32,52,65,57
CED309,3,3,20,75,54,73,88,104,38,28,21,22,25,3,9,562,0,4,8,4,10,24,22,66,24,10,24,15,18,6,13,259,0,3,27,33,5,3,3,0,0,0,0,0,0,3,0,83,0,10,11,13,0,3,5,4,3,0,3,0,0,0,4,61,0,3,8,18,17,25,36,14,5,8,0,7,3,0,4,158,0,175,171,108,138,80,110,82,10,20,15,15,13,17,31,976,0,9,14,8,4,0,8,0,0,4,3,3,0,0,3,57,0,0,3,8,19,12,18,16,10,3,8,3,6,4,0,113,0,18,19,41,3,9,40,270,19,24,71,78,59,24,32,698,0,11,16,6,19,11,36,29,3,9,5,5,6,3,3,160,0,0,0,0,5,0,4,16,7,9,7,0,7,3,0,62,0,0,0,4,0,0,0,0,0,0,0,0,0,0,0,9,3,7,18,55,21,46,39,69
CED310,0,3,17,60,50,51,68,78,18,40,36,22,3,13,14,478,7,4,7,5,14,17,37,61,8,10,12,14,30,18,11,256,0,0,31,25,0,7,3,3,0,0,0,0,0,0,3,69,0,10,13,9,0,0,5,0,0,0,4,5,3,0,0,57,0,4,10,16,13,29,38,15,4,9,0,0,0,0,3,141,0,175,140,106,118,63,87,66,6,13,13,4,8,13,26,838,0,9,8,12,3,3,3,0,0,0,0,0,0,0,0,45,0,3,0,14,3,16,6,4,3,4,3,4,9,3,13,91,0,12,13,38,6,15,36,269,16,39,41,34,35,23,12,591,0,14,22,14,6,3,24,25,7,9,0,5,16,0,3,146,0,0,0,9,0,3,6,9,9,0,4,0,0,0,0,39,0,0,0,0,0,0,0,0,0,0,0,0,0,3,0,9,3,19,25,67,40,34,42,64
CED311,0,8,6,17,14,22,22,31,8,5,9,9,8,3,10,170,3,3,24,0,3,5,42,67,8,4,13,21,30,17,20,261,0,0,12,18,3,4,0,0,0,0,4,0,0,0,0,52,0,3,0,3,0,0,0,0,8,3,5,13,15,3,9,59,0,0,0,7,14,28,47,33,15,16,19,3,8,7,7,211,0,84,93,70,54,19,38,28,4,13,7,5,9,3,17,443,0,3,9,15,0,0,3,0,0,5,0,0,0,0,0,34,4,0,0,3,3,3,5,3,3,3,3,3,4,0,7,40,0,5,4,3,6,6,65,311,51,51,46,69,47,22,21,704,0,3,3,3,8,3,18,13,7,8,8,3,4,0,10,99,0,0,0,0,3,5,0,9,6,12,4,5,6,3,0,53,0,0,0,0,0,0,0,10,0,11,0,0,0,0,0,24,0,8,8,31,8,19,15,37
CED312,0,5,4,18,29,46,48,30,11,11,8,13,3,0,6,240,5,9,36,9,15,65,153,162,25,15,44,45,51,51,52,741,0,3,30,70,4,20,33,3,0,0,0,3,0,0,3,171,0,9,13,11,3,18,12,12,0,3,0,0,7,0,0,80,0,3,11,25,44,148,184,113,15,22,23,10,20,3,21,651,0,162,147,98,124,54,68,44,4,4,4,3,9,3,25,748,0,12,28,23,10,6,8,3,0,0,0,0,0,0,3,98,0,3,3,9,17,49,36,17,3,8,6,0,6,3,5,161,0,16,9,40,17,46,105,436,36,42,79,93,60,26,40,1051,3,12,14,16,29,27,63,25,13,3,0,3,3,0,9,214,0,0,0,0,3,7,18,14,17,25,30,11,3,0,0,135,0,0,0,3,4,3,24,15,0,5,27,0,3,63,14,164,0,10,22,70,45,41,38,61
CED313,0,3,9,49,59,63,86,106,46,29,32,67,49,37,22,663,7,42,66,14,37,151,274,397,81,126,158,225,262,230,96,2166,0,0,15,24,4,11,49,3,3,0,4,0,0,0,4,119,0,18,23,12,3,16,11,11,4,5,8,6,8,0,6,133,0,0,3,28,60,110,69,29,6,4,11,4,3,3,11,349,0,107,52,50,62,48,109,118,25,34,16,24,33,23,18,727,13,110,282,120,30,14,18,5,0,11,5,0,8,0,60,673,0,0,7,20,55,139,93,81,17,19,31,36,48,40,21,608,0,10,13,35,41,85,284,1148,130,179,272,403,340,226,112,3281,0,6,13,18,9,28,75,51,20,16,9,9,27,19,5,303,0,3,0,5,6,33,46,129,68,73,133,54,40,31,18,648,0,0,0,0,0,10,25,32,12,5,9,3,0,7,0,111,3,13,24,59,59,103,112,251
CED314,3,0,17,28,18,29,29,36,10,7,24,10,9,0,5,225,0,4,0,3,14,22,99,185,29,28,33,36,35,39,30,570,0,0,9,17,0,0,3,0,0,0,0,0,0,0,0,30,0,0,0,0,0,6,17,14,3,4,8,3,0,3,0,57,3,0,4,3,12,32,52,56,4,5,10,3,0,0,3,192,0,89,56,49,37,31,25,34,3,4,8,0,0,3,12,358,0,4,0,9,0,0,0,0,0,0,3,0,0,0,0,15,0,0,3,6,14,22,20,14,0,0,0,4,4,0,0,90,3,3,8,19,15,18,76,412,53,49,104,112,189,156,37,1244,0,6,4,0,7,6,14,15,7,3,0,0,5,3,4,77,0,0,0,7,10,10,16,19,0,9,37,20,14,0,0,130,0,0,0,3,0,0,3,35,17,22,91,101,67,0,0,346,0,10,17,31,16,28,20,17
CED315,0,0,14,43,30,39,52,69,21,18,23,20,24,21,5,373,4,4,13,13,14,26,45,105,9,12,22,22,38,29,18,372,0,3,11,10,5,4,3,3,0,0,0,0,0,0,0,38,0,3,6,0,0,9,7,11,0,0,0,0,5,0,0,45,3,0,7,12,28,43,58,51,3,3,0,4,8,8,6,238,0,114,81,71,55,51,59,90,13,7,16,12,6,8,23,595,0,16,34,19,4,7,4,8,0,6,0,0,0,0,7,101,0,0,4,7,6,22,20,22,5,3,7,9,3,15,3,123,0,4,5,28,11,21,111,441,73,75,49,106,66,37,25,1053,0,6,8,3,4,15,17,48,0,4,11,3,21,8,3,152,0,0,0,0,3,6,8,15,9,14,4,7,4,5,0,70,0,0,0,0,0,0,14,11,0,0,15,13,4,0,0,64,0,12,14,35,22,31,34,48
CED316,0,4,6,49,22,33,37,33,4,16,9,9,0,3,7,229,3,11,9,3,0,16,25,53,15,11,14,20,14,6,13,197,0,3,23,33,3,4,3,0,0,0,0,0,0,0,0,72,0,3,11,8,3,5,7,10,0,3,8,3,0,0,0,61,0,4,6,18,14,43,33,30,4,7,3,6,9,3,6,174,3,212,173,138,86,57,37,30,3,3,0,13,6,5,24,797,0,8,8,9,0,0,0,0,0,0,0,0,0,0,3,28,0,0,0,6,5,10,11,5,0,9,3,9,14,17,15,106,0,14,3,25,7,12,48,166,24,19,45,32,36,23,12,465,3,19,15,17,5,13,28,12,3,3,0,0,4,0,11,125,0,0,0,3,0,0,0,10,0,9,3,0,0,0,0,23,0,0,0,3,0,3,0,0,0,0,0,3,10,0,0,16,0,15,22,54,20,18,20,11
CED317,0,0,14,44,25,31,33,15,3,12,10,3,7,0,9,207,3,5,3,0,5,6,19,38,0,7,18,12,6,0,11,148,0,10,55,20,3,0,3,0,0,0,0,0,0,0,0,101,0,0,3,3,4,0,0,4,0,0,0,0,0,0,3,15,0,0,12,17,15,31,30,52,7,16,14,10,14,0,10,210,3,119,125,91,84,64,55,42,8,11,3,18,14,7,35,683,0,20,23,6,3,0,0,0,0,0,0,0,0,0,3,60,0,3,3,0,8,4,0,0,0,0,3,3,4,3,9,50,0,12,17,32,31,48,68,419,31,55,66,83,74,38,42,1016,0,11,18,23,9,21,24,19,6,4,3,0,0,0,7,146,0,0,0,4,0,0,0,0,0,4,0,3,0,0,0,23,0,0,0,0,0,0,0,0,0,0,0,0,0,0,0,0,0,10,21,40,15,23,19,29
CED318,0,6,18,75,57,64,96,102,25,20,32,23,21,26,18,573,5,6,13,8,17,63,127,218,54,60,47,57,64,25,42,801,0,3,49,36,9,9,3,10,0,0,0,0,0,0,9,119,0,8,14,3,5,7,13,4,0,0,0,3,4,0,3,66,3,3,8,26,36,34,56,65,5,0,16,4,8,0,7,278,0,148,151,131,134,144,196,151,26,15,6,23,21,11,41,1189,0,14,17,19,7,0,3,0,0,0,0,0,0,0,0,62,0,4,10,13,35,36,41,22,22,4,12,14,11,3,4,242,0,8,13,38,19,66,92,572,56,71,94,122,97,59,57,1370,4,10,22,31,39,21,63,50,9,14,7,4,15,15,8,307,0,0,0,9,8,18,6,9,3,9,0,3,4,0,0,76,0,0,3,0,0,0,0,3,0,0,7,4,0,0,0,24,0,5,25,58,31,75,60,58
CED319,0,0,11,27,25,54,70,61,9,12,10,13,12,3,7,326,3,7,26,28,62,158,240,322,58,64,61,77,96,64,49,1320,0,3,23,28,6,10,14,0,0,0,0,0,0,0,0,88,0,6,14,3,7,8,20,0,0,3,0,3,0,0,0,59,0,0,17,44,70,282,183,110,20,21,20,28,14,5,26,841,0,118,50,48,54,41,64,81,14,8,12,11,4,3,25,517,0,27,22,21,0,8,5,0,0,4,4,0,0,0,3,95,0,8,3,30,58,111,103,43,5,4,9,18,15,7,10,430,3,13,16,98,64,181,364,1830,201,209,313,483,329,223,139,4470,0,5,13,9,16,24,60,60,8,15,9,6,6,10,10,278,0,0,0,0,12,11,30,94,72,63,56,29,22,7,32,418,0,0,3,0,0,4,8,17,9,7,6,10,0,5,4,63,5,32,20,58,41,71,78,136
CED320,0,3,3,35,32,35,44,35,7,3,3,3,0,3,3,220,0,6,12,3,4,19,33,76,7,11,7,13,17,19,21,261,0,4,21,37,3,4,5,0,0,0,0,0,0,0,0,77,0,10,9,3,7,0,3,0,0,0,0,0,0,0,3,31,0,0,6,16,45,96,71,39,10,8,8,3,8,8,12,332,0,181,120,86,105,54,54,37,3,9,3,7,3,3,12,654,0,12,15,9,0,0,0,0,0,10,0,0,0,0,0,53,0,4,3,7,13,12,13,8,3,7,4,10,25,15,19,148,0,13,5,31,13,25,51,137,16,17,26,21,35,13,9,401,0,10,14,16,14,10,22,20,0,0,3,3,6,0,3,130,0,0,0,4,3,3,6,3,0,3,3,0,0,0,0,29,0,0,0,0,0,0,13,9,3,0,0,0,0,0,3,36,3,12,12,58,48,30,30,63
CED321,0,3,12,20,10,18,27,15,6,3,0,6,12,3,3,144,0,3,3,0,4,12,24,38,11,4,13,12,13,9,15,151,0,3,16,31,9,4,0,0,0,0,0,0,0,0,4,59,0,0,4,3,0,0,0,3,3,0,0,0,0,3,0,18,0,3,5,3,8,18,24,20,0,9,6,5,0,0,0,110,0,94,87,66,62,23,20,28,3,9,9,3,9,9,9,414,0,9,3,3,0,0,0,0,0,0,0,0,0,0,4,14,0,0,0,0,4,6,3,6,0,4,4,4,0,0,3,33,0,8,6,7,4,0,20,210,5,28,28,30,28,11,24,401,0,11,3,3,4,3,8,8,0,0,0,4,4,3,0,59,0,0,0,3,0,0,4,4,0,3,0,0,0,0,0,20,0,0,0,0,0,0,0,0,0,0,0,0,0,0,0,8,0,4,8,23,17,24,15,36
CED322,0,3,10,51,45,68,128,121,18,20,26,32,64,33,15,642,0,12,19,9,42,184,303,373,58,76,105,159,195,70,79,1691,0,12,41,64,9,25,22,5,0,0,0,0,0,0,12,194,0,22,41,20,12,15,17,9,0,0,0,0,3,0,4,153,0,3,10,12,30,60,41,32,5,6,3,4,11,3,3,226,0,182,127,70,74,45,88,39,7,9,11,13,7,8,24,701,0,17,33,21,0,9,12,3,4,3,0,3,0,0,3,115,0,4,3,14,41,136,87,24,5,6,16,25,17,10,13,408,0,15,11,34,17,49,138,212,22,40,23,60,54,39,34,750,0,13,12,18,29,36,69,19,3,9,6,9,9,0,10,241,0,0,0,4,25,16,19,29,4,4,3,10,3,5,0,133,0,0,0,3,0,3,9,9,3,0,0,0,3,0,0,27,0,20,33,68,34,52,72,75
CED323,0,0,20,39,52,63,104,75,24,35,27,44,52,52,19,602,0,9,15,15,43,175,418,551,103,148,259,318,289,136,184,2657,0,16,98,114,11,35,37,10,5,0,3,0,0,0,13,351,0,35,70,46,12,33,10,28,10,4,8,4,0,4,4,258,0,3,11,22,33,55,53,43,0,11,5,3,11,3,10,273,3,213,160,112,123,66,92,62,9,17,11,12,11,17,38,935,3,40,89,65,12,5,7,10,9,7,0,0,4,3,12,254,0,0,6,21,66,92,99,62,18,21,40,57,50,34,66,631,0,26,14,39,31,65,123,769,60,71,162,273,172,115,66,1967,3,6,10,17,35,36,62,52,12,20,18,14,13,12,13,317,0,0,0,7,39,50,33,64,30,41,41,29,31,7,4,369,0,3,3,3,4,6,25,12,0,3,9,9,3,0,3,91,0,11,24,56,51,37,39,77
CED324,0,0,8,43,41,38,65,53,21,26,3,15,17,0,4,342,6,18,66,43,135,825,2066,2889,606,665,908,951,1004,600,522,11311,0,0,38,92,12,38,68,4,3,0,3,0,3,0,3,257,0,3,9,13,3,18,29,15,3,10,11,11,8,12,3,152,4,3,4,40,65,253,203,105,19,16,18,29,8,14,17,811,0,179,52,47,50,59,69,55,16,9,12,4,12,10,21,597,12,57,130,68,15,15,7,8,7,14,6,5,3,0,11,345,0,0,12,41,152,600,426,228,63,71,96,81,95,39,67,1974,0,10,10,59,55,199,532,2107,198,289,464,747,689,382,188,5937,0,6,20,27,51,90,197,107,31,21,21,23,23,17,13,655,0,3,0,7,20,32,58,95,88,90,168,34,36,13,14,646,0,0,0,0,3,18,79,98,27,20,24,37,15,3,3,333,0,8,19,39,31,49,35,62
CED325,0,0,12,32,20,46,54,44,11,7,15,4,11,4,9,266,3,10,15,6,39,205,360,489,83,84,94,100,84,62,50,1690,0,3,15,62,8,14,24,0,0,0,0,0,0,0,5,135,0,9,6,9,3,5,37,26,8,3,6,3,0,0,8,118,0,3,5,27,102,405,334,225,31,25,42,22,39,16,37,1324,0,216,81,63,96,53,58,69,8,0,7,3,9,4,16,692,0,4,9,14,4,10,3,0,0,0,0,3,3,0,3,48,0,3,4,14,51,141,69,34,0,3,3,3,3,4,11,359,0,13,10,63,60,134,624,1442,156,116,157,169,133,86,84,3242,0,10,21,26,40,88,102,72,14,11,7,0,7,4,10,411,0,0,0,5,23,66,119,147,60,96,69,13,13,7,14,625,0,0,0,5,3,14,69,84,24,16,7,16,6,18,8,272,0,9,21,48,33,51,34,46
CED326,0,4,12,43,30,29,69,84,22,11,5,23,7,4,8,339,3,10,20,4,14,116,177,246,40,44,55,44,33,42,36,890,0,3,23,37,3,10,11,8,0,0,0,0,0,0,0,96,0,11,16,12,7,4,7,14,4,3,7,0,3,3,8,106,0,3,9,24,72,222,264,156,45,19,13,11,11,9,23,889,0,156,99,86,76,41,76,74,14,4,14,8,3,0,8,664,0,14,26,26,4,3,3,3,0,3,3,0,0,0,8,94,0,0,12,16,45,69,47,13,3,3,8,8,11,3,6,255,3,13,15,56,42,108,412,1337,118,122,118,134,108,78,91,2756,0,11,11,13,13,17,65,43,4,5,7,3,5,4,7,198,0,0,0,0,7,10,34,83,45,42,13,0,10,0,4,257,0,0,0,3,3,0,16,3,0,0,3,0,6,58,7,103,0,11,21,67,32,54,66,106
CED327,0,4,3,23,34,41,30,36,7,7,3,9,11,3,4,214,0,7,33,20,69,358,1303,1960,343,328,330,345,301,181,253,5823,0,0,45,153,26,65,116,4,0,4,0,3,3,0,17,426,0,7,7,14,10,40,54,44,3,21,11,7,3,6,8,244,3,0,8,33,114,474,464,296,37,48,47,45,27,14,30,1638,0,169,78,84,84,29,64,29,0,4,4,3,3,0,20,580,0,13,49,28,11,10,15,3,3,0,0,0,0,0,10,135,0,0,7,23,101,452,349,156,31,42,30,26,42,21,28,1318,0,15,12,74,71,144,543,1619,138,141,235,248,219,143,112,3711,0,13,17,16,44,77,165,97,21,13,23,13,13,3,9,526,0,0,0,0,7,26,60,84,34,72,166,60,16,14,9,557,0,0,0,0,4,23,110,154,21,18,68,17,10,65,32,513,0,9,19,47,34,53,34,52
CED328,0,3,14,53,57,72,132,81,36,26,32,54,48,41,15,677,3,15,17,11,35,178,383,537,149,237,287,505,770,694,184,4017,0,4,10,23,4,0,6,4,3,3,0,0,0,0,4,61,0,6,5,9,3,3,8,8,3,0,3,3,3,5,0,58,0,0,5,13,54,81,51,23,7,3,9,6,4,4,3,261,7,140,57,55,89,78,145,125,15,25,14,18,17,19,26,820,4,20,3,10,8,7,7,4,3,3,0,5,0,0,0,74,6,11,7,38,69,167,142,94,21,60,40,67,69,38,20,849,3,17,15,111,71,169,343,503,123,107,161,193,225,147,60,2246,0,17,24,18,35,31,96,65,22,24,54,55,181,128,13,768,0,0,3,6,46,60,63,156,62,45,56,23,22,22,14,576,0,0,3,4,9,4,24,16,4,6,4,21,3,13,4,107,0,11,12,61,57,110,92,149
CED329,0,3,20,51,34,39,41,32,10,21,3,8,8,0,8,278,0,3,6,3,5,8,24,37,8,10,9,7,14,5,4,140,0,0,15,27,0,5,0,0,0,0,0,0,0,0,3,54,0,6,10,7,3,0,0,3,0,0,0,0,0,0,0,30,0,0,3,16,14,25,19,9,6,4,4,0,0,0,10,108,0,179,186,137,128,84,106,54,3,8,12,0,5,4,31,933,0,8,12,8,0,3,3,0,0,0,0,0,0,0,0,37,0,0,5,6,8,8,5,5,0,0,0,0,3,0,0,51,4,7,10,31,11,21,27,97,8,16,12,15,6,22,3,295,0,17,12,9,5,12,15,18,0,5,6,3,7,3,8,125,0,0,0,0,4,0,3,0,0,0,0,0,0,0,0,15,0,0,0,0,0,0,0,0,0,0,0,4,0,0,0,9,0,9,21,44,26,21,23,24
CED330,0,3,13,37,28,35,48,45,3,4,20,13,10,5,4,265,0,3,16,0,0,20,55,47,17,13,14,36,28,30,20,291,0,3,24,44,3,9,13,0,0,0,0,0,0,0,3,102,0,7,11,8,0,3,9,0,0,0,3,0,0,0,0,39,0,3,9,16,24,34,40,36,10,0,0,0,0,0,5,183,0,133,146,110,143,44,84,30,3,5,8,3,7,3,23,739,0,3,3,5,6,0,0,0,0,0,0,0,0,0,3,24,0,3,3,6,15,12,24,25,8,14,3,11,10,7,13,156,0,6,8,29,12,19,35,140,10,14,22,41,29,12,22,415,0,9,13,13,6,13,28,19,7,0,4,11,9,10,7,159,0,0,0,3,8,0,3,3,0,0,3,0,0,0,8,34,0,0,0,0,0,0,12,12,3,0,0,10,0,0,4,47,3,6,16,54,26,30,54,48
CED394,0,0,0,6,0,3,3,6,3,0,0,0,20,14,6,58,0,0,0,0,0,4,3,9,0,4,5,11,16,25,20,103,0,0,0,0,0,0,0,0,0,0,0,0,0,0,0,3,0,0,0,0,0,0,0,0,0,0,0,0,0,0,0,3,0,0,0,0,0,8,3,0,0,0,0,0,0,0,3,14,0,10,13,6,3,3,3,0,0,0,0,5,13,22,7,97,0,0,3,0,0,0,0,0,0,0,0,0,0,0,0,7,0,0,0,0,0,0,0,0,0,0,0,10,4,0,0,17,0,3,3,0,3,3,9,7,0,0,0,6,3,15,3,62,0,0,0,0,0,0,3,0,0,0,3,0,0,3,4,24,0,0,0,0,0,0,0,0,0,0,0,0,4,0,0,8,0,0,0,0,0,0,0,0,0,0,0,0,0,10,0,10,0,0,0,3,0,3,0,3
CED397,0,0,0,0,0,0,0,0,0,0,0,0,0,0,0,0,0,0,0,0,0,0,0,0,0,0,0,0,0,0,0,0,0,0,0,0,0,0,0,0,0,0,0,0,0,0,0,0,0,0,0,0,0,0,0,0,0,0,0,0,0,0,0,0,0,0,0,0,0,0,0,0,0,0,0,0,0,0,0,0,0,0,0,0,0,0,0,0,0,0,0,0,0,0,0,0,0,0,0,0,0,0,0,0,0,0,0,0,0,0,0,0,0,0,0,0,0,0,0,0,0,0,0,0,0,0,0,0,0,0,0,0,0,0,0,0,0,0,0,0,0,0,0,0,0,0,0,0,0,0,0,0,0,0,0,0,0,0,0,0,0,0,0,0,0,0,0,0,0,0,0,0,0,0,0,0,0,0,0,0,0,0,0,0,0,0,0,0,0,0,0,0,0,0,0,0,0,0,0,0
CED401,0,4,11,25,38,38,70,60,14,13,19,21,27,9,6,358,3,3,24,6,55,225,616,1351,330,472,636,1203,1281,606,364,7171,0,22,82,105,19,43,53,4,3,0,0,0,0,0,4,325,0,19,25,8,6,3,16,12,9,5,11,21,12,7,0,153,0,3,9,8,17,37,20,19,3,0,3,3,3,0,3,132,0,336,140,54,48,40,68,41,14,8,3,10,11,14,35,836,5,417,1071,354,50,35,17,7,5,12,16,4,4,0,95,2078,0,0,11,25,46,97,120,158,58,84,121,120,138,68,54,1093,3,27,13,92,40,98,385,2496,264,340,413,517,710,509,168,6059,0,4,5,8,14,31,50,45,12,11,20,22,38,16,4,300,0,0,0,7,31,50,108,166,47,111,159,104,77,46,22,948,0,0,3,0,0,10,103,69,29,15,12,27,14,7,5,279,0,8,33,70,27,54,30,35
CED402,0,0,7,15,11,5,21,12,0,0,0,0,3,3,3,84,0,0,7,3,0,9,64,125,8,20,20,81,101,22,48,495,0,3,55,39,7,3,0,0,0,0,0,0,0,0,10,113,0,3,0,0,0,5,0,3,0,0,0,3,0,0,0,24,0,0,3,0,3,5,6,11,8,5,0,4,0,11,0,60,3,286,161,66,43,26,28,22,10,3,3,6,3,5,24,685,5,56,217,71,14,8,0,0,0,0,5,0,0,0,25,412,0,0,0,4,4,3,3,3,3,0,7,11,27,8,14,79,0,9,6,25,40,58,104,267,12,26,39,34,37,12,36,707,0,7,3,0,3,8,6,10,0,0,3,0,7,3,0,49,0,0,0,0,0,3,0,7,0,6,4,0,0,4,0,28,0,0,0,0,0,0,8,3,0,0,0,0,0,0,5,18,0,10,20,19,6,9,8,14
CED403,0,3,16,29,56,48,72,42,6,8,4,10,16,11,8,334,3,3,11,11,35,109,339,775,159,159,190,292,305,221,107,2721,3,16,57,54,3,19,15,0,0,0,0,0,0,0,3,166,0,22,29,14,4,9,8,3,4,3,0,9,3,7,3,121,0,4,6,11,10,24,13,14,3,0,0,0,3,0,0,96,4,375,190,90,75,53,69,67,16,11,0,5,5,10,26,993,4,136,378,134,22,15,13,6,8,7,5,0,0,3,20,745,0,3,3,16,42,71,57,50,10,10,13,16,21,5,7,329,3,27,25,98,32,89,257,773,57,87,106,100,129,63,45,1891,0,8,16,7,12,23,52,32,17,17,33,45,112,63,16,459,0,0,0,0,39,116,133,105,36,50,80,44,36,40,18,692,0,0,0,3,0,3,18,17,6,0,13,15,15,0,0,90,3,19,33,80,33,59,53,61
CED404,0,3,7,20,9,4,13,14,3,0,0,5,0,0,0,88,0,0,5,4,0,3,16,32,4,6,4,0,5,3,4,100,3,6,80,74,9,3,0,0,0,0,0,0,0,0,3,179,0,0,4,0,0,0,0,4,0,0,0,0,0,0,0,12,0,0,0,0,3,10,8,19,3,0,3,3,0,7,3,65,0,218,181,127,32,6,6,9,3,8,0,5,11,0,20,624,3,23,78,51,9,7,3,0,0,0,0,0,0,0,15,205,0,0,0,4,3,3,0,3,0,0,0,0,0,3,3,17,0,6,6,18,7,19,54,191,22,29,29,27,26,4,6,440,0,3,0,3,3,3,18,13,0,5,5,3,3,0,7,69,0,0,0,0,0,3,7,4,7,0,0,0,0,0,3,20,0,0,0,0,0,0,0,0,0,0,0,0,0,0,0,0,0,7,22,50,10,7,4,11
CED405,0,3,8,28,33,33,51,35,14,7,10,17,17,6,4,272,0,9,32,23,62,146,419,890,175,198,215,366,370,182,137,3210,3,22,115,113,16,22,103,5,0,0,0,0,0,0,29,429,0,38,43,17,8,36,16,67,9,19,36,14,27,9,8,344,0,3,10,3,15,18,11,30,0,8,0,4,8,0,3,105,0,382,156,84,45,29,58,42,15,17,19,3,14,7,19,893,6,357,1142,393,72,39,25,9,9,33,8,16,7,7,68,2194,0,4,11,12,28,67,76,78,10,21,29,44,30,14,17,440,0,17,20,116,29,85,284,1691,151,198,296,376,514,347,132,4252,0,3,6,6,13,22,40,31,8,10,3,17,62,46,0,267,0,0,0,0,16,47,83,67,39,46,85,30,30,14,9,461,0,0,0,0,0,11,65,30,12,14,17,3,0,0,4,160,0,19,40,56,29,53,36,70
CED406,0,0,12,23,28,18,42,26,5,7,5,5,4,0,4,175,0,3,9,6,15,36,102,249,32,49,26,44,59,25,22,678,0,5,29,79,9,17,29,0,0,3,0,0,0,0,0,178,0,10,14,19,17,28,28,43,13,14,0,0,0,0,4,185,0,0,4,8,15,46,42,13,0,0,0,4,0,0,0,145,0,322,228,169,120,56,58,52,3,6,12,5,3,3,29,1061,0,25,72,46,15,3,3,0,10,0,0,0,0,0,13,195,3,0,3,8,15,13,12,12,3,0,3,5,0,4,0,77,0,15,21,76,26,24,121,407,22,43,43,36,16,9,20,884,0,9,14,16,8,18,28,14,3,0,5,0,5,0,5,133,0,0,0,0,14,51,73,42,16,16,18,8,5,0,9,262,0,0,0,0,0,0,20,14,9,0,0,0,0,0,0,51,0,5,44,101,30,46,30,57
CED407,0,3,3,23,10,12,32,26,0,10,9,3,3,6,7,151,0,3,22,3,49,85,308,624,115,117,118,188,150,97,78,1957,0,17,66,145,7,37,79,0,0,0,0,4,0,0,8,365,0,19,20,10,3,11,5,25,11,13,12,15,3,4,0,142,0,0,5,4,8,38,33,32,0,7,6,4,4,0,4,153,3,422,301,138,58,40,45,17,10,3,9,3,7,3,26,1082,0,74,147,96,18,9,6,4,3,3,0,0,0,0,20,384,0,0,7,10,8,49,51,32,8,15,23,31,59,35,23,346,0,21,25,73,32,78,327,1643,184,167,167,161,170,150,81,3270,0,6,14,9,15,15,43,35,6,4,4,9,0,0,7,176,0,0,3,4,8,26,128,128,40,88,83,20,40,3,7,587,0,0,0,0,0,18,135,89,20,8,28,12,10,4,13,350,5,12,45,101,42,25,26,24
CED408,0,0,9,44,51,27,51,27,0,5,3,6,0,0,8,240,0,3,14,4,3,10,52,77,7,11,9,8,17,5,5,228,0,19,6,27,3,3,3,0,0,0,0,0,0,0,3,65,0,10,4,0,3,3,3,0,0,0,0,0,0,0,0,25,0,3,4,4,9,8,7,3,0,0,4,0,0,0,0,41,0,351,245,138,113,100,89,52,7,3,10,3,4,3,30,1149,0,23,46,12,9,3,0,0,0,0,0,0,0,0,0,99,0,0,5,7,10,11,15,7,0,10,3,3,0,0,0,67,3,20,17,35,15,19,32,81,4,8,3,7,15,12,15,288,0,3,14,4,3,8,16,5,3,0,5,3,8,0,3,80,0,0,0,0,17,18,7,6,0,5,0,0,0,0,3,53,0,0,0,0,0,0,3,0,0,0,0,0,0,0,0,5,3,9,54,71,20,29,34,21
CED409,0,0,10,19,15,23,32,34,3,6,6,4,3,0,3,162,0,7,93,30,114,97,178,420,54,63,52,81,89,42,60,1371,3,19,111,148,20,74,258,12,3,0,3,3,0,0,13,677,0,14,27,5,5,8,11,35,4,3,15,0,3,4,6,137,0,0,0,4,13,53,74,34,4,3,10,10,3,4,4,216,0,416,167,102,58,30,54,37,12,3,3,0,4,0,24,905,3,158,640,269,52,24,18,4,0,10,15,3,3,4,47,1259,0,0,3,3,6,30,29,29,3,6,10,6,26,16,10,187,0,8,23,50,16,55,318,2198,182,181,246,234,299,225,101,4140,0,3,0,7,21,40,43,36,4,4,12,3,7,8,4,191,0,0,0,0,4,17,49,103,31,15,98,24,31,3,10,396,0,0,0,0,0,18,115,72,26,20,13,17,3,0,10,277,0,12,35,76,32,24,13,36
CED410,0,0,12,32,34,36,35,42,5,3,17,4,0,5,4,229,3,11,31,18,114,314,930,1828,365,381,458,635,725,335,284,6421,0,20,41,77,9,30,23,4,0,0,5,7,0,0,5,222,0,39,37,8,6,31,36,47,5,18,13,12,8,11,0,266,0,0,4,10,20,36,14,8,5,0,3,0,0,4,0,102,9,452,232,105,64,36,51,60,6,12,4,6,9,8,27,1084,3,144,406,174,12,17,9,7,3,15,4,3,0,0,19,829,4,0,11,33,84,257,168,121,29,34,34,48,39,23,22,908,0,30,21,105,70,143,464,2104,207,268,302,346,475,304,114,4959,3,9,13,14,26,29,65,56,13,19,3,12,13,6,3,275,0,0,4,5,41,80,125,140,58,140,152,53,75,17,18,912,0,0,0,0,0,5,67,39,8,4,10,6,0,0,0,152,0,18,29,75,25,45,26,29
CED411,0,3,8,18,13,17,30,13,0,6,4,0,0,0,3,122,0,0,11,3,6,16,37,81,12,9,16,11,6,10,3,232,0,4,29,57,4,13,27,0,0,0,0,0,0,0,0,134,0,3,13,10,0,3,3,15,0,0,0,3,0,0,0,51,0,0,3,0,4,19,28,19,0,3,3,6,0,0,0,86,0,272,202,145,34,36,39,19,0,0,3,0,3,0,34,786,0,38,132,59,17,10,4,5,0,0,0,0,0,0,23,286,0,0,6,7,0,10,0,7,0,0,3,0,3,0,0,27,7,17,23,44,9,11,62,270,34,44,43,23,47,27,20,667,0,3,4,9,6,8,26,41,4,4,6,9,5,11,0,145,0,0,0,0,0,10,13,43,22,8,28,12,7,0,9,152,0,0,0,0,0,10,45,16,5,0,3,3,8,0,3,94,3,8,59,112,25,30,14,16
CED494,0,0,0,0,3,0,0,0,0,0,0,0,3,4,0,11,0,0,0,0,0,0,0,4,0,0,0,5,0,3,0,17,0,0,0,0,0,0,0,0,0,0,0,0,0,0,0,0,0,0,0,0,0,0,0,0,0,0,0,0,3,0,0,3,0,0,0,0,0,0,0,0,0,0,0,0,0,0,0,0,0,5,0,0,0,0,0,3,0,0,0,0,4,6,0,21,0,0,0,0,0,0,0,0,0,0,0,0,0,0,0,0,0,0,0,0,0,0,0,0,0,0,0,3,4,0,4,12,0,0,0,0,0,0,0,8,0,0,0,0,3,16,3,31,0,0,0,0,0,0,0,0,0,0,0,0,0,0,0,3,0,0,0,0,0,0,0,0,0,0,0,0,0,0,0,3,0,0,0,0,0,0,0,0,0,0,0,0,0,0,0,0,0,0,0,0,0,0,0,0
CED497,0,0,0,0,0,0,0,0,0,0,0,0,0,0,0,0,0,0,0,0,0,0,0,0,0,0,0,0,0,0,0,0,0,0,0,0,0,0,0,0,0,0,0,0,0,0,0,0,0,0,0,0,0,0,0,0,0,0,0,0,0,0,0,0,0,0,0,0,0,0,0,0,0,0,0,0,0,0,0,0,0,0,0,0,0,0,0,0,0,0,0,0,0,0,0,0,0,0,0,0,0,0,0,0,0,0,0,0,0,0,0,0,0,0,0,0,0,0,0,0,0,0,0,0,0,0,0,0,0,0,0,0,0,0,0,0,0,0,0,0,0,0,0,0,0,0,0,0,0,0,0,0,0,0,0,0,0,0,0,0,0,0,0,0,0,0,0,0,0,0,0,0,0,0,0,0,0,0,0,0,0,0,0,0,0,0,0,0,0,0,0,0,0,0,0,0,0,0,0,0
CED501,0,3,12,36,25,35,70,63,9,9,11,6,12,9,9,306,3,3,0,3,9,26,66,169,33,39,40,30,19,7,24,459,0,3,45,64,3,31,90,6,6,0,0,0,0,0,11,261,0,7,4,5,5,8,4,6,0,8,8,0,0,0,0,47,0,0,0,5,8,15,27,51,24,17,3,7,7,0,5,153,0,119,61,110,83,53,65,92,19,25,10,15,5,3,13,669,0,0,11,6,0,0,0,3,0,0,0,0,3,0,0,27,0,0,4,11,10,10,29,19,0,5,6,3,6,0,9,100,0,45,23,121,20,77,146,862,118,166,144,122,90,67,73,2067,0,6,0,10,16,35,78,109,15,18,11,15,16,4,10,358,0,0,0,0,7,16,11,20,21,21,9,6,3,4,4,123,0,0,0,0,0,0,9,10,0,3,0,7,0,0,5,36,0,4,17,118,63,109,59,173
CED502,0,0,3,31,12,31,52,40,5,14,0,9,9,0,6,209,0,0,3,10,30,174,553,1683,206,267,266,214,167,92,167,3841,4,7,17,31,7,11,30,7,0,3,0,0,0,0,5,112,0,4,3,15,4,18,42,36,12,6,24,16,21,0,4,202,0,0,5,6,8,17,12,30,0,9,4,6,3,3,0,97,0,106,63,87,73,47,60,35,8,14,4,3,3,0,18,520,0,5,8,5,0,0,0,0,0,0,0,0,0,0,0,19,0,0,0,24,31,80,116,63,16,17,29,17,22,10,27,454,3,38,33,429,128,356,868,3247,451,661,499,405,414,263,193,7995,0,10,3,21,68,218,590,423,92,78,71,33,39,23,26,1697,0,0,0,3,18,35,65,77,39,52,28,11,5,9,10,362,0,0,4,0,0,63,194,88,6,8,7,16,5,3,25,425,0,5,20,116,82,134,62,106
CED503,0,0,13,41,32,32,61,45,10,19,4,14,5,0,0,287,0,3,3,0,3,17,37,78,10,15,21,20,20,18,17,260,0,10,24,35,0,6,7,7,0,0,0,3,0,0,3,95,0,8,9,11,3,3,0,3,3,0,5,3,0,0,0,51,0,0,4,5,0,11,3,13,0,3,4,3,0,0,3,52,0,159,78,89,98,42,32,41,12,7,4,0,4,0,13,587,0,3,10,6,4,0,4,0,0,0,0,0,0,0,0,33,0,3,3,8,17,7,14,9,0,0,6,7,3,0,3,77,9,40,28,106,34,44,67,459,65,82,96,74,62,37,50,1238,4,18,8,7,11,27,52,60,30,7,15,15,10,10,14,280,0,0,0,0,0,11,11,10,14,16,13,43,12,4,0,128,0,0,0,0,0,0,3,5,0,0,0,0,0,0,0,11,0,20,32,110,53,103,46,127
CED504,0,0,4,27,15,27,41,39,8,5,8,8,0,4,3,186,0,0,4,5,35,133,244,398,65,52,58,61,45,36,52,1176,0,3,78,76,19,41,215,7,0,0,0,0,0,0,15,448,0,8,20,20,3,19,66,40,17,16,31,0,16,0,4,255,0,0,0,0,7,18,7,4,4,5,5,0,0,0,3,58,0,108,48,55,81,54,62,77,8,7,4,3,5,0,9,528,0,31,50,55,13,10,6,0,0,5,3,0,0,0,8,176,0,0,8,20,31,111,62,45,16,8,9,7,11,11,18,345,0,30,32,476,102,305,511,1216,117,170,151,117,107,78,78,3489,0,11,8,7,24,63,116,64,11,9,20,14,16,10,13,385,0,0,0,0,15,78,147,85,29,27,55,11,24,10,6,487,0,0,0,0,0,66,377,137,33,30,31,21,21,3,13,729,0,6,26,122,67,176,101,243
CED505,3,0,21,77,77,87,160,95,33,55,24,45,33,10,25,743,6,6,15,22,56,222,389,419,113,151,260,319,404,253,128,2758,6,14,47,23,5,24,25,0,0,3,3,9,7,3,5,184,0,22,15,9,5,18,15,8,0,4,7,7,7,3,3,120,0,0,10,6,15,11,6,3,0,0,0,4,3,0,0,63,7,141,40,59,88,77,119,105,27,32,20,33,21,14,22,802,9,50,47,25,3,4,4,3,0,13,4,0,0,0,3,166,3,3,10,47,70,136,127,79,12,26,20,43,54,22,24,683,4,64,34,158,62,155,294,568,128,137,172,205,211,124,68,2391,3,18,20,17,34,70,175,79,7,24,24,43,37,45,17,603,0,3,0,3,67,60,63,73,25,40,36,42,30,10,3,450,0,0,0,4,0,7,29,12,3,0,9,26,9,3,6,102,8,72,66,107,99,240,119,244
CED506,0,0,8,33,27,14,48,45,16,16,3,3,12,11,15,244,0,3,0,3,6,15,42,125,21,34,39,26,81,43,47,482,0,4,36,32,8,14,11,3,0,3,0,0,3,0,6,118,0,3,3,3,0,3,7,14,3,6,3,4,3,0,0,55,0,4,0,10,7,17,28,41,7,13,4,13,4,0,7,153,0,83,67,53,50,40,78,117,28,23,17,36,18,22,25,658,0,3,10,11,3,5,0,0,0,0,0,0,0,0,3,44,0,0,0,13,9,10,9,19,4,3,3,4,8,6,9,103,0,9,9,56,3,26,103,416,70,94,84,66,63,42,45,1082,0,8,8,4,14,35,60,80,20,13,17,18,33,13,23,342,0,0,0,0,7,3,4,7,4,13,4,3,3,0,0,45,0,0,0,0,0,0,3,5,0,0,0,0,0,0,4,13,4,14,14,49,30,71,57,185
CED507,0,0,10,36,21,28,50,37,12,4,9,17,11,3,14,251,0,3,3,0,3,5,33,75,10,21,29,19,25,16,24,257,3,0,15,13,0,0,5,0,0,0,0,0,0,0,0,41,0,3,0,3,5,0,0,3,3,0,3,0,0,0,0,27,0,0,5,8,8,3,7,3,0,0,0,0,0,0,0,39,3,157,75,53,97,56,56,75,11,4,11,16,5,3,23,639,0,12,10,5,0,0,0,0,0,0,0,0,0,0,0,28,0,0,6,8,7,4,8,12,0,9,6,7,3,3,11,89,7,32,13,60,20,22,33,213,36,52,62,57,37,26,19,690,0,9,5,4,11,15,43,42,14,10,13,17,13,4,8,210,0,0,0,0,6,0,3,9,8,5,17,3,0,0,0,55,0,0,0,0,0,10,8,10,0,4,3,0,0,6,0,51,3,11,21,86,49,89,50,103
CED508,0,0,7,44,42,60,92,81,32,23,11,11,11,4,8,427,0,4,4,0,17,114,237,683,74,121,112,128,134,53,60,1734,15,46,355,295,73,127,246,31,3,4,3,9,3,0,26,1231,0,30,33,20,4,6,6,0,0,8,11,8,5,0,6,123,0,0,0,8,8,21,8,6,4,8,0,0,0,0,3,63,0,105,43,55,88,74,110,135,18,31,21,24,29,8,19,762,0,13,18,14,3,9,0,7,3,0,4,7,3,0,0,67,0,0,6,25,36,41,64,34,16,16,17,11,15,9,8,297,3,38,27,186,64,120,246,709,87,137,112,109,79,57,50,2019,0,5,8,10,38,112,239,117,29,15,23,29,29,20,14,694,0,0,0,0,15,46,43,69,34,59,27,28,11,12,3,357,0,0,0,3,4,8,12,11,3,4,0,22,18,0,0,90,0,12,33,111,75,154,102,195
CED509,0,0,16,37,32,33,37,35,7,3,10,0,3,0,7,221,3,3,3,8,9,57,186,347,52,59,55,65,68,32,43,980,3,23,74,103,11,22,39,4,0,0,0,0,0,0,15,295,0,9,9,11,3,7,15,13,3,15,6,0,0,0,3,95,0,0,6,6,7,23,11,25,0,4,0,0,5,0,8,105,3,227,78,100,122,45,69,70,9,8,9,4,3,0,21,775,0,3,20,14,3,0,3,3,0,0,0,0,3,0,3,50,0,0,3,9,12,17,54,37,9,3,10,4,7,4,22,198,3,59,46,311,81,142,262,1366,178,213,219,198,198,193,109,3587,0,16,13,4,19,60,182,180,11,27,17,16,31,7,20,611,0,0,0,0,4,7,14,23,17,13,26,9,6,5,4,129,0,0,0,0,0,11,66,34,4,7,9,0,8,6,10,158,0,12,34,132,71,131,63,103
CED510,0,0,8,50,46,65,116,56,21,18,18,9,14,4,8,426,0,4,3,6,26,107,130,187,29,57,70,55,66,22,28,802,3,7,24,54,13,20,10,7,0,0,0,0,3,0,3,155,0,7,18,35,17,72,31,24,11,5,14,3,0,0,7,252,0,0,3,3,7,8,3,5,0,0,8,0,3,0,0,43,0,118,51,82,135,86,123,124,13,18,16,11,3,0,14,805,0,21,34,20,11,6,3,3,0,3,4,0,0,0,3,105,0,0,0,23,59,52,59,15,3,9,3,14,8,4,4,249,0,51,29,219,66,128,150,181,23,52,48,54,54,39,31,1122,0,9,9,5,33,40,106,33,18,15,7,17,19,8,5,320,0,0,0,4,27,63,39,68,23,16,22,15,19,9,6,314,0,0,0,0,0,3,9,13,4,0,0,3,0,0,0,36,0,19,31,147,182,438,279,391
CED511,0,0,15,36,34,38,48,40,11,14,3,3,0,0,10,246,0,3,3,4,0,16,27,117,25,27,37,20,17,15,18,336,3,3,12,15,12,7,3,0,0,0,0,0,3,0,0,62,0,0,4,5,3,3,0,6,4,3,3,0,0,4,3,40,0,0,0,3,8,16,19,32,20,11,7,0,3,3,3,134,3,227,68,87,87,48,68,53,17,8,0,8,11,10,24,712,0,15,14,9,6,0,0,0,3,0,3,0,0,0,4,52,0,0,3,5,10,7,3,9,0,7,5,0,4,0,9,65,0,16,24,77,18,27,63,248,54,46,51,50,37,26,28,759,3,6,7,0,5,26,38,43,6,11,8,14,8,12,8,188,0,0,0,0,3,5,0,3,13,3,14,7,9,3,3,62,0,0,0,0,0,4,3,3,0,0,9,0,0,0,0,20,0,8,22,68,25,40,22,59
CED512,0,0,3,32,35,41,66,75,15,12,10,3,9,3,9,317,0,0,0,0,3,26,90,146,23,31,28,16,35,18,38,465,4,11,39,59,6,24,43,16,3,8,0,0,3,0,3,228,0,7,12,14,6,29,47,36,12,17,12,13,6,7,3,216,0,3,6,3,8,13,5,18,0,6,7,6,0,0,5,72,0,145,64,91,148,71,100,117,15,16,7,11,8,3,23,800,0,12,5,13,10,9,3,0,0,0,0,0,0,0,3,57,0,0,0,10,9,22,42,31,4,5,5,11,5,12,13,169,0,32,24,166,50,85,298,1373,212,227,198,154,167,104,129,3217,0,7,5,4,7,29,98,85,13,5,3,20,26,3,7,319,0,0,0,3,5,19,55,33,13,19,13,0,7,0,49,225,0,0,0,0,8,10,73,32,10,5,6,0,0,3,15,170,0,7,23,107,83,186,164,305
CED513,0,0,14,51,50,57,83,88,19,34,15,22,28,21,13,487,0,3,3,13,56,257,386,694,129,197,169,273,263,116,124,2692,6,23,63,97,14,35,74,8,3,3,5,0,0,3,9,353,0,25,18,13,8,9,14,22,0,13,4,4,0,0,3,136,0,0,4,3,16,20,11,7,0,3,5,0,0,0,3,77,0,177,43,70,87,72,95,82,31,21,23,37,32,15,27,812,3,123,165,113,18,8,13,7,5,12,0,12,5,0,15,503,0,0,6,27,82,139,126,79,18,55,61,53,64,37,36,779,0,54,37,590,145,229,284,939,162,252,262,364,367,286,102,4075,0,17,4,10,25,90,217,137,27,25,36,52,57,32,20,748,0,0,3,0,39,44,99,77,68,80,58,50,73,26,13,629,0,0,3,6,0,18,58,33,9,10,12,8,7,4,3,175,0,15,31,123,79,237,110,389
CED514,0,8,12,43,40,45,68,62,11,20,15,12,8,0,5,354,0,3,6,9,56,248,454,607,94,103,102,98,108,52,102,2052,7,41,134,142,12,62,144,5,0,0,3,3,0,0,13,565,0,20,24,32,10,31,31,27,6,4,3,15,6,0,3,222,0,0,3,0,7,16,7,8,3,3,0,3,0,0,0,54,3,132,58,72,82,55,77,79,15,20,12,5,13,7,14,652,19,178,285,149,30,19,6,4,15,8,3,3,0,0,23,754,0,0,5,19,64,109,110,85,19,19,25,21,27,10,25,537,0,47,36,312,99,216,390,1785,206,218,349,553,538,336,140,5228,3,13,8,10,22,66,156,106,14,27,11,16,23,8,19,497,0,3,0,0,26,99,199,133,86,117,78,37,44,20,18,868,0,0,0,3,0,45,275,126,46,79,52,34,36,28,36,773,0,28,21,119,74,164,78,369
CED515,0,5,3,41,31,43,64,62,10,17,22,18,21,10,9,350,7,3,5,15,32,284,673,1322,322,348,318,468,508,326,226,4843,3,14,62,55,6,20,22,0,0,0,0,0,0,0,13,198,0,11,16,16,8,14,16,29,11,9,17,16,10,13,5,193,0,0,3,7,11,11,18,18,3,0,3,5,5,0,4,95,4,133,61,73,61,39,61,66,20,7,10,20,20,8,21,605,0,21,29,34,8,9,3,3,3,5,8,5,0,0,4,134,3,0,9,38,80,117,163,187,29,59,83,71,96,47,40,1012,3,71,47,388,120,250,505,1796,239,338,470,647,675,532,219,6306,0,13,6,28,70,230,680,424,104,132,96,126,121,98,44,2169,0,0,0,7,33,74,102,127,73,135,107,78,92,48,14,890,0,0,3,4,4,27,87,99,11,20,67,48,49,4,16,445,0,25,30,132,82,141,81,265
CED516,0,0,10,45,38,57,55,48,20,20,7,18,7,4,11,352,0,3,12,29,87,473,739,1035,183,254,259,229,287,148,155,3895,6,20,54,58,14,11,24,3,0,0,0,0,0,0,11,199,0,14,22,22,15,18,14,5,0,5,16,12,3,4,3,161,0,3,3,10,14,12,3,3,0,9,0,0,0,0,3,65,0,123,43,56,104,63,77,68,14,5,3,4,4,6,11,585,0,13,26,21,5,0,0,0,0,0,0,3,0,3,0,90,0,3,9,51,146,276,149,95,28,42,31,38,45,15,28,952,9,52,65,321,155,395,607,1177,183,249,220,211,243,107,73,4071,4,24,8,43,122,443,667,311,44,65,59,58,41,26,43,1961,0,0,0,7,67,102,107,152,41,61,57,36,41,10,10,689,0,0,0,0,0,13,36,38,7,6,17,54,28,0,0,204,0,17,30,123,85,136,81,101
CED594,0,0,0,0,3,4,0,0,0,0,0,0,8,3,4,26,0,0,0,0,0,3,4,3,0,0,3,4,5,10,11,42,0,0,0,0,0,0,0,0,0,0,0,0,0,0,0,0,0,0,0,0,0,0,0,3,0,0,0,0,0,0,0,5,0,0,0,0,0,0,0,0,0,0,0,0,0,0,0,0,0,9,0,3,0,0,5,3,0,0,3,4,11,3,3,50,0,0,0,0,0,0,0,0,0,0,0,0,0,0,0,0,0,0,0,0,0,0,0,0,0,0,0,0,3,0,9,14,0,0,0,3,0,0,0,5,0,0,4,3,3,12,6,31,0,0,0,0,0,0,0,0,0,0,0,3,0,4,4,14,0,0,0,0,0,0,0,0,0,0,0,0,0,0,0,3,0,0,0,0,0,0,0,0,0,0,0,0,0,0,0,0,0,0,0,3,0,3,4,8
CED597,0,0,0,0,0,0,0,0,0,0,0,0,0,0,0,0,0,0,0,0,0,0,0,0,0,0,0,0,0,0,0,3,0,0,0,0,0,0,0,0,0,0,0,0,0,0,0,0,0,0,0,0,0,0,0,0,0,0,0,0,0,0,0,0,0,0,0,0,0,0,0,0,0,0,0,0,0,0,0,0,0,0,0,0,3,0,0,0,0,0,0,0,0,0,0,6,0,0,0,0,0,0,0,0,0,0,0,0,0,0,0,0,0,0,0,0,0,0,0,0,0,0,0,0,0,0,0,0,0,0,0,0,0,0,0,0,0,0,0,0,0,0,0,3,0,0,0,0,0,0,0,0,0,3,0,3,0,0,0,8,0,0,0,0,0,0,0,0,0,0,0,0,0,0,0,0,0,0,0,0,0,0,0,0,0,0,0,0,0,0,0,0,0,0,0,0,0,4,0,3
CED601,0,0,3,28,17,26,26,25,3,0,4,3,14,0,5,148,0,6,6,4,6,20,56,86,27,28,37,55,43,36,23,438,0,6,12,7,3,0,0,0,0,0,0,0,0,0,4,32,0,0,8,3,4,0,6,5,0,0,12,0,0,3,7,43,0,0,0,0,6,8,6,5,0,3,0,0,4,4,4,41,0,101,78,37,46,23,16,14,4,4,0,3,3,3,9,340,0,3,16,6,4,0,0,0,0,0,0,0,3,0,5,41,0,0,3,3,8,24,15,11,5,3,9,7,8,6,8,97,0,0,6,24,14,17,58,137,23,12,17,42,31,37,10,424,0,9,3,6,3,8,8,15,0,0,3,3,17,9,3,79,0,0,0,0,4,4,10,6,3,3,75,58,32,35,9,234,0,0,0,0,0,0,3,0,0,0,0,0,0,0,0,12,0,4,9,33,21,8,15,19
CED602,0,3,8,11,16,8,19,16,3,0,0,7,3,4,0,94,0,0,3,0,7,14,19,29,8,10,6,3,4,5,8,121,0,3,9,12,0,0,4,0,0,0,0,0,0,0,0,30,0,0,3,4,0,0,3,5,0,0,0,0,0,0,0,22,0,0,0,3,7,6,13,4,0,0,0,3,0,0,5,47,0,62,79,38,31,11,6,13,0,0,0,0,0,0,4,256,0,0,3,0,3,0,0,0,0,0,0,0,0,0,0,9,0,0,0,0,3,7,0,7,0,0,3,5,0,0,5,35,0,7,7,13,7,20,23,61,9,17,10,9,7,6,8,193,0,0,3,4,4,3,14,3,0,0,4,0,5,0,0,43,0,0,0,0,0,0,0,3,0,9,0,0,0,0,0,8,0,0,0,0,0,0,0,3,0,0,4,0,10,0,0,13,0,7,6,28,3,4,7,3
CED603,0,3,6,39,16,34,40,35,8,3,6,5,7,3,8,217,3,13,18,12,17,50,175,383,87,112,190,262,324,227,123,1989,0,8,37,44,3,3,3,8,0,0,0,0,3,0,5,119,0,4,4,3,3,3,5,3,3,0,0,3,5,0,0,44,0,0,11,9,12,27,11,4,0,0,6,0,3,0,3,92,3,144,77,53,61,43,50,33,7,3,8,4,12,12,25,538,0,30,108,67,23,16,0,3,0,0,0,3,3,0,13,270,0,0,5,14,14,29,36,31,5,10,3,12,15,12,22,223,3,11,10,34,13,24,98,332,33,57,46,107,115,71,21,984,0,7,9,6,3,8,30,15,6,6,3,3,8,0,0,105,0,0,0,0,9,9,14,30,10,19,46,45,46,21,14,255,0,0,0,0,0,3,3,13,3,17,3,5,4,4,0,60,0,8,17,34,22,35,28,24
CED604,0,3,16,51,32,29,39,36,4,9,5,9,0,0,3,233,3,3,16,5,6,15,61,118,19,29,21,30,30,19,20,386,0,3,17,12,0,7,0,0,0,0,0,0,0,0,3,44,0,6,3,3,0,0,3,0,3,0,0,0,0,0,0,14,0,0,11,5,7,6,10,4,0,0,0,0,0,0,0,33,3,120,114,92,66,40,52,26,4,7,3,3,4,3,20,561,3,6,43,39,4,10,0,3,0,0,3,0,0,0,5,119,0,3,7,14,8,11,11,13,0,3,4,4,0,0,0,70,0,12,10,31,6,20,36,68,8,10,11,31,26,14,9,279,0,6,5,9,4,0,17,19,0,3,0,5,3,0,3,74,0,0,0,3,3,4,9,15,0,3,10,0,0,4,0,52,0,0,0,0,0,0,0,3,0,0,0,0,0,0,0,8,0,6,16,36,28,25,14,7
CED605,0,0,13,28,23,14,15,10,0,5,6,0,0,0,3,125,0,3,3,3,6,4,8,12,4,5,0,3,18,0,6,87,0,3,6,3,0,0,0,0,0,0,0,0,0,0,0,17,0,7,4,0,0,0,0,0,0,0,0,0,0,0,0,13,0,0,3,3,9,8,4,0,0,0,0,0,4,0,0,33,0,109,87,65,43,29,33,24,3,0,0,3,5,0,13,404,0,10,14,13,4,0,0,0,0,0,0,0,0,0,0,33,0,0,3,5,7,0,0,5,0,3,0,3,3,0,3,32,0,6,3,18,10,0,3,19,0,6,5,5,3,0,4,89,0,10,6,0,0,3,3,5,0,0,0,3,0,0,0,42,0,0,0,0,0,3,0,0,0,0,0,0,0,0,0,11,0,0,0,0,0,0,0,0,0,0,0,0,0,0,0,4,0,5,15,29,20,10,14,4
CED694,0,0,0,0,0,0,0,0,0,0,0,0,0,0,0,6,0,0,0,0,0,0,0,0,0,0,3,0,0,3,0,9,0,0,0,0,0,0,0,0,0,0,0,0,0,0,0,0,0,0,0,0,0,0,0,0,0,0,0,0,0,0,0,0,0,0,0,0,0,0,0,0,0,0,0,0,0,0,0,0,0,0,0,0,0,0,0,0,0,0,0,0,0,3,0,6,0,0,0,0,0,0,0,0,0,0,0,0,0,0,0,0,0,0,0,0,0,0,0,0,0,0,0,0,0,0,0,4,0,0,0,0,0,0,0,0,0,0,0,0,0,0,4,6,0,0,0,0,0,0,0,0,0,0,0,0,0,0,0,0,0,0,0,0,0,0,0,0,0,0,0,0,0,0,0,0,0,0,0,0,0,0,0,0,0,0,0,0,0,0,0,0,0,0,0,0,0,0,0,0
CED697,0,0,0,0,0,0,0,0,0,0,0,0,0,0,0,0,0,0,0,0,0,0,0,0,0,0,0,0,0,0,0,0,0,0,0,0,0,0,0,0,0,0,0,0,0,0,0,0,0,0,0,0,0,0,0,0,0,0,0,0,0,0,0,0,0,0,0,0,0,0,0,0,0,0,0,0,0,0,0,0,0,0,0,0,0,0,0,0,0,0,0,0,0,0,0,0,0,0,0,0,0,0,0,0,0,0,0,0,0,0,0,0,0,0,0,0,0,0,0,0,0,0,0,0,0,0,0,0,0,0,0,0,0,0,0,0,0,0,0,0,0,0,0,0,0,0,0,0,0,0,0,0,0,0,0,0,0,0,0,0,0,0,0,0,0,0,0,0,0,0,0,0,0,0,0,0,0,0,0,0,0,0,0,0,0,0,0,0,0,0,0,0,0,0,0,0,0,0,0,0
CED701,0,0,4,22,11,15,19,22,3,6,4,0,11,3,3,127,0,0,5,0,3,10,27,54,8,7,7,4,12,13,32,177,0,0,4,8,0,0,0,0,0,0,0,0,0,0,0,12,0,0,0,4,0,4,0,0,0,0,0,0,0,0,0,11,0,0,6,13,8,23,31,47,7,23,7,16,4,14,7,208,0,46,37,36,36,30,33,31,11,14,8,7,19,12,23,346,0,0,14,13,5,5,4,3,3,0,0,0,0,0,6,57,0,0,0,3,7,5,14,10,3,0,9,3,13,0,6,77,0,9,10,13,11,17,84,424,36,87,58,69,59,46,35,957,0,8,4,5,10,11,31,29,9,5,12,12,17,7,20,185,0,0,0,0,3,3,3,8,3,3,0,0,0,3,29,57,0,0,0,0,0,0,9,6,0,0,0,0,0,0,15,32,0,3,5,34,17,24,25,37
CED702,0,5,5,36,22,24,20,42,11,15,4,9,12,7,5,225,0,10,10,14,33,59,101,428,31,51,53,79,84,43,36,1031,0,0,11,10,0,3,5,0,0,0,0,0,0,0,0,28,0,0,0,8,0,3,4,10,0,4,3,0,0,5,0,41,0,0,6,7,22,43,42,42,3,4,15,9,10,0,7,217,0,69,61,71,41,34,77,96,14,14,11,27,19,15,16,559,0,34,210,245,125,60,108,115,47,74,76,30,30,20,46,1210,3,0,11,21,39,56,29,15,0,7,6,5,5,4,6,220,0,11,8,54,46,59,217,938,175,200,179,232,289,170,65,2646,0,0,3,39,67,133,182,199,42,29,46,44,44,60,34,924,0,0,0,0,3,7,7,36,6,16,21,11,18,0,0,126,0,0,0,0,0,0,4,4,0,3,0,0,0,0,0,13,0,7,6,37,18,32,37,206
CED794,0,0,0,0,0,0,0,0,0,0,0,0,4,4,0,5,0,0,0,0,0,0,0,0,0,0,0,0,0,0,0,0,0,0,0,0,0,0,0,0,0,0,0,0,0,0,0,0,0,0,0,0,0,0,0,0,0,0,0,0,0,0,0,0,0,0,0,0,0,0,0,0,0,0,0,0,0,0,0,3,0,3,3,3,0,0,0,6,0,0,0,0,3,6,4,28,0,0,0,0,0,0,0,0,0,0,0,0,0,0,0,0,0,0,0,0,0,0,0,0,0,0,0,0,0,0,0,0,0,0,0,0,0,0,0,3,0,0,0,0,0,0,0,3,0,0,0,0,0,0,0,0,0,0,0,0,0,0,0,0,0,0,0,0,0,0,0,0,0,0,0,0,0,0,0,0,0,0,0,0,0,0,0,0,0,0,0,0,0,0,0,0,0,0,0,0,0,0,0,0
CED797,0,0,0,0,0,0,0,0,0,0,0,0,0,0,0,0,0,0,0,0,0,0,0,0,0,0,0,0,0,0,0,0,0,0,0,0,0,0,0,0,0,0,0,0,0,0,0,0,0,0,0,0,0,0,0,0,0,0,0,0,0,0,0,0,0,0,0,0,0,0,0,0,0,0,0,0,0,0,0,0,0,0,0,0,0,0,0,0,0,0,0,0,0,0,0,0,0,0,0,0,0,0,0,0,0,0,0,0,0,0,0,0,0,0,0,0,0,0,0,0,0,0,0,0,0,0,0,0,0,0,0,0,0,0,0,0,0,0,0,0,0,0,0,0,0,0,0,0,0,0,0,0,0,0,0,0,0,15,9,25,0,0,0,0,0,0,0,0,0,0,0,0,0,0,0,0,0,0,0,0,0,0,0,0,0,0,0,0,0,0,0,0,0,0,0,0,0,0,0,0
CED801,0,4,28,97,85,79,103,58,20,16,13,21,32,12,12,589,6,20,37,28,97,363,538,476,129,142,232,398,608,288,131,3496,0,7,134,272,22,43,28,7,0,0,0,0,0,0,26,538,0,21,14,29,10,19,26,19,0,4,13,14,6,3,9,184,3,0,6,12,51,95,57,78,4,12,11,16,17,10,16,388,3,387,224,134,85,80,92,61,9,11,10,12,17,16,34,1179,0,63,195,93,19,11,11,13,14,3,7,6,3,0,11,442,5,7,21,63,117,187,123,48,15,16,25,44,38,30,21,759,6,26,29,158,133,331,567,1265,244,270,316,384,386,189,90,4399,0,17,18,36,34,49,89,63,12,26,15,30,51,58,13,513,0,4,4,14,43,73,62,66,30,32,22,14,14,9,3,379,0,0,0,0,10,15,78,65,12,10,12,25,28,30,0,292,0,12,26,69,48,89,42,28
CED802,0,0,8,86,58,89,115,81,19,17,20,20,26,13,8,569,3,11,26,33,111,552,1370,1557,338,353,456,809,1068,809,361,7850,0,4,178,361,46,78,41,14,0,7,8,9,3,0,20,760,0,5,12,23,11,29,49,47,4,4,24,19,17,16,5,260,0,5,9,23,45,142,155,108,3,12,6,17,22,5,14,563,0,316,168,90,66,78,133,73,11,21,11,18,24,6,36,1054,0,54,206,158,39,13,21,0,3,4,8,6,9,4,23,536,6,5,19,41,128,240,211,88,19,29,23,34,36,17,30,920,0,16,14,104,96,375,1523,1964,258,231,248,416,378,204,172,6011,0,16,15,10,47,60,140,118,25,32,46,61,92,110,9,785,0,0,3,0,25,52,76,87,44,52,39,37,26,11,10,461,0,0,0,5,6,15,41,69,8,6,9,13,25,49,0,246,0,11,29,56,33,53,42,60
CED894,0,0,0,0,0,0,0,0,0,0,0,0,0,0,0,0,0,0,0,0,0,0,0,3,0,0,0,0,0,3,0,14,0,0,0,0,0,0,0,0,0,0,0,0,0,0,0,0,0,0,0,0,0,0,0,0,0,0,0,0,0,0,0,4,0,0,0,0,0,0,0,0,0,0,0,0,0,0,0,0,0,0,0,0,0,0,0,0,0,0,0,0,0,0,0,3,0,0,0,0,0,0,0,0,0,0,0,0,0,0,0,0,0,0,0,0,0,0,0,0,0,0,0,0,0,0,0,4,0,0,0,0,0,0,0,4,3,0,0,0,3,0,3,10,0,0,0,0,0,0,0,0,0,0,0,0,0,0,0,0,0,0,0,0,0,0,0,0,0,0,0,0,0,0,0,0,0,0,0,0,0,0,0,0,0,0,0,0,0,0,0,0,0,0,0,0,0,0,0,0
CED897,0,0,0,0,0,0,0,0,0,0,0,0,0,0,0,0,0,0,0,0,0,0,0,0,0,0,0,0,0,0,0,0,0,0,0,0,0,0,0,0,0,0,0,0,0,0,0,0,0,0,0,0,0,0,0,0,0,0,0,0,0,0,0,0,0,0,0,0,0,0,0,0,0,0,0,0,0,0,0,0,0,0,0,0,0,0,0,0,0,0,0,0,0,0,0,0,0,0,0,0,0,0,0,0,0,0,0,0,0,0,0,0,0,0,0,0,0,0,0,0,0,0,0,0,0,0,0,0,0,0,0,0,0,0,0,0,0,0,0,0,0,0,0,0,0,0,0,0,0,0,0,0,0,0,0,0,0,0,0,0,0,0,0,0,0,0,0,0,0,0,0,0,0,0,0,0,0,0,0,0,0,0,0,0,0,0,0,0,0,0,0,0,0,0,0,0,0,0,0,0
CED994,0,0,0,0,0,0,0,0,0,0,0,0,0,0,0,0,0,0,0,0,0,0,0,0,0,0,0,0,0,0,0,0,0,0,0,0,0,0,0,0,0,0,0,0,0,0,0,0,0,0,0,0,0,0,0,0,0,0,0,0,0,0,0,0,0,0,0,0,0,0,0,0,0,0,0,0,0,0,0,0,0,0,0,0,0,0,0,0,0,0,0,0,0,0,0,0,0,0,0,0,0,0,0,0,0,0,0,0,0,0,0,0,0,0,0,0,0,0,0,0,0,0,0,0,0,0,0,0,0,0,0,0,0,0,0,0,0,0,0,0,0,0,0,0,0,0,0,0,0,0,0,0,0,0,0,0,0,0,0,0,0,0,0,0,0,0,0,0,0,0,0,0,0,0,0,0,0,0,0,0,0,0,0,0,0,0,0,0,0,0,0,0,0,0,0,0,0,0,0,0
CED997,0,0,0,0,0,0,0,0,0,0,0,0,0,0,0,0,0,0,0,0,0,0,0,0,0,0,0,0,0,0,0,0,0,0,0,0,0,0,0,0,0,0,0,0,0,0,0,0,0,0,0,0,0,0,0,0,0,0,0,0,0,0,0,0,0,0,0,0,0,0,0,0,0,0,0,0,0,0,0,0,0,0,0,0,0,0,0,0,0,0,0,0,0,0,0,0,0,0,0,0,0,0,0,0,0,0,0,0,0,0,0,0,0,0,0,0,0,0,0,0,0,0,0,0,0,0,0,0,0,0,0,0,0,0,0,0,0,0,0,0,0,0,0,0,0,0,0,0,0,0,0,0,0,0,0,0,0,0,0,0,0,0,0,0,0,0,0,0,0,0,0,0,0,0,0,0,0,0,0,0,0,0,0,0,0,0,0,0,0,0,0,0,0,0,0,0,0,0,0,0