CED_CODE_2016,M_SE_Europe_nfd_0_4,M_SE_Europe_nfd_5_14,M_SE_Europe_nfd_15_24,M_SE_Europe_nfd_25_44,M_SE_Europe_nfd_45_54,M_SE_Europe_nfd_55_64,M_SE_Europe_nfd_65_74,M_SE_Europe_nfd_75_84,M_SE_Europe_nfd_85ov,M_SE_Europe_nfd_Tot,M_Sri_Lanka_0_4,M_Sri_Lanka_5_14,M_Sri_Lanka_15_24,M_Sri_Lanka_25_44,M_Sri_Lanka_45_54,M_Sri_Lanka_55_64,M_Sri_Lanka_65_74,M_Sri_Lanka_75_84,M_Sri_Lanka_85ov,M_Sri_Lanka_Tot,M_Taiwan_0_4,M_Taiwan_5_14,M_Taiwan_15_24,M_Taiwan_25_44,M_Taiwan_45_54,M_Taiwan_55_64,M_Taiwan_65_74,M_Taiwan_75_84,M_Taiwan_85ov,M_Taiwan_Tot,M_Thailand_0_4,M_Thailand_5_14,M_Thailand_15_24,M_Thailand_25_44,M_Thailand_45_54,M_Thailand_55_64,M_Thailand_65_74,M_Thailand_75_84,M_Thailand_85ov,M_Thailand_Tot,M_FYROM_0_4,M_FYROM_5_14,M_FYROM_15_24,M_FYROM_25_44,M_FYROM_45_54,M_FYROM_55_64,M_FYROM_65_74,M_FYROM_75_84,M_FYROM_85ov,M_FYROM_Tot,M_Turkey_0_4,M_Turkey_5_14,M_Turkey_15_24,M_Turkey_25_44,M_Turkey_45_54,M_Turkey_55_64,M_Turkey_65_74,M_Turkey_75_84,M_Turkey_85ov,M_Turkey_Tot,M_USA_0_4,M_USA_5_14,M_USA_15_24,M_USA_25_44,M_USA_45_54,M_USA_55_64,M_USA_65_74,M_USA_75_84,M_USA_85ov,M_USA_Tot,M_Vietnam_0_4,M_Vietnam_5_14,M_Vietnam_15_24,M_Vietnam_25_44,M_Vietnam_45_54,M_Vietnam_55_64,M_Vietnam_65_74,M_Vietnam_75_84,M_Vietnam_85ov,M_Vietnam_Tot,M_Wales_0_4,M_Wales_5_14,M_Wales_15_24,M_Wales_25_44,M_Wales_45_54,M_Wales_55_64,M_Wales_65_74,M_Wales_75_84,M_Wales_85ov,M_Wales_Tot,M_Zimbabwe_0_4,M_Zimbabwe_5_14,M_Zimbabwe_15_24,M_Zimbabwe_25_44,M_Zimbabwe_45_54,M_Zimbabwe_55_64,M_Zimbabwe_65_74,M_Zimbabwe_75_84,M_Zimbabwe_85ov,M_Zimbabwe_Tot,M_Elsewhere_0_4,M_Elsewhere_5_14,M_Elsewhere_15_24,M_Elsewhere_25_44,M_Elsewhere_45_54,M_Elsewhere_55_64,M_Elsewhere_65_74,M_Elsewhere_75_84,M_Elsewhere_85ov,M_Elsewhere_Tot,M_COB_NS_0_4,M_COB_NS_5_14,M_COB_NS_15_24,M_COB_NS_25_44,M_COB_NS_45_54,M_COB_NS_55_64,M_COB_NS_65_74,M_COB_NS_75_84,M_COB_NS_85ov,M_COB_NS_Tot,M_Tot_0_4,M_Tot_5_14,M_Tot_15_24,M_Tot_25_44,M_Tot_45_54,M_Tot_55_64,M_Tot_65_74,M_Tot_75_84,M_Tot_85ov,M_Tot_Tot,F_Afghanistan_0_4,F_Afghanistan_5_14,F_Afghanistan_15_24,F_Afghanistan_25_44,F_Afghanistan_45_54,F_Afghanistan_55_64,F_Afghanistan_65_74,F_Afghanistan_75_84,F_Afghanistan_85ov,F_Afghanistan_Tot,F_Australia_0_4,F_Australia_5_14,F_Australia_15_24,F_Australia_25_44,F_Australia_45_54,F_Australia_55_64,F_Australia_65_74,F_Australia_75_84,F_Australia_85ov,F_Australia_Tot,F_Bangladesh_0_4,F_Bangladesh_5_14,F_Bangladesh_15_24,F_Bangladesh_25_44,F_Bangladesh_45_54,F_Bangladesh_55_64,F_Bangladesh_65_74,F_Bangladesh_75_84,F_Bangladesh_85ov,F_Bangladesh_Tot,F_Bosnia_Herzegov_0_4,F_Bosnia_Herzegov_5_14,F_Bosnia_Herzegov_15_24,F_Bosnia_Herzegov_25_44,F_Bosnia_Herzegov_45_54,F_Bosnia_Herzegov_55_64,F_Bosnia_Herzegov_65_74,F_Bosnia_Herzegov_75_84,F_Bosnia_Herzegov_85ov,F_Bosnia_Herzegov_Tot,F_Cambodia_0_4,F_Cambodia_5_14,F_Cambodia_15_24,F_Cambodia_25_44,F_Cambodia_45_54,F_Cambodia_55_64,F_Cambodia_65_74,F_Cambodia_75_84,F_Cambodia_85ov,F_Cambodia_Tot,F_Canada_0_4,F_Canada_5_14,F_Canada_15_24,F_Canada_25_44,F_Canada_45_54,F_Canada_55_64,F_Canada_65_74,F_Canada_75_84,F_Canada_85ov,F_Canada_Tot,F_Chile_0_4,F_Chile_5_14,F_Chile_15_24,F_Chile_25_44,F_Chile_45_54,F_Chile_55_64,F_Chile_65_74,F_Chile_75_84,F_Chile_85ov,F_Chile_Tot
CED101,0,0,0,11,20,25,18,15,3,91,0,3,8,42,17,16,20,4,0,122,7,11,19,131,8,17,9,3,0,198,3,6,38,99,30,16,6,0,0,208,3,6,12,136,168,181,145,74,10,738,0,0,4,23,23,23,10,9,0,97,4,20,26,57,24,24,14,7,0,172,3,16,57,341,289,231,85,40,14,1079,0,3,0,16,9,10,3,5,0,50,0,0,5,19,12,5,3,0,0,40,20,77,197,866,475,394,279,168,60,2525,180,339,406,993,481,461,365,250,126,3599,4854,9212,10381,21205,9952,8985,6071,3598,1513,75773,0,0,0,3,3,0,0,0,0,11,4236,7565,6700,9964,4781,4036,3048,2280,1805,44409,3,18,65,199,18,7,0,0,0,309,0,0,4,49,53,26,19,12,0,165,0,0,0,25,6,5,0,4,0,41,3,9,9,37,12,6,8,3,0,87,0,7,0,49,38,29,36,16,0,176
CED102,0,0,3,18,21,28,30,17,8,125,0,4,9,56,14,15,12,6,3,115,0,7,15,166,11,15,6,0,0,213,3,22,41,239,39,24,8,3,0,374,3,8,33,218,240,381,420,201,67,1576,0,3,12,79,58,35,24,9,8,226,12,36,22,100,41,19,9,7,0,243,18,29,141,490,236,264,113,29,15,1328,0,0,3,11,6,6,4,0,0,35,3,3,9,24,8,0,0,0,0,43,42,114,389,2136,652,561,504,263,111,4774,285,447,645,1934,662,554,423,357,248,5552,5341,8993,11544,29981,10241,8273,5916,3854,1582,85720,0,0,0,7,3,0,0,0,0,14,4440,6887,6317,10541,4097,2411,1405,930,869,37902,10,24,157,598,53,23,3,0,0,877,0,0,3,32,19,30,12,12,0,119,0,3,3,24,14,19,3,0,3,69,0,3,3,47,12,7,3,0,3,84,0,0,10,58,49,48,42,20,0,236
CED103,0,0,0,21,13,21,15,11,5,79,10,35,58,304,146,146,95,40,9,847,5,29,71,251,44,42,30,10,0,487,3,6,37,105,27,19,4,3,0,199,0,4,3,12,9,12,16,0,0,54,0,0,0,42,28,15,19,8,3,118,14,56,55,121,61,26,21,6,5,354,8,15,69,219,105,92,23,20,4,559,0,0,6,13,17,9,10,7,4,73,0,4,13,45,11,9,3,0,0,81,61,143,211,1093,439,324,230,163,56,2708,177,257,418,1140,442,372,286,195,117,3410,5144,9429,11748,26010,10362,8823,5896,3406,1551,82368,3,0,5,52,38,34,13,3,3,153,4389,7026,6524,8764,4370,3607,2559,2097,1636,40972,0,16,44,148,16,8,3,0,0,246,0,0,3,19,8,6,8,4,0,47,0,3,7,20,10,3,6,0,0,58,3,4,19,57,24,22,7,0,0,142,0,0,5,32,21,20,28,8,0,119
CED104,0,0,0,3,8,8,11,3,3,37,3,29,58,196,189,211,103,29,8,831,4,9,31,106,35,45,33,3,0,262,0,4,21,29,14,15,0,0,0,81,0,0,0,0,0,0,0,0,0,8,0,3,3,12,17,17,0,0,0,49,8,71,59,105,64,50,27,9,3,390,0,10,11,65,65,50,26,0,0,226,3,7,6,19,30,13,20,5,0,103,0,3,5,35,25,24,11,0,0,111,16,104,152,427,363,277,242,147,63,1788,106,233,267,624,386,324,281,199,83,2511,4094,10412,10158,15431,10556,9262,6704,3389,1298,71298,0,0,0,29,15,16,12,3,0,81,3419,8416,7395,8831,6110,5046,3988,2249,1473,46925,0,0,3,24,21,9,8,3,0,70,0,0,0,10,6,0,0,0,0,21,0,0,3,9,6,6,0,0,0,29,3,12,21,56,43,21,16,4,7,182,0,0,3,11,22,15,25,4,6,84
CED105,0,0,0,10,18,20,17,18,0,74,4,23,96,432,118,93,52,21,12,854,3,4,37,261,4,8,9,0,0,330,0,11,37,84,7,10,3,5,0,162,0,3,11,68,120,167,161,70,14,619,3,21,62,320,346,223,140,60,9,1178,6,16,27,39,9,14,3,0,0,114,34,115,466,1846,1579,1543,522,197,85,6378,0,0,0,0,3,0,7,0,4,18,0,5,11,20,4,4,0,0,0,47,69,272,479,1643,777,546,394,204,103,4485,396,678,769,1768,727,613,475,268,108,5799,6791,12133,13355,27767,10327,8823,5744,2935,1196,89077,11,81,197,413,91,47,11,11,3,854,5829,9153,7477,8356,2076,1875,1450,983,980,38182,4,22,66,367,37,14,0,0,0,510,0,0,11,47,26,31,27,16,0,158,0,5,9,54,59,48,38,15,3,234,3,3,11,11,4,0,0,0,0,38,0,0,0,22,34,35,30,10,0,132
CED106,0,0,0,8,16,14,3,13,0,45,6,5,16,131,98,65,37,18,12,390,13,22,56,331,53,67,62,12,0,608,6,22,24,97,22,9,4,3,0,183,0,0,0,3,7,0,0,0,0,17,0,3,3,16,23,15,3,4,3,67,25,150,94,117,115,68,40,16,7,628,5,3,8,130,54,39,8,3,3,260,0,4,0,16,25,18,16,4,5,92,0,3,11,57,43,39,14,4,0,165,31,191,162,709,428,304,211,169,85,2283,144,313,385,733,423,309,259,190,172,2945,4640,11808,10283,18523,11157,8403,6275,3944,1909,76948,0,0,3,13,12,4,0,0,0,36,3827,8391,6774,7213,5288,3959,3539,2679,1966,43635,0,0,3,26,3,0,4,0,0,40,0,0,0,3,3,6,0,0,0,14,0,0,3,9,6,5,0,0,0,29,3,26,24,70,55,34,25,7,0,244,0,0,0,20,24,15,28,7,3,101
CED107,0,0,0,0,11,6,10,9,0,39,0,6,5,26,12,9,0,0,0,63,0,0,6,4,3,3,0,0,0,14,0,4,9,27,3,0,0,0,0,52,0,0,0,4,7,3,3,3,0,18,0,0,0,12,4,0,0,0,0,17,0,19,18,35,23,17,21,9,0,138,0,3,7,56,23,11,0,0,0,104,0,0,0,8,17,4,24,9,0,60,0,14,8,28,12,15,3,0,0,73,3,27,44,174,93,122,119,92,21,687,331,672,819,1582,1050,1038,998,515,175,7188,5437,11173,10176,18986,10536,10277,8555,4204,1288,80634,0,0,0,6,0,0,0,0,0,6,4706,9388,8344,15473,8595,8161,6496,3667,1733,66563,0,3,4,20,0,0,0,0,0,31,0,0,0,4,3,3,4,0,0,8,0,0,0,11,0,0,0,0,0,16,0,3,10,35,18,11,6,3,3,98,0,0,0,0,3,7,3,0,0,15
CED108,0,0,0,13,21,31,32,31,5,129,6,48,60,340,111,89,61,20,7,747,0,0,5,20,5,3,3,0,0,37,0,9,21,37,6,6,6,0,0,89,0,0,7,7,5,13,9,9,0,52,3,4,24,81,87,53,45,17,0,314,3,23,23,41,14,21,3,0,0,141,0,0,5,81,67,64,23,5,7,251,0,0,0,5,0,3,10,6,0,26,0,0,8,15,8,10,0,0,0,48,29,303,590,1467,903,740,436,221,71,4758,430,739,785,1397,714,612,451,217,74,5405,6954,13275,12870,24092,10421,8472,5482,2288,652,84513,3,25,108,281,79,64,24,5,0,594,5924,9734,8069,10171,4048,3184,2270,1134,432,44969,16,58,40,471,65,31,10,3,0,696,0,0,12,32,24,31,15,9,0,132,0,0,3,30,5,8,6,0,0,54,0,8,6,21,6,6,0,0,0,48,0,0,4,47,39,45,36,10,7,184
CED109,0,0,0,7,17,15,11,15,0,73,0,0,0,8,12,15,8,0,3,46,0,3,0,14,0,9,9,0,0,37,0,9,19,34,9,0,0,0,0,76,4,0,12,53,88,86,56,27,6,334,3,0,11,34,20,12,21,9,3,108,4,24,16,71,42,18,19,6,5,208,0,3,4,36,38,30,20,3,0,138,0,3,6,20,23,17,19,8,0,88,0,3,0,20,8,3,3,0,0,42,17,93,102,682,367,287,302,154,57,2069,150,310,350,1096,494,492,414,246,140,3694,4297,8573,7936,17438,9387,8196,6276,3730,1666,67499,0,0,0,0,0,0,0,0,0,0,3691,7329,6602,12826,6392,5588,4085,2927,2056,51486,4,3,7,31,10,6,0,0,0,58,0,0,4,39,18,20,5,9,0,91,0,0,0,14,7,7,4,0,0,41,0,9,13,70,33,27,7,4,3,162,0,0,8,33,39,29,39,5,3,156
CED110,0,0,0,3,3,10,8,3,3,32,0,0,4,10,10,0,5,0,0,27,0,3,7,15,3,0,3,0,0,28,4,12,18,9,3,0,0,0,0,54,0,0,0,0,0,0,0,0,0,3,0,0,0,3,7,0,0,0,0,17,6,16,8,54,25,38,59,15,0,225,0,0,0,24,13,4,0,0,0,44,0,3,4,21,16,15,15,15,8,97,0,5,0,18,10,12,12,3,0,57,20,93,85,208,131,138,163,103,40,974,217,514,550,1135,860,1071,975,638,274,6232,4117,9777,8393,15168,9698,11519,10538,5740,2088,77043,0,11,23,24,12,3,0,0,0,72,3743,8473,6989,13143,8472,9602,8043,4796,2495,65761,0,0,0,4,0,0,0,0,0,7,0,0,0,3,0,3,0,3,0,8,0,3,3,8,3,0,0,0,0,11,3,0,3,46,26,35,23,5,5,150,0,0,0,10,9,3,5,0,0,26
CED111,0,0,3,29,29,37,39,56,12,201,0,4,37,59,16,11,8,4,0,141,0,0,10,19,3,3,0,0,0,42,3,24,46,71,12,3,0,3,0,170,0,3,7,67,190,266,302,170,39,1042,0,3,5,51,91,32,30,26,3,243,3,18,46,86,51,35,30,10,3,273,7,16,85,102,54,74,25,10,4,366,0,4,3,17,44,43,28,21,12,161,0,3,7,27,5,6,3,0,0,49,60,161,228,614,331,275,266,211,100,2247,205,327,547,1153,638,631,558,369,158,4582,4566,9341,11726,20055,10023,8927,6701,3994,1536,76868,0,0,3,4,3,0,6,0,0,19,3980,7853,8800,14577,6996,6114,3936,2449,1500,56204,0,3,10,20,3,0,0,0,0,39,0,3,3,42,15,27,14,15,3,122,0,0,0,10,0,3,0,0,0,10,4,8,17,89,36,25,12,6,3,197,0,0,4,35,47,30,54,22,6,203
CED112,0,0,0,0,5,6,5,7,3,25,0,0,0,19,3,6,11,7,0,48,0,3,4,3,3,0,0,0,0,13,0,8,10,21,5,5,0,0,0,52,0,0,0,0,0,3,0,0,0,5,0,0,0,0,3,5,0,3,0,18,0,21,20,58,42,41,26,6,0,214,0,6,0,25,14,3,0,0,0,56,0,6,0,17,19,23,33,15,3,113,0,3,3,25,11,11,5,0,3,68,8,28,34,225,180,156,187,134,34,986,193,459,479,1067,690,689,638,446,262,4915,4810,10639,9407,17312,9775,8998,7483,4263,1766,74437,0,0,3,4,0,3,0,0,0,5,4344,9116,8324,15137,7789,7411,5840,3598,2088,63639,0,0,7,5,3,0,0,0,0,17,0,0,0,0,3,7,0,5,0,16,0,0,0,11,4,0,0,0,0,22,0,4,9,39,20,16,10,3,3,99,0,0,0,14,11,13,8,10,3,64
CED113,0,0,0,6,13,17,16,22,3,67,3,6,3,20,13,13,11,4,0,75,0,0,8,27,0,0,0,0,0,32,5,18,14,24,5,3,0,0,0,63,3,0,3,58,64,66,57,20,11,283,0,3,0,8,8,5,0,0,0,20,11,39,30,67,45,41,53,8,0,303,0,0,5,29,18,12,0,0,0,68,0,0,0,9,24,26,19,11,0,81,0,0,0,17,11,11,6,0,0,50,7,43,32,247,178,194,229,169,39,1129,275,505,595,1431,1027,1059,840,482,172,6379,4318,9484,8025,16603,10845,10948,8429,3921,1192,73772,0,0,0,4,0,0,0,0,0,4,3605,8063,6631,13159,8386,8029,5498,2663,1309,57346,3,6,12,57,4,0,0,0,0,79,0,0,0,3,4,6,0,7,0,17,0,3,0,4,0,8,0,0,0,18,3,13,3,53,26,44,19,5,0,171,0,0,0,4,18,5,11,3,0,41
CED114,0,0,0,0,3,3,4,7,0,23,3,13,4,54,18,8,3,0,0,101,0,0,20,81,0,0,0,0,0,103,6,8,11,8,7,0,0,0,0,39,0,0,0,0,0,0,0,0,0,4,3,0,3,17,23,5,3,0,0,59,3,10,11,29,16,18,17,3,0,103,0,4,5,9,5,3,0,0,0,33,0,0,0,11,4,7,19,11,0,55,0,3,8,15,15,3,0,0,0,49,7,43,65,277,148,130,110,82,30,892,348,756,813,1689,1051,1219,1084,664,259,7892,5226,10738,9791,18035,10470,11207,9033,4981,1699,81180,0,4,7,15,0,0,0,0,0,26,4449,9315,8096,14631,8625,8800,6730,4034,1929,66614,3,3,7,35,0,0,0,0,0,52,0,0,0,0,0,0,0,0,0,6,0,0,0,3,0,0,0,0,0,3,0,4,3,23,5,4,5,0,0,50,0,0,0,3,3,3,3,0,0,17
CED115,0,0,6,93,82,96,104,65,17,469,0,9,20,41,22,14,21,9,3,138,0,0,5,11,6,10,6,0,0,40,11,32,60,333,38,39,11,0,0,517,5,3,13,69,63,103,78,30,5,373,9,10,8,40,63,48,35,10,0,221,4,4,12,30,9,13,4,0,0,77,62,258,755,3408,2971,2474,912,308,145,11295,0,0,0,0,0,4,5,6,0,18,0,10,12,19,15,0,0,0,0,57,63,282,433,1510,1063,937,770,371,116,5531,384,678,724,1666,779,707,473,235,95,5731,5438,10714,12127,21720,10860,9753,6159,3050,1116,80936,3,7,25,48,6,6,0,3,0,90,4402,7847,7353,6333,2072,1876,1005,642,326,31849,3,4,7,91,8,5,3,0,0,124,0,3,38,181,120,122,60,42,13,575,12,38,178,1075,688,612,287,139,78,3105,3,0,3,10,0,0,3,0,0,18,0,5,10,117,125,138,142,48,11,593
CED116,0,0,0,0,7,12,17,20,4,49,0,0,0,15,3,3,3,3,0,34,0,0,3,3,0,0,0,0,0,3,0,7,16,24,5,0,0,0,0,58,0,0,0,0,10,11,13,3,0,36,0,0,0,0,3,0,4,0,0,10,0,26,15,37,34,43,51,7,7,221,3,0,4,30,20,4,4,0,0,65,0,0,0,7,19,31,30,18,7,115,0,0,3,13,3,8,6,0,0,28,3,18,14,116,100,150,255,166,53,875,192,483,545,1136,830,978,1001,624,259,6047,3791,8672,7724,14116,9098,11519,11335,5945,1966,74171,0,0,0,0,0,0,0,0,0,0,3382,7476,6325,11774,7427,9461,7867,4266,2011,59984,0,4,0,14,0,0,0,0,0,12,0,0,0,0,3,4,0,3,0,18,0,0,0,3,0,0,3,0,0,10,0,3,10,39,19,24,24,7,0,130,0,0,6,7,8,15,10,3,3,48
CED117,0,0,0,12,13,15,11,10,0,66,0,0,11,61,21,18,9,6,0,136,0,6,17,73,10,4,0,0,0,108,3,14,53,322,44,28,9,3,0,472,0,0,0,20,13,17,20,16,3,92,0,3,13,84,40,19,20,7,0,184,25,65,48,259,120,52,33,9,3,616,6,31,122,353,159,189,80,31,20,988,0,0,0,41,32,22,17,3,0,116,0,0,0,21,10,3,0,0,0,38,22,79,148,1213,465,370,402,243,82,3026,296,431,552,2399,874,634,431,241,76,5920,4580,7423,7579,27513,10352,7222,4801,2449,910,72829,0,0,0,6,0,0,0,0,0,9,4011,5835,5467,16249,6053,4106,2294,855,576,45447,0,4,16,83,12,7,0,0,0,117,0,0,0,19,12,4,5,9,3,51,0,3,3,26,8,8,3,5,0,56,3,8,19,161,40,35,16,4,0,293,3,0,4,71,24,19,30,3,3,155
CED118,0,0,0,27,16,32,33,17,8,136,18,123,218,1184,453,324,154,51,6,2516,3,3,11,39,4,13,5,0,0,80,3,7,25,38,11,6,4,3,0,94,0,0,0,6,8,8,6,0,0,30,0,3,27,126,92,57,26,11,0,337,12,55,66,77,38,28,9,3,0,290,3,3,7,76,39,34,11,3,0,182,0,0,0,4,10,8,5,6,5,40,0,9,32,36,24,13,0,0,0,109,33,155,351,960,487,407,268,160,38,2869,258,394,409,1275,540,437,290,157,77,3828,6970,12829,11074,28037,10615,8034,5022,2175,655,85421,0,4,74,260,88,84,31,6,3,552,6188,9756,6791,11809,4443,3333,2154,1017,441,45941,7,26,32,295,80,39,8,3,0,493,0,0,3,28,31,24,15,14,0,108,0,0,3,22,5,6,0,0,0,37,0,9,27,40,19,10,4,3,0,106,0,0,0,45,32,27,36,8,7,159
CED119,0,0,0,7,22,14,12,5,4,61,0,7,4,26,28,33,19,3,0,114,0,0,0,19,0,3,3,0,0,28,3,11,15,43,16,0,4,0,0,91,0,0,3,47,58,59,52,11,3,238,0,0,4,17,14,7,0,3,0,45,6,29,23,51,41,25,21,3,0,202,0,14,9,107,63,60,22,9,3,281,0,0,5,23,25,14,11,8,5,85,0,4,6,20,11,4,4,3,0,49,6,70,93,535,311,267,210,102,34,1630,112,240,298,722,400,324,256,144,67,2567,5032,10235,9426,18572,9871,8357,5909,2640,1022,71070,0,0,0,3,0,0,0,0,0,3,4613,9011,7663,14157,6917,5891,4182,1936,1247,55612,0,10,5,74,34,11,4,0,0,137,0,0,0,25,15,12,8,4,0,72,0,0,3,25,6,9,5,0,0,47,0,9,9,61,32,13,11,3,0,134,0,0,4,34,42,26,17,3,0,126
CED120,0,0,0,9,11,16,14,8,0,46,0,3,3,15,11,9,7,0,0,51,0,0,0,10,6,4,3,0,0,25,0,4,10,20,5,0,0,0,0,38,0,0,0,9,11,16,8,0,0,46,0,0,3,9,8,0,0,3,0,16,3,29,13,41,34,31,26,8,5,180,0,0,6,33,13,14,3,0,0,69,0,0,4,13,22,20,22,5,0,87,0,0,7,24,12,6,0,0,0,55,10,32,46,269,208,167,163,86,35,1018,227,452,459,1099,706,655,577,313,103,4593,5238,11038,9529,18503,10160,9074,7069,3195,971,74780,0,0,4,9,5,3,0,0,0,21,4594,9647,8134,15928,8079,6864,4837,2393,1241,61708,0,0,3,19,0,0,0,0,0,24,0,0,0,9,3,4,0,0,0,24,0,0,6,21,5,3,3,0,3,43,0,3,7,40,18,14,13,3,0,108,0,0,3,26,30,14,17,5,0,102
CED121,0,0,0,0,3,5,10,3,0,25,0,8,0,20,10,7,3,7,0,50,0,0,0,12,0,0,0,0,0,13,3,3,14,33,3,0,0,0,0,57,0,0,0,0,4,6,3,5,0,27,0,0,3,5,4,0,0,0,0,13,4,20,13,45,23,13,18,6,0,158,0,5,3,28,7,7,0,0,0,48,0,0,0,12,17,8,15,10,3,65,0,3,8,17,9,10,5,0,0,60,3,34,33,164,109,94,106,60,34,646,190,509,463,1189,708,756,678,342,149,4994,5229,10407,9859,18957,10133,9883,7954,3921,1392,77730,0,0,0,0,0,0,0,0,0,0,4735,9246,8335,16215,8310,8187,6163,3538,1876,66601,3,3,0,19,0,0,0,0,0,21,0,0,0,7,4,4,0,0,0,14,0,0,0,10,3,3,0,0,0,21,0,4,3,32,12,15,8,5,3,78,0,0,0,5,12,3,6,0,0,27
CED122,0,0,5,17,15,26,12,10,5,91,0,7,28,84,23,17,23,7,4,187,3,0,41,139,17,24,11,0,0,250,4,9,84,200,28,30,8,0,0,364,0,0,0,8,8,11,8,8,0,44,0,4,14,65,87,53,33,19,3,282,15,57,79,198,68,38,34,7,0,497,5,19,73,194,68,57,28,15,3,452,4,3,3,56,18,13,8,4,3,111,0,0,6,43,18,9,3,0,0,84,61,176,487,2374,705,660,621,377,135,5587,315,461,1079,2394,806,665,513,323,131,6687,4974,8675,14608,29987,10567,7988,5748,3427,1250,87226,0,0,0,5,7,3,3,0,0,16,4211,6830,6701,12419,5080,3605,2444,1543,1099,43933,7,23,86,383,112,31,12,4,0,663,0,0,3,24,8,23,6,14,0,71,0,0,7,19,20,8,4,5,0,70,4,12,22,183,30,15,14,3,0,290,3,0,8,116,50,73,82,30,9,386
CED123,0,0,0,7,14,31,26,17,4,103,4,11,34,117,58,55,29,10,3,314,0,4,5,23,0,7,3,0,0,40,3,13,17,58,5,5,0,0,0,100,0,0,0,4,14,12,13,5,0,50,0,0,3,17,17,14,4,3,0,66,4,10,14,61,22,25,18,7,0,164,0,11,12,72,24,11,0,4,0,136,0,0,0,11,21,16,22,3,4,81,0,5,28,40,25,8,3,0,0,110,9,95,214,667,406,285,237,117,41,2078,306,515,624,1505,670,628,461,236,71,5015,6499,11571,11509,24427,10103,8709,6127,2437,710,82100,0,6,15,63,14,8,5,4,0,116,5629,10049,9379,17941,6834,5724,3482,1525,800,61359,0,11,17,93,6,10,4,0,0,138,0,0,3,17,12,20,6,10,0,69,0,0,4,24,4,5,0,0,0,34,0,3,3,34,13,17,5,4,0,79,0,0,0,24,15,22,13,16,0,96
CED124,0,0,0,0,0,0,10,12,0,20,0,0,0,9,9,5,5,0,0,28,0,0,0,0,0,0,0,0,0,0,0,6,0,9,7,0,0,0,0,22,0,0,0,0,3,0,3,0,0,7,0,0,0,0,0,0,0,0,0,3,3,15,8,23,27,19,32,15,6,145,0,0,0,4,0,0,0,0,0,11,0,0,0,3,7,13,16,7,3,59,0,0,4,10,3,7,0,3,0,31,3,14,12,62,65,97,139,80,22,501,201,437,452,923,811,990,1053,632,263,5771,3582,8733,7091,12005,9243,11128,11555,5973,1956,71269,0,0,0,0,0,0,0,0,0,0,3124,7737,6212,11331,8160,9571,8646,4802,2115,61702,0,0,0,9,0,0,0,0,0,5,0,0,0,0,0,0,0,0,0,0,0,0,0,7,0,3,0,0,0,12,0,0,8,29,17,15,10,3,4,96,0,0,0,3,3,10,10,3,0,30
CED125,0,0,3,16,21,16,21,11,3,95,9,23,13,101,52,40,27,3,5,270,0,0,3,25,0,9,0,0,0,35,3,7,23,105,12,19,9,0,0,174,0,0,3,18,33,23,12,3,0,100,0,0,0,18,10,10,5,4,0,50,9,9,17,70,37,20,13,3,0,171,3,6,13,113,72,62,16,8,0,292,0,0,3,14,12,20,15,7,0,73,0,7,24,32,29,11,0,0,0,105,19,114,255,1074,722,663,384,185,27,3448,326,610,666,1410,627,572,473,190,66,4939,6410,12044,11517,22872,9659,8839,5784,2146,508,79776,0,9,23,67,23,18,11,3,0,145,5561,9860,8795,14414,5358,5248,3005,1188,451,53881,7,47,88,659,159,39,3,3,0,1023,0,0,7,52,29,30,8,4,0,130,0,0,17,114,34,43,14,0,0,228,0,3,7,30,13,5,4,0,0,66,0,4,6,104,86,71,105,14,7,396
CED126,0,0,0,29,31,39,28,30,5,160,0,0,3,16,10,8,4,3,0,43,0,0,4,6,0,3,0,0,0,18,0,10,23,38,12,10,0,0,0,97,0,0,0,0,0,3,6,0,0,14,0,0,3,15,16,13,14,7,0,67,4,55,77,113,91,88,60,26,3,522,0,3,9,46,19,22,4,0,0,106,0,0,5,48,39,25,17,17,5,155,0,0,3,27,25,21,11,0,0,89,25,122,141,952,437,322,257,139,57,2449,176,327,343,896,518,495,422,320,130,3629,4615,10348,8598,17155,10622,8608,6978,4023,1587,72523,0,0,0,6,3,6,3,0,0,22,3931,8330,6132,11263,6729,5622,4750,2905,1951,51631,0,0,0,22,0,0,0,0,0,24,0,0,3,21,14,17,7,3,3,66,0,3,0,8,3,4,0,0,0,19,0,20,17,124,80,51,18,10,3,330,0,3,3,25,20,16,20,9,3,102
CED127,0,0,0,4,11,14,13,4,0,50,0,0,0,16,15,12,7,5,0,55,3,3,5,5,3,4,3,0,0,24,0,3,18,33,5,7,3,0,0,63,0,0,0,3,5,21,12,7,0,41,0,0,0,0,5,4,3,3,0,17,3,14,15,55,50,37,44,22,0,248,4,4,23,45,5,0,3,0,0,76,0,0,4,9,21,20,21,10,3,93,0,0,0,6,9,14,0,3,0,29,4,29,41,210,166,169,195,97,38,950,167,364,404,895,646,637,549,237,78,3972,4273,9568,8904,15935,9859,9436,7097,3054,926,69050,0,0,0,0,0,0,0,0,0,0,3850,8441,7568,13870,7870,7253,5017,2364,1137,57369,0,0,0,0,0,0,0,0,0,0,0,0,0,4,0,6,0,3,0,11,0,0,0,10,3,3,3,0,0,27,0,4,4,54,26,25,16,3,0,129,0,3,0,17,24,13,17,4,0,73
CED128,0,0,0,21,28,34,39,26,8,159,3,8,27,170,76,71,48,15,13,421,0,0,5,35,3,12,3,0,0,65,3,23,36,89,17,15,4,3,0,180,0,3,3,11,23,39,37,12,4,124,8,9,26,172,157,83,57,20,0,528,0,20,12,47,8,12,8,0,0,113,15,43,133,816,679,607,222,91,28,2639,0,0,0,6,5,8,7,3,4,33,0,3,12,12,8,4,0,0,0,35,75,286,428,1488,901,679,511,293,65,4730,309,538,561,1380,641,590,416,236,96,4757,6155,11430,11805,23508,10310,9075,6066,2949,934,82230,5,35,229,411,121,69,19,10,3,914,5354,8908,7590,10365,3721,3088,1839,983,570,42408,0,4,5,71,6,4,0,0,0,94,0,0,17,111,68,70,30,11,3,308,0,9,38,325,153,181,84,33,16,843,0,0,8,28,11,6,0,0,0,54,0,3,10,117,94,99,90,44,20,482
CED129,0,0,0,7,17,15,14,9,0,66,4,48,72,313,287,241,111,40,10,1119,4,0,14,99,17,25,12,5,0,187,10,13,20,52,11,13,4,0,0,117,0,0,0,3,7,8,3,3,0,26,0,0,3,32,65,25,12,5,4,145,22,65,107,102,44,32,22,9,0,403,0,5,12,97,70,54,17,3,3,265,0,0,3,19,13,20,7,6,0,65,0,3,17,37,31,18,5,0,0,104,32,153,185,583,398,332,240,124,38,2075,119,229,221,600,356,277,240,137,50,2236,5197,11913,9967,19539,10567,8169,6176,2765,822,75103,0,4,18,92,51,33,17,6,3,222,4607,9707,7174,10671,5193,4089,3615,1623,794,47469,0,7,10,65,35,24,9,0,0,144,0,0,0,18,18,4,0,4,0,51,0,0,4,28,10,9,0,0,0,51,0,17,27,65,21,20,12,4,3,166,0,0,4,30,33,29,30,6,0,129
CED130,0,0,0,0,3,0,3,3,0,11,0,5,8,31,12,5,0,0,0,67,0,3,17,73,0,0,0,0,0,95,3,6,12,9,3,3,0,0,0,38,0,0,0,0,0,3,0,0,0,3,0,0,0,3,3,3,0,0,0,15,5,17,25,58,39,29,29,11,5,224,3,4,16,49,8,3,0,0,0,88,0,3,4,4,11,9,8,6,0,47,0,0,3,13,12,5,0,0,0,41,18,55,54,203,63,67,63,45,5,571,307,655,762,1521,934,1102,987,561,205,7039,4758,10319,9540,16545,9530,10273,8637,4469,1327,75391,0,0,0,0,0,0,0,0,0,0,4143,9116,8093,14074,8242,8605,6908,4150,1905,65235,0,3,0,38,3,0,0,0,0,47,0,0,0,0,0,0,0,0,0,0,0,0,0,3,0,0,0,0,0,4,0,0,12,28,15,14,6,3,4,89,0,0,0,7,4,3,0,0,0,7
CED131,0,0,0,4,15,19,16,21,6,87,3,14,11,51,21,8,3,4,0,116,0,3,9,28,0,0,0,0,0,38,4,14,26,36,4,3,0,0,0,87,0,0,3,14,54,103,94,61,10,344,0,0,0,15,10,5,0,0,0,25,8,24,44,107,46,25,13,6,0,281,8,16,31,68,19,19,5,0,3,168,0,7,3,14,18,14,8,8,5,80,0,6,27,35,7,8,0,0,0,80,26,133,209,545,147,131,113,65,27,1397,133,230,426,1100,556,507,381,222,112,3666,4744,8703,11297,21748,9619,8862,6069,3133,1316,75477,20,24,31,38,6,0,0,0,0,118,3984,7445,9296,16954,8031,7320,4930,2985,2007,62935,3,8,5,50,7,0,0,0,0,76,0,0,3,21,15,17,20,10,0,77,0,0,4,10,8,3,0,0,0,24,3,18,22,93,19,12,10,0,0,177,0,0,9,20,8,0,3,0,0,41
CED132,0,0,0,21,19,16,9,9,0,70,3,3,7,130,39,28,19,10,7,237,10,24,42,284,25,29,28,3,0,438,6,15,38,203,33,8,9,0,0,321,0,0,0,13,11,12,3,10,3,62,0,3,4,48,21,23,10,12,0,121,48,153,90,256,137,99,62,21,6,885,3,9,17,120,49,30,19,7,0,248,0,0,3,43,26,28,18,7,3,133,0,0,5,41,19,20,10,3,0,98,52,144,167,1416,346,269,240,161,97,2892,242,307,424,1830,594,510,381,219,125,4639,5108,8945,8455,26994,10135,7883,6044,2941,1288,77797,0,0,0,3,7,12,3,4,0,26,4222,6654,5231,12608,5379,4524,3502,1905,1435,45456,0,0,3,52,16,0,0,0,0,82,0,0,0,13,9,7,3,3,0,37,0,0,0,23,5,0,4,0,0,33,7,14,24,154,52,38,24,3,10,324,0,4,3,46,21,15,17,13,0,113
CED133,0,0,0,0,0,3,4,3,0,11,0,0,0,10,4,6,3,6,0,36,0,0,11,40,0,3,0,0,0,52,3,6,5,14,0,0,0,0,0,28,0,0,0,0,0,0,0,0,0,3,0,0,0,0,0,0,0,0,0,7,0,17,6,44,36,43,54,6,3,211,0,3,3,14,4,6,0,0,0,38,0,0,0,4,11,11,20,10,0,57,0,0,12,17,10,7,8,0,0,57,8,37,45,126,81,113,117,58,21,610,243,609,713,1313,980,1226,991,554,177,6804,4318,10250,8722,15307,10470,12586,10100,4996,1665,78413,0,0,0,0,0,0,0,0,0,0,3748,8691,7371,13401,8952,10098,7484,4392,2248,66393,0,0,0,3,0,0,0,0,0,3,0,0,0,0,0,0,0,0,0,3,0,3,0,7,0,0,0,0,0,13,0,3,8,40,21,19,20,3,3,125,0,0,0,3,5,4,3,0,0,24
CED134,0,0,0,0,4,5,10,16,0,37,0,12,7,47,17,5,4,0,0,99,0,0,3,7,0,0,0,0,0,10,0,3,0,5,4,0,0,0,0,19,0,0,0,0,0,0,3,4,0,7,0,0,0,8,3,0,0,0,0,7,3,10,7,20,9,16,17,13,3,92,4,0,6,13,5,4,4,0,0,30,0,0,0,3,0,3,7,5,0,26,0,11,6,23,9,9,3,0,0,59,7,23,19,97,50,56,85,55,13,407,451,828,806,1908,1220,1310,1103,588,199,8418,5449,10561,8813,17461,10031,10460,8064,4247,1300,76385,0,0,0,0,0,0,0,0,0,0,4812,9076,7441,15068,8350,8156,6078,3919,1778,64684,3,3,4,25,4,0,0,0,0,45,0,0,0,0,3,0,0,0,0,4,0,0,0,6,0,0,0,0,0,6,0,3,10,19,11,6,8,0,0,54,0,0,0,5,0,4,0,0,0,13
CED135,0,0,3,24,26,16,13,10,3,94,15,103,173,1075,363,241,123,60,12,2180,0,4,25,160,9,22,11,0,0,231,4,4,37,84,11,17,5,3,0,167,0,0,4,16,5,10,5,3,3,45,0,7,19,122,137,78,55,20,3,436,16,55,25,71,25,23,19,0,0,231,3,15,35,206,153,169,64,35,9,684,0,0,0,6,12,3,4,0,0,23,0,11,15,42,10,5,0,0,0,90,61,183,335,1421,506,373,285,154,50,3357,439,580,737,2548,682,583,399,253,113,6345,7481,11042,11814,36264,10195,8361,5289,2914,1034,94404,13,37,135,371,110,83,62,8,9,819,5846,7233,5679,8421,2956,2482,1884,1288,830,36615,4,24,44,362,45,21,10,6,0,516,0,0,7,46,31,36,8,10,0,145,0,0,9,43,25,12,4,3,0,94,6,11,17,47,11,9,7,4,0,104,3,3,3,45,40,43,22,22,3,190
CED136,0,0,0,0,8,4,10,9,3,37,0,0,0,14,7,4,3,0,0,29,0,7,0,18,0,0,0,0,0,24,5,8,10,11,3,5,0,0,0,43,0,0,0,0,6,3,3,0,0,9,0,0,0,7,3,3,0,0,0,20,7,22,18,25,26,16,21,5,0,142,0,0,3,14,12,3,0,0,0,37,0,0,3,14,26,14,20,7,4,90,0,7,6,34,13,5,3,0,0,68,9,13,26,148,75,102,102,62,23,559,248,461,518,1195,739,732,734,443,184,5246,5272,10727,9365,18544,9704,9389,8274,4013,1134,76430,0,0,0,0,0,0,0,0,0,0,4787,9152,8375,16376,8276,8128,6525,3396,1447,66463,0,0,0,13,0,3,0,0,0,15,0,0,0,0,4,3,0,0,0,9,0,0,0,11,0,0,0,0,0,11,3,6,12,49,22,12,13,6,0,115,0,0,0,6,6,6,5,3,0,33
CED137,0,0,0,16,13,10,13,15,0,69,0,23,69,438,158,195,117,61,30,1092,7,8,43,343,24,38,21,3,0,487,10,12,46,213,19,8,3,0,0,314,0,0,0,21,16,6,8,4,3,57,3,5,20,115,93,64,35,11,3,342,24,37,24,94,38,25,25,7,0,278,7,17,101,483,321,297,111,48,9,1404,0,0,0,15,13,5,7,4,0,46,0,0,6,27,13,11,0,3,0,58,48,140,212,1261,398,320,248,147,90,2867,346,404,850,2464,641,541,410,233,106,6000,5530,8358,12555,33945,10354,8621,5687,3220,1351,89626,0,3,9,26,7,0,3,0,0,47,4406,6538,6026,10465,4540,3399,2114,1177,924,39591,0,3,19,90,22,5,4,0,0,150,0,0,0,27,4,12,11,8,0,61,0,0,7,41,20,19,5,5,0,104,0,6,12,76,21,7,5,3,0,142,3,3,6,55,37,28,35,10,4,178
CED138,0,0,0,0,4,3,6,10,6,34,0,0,3,8,3,5,7,0,0,37,0,4,0,13,3,0,0,0,0,18,3,19,23,10,4,3,0,0,0,66,0,0,0,3,0,0,0,0,0,7,0,0,0,6,5,3,0,0,0,14,3,27,32,79,54,57,92,12,5,368,0,4,0,12,7,6,0,0,0,28,0,3,5,23,13,22,27,15,8,113,0,3,3,15,6,17,13,0,0,53,11,50,43,347,155,132,156,92,37,1024,263,622,554,1485,1005,1224,972,540,292,6946,4021,8996,7452,15316,9824,11275,9600,5099,2173,73762,0,0,0,0,0,0,0,0,0,0,3452,7616,6054,12486,8003,9169,6766,4105,2296,59953,0,0,0,0,0,0,0,0,0,0,0,0,0,3,0,3,0,0,0,9,0,0,3,5,0,0,0,0,0,11,7,11,14,109,42,36,24,5,0,244,0,3,0,12,5,10,3,3,0,40
CED139,0,0,0,0,0,4,8,11,3,26,3,17,10,65,14,3,3,0,0,112,0,0,12,46,4,0,0,0,0,68,0,7,3,8,0,0,0,0,0,20,0,0,0,0,0,0,0,0,0,0,0,0,0,5,4,3,3,0,0,15,0,9,7,11,16,17,15,0,3,86,0,0,3,42,4,3,0,0,0,60,0,0,0,4,0,3,8,5,0,26,0,7,6,12,12,10,3,0,0,53,5,49,56,189,59,69,72,35,16,553,258,640,713,1360,905,994,899,567,180,6516,5004,10718,9939,17428,9717,10080,8292,4446,1535,77163,0,3,9,18,0,3,0,0,0,25,4366,9360,8503,14671,8236,8332,6592,4346,2167,66572,5,9,4,29,3,0,0,0,0,50,0,0,0,0,0,3,0,0,0,11,0,0,0,6,3,0,3,0,0,15,0,4,5,17,16,8,7,0,3,66,0,3,0,5,0,3,3,0,0,12
CED140,0,0,0,0,4,6,3,7,3,26,0,3,0,21,18,7,17,4,0,73,0,5,4,17,0,0,0,0,0,22,6,7,12,38,11,0,0,0,0,76,0,0,0,0,0,6,0,0,0,10,0,0,0,8,13,3,4,3,0,32,9,31,22,75,62,50,43,10,3,305,3,0,3,21,15,11,4,0,0,61,0,0,3,21,19,29,25,18,6,125,0,3,6,32,15,12,3,0,0,77,10,42,46,277,169,172,202,130,45,1096,167,357,404,952,572,673,567,367,238,4293,4184,8715,8144,15905,9390,9097,7858,4226,1786,69297,0,0,0,0,0,0,0,0,0,0,3635,7425,6792,12367,7282,7286,5896,3676,1887,56242,0,3,0,11,3,0,0,0,0,19,0,0,0,4,5,0,0,4,0,15,0,0,0,8,3,4,3,0,0,21,0,15,19,60,39,26,10,0,3,174,0,0,0,18,20,10,29,3,3,82
CED141,0,0,0,0,3,14,7,5,3,35,0,3,0,21,5,11,7,3,0,52,0,0,0,3,0,0,0,0,0,5,6,13,9,11,0,4,0,0,0,41,0,0,0,4,13,28,35,19,5,105,0,0,0,3,3,4,0,0,0,10,5,20,11,33,31,24,22,12,3,159,0,3,3,10,17,0,3,0,0,37,0,0,4,18,30,18,20,13,4,109,0,0,4,13,3,5,0,0,0,27,3,23,30,139,109,89,126,79,34,637,132,281,317,759,531,485,514,345,130,3488,4395,9214,8766,15800,9430,9165,7818,4500,1463,70552,0,0,0,0,0,0,0,0,0,0,3863,8062,7508,14309,8291,8067,6807,4063,1773,62751,0,0,0,8,0,0,0,0,0,14,0,0,0,0,3,3,0,3,0,13,0,0,0,12,4,0,0,0,0,20,0,3,10,43,21,13,10,0,0,96,0,0,0,7,13,11,10,0,0,39
CED142,0,0,0,32,13,13,19,10,3,96,0,0,35,151,28,12,8,4,0,235,7,0,87,398,21,11,15,3,0,548,17,22,301,2100,133,35,11,0,0,2610,0,0,0,28,7,18,3,7,0,69,0,3,18,147,45,22,21,7,0,267,22,45,182,711,174,101,63,18,4,1317,9,9,179,422,103,108,60,29,6,928,0,0,16,84,24,11,14,4,0,148,0,0,14,39,17,9,4,0,0,82,49,73,700,3580,518,387,385,236,69,5982,331,372,2380,6938,1640,1146,725,325,106,13970,3403,3471,16847,52470,11727,8038,5012,2128,599,103705,0,0,0,12,0,0,0,0,0,16,2813,2675,5631,15714,3844,2995,1900,779,332,36685,0,0,23,41,0,0,0,0,0,73,0,0,3,35,17,14,6,3,0,77,0,0,6,21,3,6,10,0,0,52,3,7,87,340,50,25,13,3,0,515,0,0,9,104,19,14,19,4,3,174
CED143,0,0,0,17,15,14,7,11,3,63,0,6,0,47,22,13,12,3,3,101,6,3,11,35,13,9,9,0,0,79,6,17,31,63,16,13,0,0,0,146,0,0,3,8,10,3,4,3,0,38,0,4,3,34,24,12,12,0,0,93,35,159,102,368,164,100,54,14,11,1010,0,0,24,43,25,20,6,4,3,120,0,4,9,84,48,24,26,13,0,208,0,0,0,41,40,27,6,0,0,122,38,165,173,1591,412,228,204,108,53,2981,228,389,429,1530,632,495,373,215,106,4402,4664,9627,7328,21714,10334,7526,5660,2890,1299,71036,0,0,3,5,3,10,0,0,0,22,3966,7315,5289,11729,5907,4621,3810,2197,1427,46269,0,0,4,17,0,0,0,0,0,23,0,0,0,18,15,9,3,0,0,45,0,0,0,10,4,3,3,0,0,16,3,23,25,229,91,44,32,9,3,451,0,6,4,57,19,11,15,3,3,121
CED144,0,0,0,7,17,16,14,8,6,70,0,4,15,117,41,73,46,15,8,323,0,5,13,86,5,8,8,0,0,136,4,12,26,134,18,19,7,4,0,223,0,0,3,25,32,41,49,13,8,169,3,0,7,56,52,29,31,7,3,183,4,26,18,55,18,11,3,3,0,136,10,48,193,701,579,573,207,77,35,2418,0,0,3,7,5,3,8,0,0,27,0,0,7,12,8,8,0,0,0,30,63,250,407,1612,962,711,498,269,91,4858,378,612,670,1703,708,582,449,277,123,5513,6460,11688,12375,27210,10752,8639,5765,3415,1317,87610,3,3,5,24,5,8,4,0,0,58,5310,8915,7328,9240,3145,1850,1175,889,752,38604,52,154,334,1825,188,70,10,3,3,2639,0,0,3,19,10,15,5,10,0,61,0,0,11,47,16,35,8,4,0,117,3,3,7,24,13,7,0,7,0,58,0,0,5,36,31,27,28,10,4,132
CED145,0,0,0,11,9,12,6,18,3,58,0,3,4,38,7,15,9,10,0,85,0,0,3,40,4,4,4,0,0,59,3,10,24,75,25,3,4,3,0,149,0,0,0,12,9,4,5,0,3,31,0,0,3,49,23,11,6,4,0,84,42,132,94,416,151,89,61,15,4,1006,0,0,13,53,30,9,6,0,5,114,0,0,3,81,17,9,15,4,3,136,0,0,5,36,22,21,8,6,0,93,40,112,372,2250,562,465,686,350,221,5059,323,480,609,2887,905,639,588,384,215,7035,4176,7205,6567,26178,9128,6733,5542,2891,1427,69848,0,0,0,3,0,0,0,0,0,3,3410,5636,4643,13517,4816,3740,2855,1591,1020,41220,3,0,3,17,3,0,0,0,0,24,0,0,0,22,3,6,0,0,0,32,0,0,0,7,0,0,0,0,0,11,4,7,31,242,43,38,13,10,0,386,4,3,19,156,22,22,17,6,0,243
CED146,0,0,7,78,81,74,66,31,3,349,0,13,9,76,53,47,28,4,6,242,0,4,9,9,8,8,3,0,0,38,0,5,27,165,27,25,9,0,0,251,0,0,22,102,104,100,86,11,4,419,5,5,34,85,105,34,18,8,0,296,3,26,22,47,22,3,0,0,0,132,13,56,153,1179,846,706,212,61,22,3253,0,3,0,7,0,7,5,0,0,19,0,16,36,48,35,5,4,0,0,141,26,212,382,1647,1285,1022,691,250,59,5584,359,765,813,1524,833,614,443,271,106,5727,6402,13601,13089,22730,11487,8950,5109,2308,641,84312,0,0,17,45,11,11,3,0,0,92,5481,10923,8934,10018,3595,2443,1340,893,304,43929,6,45,63,464,97,41,9,3,0,728,0,3,21,168,99,63,38,14,0,407,3,4,67,452,243,208,77,31,5,1101,0,7,14,15,10,5,5,0,0,59,0,0,11,150,175,142,108,31,14,636
CED147,0,0,0,8,25,26,24,22,10,116,0,3,3,15,6,15,0,3,0,41,0,0,3,9,0,0,3,3,0,22,0,6,14,19,6,5,0,0,0,58,0,3,16,89,182,186,244,69,11,804,0,3,3,42,44,16,21,9,0,141,4,9,26,40,32,16,36,7,0,171,3,4,7,36,27,31,12,4,3,123,0,0,0,12,32,59,43,32,4,184,0,0,3,13,9,3,3,0,0,38,9,70,63,251,280,382,318,211,92,1673,185,428,413,1012,651,653,619,400,132,4502,4736,10140,9387,16915,9682,9173,7999,4507,1400,73932,0,0,0,0,0,0,0,0,0,0,4169,9028,8262,14766,7390,6578,5233,2953,1338,59717,0,0,0,14,4,0,0,0,0,19,0,0,0,20,20,13,9,10,4,81,0,3,0,16,9,3,0,0,0,27,0,5,3,36,19,30,7,8,0,111,0,0,8,33,42,21,54,22,3,178
CED194,0,0,0,3,3,3,3,0,0,9,0,0,0,3,0,0,0,0,0,8,0,0,9,28,0,0,0,0,0,35,0,0,3,15,0,0,0,0,0,18,0,0,0,0,3,0,0,0,0,3,0,0,0,6,4,3,0,0,0,14,5,0,19,10,0,7,8,3,0,44,0,0,10,9,11,10,0,0,0,38,0,0,7,4,0,0,0,0,0,10,0,0,0,3,0,0,0,0,0,3,4,8,26,99,38,33,20,5,0,235,15,28,173,604,222,172,121,35,8,1379,188,202,1031,2882,1148,986,719,162,32,7351,0,0,0,0,0,0,0,0,0,0,110,139,407,848,383,470,287,59,27,2726,0,0,3,3,0,0,0,0,0,6,0,0,0,4,0,0,0,0,0,5,0,0,0,0,0,0,0,0,0,3,0,0,11,11,3,0,0,0,0,24,0,0,0,9,3,0,3,0,0,12
CED197,0,0,0,0,0,0,0,0,0,0,0,0,0,0,0,0,0,0,0,0,0,0,0,0,0,0,0,0,0,0,0,0,0,0,0,0,0,0,0,0,0,0,0,0,0,0,0,3,0,3,0,0,0,0,0,0,0,0,0,0,0,0,0,0,0,0,0,0,0,0,0,0,0,0,0,0,4,0,0,4,0,0,0,0,0,0,0,0,0,0,0,0,0,0,0,0,0,0,0,0,0,0,0,0,0,0,0,0,0,3,3,0,0,0,0,0,4,0,0,11,10,7,12,27,25,22,48,16,3,171,0,0,0,0,0,0,0,0,0,0,3,11,8,24,12,21,22,15,4,135,0,0,0,0,0,0,0,0,0,0,0,0,0,0,0,0,0,0,0,0,0,0,0,0,0,0,0,0,0,0,0,0,0,0,0,0,0,0,0,0,0,0,0,0,0,0,0,0,0,3
CED201,0,0,0,7,27,24,22,21,3,98,12,64,157,505,305,280,185,43,8,1568,4,7,7,61,8,20,7,0,0,108,3,6,18,58,3,0,0,0,0,95,0,0,0,5,8,4,6,4,0,29,0,0,3,15,18,16,9,6,0,64,7,24,21,47,34,15,14,3,3,161,3,11,19,158,163,145,42,7,6,552,0,3,3,9,21,12,14,7,6,66,0,0,4,23,7,6,6,4,0,51,12,46,104,386,246,267,217,179,84,1545,115,231,304,721,386,397,318,202,75,2742,3991,8289,9314,17687,9287,8467,5617,2771,936,66363,0,0,6,43,28,16,7,0,0,104,3609,6564,7036,10654,5869,4809,3166,1553,816,44075,0,0,0,16,13,6,0,0,0,36,0,0,0,27,18,11,7,3,0,61,0,0,8,99,80,54,20,15,8,286,4,4,6,27,13,13,4,0,5,79,0,0,0,20,30,20,20,5,3,98
CED202,0,0,0,0,8,18,16,16,3,53,4,7,3,37,15,5,9,3,0,88,0,0,3,25,0,0,0,0,0,29,3,10,14,14,7,3,0,0,0,48,0,0,0,4,8,7,14,3,0,34,0,0,0,9,6,0,0,0,0,19,4,21,13,42,30,38,34,3,0,187,3,3,5,31,13,3,0,0,0,64,0,0,0,12,10,14,17,16,3,68,0,0,4,15,3,3,7,0,0,31,10,55,81,191,127,114,92,69,27,747,245,477,607,1230,807,772,736,382,160,5407,4994,10103,10101,18009,9990,9442,7575,3531,1158,74900,0,0,0,0,0,0,0,0,0,0,4351,8949,8678,15906,8785,8116,5903,3089,1670,65442,0,3,3,18,3,0,0,0,0,29,0,0,0,0,0,3,3,5,0,14,0,3,0,0,0,0,0,0,0,14,0,3,5,33,16,11,5,0,0,75,0,4,0,7,10,0,3,0,0,28
CED203,0,0,0,9,13,10,14,10,3,70,3,17,51,275,49,49,42,11,0,496,3,0,12,89,4,3,0,0,0,114,7,10,36,59,7,6,0,0,0,131,0,6,9,81,89,134,158,105,24,612,0,0,7,36,39,19,17,11,3,126,9,32,32,146,50,23,11,0,3,303,20,34,214,445,256,223,79,37,8,1310,0,0,0,26,14,7,5,3,0,56,0,0,5,24,5,5,0,0,0,44,89,193,278,1271,344,279,201,131,59,2840,302,423,661,2165,759,583,430,386,176,5887,4922,8143,9920,27755,10116,7411,4970,3713,1482,78431,0,9,9,17,8,4,0,0,0,41,4155,6601,7153,16650,7034,4197,1976,1171,1019,49963,8,13,27,98,0,3,0,0,0,146,0,0,4,36,16,16,20,17,0,105,0,0,3,27,4,5,10,0,0,58,3,7,21,123,36,10,0,0,0,202,0,3,3,29,18,18,10,3,3,92
CED204,0,0,0,0,7,5,10,9,0,33,0,15,6,34,18,13,9,8,0,105,0,3,10,66,0,0,0,0,0,84,11,72,65,28,0,0,0,0,0,179,0,0,0,0,3,3,0,0,0,11,0,0,0,5,3,0,0,0,0,10,0,14,10,33,25,29,27,3,3,144,0,6,12,39,21,4,0,0,0,86,0,4,3,12,10,10,15,8,0,65,0,3,3,11,10,3,3,0,0,26,6,38,61,123,95,79,76,54,12,532,271,561,570,1228,888,891,771,451,193,5827,4641,9790,9260,16915,9712,9869,7864,3951,1365,73379,0,6,5,14,0,0,0,0,0,28,4159,8247,8110,14765,8534,8456,6374,3467,1798,63918,0,3,0,15,3,0,0,0,0,24,0,0,0,0,3,3,0,0,0,11,0,0,0,7,3,0,0,0,0,13,0,3,7,48,11,10,6,3,0,91,0,0,0,3,5,0,0,0,0,15
CED205,0,0,4,55,47,67,55,50,9,295,34,280,484,1872,614,508,330,128,54,4306,3,9,30,122,27,32,13,0,4,230,7,50,41,89,8,7,3,3,0,207,0,0,6,32,21,29,27,13,0,128,3,3,14,43,74,51,56,33,14,290,8,41,21,44,33,14,10,8,4,175,4,45,143,691,594,463,174,63,33,2204,0,0,3,0,9,5,12,12,3,38,0,0,10,41,6,6,5,0,0,67,48,200,352,994,537,479,412,263,76,3379,259,419,594,1307,594,512,435,341,152,4608,4714,8985,11713,23284,9722,8200,6700,4301,1436,79055,24,111,263,518,121,47,23,9,5,1115,3592,5594,4973,5840,2960,2707,2666,1765,931,31035,3,22,26,147,37,12,3,0,0,259,0,7,41,167,147,125,61,26,5,577,3,9,64,284,162,125,56,28,4,750,0,3,13,13,6,7,0,3,0,48,0,4,0,34,37,48,52,19,6,206
CED206,0,0,3,13,30,53,44,33,3,178,7,63,120,381,305,185,100,32,11,1207,0,0,7,13,0,4,3,0,0,26,3,17,15,44,4,3,0,0,0,90,0,7,11,72,116,166,143,49,11,576,11,48,138,782,852,528,263,94,10,2736,3,20,17,36,25,16,8,4,0,131,0,11,34,290,296,233,78,23,11,984,0,0,0,0,3,5,8,3,3,23,0,3,6,16,7,5,0,0,0,38,57,274,373,1195,790,716,465,211,61,4144,374,675,733,1557,804,672,509,255,84,5663,5627,11524,12994,22458,11450,9131,5935,2710,731,82569,0,6,15,31,8,0,0,0,0,59,4613,8799,8859,10975,5235,3603,1797,795,377,45054,0,8,11,71,17,3,0,0,0,115,0,0,10,66,50,41,25,19,4,215,0,0,0,10,6,6,5,4,0,30,0,4,13,17,10,9,3,0,0,61,0,5,3,26,29,24,30,9,4,132
CED207,0,0,0,0,6,14,11,4,0,31,0,3,7,67,22,31,19,11,5,164,0,3,0,9,3,0,0,0,0,21,3,19,23,31,5,0,0,0,0,82,0,0,0,3,0,5,4,0,0,21,0,0,0,7,5,0,3,5,0,18,5,11,19,52,46,32,31,3,0,191,0,3,15,26,23,10,0,0,0,71,0,0,4,10,19,24,15,10,5,94,0,0,6,13,12,12,0,0,0,43,11,19,47,189,132,148,136,89,27,807,209,345,407,969,618,574,491,257,117,3985,4714,9395,9124,17955,9745,8726,6654,2919,965,70203,0,0,0,0,0,0,0,0,0,0,4145,8151,7588,14984,7633,6515,4429,1831,851,56123,0,0,0,9,0,0,0,0,0,7,0,0,0,9,4,4,5,0,0,17,0,0,3,28,8,9,3,0,0,57,4,3,9,36,23,12,6,3,0,93,0,0,0,18,13,10,4,0,0,41
CED208,0,0,3,8,13,17,7,17,4,65,22,99,406,917,240,163,151,46,24,2065,4,16,53,210,28,27,14,3,3,349,6,10,41,93,19,6,11,3,0,193,0,0,0,4,6,9,3,3,0,32,0,0,6,17,17,4,6,3,0,51,21,22,68,68,40,21,24,6,0,266,13,19,171,334,189,221,87,29,13,1073,0,0,0,9,12,8,5,8,4,48,0,0,16,36,12,9,5,0,0,83,37,113,294,708,256,262,225,202,97,2191,207,293,663,1192,493,395,323,321,154,4039,4328,8487,15208,23437,9649,7493,5365,4108,1843,79930,0,0,11,33,11,7,3,0,0,60,3491,6334,6833,8339,5272,3907,2910,2561,1664,41312,7,15,27,128,18,11,4,0,0,212,0,0,0,16,4,3,4,0,0,39,0,3,20,58,21,38,19,10,0,168,0,8,15,49,14,23,10,0,3,125,0,3,0,33,22,13,15,7,0,99
CED209,0,0,0,3,20,15,17,8,3,62,0,10,37,46,17,9,9,4,0,134,0,6,3,14,0,0,0,0,0,17,4,4,11,12,3,0,0,0,0,38,0,0,3,5,4,14,3,11,0,39,0,0,0,7,6,4,4,0,0,20,9,27,13,55,35,28,29,5,3,204,4,3,17,37,13,7,3,0,0,81,0,3,3,22,16,16,14,15,3,85,0,4,7,32,5,12,0,0,0,60,17,56,110,240,90,102,103,66,34,819,211,421,481,1063,669,712,637,354,124,4670,5054,10389,9480,18033,9528,9533,7769,3727,1393,74915,0,6,6,9,0,0,0,0,0,21,4304,8855,7611,15326,8215,7931,6060,3196,1918,63405,0,4,0,20,3,0,0,0,0,28,0,0,0,0,7,4,0,0,0,18,0,0,0,11,0,0,0,0,0,11,8,13,9,65,17,10,6,0,3,133,0,0,0,4,3,3,3,0,0,18
CED210,0,0,0,15,36,51,57,50,4,211,0,4,6,60,12,9,7,3,0,104,0,4,3,4,3,0,0,0,0,17,9,81,56,37,3,3,0,0,0,187,0,0,0,24,49,85,77,39,3,286,0,3,4,13,26,7,8,9,0,68,3,18,20,52,27,25,25,5,0,178,0,5,22,87,52,32,6,5,0,210,0,0,0,24,16,17,25,6,4,88,0,3,0,22,4,5,3,0,0,39,19,65,91,291,139,207,200,182,75,1266,236,463,555,1222,756,757,674,420,201,5289,4559,8866,9575,18511,9525,9036,7279,3938,1497,72793,4,27,55,83,28,11,5,0,0,206,4035,7431,7947,14826,7755,7067,5017,2712,1395,58178,0,3,0,10,0,0,0,0,0,17,0,0,11,49,59,48,27,21,3,210,0,0,3,5,3,12,0,0,0,25,0,3,9,42,22,12,4,5,0,97,0,0,0,0,4,6,3,0,0,15
CED211,0,0,0,5,7,19,12,8,3,61,3,20,46,275,86,84,71,29,8,624,8,11,17,126,15,12,13,0,0,198,7,49,65,76,10,5,0,0,0,207,0,0,0,0,3,8,9,5,0,24,0,5,0,12,13,3,5,0,0,42,7,37,25,70,52,27,27,3,0,255,3,7,27,201,139,127,68,30,3,610,0,0,0,17,19,9,8,8,3,57,0,0,12,32,15,10,0,3,0,69,4,87,102,410,229,181,214,130,74,1430,161,269,282,863,419,357,315,264,150,3088,4711,9035,8690,20245,9377,7490,6011,3675,1528,70760,0,0,0,23,5,4,3,0,0,36,4136,7066,6162,11643,6313,4989,4412,2863,1738,49318,0,4,3,27,14,3,0,0,0,46,0,0,0,14,8,14,3,0,0,46,0,0,7,67,59,47,26,12,7,226,0,8,13,55,16,17,7,5,0,127,0,0,0,15,19,12,9,6,0,61
CED212,0,0,0,8,18,25,12,13,3,81,0,3,10,56,26,38,28,16,0,178,0,0,7,4,5,4,0,0,0,19,12,16,21,25,0,0,0,0,0,66,0,0,3,3,5,3,0,0,0,14,0,0,0,16,13,6,3,0,0,40,8,21,17,72,48,43,44,12,0,260,0,3,7,19,3,4,0,0,0,36,0,13,5,31,32,25,35,21,10,167,0,3,8,27,8,6,5,0,0,57,20,74,83,386,241,206,193,133,40,1376,248,474,492,1202,698,681,539,359,134,4823,4644,8979,8560,17639,9854,8650,7055,3910,1374,70672,0,0,3,12,4,7,0,3,0,27,3922,7386,7009,13786,7134,6150,5006,2595,1409,54401,0,0,0,3,0,0,0,0,0,4,0,0,6,23,17,25,9,9,4,93,0,0,5,16,4,4,6,0,0,36,3,11,12,58,23,19,13,3,0,147,0,0,3,20,12,19,15,4,0,72
CED213,0,0,0,3,12,13,10,14,0,52,0,0,3,24,13,15,18,13,3,92,0,0,0,0,0,0,0,0,0,0,5,6,11,13,3,3,3,0,0,40,0,0,0,7,6,11,3,3,0,31,0,0,0,12,6,6,11,4,0,34,0,13,20,39,34,18,35,12,4,185,0,3,0,8,5,0,0,0,0,20,4,7,10,22,31,24,30,23,6,140,0,0,8,13,3,8,5,0,0,35,0,24,38,132,122,150,196,123,43,832,212,459,489,1088,813,839,875,571,256,5607,4310,9382,8537,15455,10120,10306,9760,5306,1873,75055,0,0,0,3,0,0,0,0,0,6,3729,8219,6706,13612,7992,8058,6851,3404,1652,60234,0,0,0,3,0,0,0,0,0,3,0,0,0,3,3,0,0,0,0,13,0,0,5,21,8,0,0,0,0,44,3,6,4,36,19,24,8,7,3,124,0,0,0,5,16,10,6,0,0,38
CED214,0,0,3,21,38,59,36,41,13,211,3,15,112,398,52,22,15,7,0,614,0,0,11,53,3,3,0,0,0,73,12,19,28,75,14,3,0,0,0,159,0,0,8,74,122,139,209,99,20,676,0,0,9,70,38,35,14,3,4,166,12,28,28,120,48,31,12,0,0,285,39,92,351,1350,892,870,306,97,53,4055,0,3,0,24,11,14,6,0,0,55,0,0,3,33,11,0,0,0,0,50,37,136,348,1462,575,396,315,226,102,3602,347,456,616,1965,792,651,480,384,169,5865,5954,8674,10168,28889,10742,8309,5385,3272,1332,82718,0,10,7,27,7,0,0,0,0,52,4951,7117,6415,14902,6175,4005,2019,1211,864,47664,8,13,45,242,10,3,3,0,0,322,0,0,5,48,20,33,28,15,7,163,0,0,3,27,26,16,8,7,3,96,0,9,18,96,23,16,6,0,0,175,0,3,5,49,34,22,20,5,6,153
CED215,0,0,0,0,0,12,11,7,0,32,0,3,8,54,14,11,5,4,3,106,0,3,4,21,0,0,0,0,0,28,5,14,8,17,0,0,0,0,0,45,0,0,0,0,0,3,0,0,0,4,0,0,0,3,4,4,0,5,0,20,0,15,8,25,24,17,30,6,3,125,0,4,11,70,35,13,6,0,0,143,0,0,0,5,12,12,13,5,3,50,0,0,3,14,7,3,3,0,0,28,4,52,55,158,96,100,140,99,41,747,248,577,661,1336,898,1067,1012,537,202,6540,4145,8689,8042,15339,9057,10322,9235,4446,1409,70685,0,0,0,0,0,0,0,0,0,0,3594,7481,6596,12899,7724,8192,6073,3200,1448,57204,0,4,0,21,0,0,0,0,0,28,0,0,0,0,0,0,0,3,3,6,0,0,5,8,0,0,0,0,0,17,0,3,6,18,17,11,12,4,3,74,0,0,0,4,4,5,5,0,0,22
CED216,0,0,4,15,20,24,16,7,4,93,0,4,14,79,44,45,42,25,7,259,0,3,7,42,5,0,0,0,0,61,3,12,16,32,7,3,0,0,0,80,0,0,0,3,5,10,5,3,3,32,0,0,4,14,27,15,16,3,0,85,15,142,82,116,112,59,42,4,4,572,0,12,27,87,36,23,10,0,0,185,0,3,3,34,16,15,12,3,0,95,0,0,0,21,19,20,9,3,0,71,30,161,192,914,622,540,502,270,137,3375,158,368,378,939,598,487,392,254,145,3712,3947,10082,8947,16331,11068,8822,6417,3276,1736,70625,0,0,3,3,0,0,0,0,0,4,3513,8008,6289,10358,7552,5957,4079,2296,2086,50137,0,0,0,17,3,0,0,0,0,22,0,0,0,22,12,3,3,0,3,41,0,0,0,16,6,7,3,0,0,34,8,27,26,97,58,27,16,4,0,260,0,3,0,30,28,5,5,3,0,78
CED217,0,0,0,44,53,69,52,41,5,267,4,59,70,375,183,91,52,10,3,852,0,3,9,28,3,6,0,0,0,44,4,19,27,70,8,0,5,0,0,139,3,9,31,239,258,295,245,47,6,1132,0,0,10,80,86,57,32,9,0,266,5,28,27,60,21,7,10,0,0,167,28,83,229,1509,965,635,191,48,17,3708,0,0,0,7,7,11,6,4,0,41,0,3,8,40,18,0,0,0,0,67,34,360,652,2016,1098,806,545,171,49,5727,478,876,717,1966,841,747,524,205,43,6398,8234,15187,13025,30281,11960,9102,5922,2032,462,96210,0,4,21,64,24,8,3,0,0,119,7184,11960,8818,16290,5368,3748,1928,700,295,56292,0,6,8,100,14,15,0,0,0,155,0,3,34,212,137,85,40,16,6,538,0,0,3,33,14,21,5,0,3,70,0,7,14,33,4,3,3,0,0,66,0,6,16,135,102,100,59,13,7,435
CED218,0,0,0,16,8,16,5,11,3,58,0,5,55,268,58,65,49,25,12,539,3,0,24,98,6,0,3,0,0,130,3,12,41,106,13,13,3,0,0,185,0,0,0,12,3,0,4,0,0,22,0,0,4,45,18,10,8,4,0,94,22,55,64,183,77,51,36,11,3,505,0,11,59,173,59,63,31,3,6,408,0,0,0,30,16,5,10,6,0,64,0,0,10,35,14,9,4,0,0,68,29,101,171,1172,337,301,320,239,125,2797,181,283,547,2011,633,486,390,312,125,4960,3802,7283,9868,26462,9229,7229,5422,3150,1305,73754,0,0,3,9,5,4,0,0,0,18,3063,6049,6979,14384,6383,4957,3490,1906,1247,48470,4,0,10,33,0,8,0,0,0,52,0,0,0,28,14,10,7,3,0,67,0,0,0,22,14,4,0,5,0,48,6,9,20,141,31,18,10,0,0,242,0,0,3,41,10,10,7,6,0,79
CED219,0,0,3,69,81,83,62,54,7,362,42,304,352,2058,715,527,290,79,22,4384,0,0,0,29,7,3,0,0,0,40,3,12,28,134,8,3,5,0,0,197,0,8,6,69,52,44,30,8,0,220,0,3,12,103,116,64,43,22,6,372,4,29,31,45,28,9,15,3,0,169,3,21,49,264,144,117,42,5,5,652,0,0,4,6,10,15,13,5,0,55,0,18,35,75,24,4,0,0,0,159,36,297,585,1725,1025,854,473,231,55,5275,479,781,804,1877,755,670,436,216,68,6076,8656,14810,14344,31108,12359,9659,5704,2536,751,99928,32,281,855,1468,329,145,64,21,3,3200,7413,10456,8068,12562,4953,3677,2164,1051,563,50897,5,8,12,89,16,4,0,0,0,134,4,0,46,190,113,98,23,16,4,496,8,22,59,443,163,109,38,17,6,872,0,9,10,27,7,4,3,0,0,59,0,0,8,96,100,80,75,24,11,393
CED220,0,0,3,15,20,23,34,24,4,109,3,23,81,393,139,144,162,82,16,1045,0,5,7,75,6,3,0,0,0,97,9,42,32,190,18,10,0,0,0,298,0,0,0,3,9,8,6,8,8,40,0,4,10,47,51,38,48,18,6,220,11,27,19,63,37,28,8,3,3,198,29,85,291,1138,893,837,295,113,54,3730,0,5,0,16,11,5,8,0,0,44,0,3,0,23,14,3,0,0,0,52,59,231,247,1219,568,543,439,271,88,3665,208,333,452,1085,487,458,391,295,159,3873,4753,9166,10090,21482,9825,8082,5787,3676,1600,74463,0,3,15,18,9,3,3,3,0,56,4074,6910,5781,9055,4825,3504,2317,1594,1235,39311,3,7,15,36,24,7,0,0,0,94,0,0,6,33,29,16,15,12,0,104,8,55,219,907,432,338,192,57,39,2253,4,7,16,52,20,8,4,0,3,106,0,0,4,49,31,37,44,21,3,185
CED221,0,0,0,0,6,16,10,9,8,46,0,11,3,34,6,6,4,0,0,69,0,0,4,21,0,3,0,0,0,28,3,5,4,15,3,0,0,0,0,31,0,0,0,3,3,3,10,0,0,17,0,0,0,4,0,0,0,0,0,5,3,13,12,35,25,21,32,7,0,142,0,3,0,9,4,0,0,0,0,21,0,3,0,8,8,15,17,4,3,61,0,0,8,5,3,5,0,0,0,27,7,50,47,134,92,110,152,108,38,739,250,496,553,1219,816,1024,848,436,178,5824,3946,8887,7993,14483,9389,10270,8596,4027,1411,69002,0,0,0,0,0,0,0,0,0,0,3532,7824,6389,12838,8086,8452,6198,3222,1673,58213,0,0,0,10,0,0,0,0,0,6,0,0,0,4,0,5,4,4,0,17,0,0,0,10,3,0,0,0,0,14,8,3,3,29,16,21,7,10,0,85,0,0,0,5,3,0,4,0,0,11
CED222,0,0,0,26,26,31,28,19,3,136,3,44,83,481,192,188,144,67,12,1203,0,9,9,16,5,9,0,0,0,40,6,20,26,81,3,7,0,0,0,152,0,0,10,151,86,84,40,27,6,403,0,4,12,86,100,70,45,20,0,339,6,29,27,74,41,32,17,3,3,229,6,27,88,572,454,343,107,39,20,1661,0,0,3,26,13,18,13,4,9,91,0,0,7,45,18,5,3,0,0,71,24,147,211,880,491,383,273,170,57,2637,225,427,464,1276,638,581,431,254,138,4435,5410,10141,9955,22466,10966,8604,5945,3064,1244,77790,10,43,123,248,60,23,13,0,0,527,4758,7928,6704,12652,5970,4560,3374,1825,1177,48951,0,8,14,64,15,8,0,0,0,109,0,3,17,92,79,50,14,19,9,281,10,32,159,677,237,168,92,28,15,1427,0,14,7,72,25,16,5,5,7,149,0,0,3,39,29,34,33,10,4,149
CED223,0,0,0,6,15,20,27,15,3,86,3,15,25,123,48,57,49,19,5,347,5,4,9,41,3,5,3,0,0,71,3,14,13,32,10,3,3,0,0,77,0,3,3,24,35,50,48,22,3,176,0,0,0,10,13,17,3,0,0,46,9,57,27,89,51,35,23,13,0,303,5,11,48,113,52,36,15,5,4,285,0,3,3,15,13,8,9,3,0,50,0,0,6,20,8,10,3,0,0,46,28,107,125,639,261,200,170,124,61,1710,173,290,345,866,524,421,354,246,146,3361,4460,8877,8695,18151,9478,8497,6243,3036,1225,68661,0,0,0,7,0,0,0,0,0,5,4044,7509,6779,13069,7389,6528,4304,2202,1238,53059,0,0,3,18,0,0,0,0,0,20,0,0,0,10,15,14,3,11,3,54,0,0,0,10,0,0,0,0,0,15,0,5,7,66,23,21,0,0,0,133,0,3,0,16,9,7,11,0,3,47
CED224,0,0,0,9,8,5,10,12,4,45,3,8,75,228,90,71,38,24,4,545,9,12,24,183,28,37,29,9,0,330,3,12,28,76,10,0,0,0,0,132,0,0,3,8,9,22,17,8,5,70,0,4,11,21,18,10,4,3,0,76,16,103,73,118,57,38,28,10,0,443,5,16,159,289,168,130,31,11,5,811,0,0,0,19,14,11,7,0,0,57,0,0,7,24,13,9,4,0,0,55,29,89,222,604,213,152,144,122,83,1652,135,302,466,1029,525,386,311,226,116,3508,3309,9046,11282,18182,9578,7751,5668,3110,1496,69428,0,0,3,4,0,0,0,0,0,11,2798,6970,7727,10282,6475,5194,3796,2275,1874,47388,0,7,10,39,8,0,0,0,0,60,0,0,0,4,9,3,0,3,0,15,0,0,4,18,15,6,0,0,0,39,10,14,20,81,33,23,18,4,3,207,0,0,0,12,7,8,8,0,5,43
CED225,0,0,0,16,28,36,31,15,3,125,10,131,126,696,341,169,85,42,4,1603,4,4,8,37,3,0,5,0,0,68,0,11,12,20,0,0,0,0,0,50,0,0,0,11,14,13,6,0,0,47,0,0,0,12,26,17,6,3,0,61,10,47,30,66,47,38,27,10,0,264,0,4,5,63,19,19,9,0,0,121,0,9,0,17,24,21,13,11,4,97,0,10,14,42,24,8,5,0,0,105,18,102,148,558,400,294,204,130,35,1886,228,427,411,962,625,510,363,195,72,3793,5366,11833,11061,20031,11731,8901,5553,2519,810,77806,4,25,103,259,63,38,13,7,4,511,4716,9486,8441,13977,7648,5661,3236,1447,678,55294,0,12,3,42,21,9,0,0,0,84,0,0,5,39,15,9,7,3,0,81,0,0,8,36,14,16,0,0,0,73,0,5,12,36,26,14,8,3,0,113,0,3,3,65,37,40,21,3,3,174
CED226,0,0,3,35,57,80,37,30,5,241,8,90,80,599,193,73,42,12,0,1100,0,4,10,60,9,4,3,0,0,90,28,270,229,150,22,5,4,0,0,717,0,4,12,74,95,92,72,12,3,363,0,0,14,39,33,18,6,0,0,109,16,76,29,88,40,18,11,4,0,283,4,26,49,389,175,137,55,4,0,852,0,8,8,34,17,21,3,8,0,98,0,3,23,77,29,10,0,0,0,149,79,457,700,2271,1076,588,301,145,30,5656,544,819,804,2225,854,659,450,206,80,6634,11611,17624,14438,40973,13687,9544,5628,2236,573,116323,0,3,10,51,23,11,3,0,0,98,9477,12044,8498,15387,6695,4521,2632,1098,448,60796,10,64,59,569,57,21,4,0,0,777,0,0,7,98,53,33,15,4,0,218,0,0,4,71,20,31,12,4,0,148,0,9,11,62,22,18,9,3,0,129,0,3,6,85,48,60,43,13,0,254
CED227,0,0,0,0,0,14,16,13,3,42,5,8,4,54,8,4,13,0,0,98,3,0,9,71,0,0,0,0,0,84,4,20,19,32,7,0,3,0,0,79,0,0,0,0,0,4,0,0,0,5,0,4,9,31,51,27,24,8,0,158,0,0,9,21,9,11,7,0,0,65,0,4,13,58,31,44,8,0,0,158,0,0,0,0,7,8,4,0,0,18,0,4,3,11,11,4,3,0,0,32,5,43,54,190,93,108,82,42,13,629,272,588,602,1408,960,1096,903,571,244,6645,4145,8763,8133,14676,9081,9912,7911,4368,1661,68643,0,21,32,51,11,3,3,0,0,126,3496,7397,6571,11983,7617,7819,6044,3932,2197,57050,0,0,3,15,5,0,0,0,0,25,0,0,0,0,3,0,0,0,0,3,0,0,10,27,7,9,0,0,0,49,0,3,3,15,10,3,3,0,3,43,0,0,0,0,0,0,0,0,0,3
CED228,0,0,3,33,32,48,50,28,8,203,3,40,85,272,75,58,38,12,4,585,4,0,0,48,0,3,0,0,0,61,0,22,25,66,8,3,3,0,0,128,0,3,3,59,80,121,119,46,7,434,0,0,6,69,52,22,17,10,3,180,7,27,18,64,31,14,9,3,0,177,36,164,596,2397,1701,1377,471,169,60,6968,0,0,0,7,4,3,10,3,0,32,0,0,0,17,3,0,4,0,0,28,51,176,423,1245,522,412,355,261,113,3552,317,458,673,1784,712,611,573,394,149,5680,5018,9222,11655,24930,10662,8743,6363,3855,1444,81884,0,0,8,17,3,3,4,0,0,29,4109,7244,7505,11938,5582,4249,2262,1377,909,45181,3,3,9,63,6,7,0,0,0,91,0,3,23,95,73,67,44,29,0,337,0,3,0,18,23,25,11,4,0,84,6,14,10,57,21,5,5,0,0,120,0,0,6,52,61,38,74,18,3,257
CED229,0,0,0,4,10,28,11,9,0,66,10,92,75,540,198,80,37,14,0,1052,0,0,0,18,0,3,0,0,0,27,4,14,26,62,7,4,3,0,0,119,0,6,21,121,117,89,67,23,5,459,4,13,24,197,132,57,26,6,0,460,12,33,17,72,30,20,13,7,0,201,3,11,12,52,22,15,3,0,0,118,0,4,5,16,14,19,13,6,3,78,0,7,22,65,35,10,3,0,0,142,31,158,160,807,406,278,191,111,30,2168,434,737,720,1904,981,862,629,287,105,6665,9154,16171,13474,30567,13625,10499,7053,2816,829,104184,0,9,31,31,9,0,0,0,0,84,8019,12968,10478,21841,9768,7257,4433,1777,794,77335,0,4,0,44,12,0,0,0,0,70,0,0,0,20,15,12,0,3,0,48,0,0,0,21,4,4,0,0,0,30,3,5,11,46,25,19,9,0,0,113,0,0,0,23,22,10,9,3,0,64
CED230,0,0,0,7,16,21,16,21,0,74,3,37,18,220,42,29,25,6,3,389,0,0,4,49,0,0,0,0,0,59,3,12,8,13,4,0,0,0,0,47,0,0,0,3,0,3,3,0,0,13,0,0,0,6,12,0,4,0,0,24,3,14,9,48,26,20,38,5,0,161,0,3,9,22,15,6,0,0,0,61,0,4,3,3,20,16,20,6,3,77,0,0,6,33,14,11,7,0,0,71,13,65,122,377,186,149,174,101,27,1198,307,590,590,1355,939,935,866,511,198,6294,5942,11251,9660,19318,10423,10190,8750,4447,1414,81396,0,0,16,23,9,0,0,0,0,50,5270,9762,8099,16075,8305,8027,6141,3109,1645,66438,0,6,0,32,5,3,0,0,0,41,0,0,0,21,6,11,7,4,0,44,0,0,3,30,14,8,0,0,0,56,0,3,7,36,19,12,10,4,3,93,0,4,0,27,15,11,8,4,0,65
CED231,0,0,0,15,8,12,9,7,3,63,0,8,86,255,32,23,12,8,0,419,5,3,177,464,17,6,5,4,0,675,5,14,200,426,20,3,4,0,0,671,0,5,6,33,17,14,8,0,0,85,0,0,12,111,39,31,15,6,4,221,15,49,117,446,86,45,31,7,3,804,8,66,312,635,372,377,153,86,36,2035,0,0,13,34,12,3,6,8,0,74,0,0,11,48,4,3,4,0,0,65,91,192,1052,2912,569,317,221,144,29,5536,473,547,2052,4894,1087,880,562,290,139,10930,4347,5443,21238,46168,9355,7040,4596,2090,852,101128,0,3,8,12,6,4,3,0,0,39,3342,4029,7754,19442,4761,3820,2327,880,469,46821,0,0,27,36,3,0,0,0,0,76,0,0,3,40,11,17,6,8,0,85,0,0,32,36,13,18,8,3,0,112,5,11,76,307,28,22,3,0,0,450,3,0,14,145,10,12,8,8,3,216
CED232,0,0,0,20,5,16,10,10,3,66,0,4,27,167,26,19,15,8,0,267,3,3,22,126,5,9,7,0,0,171,10,8,41,124,10,3,0,0,0,197,0,0,3,36,11,11,0,5,0,56,0,0,3,67,30,11,9,0,3,127,31,92,112,350,123,86,59,7,4,873,0,6,52,130,32,23,7,3,0,261,0,0,8,61,15,8,10,4,3,109,0,0,4,43,17,12,4,0,0,84,57,143,340,2123,484,421,523,319,206,4612,293,369,825,3556,1031,840,617,278,147,7961,3932,5857,8753,33329,9641,7781,5575,2424,1140,78431,0,0,0,19,3,0,0,0,0,22,3225,4511,5240,16493,5930,4696,2827,1144,593,44659,0,0,10,28,0,3,0,0,0,45,0,0,0,39,17,11,8,3,0,77,0,0,0,14,3,0,0,0,0,18,9,10,43,250,47,27,11,0,0,404,3,0,5,81,15,6,16,0,0,129
CED233,0,0,0,4,10,13,12,14,4,63,0,16,23,107,61,69,68,20,12,375,5,21,39,156,26,36,40,5,0,321,3,5,17,21,7,3,7,3,0,60,0,0,0,11,19,30,33,17,4,121,0,3,0,14,23,22,12,7,3,86,9,37,41,36,30,23,26,9,4,213,0,0,30,125,124,127,46,15,0,467,0,3,0,7,9,9,7,3,0,46,0,0,3,18,16,15,6,0,0,51,12,77,95,354,242,270,234,191,87,1580,93,242,284,605,403,386,307,295,153,2770,3484,8307,9429,15279,9547,8241,6444,4479,1548,66759,0,0,0,7,6,0,0,0,0,18,2974,6462,6316,8227,5954,4356,3531,2230,1194,41238,0,0,0,15,3,8,0,0,0,28,0,0,0,4,9,4,0,3,0,23,0,0,0,17,20,15,9,3,0,61,0,7,10,30,17,15,5,6,3,91,0,3,0,11,13,11,3,0,3,40
CED234,0,0,0,0,7,7,15,7,0,36,4,14,5,47,14,7,3,0,0,97,0,0,6,30,0,0,0,0,0,38,0,10,8,13,3,0,3,0,0,38,0,0,0,0,4,14,16,9,0,47,0,7,9,36,53,19,13,6,0,140,0,8,7,24,5,15,7,3,3,80,0,0,0,16,7,3,0,0,0,27,0,0,0,3,3,7,9,3,3,29,0,3,4,9,10,0,0,0,0,24,9,68,115,255,132,109,90,60,22,849,310,604,594,1366,944,1084,990,591,224,6697,4356,9454,8498,15284,9470,10082,8593,4794,1616,72140,0,27,115,124,30,3,6,0,0,298,3851,7814,6570,12148,7923,8012,6221,3830,1895,58270,0,0,0,10,0,0,3,0,0,18,0,0,0,0,0,0,0,3,0,6,0,0,3,9,0,0,0,0,0,16,0,3,0,21,11,8,0,0,3,52,0,0,0,3,0,0,0,0,0,5
CED235,0,0,3,23,27,34,34,31,6,148,11,84,120,599,230,178,88,23,9,1343,0,0,3,40,6,3,0,0,0,56,6,9,15,52,6,3,0,0,0,88,0,15,69,358,428,612,597,245,51,2376,3,3,8,112,106,74,37,16,0,364,4,26,9,39,21,22,12,0,0,121,11,32,78,510,343,315,84,26,9,1410,0,0,4,9,8,13,3,3,3,35,0,6,11,51,13,4,3,0,0,90,50,205,292,1005,516,419,306,162,45,2987,307,445,538,1449,614,582,525,301,84,4845,6104,10733,11575,24766,10645,8908,6320,3266,968,83288,0,7,12,54,17,9,3,0,0,100,5131,8218,8100,12706,6201,4316,2372,1111,561,48728,5,4,3,77,15,3,0,0,0,108,0,0,6,57,43,38,15,9,0,172,0,4,8,66,30,29,8,3,0,150,3,9,10,28,13,3,3,0,0,62,0,3,0,18,15,18,18,3,0,65
CED236,0,0,0,0,0,10,3,0,0,22,5,8,0,41,11,7,3,3,0,81,0,0,19,108,0,0,0,0,0,125,0,9,4,15,3,0,0,0,0,32,0,0,0,0,0,0,0,0,0,4,0,0,0,3,3,0,7,0,0,15,0,4,8,23,7,19,27,7,0,96,0,4,0,11,10,3,0,0,0,32,0,0,0,9,3,4,6,3,3,40,0,6,4,8,10,3,3,0,0,33,5,20,23,97,47,53,64,46,22,374,204,503,503,1137,849,952,855,535,200,5730,3633,8347,7770,13729,9206,9934,8286,4210,1417,66534,0,0,0,0,0,0,0,0,0,0,3247,7194,6247,11387,7824,8138,6296,3670,1981,55980,0,0,0,5,0,0,0,0,0,12,0,0,0,0,0,3,0,0,0,3,0,0,0,6,0,0,0,0,0,11,0,3,6,26,15,14,4,3,3,68,0,0,0,3,0,0,4,0,0,7
CED237,0,0,0,14,19,21,7,13,9,76,11,38,39,244,91,65,27,10,4,529,0,0,10,65,3,5,0,0,0,91,4,17,36,65,10,0,0,0,0,141,0,0,0,29,10,18,14,3,4,79,6,7,19,294,308,153,77,32,6,903,9,27,28,201,53,17,22,3,3,365,3,25,43,206,89,118,39,12,7,537,0,0,0,24,8,4,11,3,0,52,0,0,5,35,0,6,0,0,0,41,54,137,204,1239,336,218,235,148,72,2648,330,461,623,2200,685,493,387,354,167,5697,5467,8564,10366,31662,9939,6912,4614,3680,1714,82916,0,3,9,27,0,0,0,0,0,42,4566,6752,7630,18401,6430,4199,1827,1338,993,52135,0,28,22,166,23,7,3,0,0,253,0,0,0,42,10,19,6,6,0,90,0,0,8,9,4,5,0,0,0,26,4,3,12,143,18,11,3,3,0,201,4,3,4,59,13,15,10,0,3,108
CED294,0,0,0,0,0,3,0,0,0,7,0,0,7,7,0,3,0,0,0,16,0,3,3,10,0,0,0,0,0,24,0,0,0,3,0,0,0,0,0,6,0,0,0,0,0,0,0,0,0,4,0,0,0,7,6,0,0,0,0,19,4,3,8,5,7,3,3,0,0,21,0,0,3,7,7,7,3,0,0,35,0,0,0,6,0,0,0,0,0,9,0,0,0,4,0,0,0,0,0,4,3,10,30,88,24,10,8,3,0,176,28,32,98,304,105,71,44,6,0,689,215,173,624,1864,628,460,283,72,9,4331,0,0,3,3,0,0,0,0,0,3,124,139,304,665,210,210,116,24,17,1804,0,0,3,0,0,0,0,0,0,6,0,0,0,0,0,0,0,0,0,0,0,0,0,4,0,0,0,0,0,4,0,0,7,8,0,0,3,0,0,12,0,0,0,8,0,0,0,0,0,10
CED297,0,0,0,0,0,0,0,0,0,0,0,0,0,0,0,0,0,0,0,0,0,0,0,0,0,0,0,0,0,0,0,0,0,0,0,0,0,0,0,0,0,0,0,0,0,0,0,0,0,0,0,0,0,0,0,0,0,0,0,0,0,0,0,0,0,0,0,0,0,0,0,0,0,0,0,0,0,0,0,0,0,0,0,0,0,0,0,0,0,0,0,0,0,0,0,0,0,0,0,0,0,0,0,0,0,0,0,0,0,0,0,0,0,0,0,3,0,0,0,3,0,0,0,4,11,5,0,0,0,28,0,0,0,0,0,0,0,0,0,0,0,0,0,0,0,0,0,0,0,0,0,0,0,0,0,0,0,0,0,0,0,0,0,0,0,0,0,0,0,0,0,0,0,0,0,0,0,0,0,0,0,0,0,0,0,0,0,0,0,0,0,0,0,0,0,0,0,0,0,0
CED301,0,0,0,3,3,5,3,4,0,23,0,10,7,53,8,9,0,0,0,89,0,0,7,26,0,0,0,0,0,37,3,11,9,16,4,3,0,0,0,43,0,0,0,0,0,0,0,0,0,0,0,0,0,3,3,0,0,0,0,12,0,32,17,52,41,22,21,6,3,180,0,7,8,57,29,28,7,4,0,141,0,0,7,14,21,11,14,11,4,83,0,3,14,37,20,16,3,0,0,90,9,156,214,618,249,190,138,60,15,1649,405,660,751,1587,794,789,519,283,71,5851,6226,11707,10679,20592,9775,8574,6051,2874,840,77326,0,5,5,18,4,0,0,0,0,33,5350,9770,8557,16163,7274,6405,4437,2366,1060,61378,0,0,0,14,0,0,0,0,0,19,0,0,0,7,3,0,0,0,0,15,0,0,0,6,0,0,0,0,0,12,0,4,5,34,16,18,7,0,0,85,0,0,0,5,6,7,0,0,0,24
CED302,0,0,0,11,14,22,18,3,0,64,0,41,51,132,83,54,28,14,3,408,3,26,52,215,25,35,17,4,0,372,3,13,30,32,5,3,0,0,0,87,0,0,3,7,7,3,8,0,0,31,0,0,0,14,11,3,3,0,0,36,11,51,31,98,42,40,19,6,0,298,0,11,23,109,88,60,28,3,4,336,3,0,5,28,22,14,8,7,6,95,0,3,17,55,31,25,7,3,0,132,22,154,187,619,331,233,174,99,43,1862,180,297,435,1044,573,449,357,204,94,3631,4770,10033,10005,19974,10226,7976,5640,3033,1071,72732,0,3,12,34,8,7,3,0,0,60,4198,7799,7071,12491,6687,5435,4096,2556,1409,51735,0,3,4,16,9,0,0,0,0,35,0,0,3,43,33,27,9,5,0,115,0,0,0,11,4,6,0,0,0,28,6,23,22,82,22,22,9,3,8,196,0,0,3,13,5,4,6,0,0,36
CED303,0,0,0,3,4,3,11,6,0,31,0,8,11,18,20,13,11,0,0,94,0,3,10,17,7,7,10,3,0,58,4,9,9,16,3,3,0,0,0,43,0,0,0,0,3,4,0,0,0,6,0,0,0,7,10,6,0,0,0,13,3,22,20,51,46,42,45,8,0,238,0,3,5,12,14,8,4,3,0,55,0,9,15,30,33,26,25,6,7,149,0,0,16,41,46,45,7,3,0,150,8,60,67,274,203,204,190,122,45,1179,147,333,304,767,515,542,406,286,201,3508,4223,10072,9308,16602,10070,9594,7403,3477,1233,71985,0,0,3,3,0,0,0,0,0,10,3663,8127,6915,12602,7096,6951,5146,2436,1186,54120,0,0,0,0,0,0,0,0,0,4,0,0,0,12,11,5,5,0,0,27,0,0,0,8,3,3,0,0,0,10,3,6,18,41,36,27,24,7,7,165,0,4,0,10,8,5,5,0,0,25
CED304,0,0,0,16,5,4,3,5,3,35,3,5,17,121,28,16,4,3,0,211,4,14,79,195,18,13,10,3,0,328,3,23,59,117,16,3,0,0,0,223,0,3,3,3,3,4,0,0,0,19,0,0,3,30,10,4,0,0,0,52,15,61,74,222,84,67,27,7,3,563,4,19,19,90,32,28,19,0,5,227,0,3,9,48,24,21,5,3,3,121,0,0,15,79,15,13,5,0,0,132,85,172,533,2046,264,177,113,58,18,3474,247,324,930,2991,1056,754,474,234,130,7149,4078,7257,12692,32266,10729,7591,4566,1931,727,81839,0,0,0,12,0,0,0,0,0,13,3306,5729,9029,17133,6766,4942,3038,1526,875,52345,3,6,6,60,0,3,0,0,0,79,0,0,3,27,3,3,0,0,0,41,0,0,0,10,7,4,0,0,0,20,7,22,53,231,48,35,5,3,3,399,0,7,6,39,14,3,4,0,0,80
CED305,0,0,0,0,3,3,7,4,0,15,3,20,13,126,27,3,0,0,0,193,0,3,4,3,3,0,0,0,0,16,3,8,13,14,3,3,0,0,0,48,0,0,0,0,0,0,0,0,0,0,0,0,0,0,3,0,0,0,0,3,0,15,15,42,24,26,12,3,3,137,3,34,33,76,34,3,0,0,0,176,0,3,3,5,15,13,10,10,0,53,0,9,10,33,20,14,4,0,0,94,10,56,65,201,92,66,58,29,11,591,380,691,789,2612,1406,1197,667,370,124,8235,5223,10884,9655,20493,10681,9766,6275,3000,946,76924,0,6,9,16,3,0,0,0,0,27,4633,8929,7883,15252,7809,6956,4721,2756,1242,60177,3,8,4,31,10,0,0,0,0,52,0,0,0,0,0,0,0,0,0,0,0,0,0,3,0,0,0,0,0,3,0,9,9,36,14,21,7,0,3,89,0,0,0,3,0,4,0,0,0,7
CED306,0,0,0,0,3,0,9,4,0,17,0,15,4,44,16,8,7,3,0,103,3,0,15,62,0,0,0,0,0,78,0,20,16,10,3,5,0,0,0,56,0,0,0,0,0,0,0,0,0,3,0,0,0,3,6,4,0,0,0,16,0,26,12,41,12,13,22,0,5,133,0,10,9,38,14,12,4,0,0,89,0,0,4,14,13,8,14,12,0,70,0,15,23,57,57,60,3,3,0,222,6,65,68,240,139,132,107,56,11,823,303,599,797,2443,1294,1082,755,364,107,7739,5018,10668,10010,21010,11424,10227,6868,3154,945,79330,0,0,0,0,0,0,0,0,0,3,4350,8845,7618,15195,8132,7262,4649,2570,1184,59813,0,5,6,17,4,0,0,0,0,29,0,0,0,0,0,0,3,0,0,4,0,0,0,10,0,0,0,0,0,11,3,10,13,84,18,28,17,5,0,171,0,0,0,3,4,0,0,0,0,7
CED307,0,0,0,3,3,5,3,0,3,19,0,0,5,26,15,24,11,3,0,97,0,3,0,8,0,3,3,0,0,22,4,19,22,19,4,0,0,0,0,66,0,0,0,5,3,0,0,0,0,6,0,0,0,8,0,0,0,0,0,12,6,29,32,66,40,37,23,0,4,225,0,4,4,16,6,3,4,0,0,35,0,8,13,25,35,17,12,8,0,123,0,0,19,57,44,42,7,5,0,180,10,63,88,363,218,189,122,58,11,1116,192,352,361,901,536,394,324,166,67,3295,5124,11252,9637,18927,10379,8191,5910,2164,631,72211,0,0,0,11,4,3,0,0,0,12,4497,9343,7550,14948,7540,6133,4448,1603,801,56868,0,0,0,13,0,0,0,0,0,16,0,0,0,10,3,0,3,0,0,18,0,0,0,6,6,0,4,0,0,12,3,10,10,49,33,21,11,8,4,150,0,0,0,4,3,4,0,0,0,11
CED308,0,0,5,13,18,29,24,14,0,103,0,11,11,50,18,18,10,6,0,123,3,3,17,62,18,8,15,4,0,127,7,14,25,42,10,0,0,0,0,96,0,0,4,3,9,0,8,3,0,31,0,3,3,19,34,16,10,8,0,99,6,44,34,86,47,54,44,13,3,323,0,14,22,45,25,10,6,0,0,128,3,9,11,37,27,26,27,12,3,145,0,4,18,74,35,29,15,0,0,180,19,128,192,597,328,324,265,149,36,2039,397,685,781,1706,907,740,632,351,173,6370,5494,11071,11032,21500,11190,9117,7931,3788,1153,82274,0,0,6,22,8,0,0,0,0,31,4667,8197,7570,13426,6333,5771,4748,2244,1042,53993,0,4,12,58,7,3,4,0,0,87,0,0,19,73,42,32,19,6,0,198,0,0,0,5,9,0,0,0,0,19,10,10,23,77,25,28,8,5,4,192,0,3,3,17,17,7,10,3,0,67
CED309,0,0,0,4,6,9,10,3,0,32,3,7,3,25,11,7,14,5,0,73,0,3,3,23,0,0,0,0,0,29,4,18,22,24,10,3,0,0,0,85,0,0,0,0,0,0,0,0,0,0,0,0,0,0,3,0,0,0,0,11,7,45,29,82,51,42,55,21,4,350,3,3,3,13,8,0,0,0,0,33,0,14,11,37,29,26,34,10,3,167,0,0,19,45,47,40,25,12,0,185,10,64,105,265,166,162,168,109,44,1096,194,419,487,1266,749,666,589,299,151,4815,4262,10257,8347,17406,10160,9641,8149,4166,1434,73821,0,0,0,0,0,0,0,0,0,0,3885,8384,6864,13589,8042,7562,5801,3110,1529,58756,0,0,0,4,0,0,0,0,0,7,0,0,0,5,0,0,0,0,0,11,0,5,0,9,0,0,0,0,0,14,12,32,13,108,51,48,25,13,3,306,0,0,0,5,9,3,0,0,0,19
CED310,0,0,0,0,0,3,16,10,0,35,0,4,3,16,6,8,9,6,0,57,0,3,8,24,0,0,0,0,0,38,3,3,3,11,3,0,0,0,0,27,0,0,0,3,0,0,3,0,0,4,0,0,0,6,3,3,0,0,0,12,0,27,31,62,46,53,43,20,8,284,0,3,3,14,6,3,0,0,0,31,0,5,10,17,18,13,25,11,7,105,0,3,16,46,31,22,13,3,0,141,13,71,91,207,143,138,155,114,53,968,149,355,463,1094,643,617,554,349,169,4399,3703,9054,8132,15302,9029,8508,8036,4451,1528,67747,0,4,0,3,0,0,0,0,0,9,3210,7363,6368,11942,6898,6811,6009,3198,1577,53371,0,0,0,3,0,0,0,0,0,3,0,0,0,3,3,0,4,0,0,12,0,0,0,3,0,0,0,0,0,12,0,20,22,104,31,38,30,8,8,258,0,0,0,6,4,4,3,0,0,19
CED311,0,0,0,3,4,6,7,3,0,21,3,9,14,61,8,8,0,0,0,98,0,0,9,31,3,0,0,0,0,38,3,7,14,5,3,0,0,0,0,33,0,0,0,0,0,0,3,0,0,3,0,0,0,6,0,0,0,0,0,6,6,21,5,34,32,21,19,3,5,155,0,12,3,32,10,3,0,0,0,66,0,0,3,12,10,9,12,0,0,55,0,13,14,55,45,17,0,0,0,145,11,45,52,241,121,102,103,48,8,721,432,844,813,2309,1408,1153,725,381,78,8152,5733,11852,9265,20539,11626,10317,6916,2955,713,79916,0,0,0,0,0,0,0,0,0,0,5043,9706,7202,15666,8152,6797,4446,2013,794,59811,0,3,4,18,0,0,0,0,0,30,0,0,0,7,0,0,0,0,0,7,0,0,0,8,5,3,0,0,0,21,3,0,12,48,10,15,6,0,0,100,0,0,0,6,0,3,3,0,0,8
CED312,0,0,0,10,14,30,23,18,3,97,0,8,7,40,14,20,8,7,0,105,7,9,13,60,19,27,21,4,0,169,7,18,16,57,3,3,0,0,0,105,0,0,0,3,9,7,3,3,0,22,0,7,7,40,19,6,0,0,0,78,7,27,18,67,43,28,15,3,0,222,0,15,22,56,40,30,11,0,0,174,0,0,4,18,27,13,26,14,0,108,0,4,14,49,41,34,13,5,0,166,20,121,191,738,392,365,234,120,32,2211,336,648,640,1541,719,576,500,239,63,5269,6409,12544,11374,22458,10189,8342,6381,2671,793,81157,0,11,30,71,10,7,3,0,0,129,5686,9909,8313,15104,6193,5263,3833,1621,729,56647,0,0,0,3,3,0,0,0,0,7,0,0,0,37,19,11,4,0,0,77,0,0,22,67,45,26,13,9,3,183,3,13,3,69,15,14,9,3,0,120,0,0,0,9,9,9,5,4,0,41
CED313,0,0,0,17,22,10,11,16,0,76,3,30,46,164,44,27,12,10,3,340,0,11,76,193,20,19,6,4,0,325,4,19,37,106,16,10,4,0,0,187,0,0,0,3,7,6,3,0,0,17,0,3,6,39,23,8,3,0,0,80,6,53,64,223,54,46,29,7,0,488,3,27,52,188,85,93,41,16,12,513,0,3,4,38,22,14,8,6,0,105,0,0,19,55,22,16,6,0,0,124,36,157,351,1560,283,193,150,75,36,2845,234,402,755,2217,750,528,288,172,83,5434,4462,8481,11424,29211,10006,7035,4116,2086,837,77648,0,0,4,34,14,3,5,0,0,64,3911,6536,8147,16980,6602,4874,2836,1633,1198,52711,3,11,4,43,12,6,0,0,0,78,0,0,13,52,23,23,23,8,3,148,0,0,0,7,5,3,0,3,0,23,6,17,40,201,43,28,6,3,0,350,0,0,6,40,3,8,8,0,0,67
CED314,0,0,0,0,3,3,0,0,0,6,3,27,15,71,30,11,3,0,0,157,0,8,3,24,8,4,4,0,0,51,0,11,3,20,3,0,0,0,0,34,0,0,0,0,0,0,0,0,0,3,0,0,0,9,0,3,0,0,0,12,6,19,13,44,31,21,22,12,3,179,3,3,8,19,6,3,3,0,0,47,0,0,0,4,4,8,6,5,0,34,0,19,46,65,62,38,15,3,3,245,38,177,286,472,167,91,57,49,12,1343,256,500,669,1274,677,672,558,384,177,5167,4958,10400,10115,17867,9008,8427,6558,3580,1239,72144,0,13,25,45,8,9,3,0,0,103,4374,9194,8110,14558,7780,7430,5805,3430,1652,62345,3,4,8,30,7,0,0,0,0,50,0,0,0,0,3,0,0,0,0,3,0,0,0,3,0,0,0,0,0,6,5,18,9,45,13,15,12,5,4,125,0,0,0,3,0,0,0,0,0,8
CED315,0,0,0,0,4,4,3,3,0,19,0,11,13,36,16,12,3,0,0,95,0,3,4,10,0,0,0,0,0,19,10,26,27,17,7,0,0,0,0,87,0,0,0,0,0,0,0,0,0,3,0,0,0,3,3,0,0,0,0,11,3,23,32,92,32,24,18,8,0,237,3,11,8,44,11,8,9,0,0,88,0,3,0,22,11,5,15,3,0,66,0,15,25,53,20,18,4,0,0,132,24,162,202,402,183,136,127,88,8,1334,341,549,1206,2041,929,801,545,243,84,6746,5903,10958,13024,22393,10068,8425,5691,2421,750,79638,0,0,3,0,0,0,0,0,0,6,4993,9329,10148,17693,7518,6430,3998,2138,913,63151,0,0,3,11,3,3,0,0,0,19,0,0,0,7,0,0,0,0,0,5,0,0,0,14,8,0,0,0,0,20,3,3,22,109,29,29,19,3,0,214,0,0,5,7,0,0,3,0,0,12
CED316,0,0,0,0,4,14,9,10,0,34,0,11,0,20,16,10,3,6,4,70,5,0,18,75,0,0,0,0,0,98,3,12,11,13,4,0,0,0,0,50,0,0,0,0,0,0,0,0,0,8,0,0,0,10,9,3,3,0,0,31,0,7,12,39,23,21,40,17,3,177,0,6,6,17,13,10,0,3,0,59,0,3,3,15,14,5,28,18,3,96,0,3,10,16,19,16,4,3,0,72,9,16,26,119,97,97,188,121,34,709,193,487,507,1064,707,884,924,509,179,5451,3707,8907,7450,13365,8376,9557,10317,5499,1538,68723,0,0,0,0,0,0,0,0,0,0,3221,7597,6283,11678,7051,8020,7339,4047,1622,56857,0,3,0,8,0,0,0,0,0,13,0,0,0,0,0,0,0,0,0,5,0,0,0,3,0,3,0,0,0,5,0,3,6,39,14,21,18,6,3,122,0,0,0,0,0,0,0,0,0,6
CED317,0,0,0,0,3,6,11,11,0,40,0,8,3,29,7,7,9,0,0,58,0,0,7,32,3,0,0,0,0,43,3,11,16,42,4,5,3,0,0,80,0,0,0,0,0,0,0,0,0,0,0,0,0,3,3,0,0,0,0,5,0,15,8,20,26,24,49,13,4,165,0,7,0,7,5,0,0,0,0,20,0,0,0,15,6,8,5,8,0,48,0,9,6,31,29,10,4,3,0,100,9,34,58,252,129,177,171,136,25,1006,407,842,822,2031,1270,1282,982,469,143,8244,5124,11274,9411,18268,10732,10849,8427,4096,1114,79306,0,0,0,0,0,0,0,0,0,0,4285,9348,7165,13700,7910,7455,5216,2570,1032,58684,0,0,0,6,0,0,0,0,0,3,0,0,0,0,0,0,0,0,0,3,0,4,3,11,3,0,0,0,0,14,0,0,7,42,19,19,23,3,0,121,0,0,0,3,0,0,0,0,0,6
CED318,0,0,0,0,3,5,10,13,3,35,0,13,5,37,26,20,15,6,0,120,0,4,9,90,6,6,0,0,0,115,10,41,59,80,18,7,0,0,0,211,0,0,0,0,0,0,0,0,0,4,0,3,0,8,6,3,0,0,0,22,3,24,27,93,49,65,47,13,4,333,0,15,20,40,21,4,6,7,0,115,0,3,8,24,23,21,23,3,3,109,0,4,10,37,13,19,5,0,0,98,9,87,133,651,361,342,254,130,33,2007,483,911,996,2601,1396,1197,819,379,117,8903,6145,12662,10749,23512,12435,10805,7228,2766,723,87018,0,0,0,3,0,0,0,0,0,3,5124,10242,8087,16290,7907,6729,3989,1621,791,60782,0,0,3,11,0,0,0,0,0,18,0,0,0,4,6,3,5,0,0,26,0,3,0,10,4,3,0,0,0,24,0,9,28,136,67,51,22,6,4,323,0,0,0,18,5,3,3,0,0,34
CED319,0,0,0,4,4,14,3,4,0,33,0,26,21,117,36,37,27,9,3,280,0,13,6,67,8,7,8,0,0,110,5,42,35,40,9,0,0,0,0,143,0,0,4,11,0,4,0,0,0,22,0,0,0,15,7,4,0,0,0,25,3,38,31,97,50,25,13,4,0,263,3,9,12,53,43,25,17,3,7,174,0,3,3,23,25,13,10,5,0,95,0,8,13,57,19,14,3,0,0,110,27,98,176,660,266,201,118,67,40,1651,193,275,464,1312,536,458,327,248,194,4011,4993,9156,9679,23569,10026,8013,5546,3193,1358,75537,0,4,11,10,3,0,0,4,0,36,4279,7339,7342,15436,7030,5885,4432,3143,1645,56538,0,9,5,22,3,0,0,0,0,42,0,0,0,12,7,9,3,3,3,41,0,3,0,12,0,9,0,0,0,22,0,5,23,92,33,20,4,0,0,173,0,3,0,8,12,9,4,0,0,30
CED320,0,0,0,3,9,3,12,3,0,32,0,0,4,4,6,14,7,7,0,43,0,4,40,116,0,5,3,0,0,170,4,3,18,19,5,0,0,0,0,50,0,0,0,0,0,0,0,0,0,3,0,0,0,3,3,0,0,0,0,10,4,16,24,49,36,43,27,3,4,209,0,4,4,26,16,18,4,0,0,66,0,6,3,18,16,20,24,9,3,99,0,3,15,25,21,24,13,0,0,98,13,40,76,250,172,159,146,87,21,967,296,562,547,1237,705,751,712,408,259,5488,5369,11470,10368,19207,10074,9286,8303,3784,1161,79019,0,0,0,3,0,0,0,0,0,3,4699,9702,8500,15061,7554,6981,5686,2424,846,61454,0,0,0,0,0,0,0,0,0,4,0,0,0,3,6,0,0,0,0,13,0,0,3,14,3,4,0,0,0,29,0,3,14,43,15,19,11,5,3,110,0,0,0,3,6,3,3,0,0,20
CED321,0,0,0,0,3,11,6,6,0,22,0,5,0,27,3,3,4,0,0,48,0,4,20,56,0,4,0,0,0,76,0,3,4,3,0,0,0,0,0,14,0,0,0,0,0,0,0,0,0,3,0,0,0,5,0,0,0,0,0,5,4,17,10,18,30,21,23,5,0,121,3,13,16,36,8,0,0,0,0,80,0,0,0,4,4,10,12,5,0,32,0,7,4,22,18,17,8,3,0,83,4,34,22,121,66,62,91,58,11,462,342,696,677,1713,1125,1094,999,530,163,7334,4909,10646,8487,16264,9962,10355,8927,4342,1221,75110,0,0,0,0,0,0,0,0,0,0,4305,8858,6824,13800,8008,7974,6238,3388,1501,60899,0,0,3,0,0,0,0,0,0,6,0,0,0,0,0,0,0,0,0,0,0,0,3,7,0,0,0,0,0,10,0,0,5,32,15,20,3,8,0,85,0,0,0,3,0,0,3,0,0,9
CED322,0,0,0,8,14,14,13,19,0,67,0,3,7,17,9,7,17,7,3,71,0,8,23,49,13,14,6,0,0,119,10,15,22,22,12,6,0,0,0,95,0,0,0,3,14,4,6,0,0,34,0,0,3,10,20,8,3,0,0,39,9,42,64,112,55,58,48,15,3,405,0,0,3,14,17,13,10,3,0,62,3,7,8,45,38,17,29,13,4,164,0,0,7,40,16,17,9,5,0,93,14,89,138,593,210,182,184,132,48,1592,230,482,533,1338,642,657,580,349,236,5044,4437,9642,9238,18994,9592,8467,7097,3804,1483,72748,0,0,0,0,0,0,0,0,0,0,3890,7580,6917,13380,6666,6313,4685,2569,1483,53475,0,0,3,12,0,0,0,0,0,10,0,0,3,22,26,12,8,8,0,73,0,0,0,9,3,6,3,0,0,15,5,12,26,193,47,39,17,9,3,350,0,3,0,23,13,4,3,3,0,51
CED323,0,0,3,16,14,21,25,12,5,97,0,6,7,33,8,15,17,8,0,93,3,12,47,159,25,19,25,0,0,289,13,23,42,94,14,9,0,0,0,199,3,0,0,11,7,12,5,3,0,41,0,0,0,22,22,9,9,3,0,62,11,21,54,114,48,60,44,14,7,379,3,18,20,54,26,17,10,5,0,150,0,4,9,20,26,8,26,7,3,109,0,0,9,37,20,17,11,3,0,100,41,112,436,1298,296,320,281,201,59,3046,280,589,1110,2346,1054,955,812,451,201,7805,3916,7798,10564,23318,10121,9111,8053,4220,1499,78597,0,3,0,4,0,0,0,0,0,9,3282,5932,6949,11974,5930,5585,4825,2608,1386,48470,0,4,3,23,3,3,0,0,0,31,0,0,9,36,28,25,15,4,0,116,0,4,4,20,7,6,0,3,0,44,0,11,48,178,44,30,19,4,5,337,0,0,5,43,18,12,13,3,3,98
CED324,0,0,8,33,20,36,24,19,7,136,4,24,52,194,59,50,21,11,13,428,31,67,307,1119,141,224,160,32,7,2091,4,14,26,62,10,3,3,0,0,122,0,0,0,10,8,12,7,3,0,35,0,0,3,17,11,12,6,0,0,53,7,40,56,101,47,26,20,5,8,310,9,21,107,359,268,218,100,27,13,1121,0,3,5,19,13,6,10,10,0,61,0,8,34,91,41,26,6,3,0,203,48,287,441,1277,439,331,209,104,51,3190,216,385,658,1409,524,431,335,206,128,4283,5116,9055,12666,25781,9235,7489,5308,2661,1062,78365,3,13,52,86,32,13,7,0,3,220,4334,6706,6661,10287,4781,4141,3172,1947,1248,43266,4,20,29,74,17,9,3,0,0,153,0,0,16,80,57,43,20,13,0,226,0,3,3,43,30,33,8,7,3,129,3,17,20,95,20,10,7,3,0,173,0,3,3,31,17,15,8,7,3,94
CED325,0,0,0,17,17,15,14,10,3,75,4,47,50,226,110,109,63,23,4,633,0,3,17,89,16,27,11,7,0,176,3,7,14,42,15,3,0,0,0,89,0,0,4,11,9,9,3,5,0,44,0,0,0,15,3,0,0,0,0,23,8,31,40,93,39,31,30,9,0,274,24,119,276,1267,886,698,275,115,42,3699,0,8,10,19,29,22,6,9,4,103,0,11,34,99,53,32,8,0,0,240,76,514,739,1535,839,571,290,128,32,4722,400,643,720,1486,712,498,346,173,66,5050,6635,12404,11851,24132,10690,7986,4949,2088,628,81369,0,8,20,50,9,4,0,0,0,94,5583,8942,7377,12219,5100,3918,2637,1227,615,47622,3,45,41,130,15,12,0,0,0,248,0,0,6,18,24,13,5,7,0,65,0,0,0,16,8,3,0,3,0,35,3,9,17,59,19,16,16,4,3,134,0,0,3,38,37,39,21,3,7,143
CED326,0,0,0,3,3,9,9,4,0,32,3,24,12,90,38,34,32,14,5,236,0,6,10,31,7,3,3,0,0,58,0,21,13,26,9,7,3,0,0,67,0,0,0,3,8,3,0,0,0,13,0,0,3,7,7,0,3,3,0,23,7,43,31,89,38,36,27,3,0,288,0,4,14,30,22,11,6,3,0,87,0,4,20,28,25,22,16,10,3,140,0,11,23,78,51,22,6,3,0,192,16,140,143,559,348,195,177,108,31,1723,275,486,472,1313,668,540,507,335,196,4803,5713,11190,9788,21076,10352,8360,7052,3674,1356,78562,0,0,4,21,3,0,3,0,0,35,5067,8488,7244,14478,6645,6156,5245,2996,1596,57904,0,3,0,29,10,0,3,0,0,45,0,0,0,23,13,3,3,0,0,49,0,0,0,8,4,0,0,0,0,20,3,17,20,60,30,25,10,9,7,180,0,0,4,21,17,3,4,0,0,56
CED327,0,0,0,30,31,42,26,13,6,151,0,17,34,158,51,46,28,9,3,354,20,32,74,507,75,99,55,14,0,876,10,89,84,121,12,6,0,0,0,331,0,0,3,19,11,25,7,0,0,64,0,0,9,34,17,8,0,0,0,65,0,26,36,61,21,19,19,3,0,187,3,17,38,186,118,96,39,12,4,508,0,3,4,7,18,16,11,6,3,63,0,11,48,111,53,33,10,6,0,272,46,405,630,1621,785,672,424,157,45,4784,460,825,812,1651,725,584,442,228,57,5787,7505,13749,13076,26249,10442,8804,6001,2181,624,88626,3,43,115,191,61,10,9,0,0,426,6242,9984,7573,12708,5157,4690,3167,1174,620,51323,3,5,14,42,10,3,0,0,0,84,0,3,19,128,67,48,23,11,3,307,0,5,20,154,85,56,21,12,8,369,0,14,8,46,18,20,11,3,4,118,0,0,4,12,9,7,12,0,0,48
CED328,0,0,0,3,8,3,3,3,0,25,3,24,29,94,55,43,34,16,3,309,0,16,57,127,22,26,19,3,0,271,3,19,28,43,3,3,6,0,0,112,0,0,0,0,10,3,8,3,0,21,3,0,4,14,11,5,0,0,0,41,19,124,142,189,98,63,52,17,3,708,9,26,29,116,36,23,6,0,0,246,0,10,10,22,38,18,24,9,5,132,0,11,34,99,54,50,24,0,0,266,43,189,348,809,288,196,145,49,26,2096,133,289,636,1089,444,368,272,157,77,3460,4196,10453,14348,20487,9715,7403,5692,2663,978,75924,0,0,0,0,0,0,0,0,0,5,3726,7650,9499,12582,6323,5385,4227,2173,1323,52879,3,4,3,48,5,3,0,0,0,77,0,0,0,8,0,5,0,0,0,17,0,0,0,3,3,3,0,0,0,13,6,21,61,140,59,37,13,5,3,354,4,3,5,54,12,3,5,4,0,96
CED329,0,0,0,3,3,3,13,4,0,32,0,0,3,11,3,4,6,4,0,35,0,3,0,8,3,0,0,0,0,19,3,9,7,4,0,0,0,0,0,27,0,0,0,3,3,0,0,3,0,9,0,0,0,5,0,3,0,3,0,9,0,27,12,26,45,58,62,19,3,268,0,0,3,13,4,0,0,0,0,25,0,3,0,11,10,14,15,18,4,80,0,6,7,10,28,10,14,10,0,92,8,34,28,138,103,148,180,101,37,781,226,536,446,1125,875,991,987,512,160,5868,3597,9326,7416,13632,9684,11069,10506,4749,1351,71334,0,0,0,0,0,0,0,0,0,0,3204,7740,5861,11375,7884,8494,6979,3271,1417,56226,0,0,0,0,0,0,0,0,0,5,0,0,0,0,0,0,0,0,0,4,0,0,3,7,3,0,0,0,0,13,0,7,5,49,36,29,22,7,0,161,0,0,0,8,4,0,3,0,0,14
CED330,0,0,0,0,11,9,10,15,3,53,0,0,3,7,3,3,8,0,0,30,0,0,32,124,10,6,6,0,0,183,3,10,10,35,3,4,0,0,0,63,0,0,0,3,3,3,0,0,0,12,0,0,0,0,6,0,3,0,0,15,0,15,9,51,40,40,40,14,0,213,0,7,5,36,34,15,7,0,0,104,0,3,10,13,29,16,17,6,0,99,0,4,15,35,30,21,14,0,0,119,5,52,72,303,203,237,161,82,18,1131,268,653,664,1403,981,873,709,298,129,5972,4906,12005,9936,18340,11550,9835,7559,3017,806,77955,0,0,0,8,0,0,0,0,0,10,4317,10140,7980,14407,8051,6566,4692,1960,755,58863,0,0,6,5,0,0,0,0,0,17,0,0,0,5,3,3,0,0,0,10,0,0,3,13,9,3,0,0,0,32,0,4,18,59,24,16,17,0,0,138,0,0,0,10,14,10,0,0,0,30
CED394,0,0,0,0,0,0,0,3,0,4,0,0,0,0,0,0,0,0,0,7,0,0,9,37,0,0,0,0,0,46,0,0,0,3,0,0,0,0,0,3,0,0,0,0,0,0,0,0,0,0,0,0,0,0,3,0,0,0,0,3,0,0,14,11,4,0,0,3,0,35,0,0,7,3,4,0,0,0,0,11,0,0,8,0,0,7,4,0,0,17,0,0,4,0,3,0,3,0,0,10,5,0,28,78,19,20,18,3,0,174,28,37,130,417,160,200,157,38,3,1172,182,249,772,2257,975,1147,1120,225,19,6937,0,0,0,0,0,0,0,0,0,0,130,183,337,734,438,791,472,77,6,3164,0,0,0,0,0,0,0,0,0,0,0,0,0,0,0,0,0,0,0,0,0,0,0,0,0,0,0,0,0,0,0,0,11,13,0,0,3,0,0,29,0,0,0,9,0,0,0,0,0,15
CED397,0,0,0,0,0,0,0,0,0,0,0,0,0,0,0,0,0,0,0,0,0,0,0,0,0,0,0,0,0,0,0,0,0,0,0,0,0,0,0,0,0,0,0,0,0,0,0,0,0,0,0,0,0,0,0,0,0,0,0,0,0,0,0,0,0,0,0,0,0,0,0,0,0,0,0,0,0,0,0,0,0,0,0,0,0,0,0,0,0,0,0,0,0,0,0,0,0,0,0,0,0,0,0,0,0,0,0,0,0,0,0,0,3,3,0,0,4,0,0,12,0,0,5,15,10,7,13,7,0,66,0,0,0,0,0,0,0,0,0,0,3,0,5,8,7,14,4,4,0,50,0,0,0,0,0,0,0,0,0,0,0,0,0,0,0,0,0,0,0,0,0,0,0,0,0,0,0,0,0,0,0,0,0,0,0,0,0,0,0,0,0,0,0,0,0,0,0,0,0,0
CED401,0,0,0,18,19,26,15,14,10,99,5,21,37,179,35,18,9,6,0,320,3,3,40,81,4,3,0,0,0,142,0,10,48,98,13,4,3,0,0,180,0,0,0,0,0,6,3,3,0,18,0,3,3,20,10,8,3,0,0,57,12,30,40,110,46,49,31,12,0,324,5,33,153,391,268,233,73,27,9,1192,0,4,8,24,13,30,20,10,0,101,0,3,13,33,7,11,3,0,0,75,38,147,453,1079,311,215,198,125,85,2643,189,318,695,1671,756,671,468,249,126,5148,4302,7857,12691,25768,10188,9202,6354,3171,1520,81061,3,45,173,241,66,23,7,4,0,566,3543,6199,7173,13302,6712,6244,4077,1973,1475,50702,8,36,12,144,10,10,0,0,0,221,0,0,3,33,19,28,15,9,4,108,0,3,14,57,35,40,21,4,3,178,4,17,18,91,21,28,12,3,3,189,3,3,0,21,8,6,4,0,0,49
CED402,0,0,0,0,9,3,9,5,3,35,0,6,8,44,3,0,0,0,0,67,0,0,34,131,0,0,0,0,0,159,4,36,29,21,3,0,0,0,0,98,0,0,0,0,0,0,0,0,0,6,0,0,0,11,6,4,5,3,0,32,3,9,15,24,23,19,16,7,0,110,7,15,14,77,29,12,6,4,0,154,0,0,0,3,11,20,11,4,4,51,0,9,11,17,8,12,3,0,0,65,10,43,55,189,79,109,101,66,34,696,201,440,507,1193,878,900,805,418,159,5496,4183,9690,8578,16851,10605,10749,8898,4390,1535,75467,0,5,22,44,8,0,0,0,0,85,3835,8044,6922,13098,8306,8261,6473,3553,1878,60368,0,3,0,12,0,0,0,0,0,19,0,0,0,0,4,0,3,0,0,4,0,0,4,11,7,0,0,0,0,32,0,0,5,17,12,10,8,0,0,50,0,0,0,0,0,0,0,0,0,0
CED403,0,0,0,4,7,10,12,10,3,54,7,15,16,74,31,12,10,5,3,171,4,0,5,22,3,0,0,0,0,38,0,8,23,16,0,3,0,0,0,50,0,0,0,0,3,0,3,0,0,12,0,0,0,6,10,5,0,0,3,26,0,32,33,87,51,34,46,7,0,296,7,19,21,93,32,30,7,0,0,212,0,13,11,28,25,31,22,20,4,150,0,0,17,22,20,10,0,0,0,74,56,167,239,601,236,172,164,133,69,1839,153,217,335,745,439,464,360,271,145,3125,4111,8392,9407,17228,9395,9038,7188,3756,1730,70246,5,7,17,24,12,0,4,0,0,66,3342,6891,7217,12312,6943,6981,5208,2862,2065,53833,0,13,9,54,11,5,0,0,0,94,0,0,3,10,16,20,4,8,0,70,0,4,0,27,14,12,5,3,0,61,5,10,11,60,27,25,13,3,0,162,0,4,3,14,4,5,0,3,0,38
CED404,0,0,0,3,9,10,22,17,0,58,0,10,4,44,13,8,3,0,0,81,0,0,0,0,0,0,0,0,0,4,3,4,7,3,0,0,0,0,0,17,0,0,0,0,0,0,0,0,0,3,0,0,0,3,7,0,0,0,0,7,0,4,8,16,8,18,14,8,0,70,0,0,0,20,6,3,0,0,0,33,0,0,0,7,11,21,28,8,3,85,0,8,8,31,15,6,0,0,0,70,3,30,18,87,76,87,135,77,23,537,260,510,518,1393,979,1032,847,465,202,6201,4281,8996,7862,16173,10271,10874,8806,4320,1366,72947,0,0,0,0,0,0,0,0,0,0,3790,7753,6387,13182,7739,7791,6117,3228,1577,57558,0,7,0,22,0,0,0,0,0,32,0,0,0,0,3,3,0,3,0,9,0,0,0,0,0,0,0,0,0,4,0,0,3,24,8,5,5,3,3,56,0,0,0,4,3,0,4,0,0,8
CED405,0,0,0,26,24,18,23,14,3,108,0,19,8,79,16,6,7,5,0,139,4,3,9,26,0,0,0,0,0,44,3,8,17,49,14,3,0,0,0,94,0,0,0,3,6,9,12,8,7,56,0,0,0,3,8,4,3,3,0,29,8,18,23,70,34,32,23,8,0,216,3,9,46,76,90,90,27,8,11,352,0,4,6,27,15,23,15,14,4,110,0,0,9,17,10,3,0,0,0,38,54,177,254,792,281,191,183,157,80,2170,172,271,381,1125,561,529,434,315,200,3970,4099,7327,9393,20417,9890,8824,7020,4294,1992,73267,0,12,34,41,17,5,3,0,0,107,3361,5775,7042,12884,6992,6728,4883,3026,2355,53051,11,26,9,86,5,3,0,0,0,143,0,0,13,61,57,41,27,13,0,203,0,0,3,39,35,28,18,5,0,138,3,12,11,69,26,17,13,4,3,152,0,0,0,10,6,7,3,3,0,33
CED406,0,0,0,3,11,21,10,11,4,65,0,8,3,26,13,5,10,4,0,61,0,0,0,0,0,0,0,0,0,4,3,3,8,11,0,4,0,0,0,41,0,0,0,0,0,0,0,3,0,5,0,0,0,7,0,0,3,0,0,11,0,23,23,54,27,24,23,6,0,188,0,5,5,24,8,9,3,0,0,55,0,21,19,48,48,40,36,23,3,251,0,3,3,23,16,9,0,0,0,57,7,60,79,268,147,158,161,108,26,1012,204,386,420,1048,556,585,480,300,156,4128,4883,9578,9119,19104,9508,8807,6992,3205,1107,72306,0,0,0,0,0,0,0,0,0,0,4431,7797,7427,15146,6295,6311,4381,1620,856,54263,0,0,4,3,3,0,3,0,0,11,0,0,0,9,11,7,3,0,0,36,0,0,0,10,0,0,0,0,0,16,3,5,3,36,24,15,7,3,5,90,0,3,0,13,9,7,6,3,0,41
CED407,0,0,0,19,24,21,22,20,3,111,3,22,26,127,23,16,16,9,0,238,0,0,8,40,0,4,0,0,0,55,3,12,7,54,3,5,0,0,0,82,0,0,0,4,0,4,12,9,0,35,0,0,7,9,9,3,0,3,0,32,0,19,15,44,30,35,19,7,7,173,0,10,33,257,137,174,46,18,9,697,0,0,4,31,26,45,37,37,8,182,0,0,8,17,11,15,0,0,0,58,5,121,260,573,300,260,194,137,41,1887,150,275,303,907,473,397,375,248,93,3225,4602,9158,9945,20297,9908,8338,6922,3532,1149,73851,0,35,147,198,51,24,7,3,0,458,4082,7476,7130,13815,6498,5550,4352,1698,846,51443,4,15,3,110,9,8,3,0,0,149,0,0,9,50,29,30,11,4,0,142,0,0,4,50,29,23,9,3,0,113,0,5,7,30,13,5,10,4,6,85,0,0,0,12,17,11,10,6,0,54
CED408,0,0,0,0,7,9,10,9,0,29,0,3,0,21,7,7,9,0,0,42,0,3,3,0,0,0,0,0,0,9,3,8,11,6,0,0,0,0,0,35,0,0,0,0,0,0,0,0,0,0,0,0,0,0,0,0,3,0,0,9,7,17,31,38,37,42,46,19,3,239,0,3,5,18,11,8,0,0,0,49,0,3,10,20,30,30,43,19,10,163,0,0,0,16,11,13,5,0,0,50,0,37,34,142,104,121,137,97,24,688,160,373,385,911,637,764,650,353,133,4363,3602,8857,7774,13490,9718,10285,9268,4338,1439,68768,0,0,0,0,0,0,0,0,0,0,3327,7789,6350,11874,7510,7674,6405,2729,1428,55082,0,0,0,0,0,0,0,0,0,0,0,0,0,3,3,0,0,0,0,5,0,0,0,7,0,0,0,0,0,11,0,6,6,40,20,27,22,0,0,121,0,3,0,3,3,7,0,0,0,11
CED409,0,0,4,52,37,54,60,35,12,252,0,14,14,98,20,7,6,0,0,158,0,0,12,67,3,3,0,0,0,89,7,14,25,162,10,3,3,0,0,219,0,0,3,8,7,10,7,3,0,37,0,0,3,11,8,3,0,3,0,29,5,14,10,43,21,25,9,3,0,131,19,71,220,972,699,671,253,86,43,3045,0,3,0,22,12,19,16,12,4,90,0,6,10,28,13,3,0,0,0,54,51,312,450,1118,447,392,270,174,95,3309,280,425,543,1270,742,646,485,285,132,4801,5455,10007,10883,22996,11352,9819,6192,3228,1300,81238,7,78,201,254,63,15,3,3,0,629,4616,7896,7889,14117,7141,5823,3355,1802,1067,53712,0,18,6,63,3,0,0,0,0,96,0,4,12,139,71,60,31,19,0,346,7,32,66,382,147,157,67,35,11,900,0,4,3,32,15,10,10,0,0,82,0,0,4,25,26,18,13,3,0,88
CED410,0,0,0,9,10,16,12,13,8,73,9,103,67,248,111,30,25,14,0,612,3,15,23,50,15,16,9,4,0,132,3,6,20,34,3,0,0,0,0,68,0,0,0,0,0,3,5,0,0,4,0,4,0,17,6,18,9,11,3,70,5,44,38,65,41,32,19,5,5,262,0,15,19,104,68,71,33,6,4,326,0,3,7,6,28,12,26,14,10,105,0,8,7,32,7,14,3,0,0,73,23,185,195,648,299,245,194,190,115,2097,111,259,284,744,481,354,334,291,157,3012,4030,8653,9324,18527,9747,7927,6735,4557,1949,71450,0,7,24,48,17,10,10,0,0,105,3526,6308,6525,10957,6708,5793,4556,2842,1997,49208,3,15,10,69,12,0,6,0,0,116,0,0,5,24,18,11,7,4,0,64,0,0,5,35,16,13,8,0,0,82,0,10,11,42,28,24,3,3,3,113,0,0,3,8,5,4,3,0,0,32
CED411,0,0,0,5,6,7,14,19,0,52,0,3,6,86,10,0,0,0,0,118,0,3,8,4,0,3,0,0,0,17,3,4,10,28,3,0,0,0,0,52,0,0,0,3,0,0,3,0,0,8,0,0,0,3,3,4,0,0,0,16,3,19,13,50,25,18,12,3,6,144,3,16,13,132,94,93,26,7,3,386,0,4,3,13,30,25,24,21,12,125,0,13,21,30,20,7,0,0,0,96,29,295,404,812,297,243,151,93,39,2367,360,677,686,1553,880,839,619,347,144,6112,6314,11924,11498,20972,11253,10073,6776,3599,1241,83654,5,47,135,200,41,12,4,0,0,441,5469,9864,9212,16734,7871,6036,3920,1961,937,62013,11,8,3,43,0,0,0,0,0,60,0,0,4,8,11,7,3,0,0,31,0,3,20,85,23,38,11,6,5,193,0,7,6,17,14,13,3,0,0,58,0,0,0,15,3,6,5,3,0,41
CED494,0,0,0,0,0,0,0,0,0,0,0,0,3,0,0,0,0,0,0,3,0,0,0,7,0,0,0,0,0,7,0,0,0,0,0,0,0,0,0,3,0,0,0,0,0,0,0,0,0,0,0,0,0,0,0,0,0,0,0,0,0,0,0,0,0,4,0,0,0,10,0,0,4,3,0,0,0,0,0,6,0,0,0,0,0,0,0,0,0,3,0,0,0,0,0,0,0,0,0,3,0,0,17,23,3,3,5,0,0,54,3,12,29,73,55,39,23,0,0,231,50,56,259,626,282,239,168,43,13,1734,0,0,0,0,0,0,0,0,0,0,32,52,128,215,126,106,73,14,6,748,0,0,0,0,0,0,0,0,0,0,0,0,0,0,0,0,0,0,0,0,0,0,0,0,0,0,0,0,0,0,0,0,0,0,0,0,0,0,0,4,0,0,0,0,0,0,0,0,0,0
CED497,0,0,0,0,0,0,0,0,0,0,0,0,0,0,0,0,0,0,0,0,0,0,0,0,0,0,0,0,0,0,0,0,0,0,0,0,0,0,0,0,0,0,0,0,0,0,0,0,0,0,0,0,0,0,0,0,0,0,0,0,0,0,0,0,0,0,0,0,0,0,0,0,0,0,0,0,0,0,0,0,0,0,0,0,0,0,0,0,0,0,0,0,0,0,0,0,0,0,0,0,0,0,0,0,0,0,0,0,0,0,0,0,0,0,0,0,0,0,0,0,0,0,0,3,0,0,0,0,0,6,0,0,0,0,0,0,0,0,0,0,0,0,0,0,0,0,0,0,0,0,0,0,0,0,0,0,0,0,0,0,0,0,0,0,0,0,0,0,0,0,0,0,0,0,0,0,0,0,0,0,0,0,0,0,0,0,0,0,0,0,0,0,0,0,0,0,0,0,0,0
CED501,0,0,0,11,17,16,18,3,0,67,0,6,7,56,11,6,6,0,0,104,0,0,6,21,0,0,0,0,0,27,7,16,26,13,0,0,0,0,0,74,0,0,0,5,0,6,6,0,0,15,0,0,0,7,5,0,0,0,0,18,8,34,30,82,38,41,12,7,0,248,0,4,30,43,14,10,4,0,0,106,0,17,31,75,70,65,40,29,13,336,0,47,48,148,79,51,9,3,0,389,23,117,177,613,295,218,163,100,12,1714,406,674,942,2174,955,673,512,291,93,6709,6534,12184,11231,24343,10976,7760,5381,2793,811,82002,0,0,0,3,0,0,0,0,0,7,5640,8830,7346,14007,5077,3876,2492,1225,571,49075,0,3,0,36,0,0,0,0,0,41,0,0,5,28,13,18,6,3,0,79,4,0,3,14,0,0,0,0,0,20,4,3,14,77,23,16,8,3,3,159,0,3,0,23,11,14,9,0,0,55
CED502,0,0,0,7,9,8,9,4,0,30,8,90,77,468,111,57,25,13,3,853,3,0,10,127,9,3,5,0,0,159,8,82,73,67,8,3,0,0,0,248,0,0,0,4,3,0,0,0,0,10,3,3,8,20,11,6,4,0,0,49,4,25,21,61,47,47,22,3,0,233,0,6,12,80,45,36,5,4,3,201,0,3,0,37,37,36,37,14,7,167,0,60,71,185,80,44,11,0,3,450,41,316,361,998,383,249,177,80,24,2628,313,568,569,1593,715,543,397,234,115,5046,6845,12043,11610,26643,10658,8122,5444,2443,727,84529,3,20,118,180,35,17,7,4,0,390,5910,8293,6985,11882,4458,3735,2393,1006,411,45068,0,20,15,118,13,6,3,0,0,173,0,4,9,15,10,9,0,3,0,39,0,0,3,37,15,18,3,0,0,75,0,21,9,24,18,17,3,3,0,94,0,0,3,24,12,21,14,3,0,74
CED503,0,0,0,0,4,3,6,9,0,21,0,15,6,58,7,0,6,0,0,100,0,0,0,15,0,0,0,0,0,16,7,28,20,23,3,3,0,0,0,86,0,0,0,0,0,5,0,0,0,3,0,0,0,5,0,3,3,0,0,13,3,17,16,53,39,56,33,19,0,237,0,5,3,15,4,5,0,0,0,36,0,21,13,61,58,41,55,36,9,285,3,19,34,96,50,34,16,10,0,252,8,80,84,272,192,142,157,66,26,1023,273,514,511,1340,789,769,711,456,183,5543,4723,9702,8546,16837,9770,8795,8136,4360,1267,72126,0,0,4,5,0,0,0,0,0,18,4050,7660,6468,11615,5607,5749,4608,2482,954,49201,0,3,0,15,0,0,0,0,0,22,0,0,0,7,0,0,0,0,0,5,5,4,0,13,3,0,0,0,0,23,3,8,23,42,24,24,19,3,0,145,0,0,0,6,7,3,4,3,0,24
CED504,0,0,3,36,29,33,25,15,3,143,0,6,12,65,28,43,34,9,0,197,0,3,10,57,3,4,0,0,0,77,12,79,70,71,9,3,4,0,0,247,0,5,16,180,104,78,88,23,0,492,0,0,0,15,3,3,3,4,0,29,3,21,21,52,24,32,16,6,0,179,16,69,167,830,540,385,157,36,18,2222,3,6,9,40,34,24,21,15,8,153,0,25,52,144,78,49,26,5,0,379,19,201,468,1079,513,392,199,75,26,2976,224,380,531,1160,604,485,333,176,64,3960,5406,10549,10445,21217,10036,7683,5118,2219,679,73346,0,34,82,151,49,15,11,3,0,348,4793,8041,6354,10737,4492,3559,2320,1112,493,41895,0,0,6,29,7,12,3,3,0,64,0,0,18,93,73,46,14,5,0,246,3,4,9,67,30,40,7,3,4,173,0,9,12,39,14,10,3,4,5,96,0,0,3,6,8,11,4,3,0,41
CED505,0,0,0,10,7,25,13,10,4,57,4,17,11,72,38,23,23,20,6,205,4,10,13,51,8,11,11,0,0,107,8,21,29,24,9,3,4,3,0,99,0,0,0,3,8,5,9,3,3,29,0,0,3,18,3,0,3,0,0,23,24,128,96,166,70,102,49,11,9,659,0,10,25,58,28,26,10,3,3,160,0,7,13,68,32,38,39,13,10,217,0,3,45,107,50,70,23,10,0,307,54,239,265,1238,321,250,129,78,30,2619,214,372,481,1533,599,517,432,269,139,4561,3861,9203,9631,19547,9128,7782,5797,3263,1316,69528,0,0,4,12,4,3,0,0,0,18,3057,6564,6255,10387,5485,4776,3686,2540,1472,44228,3,6,8,39,6,3,0,0,0,66,0,0,0,25,12,9,6,7,3,58,0,0,3,7,4,0,0,0,0,15,8,27,43,167,75,43,15,5,3,387,0,5,5,27,10,4,3,3,0,56
CED506,0,0,0,5,3,10,6,5,0,24,3,17,4,73,26,10,8,0,0,141,0,0,11,91,0,3,0,0,0,106,12,20,41,29,4,0,0,0,0,111,0,0,0,10,3,11,10,0,0,38,0,0,0,9,5,6,3,0,0,19,7,17,8,89,44,40,18,8,0,228,4,10,5,79,35,28,9,0,0,177,0,0,6,37,24,20,16,3,0,106,6,33,36,166,85,44,12,3,0,376,15,42,57,469,222,149,105,43,10,1113,602,1051,1130,5213,2275,1715,784,357,112,13249,6810,12520,10336,32700,14915,11812,6339,2537,735,98704,0,0,0,4,0,0,0,0,0,5,5671,10056,7204,17505,7585,6398,3501,1689,636,60259,0,0,6,16,12,0,0,0,0,32,0,0,0,3,4,3,0,0,0,16,0,3,0,19,0,0,0,0,0,24,0,7,10,79,25,13,9,0,3,150,0,0,0,10,5,0,0,0,0,15
CED507,0,0,0,5,3,7,3,0,0,16,0,11,0,26,10,4,3,3,0,65,0,0,24,99,0,0,0,0,0,122,3,16,18,3,3,0,0,0,0,45,0,0,0,0,0,0,0,0,0,0,0,0,0,4,0,0,0,0,0,8,5,20,14,48,35,44,38,12,9,228,0,3,3,27,14,0,6,0,0,57,0,0,3,20,26,29,27,9,3,125,3,13,35,91,72,66,27,0,3,313,6,65,54,237,128,109,99,57,23,774,308,631,560,1516,934,873,697,354,126,6001,4975,10660,8184,17971,10122,9237,7376,3317,1053,72885,0,0,13,5,4,0,0,0,0,29,4209,8733,6265,13267,7000,6721,4627,2386,1025,54226,0,0,3,13,0,3,0,0,0,26,0,0,0,5,0,0,0,0,0,8,0,0,0,0,4,5,0,0,0,9,0,4,9,83,20,20,8,0,3,145,0,0,0,10,3,3,0,0,0,11
CED508,0,0,4,35,19,29,33,23,4,152,0,19,9,76,27,17,12,6,0,167,0,3,11,72,0,0,3,0,0,93,7,14,21,26,5,3,0,0,0,83,0,0,0,0,4,3,4,4,0,19,0,0,0,9,12,3,3,5,0,34,4,28,31,119,60,45,39,14,0,349,0,10,8,23,22,13,4,3,0,83,0,3,6,61,43,27,29,13,7,196,0,14,29,123,51,45,9,5,0,282,39,155,200,915,478,410,314,139,40,2697,267,411,512,1774,827,637,445,311,147,5326,5010,9048,8771,22664,10264,8023,5344,2855,881,72863,0,0,3,13,4,0,0,0,0,20,4481,7046,6453,12796,5617,4545,2732,1489,708,45864,0,5,3,43,6,4,0,0,0,62,0,0,8,72,40,49,15,10,4,205,0,0,0,12,0,0,0,0,0,18,0,12,24,128,53,24,3,7,3,257,0,0,3,34,20,18,5,8,0,91
CED509,0,0,0,3,10,12,16,13,6,62,4,30,20,144,47,16,13,11,4,285,0,3,9,57,0,4,0,0,0,73,4,30,45,61,7,3,0,0,0,151,0,0,4,11,5,3,4,0,0,26,0,0,3,31,7,6,0,0,0,48,3,22,25,48,48,48,31,14,3,246,0,3,14,86,39,25,4,0,0,177,0,4,6,32,30,40,36,20,3,171,3,29,46,106,62,60,23,10,0,340,23,139,196,540,286,237,174,113,36,1739,244,389,471,1279,704,631,486,299,129,4629,4625,9415,9663,19960,10220,8602,6439,3052,901,72879,0,18,100,127,23,11,3,3,0,281,3907,7161,6388,11057,5550,4716,3292,1514,598,44188,3,20,9,84,3,5,3,0,0,135,0,0,5,31,12,3,5,3,0,59,3,0,0,35,7,13,0,0,0,67,0,11,15,29,17,21,11,6,0,113,0,0,3,18,12,3,10,0,0,46
CED510,0,0,0,7,7,15,7,7,0,46,0,3,3,30,10,11,13,3,0,78,0,0,3,26,5,0,3,0,0,43,11,10,25,22,4,3,0,0,0,74,0,0,0,6,19,22,8,3,3,61,0,0,0,14,0,3,0,3,0,21,12,45,48,62,57,38,24,4,3,298,0,0,0,47,27,23,10,5,0,117,5,34,46,101,89,73,57,20,8,430,0,10,91,155,169,113,46,14,6,612,28,113,253,530,338,317,201,87,22,1887,137,283,390,906,477,472,278,115,67,3121,4078,9783,9996,16945,10446,9353,6040,2172,727,69543,0,3,5,13,11,8,6,0,0,43,3493,7121,6272,9266,5028,4649,2742,1155,569,40296,3,0,0,12,5,3,0,0,0,22,0,0,0,7,12,17,3,3,0,40,0,4,4,4,6,0,0,3,0,20,3,23,22,87,42,37,14,9,0,240,0,0,0,8,9,7,3,0,0,33
CED511,0,0,0,3,3,8,10,4,6,27,0,3,4,28,12,3,6,0,3,53,3,0,0,10,0,0,0,0,0,18,4,47,45,18,3,0,0,0,0,112,0,0,0,0,0,0,4,6,0,21,0,0,0,4,3,0,0,0,0,9,5,22,18,50,24,31,28,12,6,190,0,3,10,18,17,5,3,0,0,64,0,0,0,18,25,34,27,12,6,125,3,20,38,101,62,54,24,0,0,299,7,52,42,262,131,141,133,58,26,854,446,819,781,2267,1321,1318,886,487,161,8485,5188,10711,9046,19418,11439,11065,8067,3696,1134,79764,0,8,8,28,4,0,0,0,0,50,4387,8704,6423,13251,7281,6917,4648,2417,1004,55030,0,0,0,13,0,0,0,0,0,9,0,0,0,0,0,3,0,0,0,6,0,5,0,5,0,0,0,0,0,12,0,16,6,58,21,35,13,4,0,144,0,0,0,5,4,4,0,0,0,15
CED512,0,0,0,18,10,8,13,4,0,54,3,12,15,90,17,7,17,3,0,176,3,0,10,54,0,3,0,0,0,67,4,27,30,27,3,7,0,0,0,99,0,0,0,14,3,6,5,0,0,39,0,3,0,9,0,0,0,0,0,14,3,20,31,66,50,43,30,11,0,257,0,13,27,131,51,18,14,3,0,253,0,43,50,114,89,52,26,15,4,391,0,39,130,272,162,90,25,12,0,727,18,250,400,978,414,241,160,83,14,2559,500,880,862,2239,1077,796,545,319,104,7318,7388,14082,12155,26345,12229,8321,5992,2777,682,89974,0,3,25,56,18,8,0,3,0,118,6234,9615,7327,14303,5348,4285,2732,1318,523,51685,0,3,4,23,3,0,0,0,0,41,0,0,4,32,12,11,6,0,0,62,0,3,3,34,11,10,0,3,0,63,4,21,22,55,27,23,16,3,0,172,0,0,8,16,16,8,3,0,0,51
CED513,0,0,3,29,20,29,31,25,11,148,3,12,25,133,27,21,28,13,9,270,5,3,21,189,4,3,3,0,0,229,9,17,40,92,11,9,0,0,0,179,0,0,8,25,17,28,34,24,12,149,0,0,6,52,3,7,5,4,0,84,13,31,38,158,72,49,27,12,3,398,11,31,109,413,266,246,102,43,19,1239,0,0,13,69,34,22,25,9,0,172,0,3,26,116,33,21,11,4,0,216,38,129,341,1598,348,252,210,125,46,3096,282,368,684,2766,802,703,489,288,158,6549,4234,6860,8730,28163,9788,8147,5554,2850,1137,75460,0,0,13,9,3,0,3,0,0,36,3426,5263,5699,12514,4832,4125,2427,1357,798,40442,0,3,7,49,0,10,0,0,0,82,0,5,12,68,29,34,14,7,4,166,0,0,0,31,12,5,0,0,0,51,7,8,32,153,43,19,18,3,0,281,0,5,5,30,13,3,4,4,0,62
CED514,0,0,4,37,19,32,24,17,11,138,3,19,14,123,31,28,15,14,3,246,0,3,11,123,0,3,3,0,0,138,16,53,50,60,12,0,3,0,0,203,0,5,18,104,98,131,131,71,6,577,0,0,22,56,12,8,3,4,0,98,5,35,35,79,46,41,23,9,3,281,10,69,106,503,358,265,111,51,20,1494,0,3,12,35,31,20,19,3,11,134,0,4,25,114,54,36,15,5,0,249,73,309,517,1958,493,311,214,126,37,4035,287,395,471,1793,637,490,399,293,154,4924,4968,7880,8365,24605,9058,7444,5615,3479,1186,72601,0,12,42,81,15,15,5,0,0,171,4068,6053,5284,10881,4554,3998,3085,1935,863,40728,0,0,0,31,6,8,3,0,0,47,0,0,21,85,74,70,22,13,0,287,0,0,0,23,11,8,4,4,0,56,0,4,22,93,35,21,13,8,3,194,0,4,5,26,16,12,5,3,0,75
CED515,0,0,0,11,7,10,12,10,7,53,5,20,77,319,56,41,25,7,3,559,3,0,22,243,3,3,6,0,0,288,11,29,76,128,14,5,5,0,0,264,0,0,0,8,0,6,7,0,0,24,0,6,16,79,51,18,13,3,0,171,9,44,39,103,44,43,30,8,3,319,6,20,106,216,67,52,21,12,3,497,0,3,7,33,23,14,26,13,4,137,0,11,71,150,44,34,16,4,0,330,69,297,531,1742,458,207,149,73,41,3560,374,507,940,2701,843,702,489,313,169,7037,5033,7870,12760,29671,9465,7874,5426,2839,1220,82159,3,14,28,77,14,7,4,3,0,161,4014,5336,6419,10928,4430,4281,2827,1790,1248,41270,10,35,19,157,4,3,0,0,0,228,0,0,0,30,10,18,0,0,0,50,5,6,12,35,10,15,6,3,0,81,5,4,14,113,32,12,12,6,6,200,0,6,3,34,17,15,17,4,0,99
CED516,0,0,0,0,8,8,11,14,4,39,6,89,78,192,133,89,47,23,3,659,3,3,19,140,13,18,12,0,0,209,8,18,24,23,10,7,6,3,0,102,0,0,0,3,0,0,3,3,0,10,0,3,3,13,10,5,0,0,0,34,9,82,59,80,39,40,38,8,3,349,4,8,25,74,42,40,15,7,0,213,0,11,4,35,37,39,36,18,10,184,0,9,28,76,63,59,18,4,7,272,24,203,229,539,279,269,193,110,38,1880,108,244,305,760,415,402,279,210,148,2874,3393,8947,9839,15824,8889,8356,6315,3163,1394,66123,0,0,0,22,0,0,5,0,0,30,2910,6279,6066,7862,4703,4693,3145,2112,1402,39166,5,19,16,75,14,3,3,0,0,141,0,0,4,13,8,6,0,6,3,38,0,0,0,8,0,0,0,0,0,13,5,32,17,78,32,22,14,0,3,198,0,7,6,17,18,11,8,3,3,70
CED594,0,0,0,0,0,0,0,3,0,3,0,0,0,0,0,0,0,0,0,0,0,0,0,4,0,0,0,0,0,10,0,3,0,7,0,0,0,0,0,7,0,0,0,0,0,0,0,0,0,0,0,0,0,3,0,0,0,0,0,3,0,0,6,4,3,3,3,0,0,17,0,0,3,0,0,0,0,0,0,9,0,0,0,0,0,0,0,0,0,3,0,0,0,0,3,0,0,0,0,7,0,0,13,44,16,17,12,0,0,95,17,16,57,216,104,85,55,7,3,548,81,120,341,1376,638,540,375,58,12,3532,0,0,0,0,0,0,0,0,0,0,56,95,160,447,205,255,140,20,7,1378,0,0,0,0,0,0,0,0,0,0,0,0,0,0,0,0,0,0,0,0,0,0,0,0,0,0,0,0,0,0,0,0,4,9,0,3,0,0,0,13,0,0,0,3,0,0,0,0,0,4
CED597,0,0,0,0,0,0,0,0,0,0,0,0,0,0,4,0,0,0,0,4,0,0,0,0,0,0,0,0,0,0,0,0,0,0,0,0,0,0,0,0,0,0,0,0,0,0,0,0,0,0,0,0,0,0,0,0,0,0,0,0,0,0,0,4,0,3,0,0,0,8,0,0,0,3,0,0,0,0,0,3,0,0,0,3,0,0,0,0,0,5,0,0,0,0,0,0,0,0,0,0,0,0,5,6,0,0,0,0,0,19,0,0,0,38,17,8,0,0,0,62,0,0,17,245,94,43,8,3,3,408,0,0,0,0,0,0,0,0,0,0,0,0,4,5,3,4,0,0,0,16,0,0,0,0,0,0,0,0,0,0,0,0,0,0,0,0,0,0,0,0,0,0,0,0,0,0,0,0,0,0,0,0,0,0,0,0,0,0,0,0,0,0,0,0,0,0,0,0,0,0
CED601,0,0,0,0,0,0,0,4,0,7,0,3,3,24,6,7,0,0,0,45,0,0,0,9,0,0,0,0,0,10,0,4,14,4,3,0,0,0,0,28,0,0,0,0,0,0,0,0,0,0,0,0,0,0,3,0,0,0,0,8,4,12,9,24,21,26,16,6,3,113,0,8,8,18,3,0,0,0,0,43,0,0,0,8,5,12,14,0,6,48,0,0,3,9,4,5,3,0,0,28,6,50,99,273,114,85,82,51,33,784,170,321,430,856,539,542,526,255,118,3741,2946,6250,7063,11457,6586,6353,5182,2555,891,49289,0,0,20,51,8,0,0,0,0,74,2588,5406,5503,9817,5729,5441,4033,2311,1196,42020,0,0,3,8,0,0,0,0,0,11,0,0,0,3,0,0,0,0,0,11,0,0,0,0,0,0,0,0,0,0,0,5,3,33,19,12,8,0,0,83,0,0,0,3,5,0,0,0,0,14
CED602,0,0,0,0,0,3,5,5,0,12,0,7,0,11,7,4,0,0,0,38,0,0,0,29,0,0,0,0,0,32,0,3,10,4,4,0,0,0,0,16,0,0,0,0,0,0,7,0,0,6,0,0,0,3,0,0,0,0,0,3,5,6,11,21,17,21,21,3,0,105,4,0,0,3,0,0,0,0,0,10,0,0,0,6,3,11,16,11,3,50,0,0,0,5,6,3,4,0,0,26,3,16,15,46,40,57,56,63,15,311,121,280,307,708,543,613,560,314,92,3537,2736,6147,5706,10046,6507,6814,5567,2877,854,47253,0,0,0,0,0,0,0,0,0,0,2587,5429,5013,9300,5849,5723,4349,2439,1082,41771,0,0,0,0,0,0,0,0,0,3,0,0,0,0,0,0,0,0,0,7,0,0,0,3,3,0,0,0,0,3,3,0,6,15,9,10,6,4,0,55,0,0,0,3,4,0,3,0,0,5
CED603,0,0,0,0,0,7,3,5,0,19,0,0,6,28,12,12,8,4,0,63,0,3,5,24,3,3,0,0,0,38,3,28,18,32,0,6,0,0,0,92,0,0,0,0,0,0,0,0,0,3,0,0,0,0,3,0,0,0,0,6,4,24,27,69,43,45,34,10,4,257,5,3,17,48,12,6,3,0,0,92,0,3,0,11,15,12,3,5,3,59,0,0,5,8,3,4,3,0,0,27,22,74,134,432,167,127,91,89,43,1171,145,258,339,906,490,514,376,261,117,3410,2765,5865,7001,13336,6605,6357,4517,2432,955,49817,0,3,10,44,6,3,3,0,0,79,2388,4839,5274,9917,5273,5140,3650,2038,1168,39684,0,0,0,20,0,0,0,0,0,25,0,0,0,8,13,9,3,3,0,35,0,0,0,6,3,0,0,0,0,9,0,3,9,46,14,16,15,0,0,108,0,3,0,12,12,8,3,0,0,37
CED604,0,0,0,0,0,0,0,4,0,11,0,0,3,11,0,3,9,8,0,36,0,0,3,14,0,0,0,0,0,23,0,5,8,10,3,0,0,0,0,32,0,0,0,3,0,0,0,0,0,3,0,0,0,0,4,0,0,0,0,8,4,25,7,46,36,38,42,16,0,212,0,0,3,12,0,0,0,0,0,13,0,0,0,7,16,13,20,10,5,72,0,3,6,7,14,9,7,0,0,48,8,40,42,161,88,82,95,56,18,589,123,256,237,629,431,489,441,279,66,2950,3148,6814,5806,11701,6811,7128,5701,2823,901,50828,0,0,0,0,3,0,0,0,0,3,2910,5874,4872,10609,5922,5984,4316,2246,1073,43786,0,0,0,6,0,0,0,0,0,9,0,0,0,0,0,0,0,0,0,7,0,0,0,3,0,0,0,0,0,3,0,0,7,46,24,20,19,0,0,120,0,0,4,11,5,3,3,3,0,33
CED605,0,0,0,0,3,4,3,7,0,20,0,0,0,3,0,0,0,3,0,7,0,0,0,6,0,0,0,0,0,6,0,3,4,3,0,0,0,0,0,11,0,0,0,0,0,0,0,0,0,0,0,0,0,3,0,0,4,0,0,9,0,6,9,23,15,20,28,14,0,118,0,0,0,3,0,0,0,0,0,6,0,0,0,5,15,12,19,9,0,66,0,0,0,5,0,3,3,0,0,20,3,15,15,39,43,70,84,50,19,332,169,352,372,859,711,880,727,383,120,4560,2922,6589,5578,10158,7299,8363,7069,2981,752,51723,0,0,0,0,0,0,0,0,0,0,2489,5781,4772,9421,6056,6409,4691,2008,767,42398,0,0,0,0,0,0,0,0,0,0,0,0,0,0,0,0,0,0,0,3,0,0,0,0,0,0,0,0,0,0,0,3,4,20,13,18,9,0,0,64,0,0,0,3,3,4,0,0,0,10
CED694,0,0,0,0,0,0,0,0,0,0,0,0,0,0,0,0,0,0,0,0,0,0,0,3,0,0,0,0,0,3,0,0,0,0,0,0,0,0,0,0,0,0,0,0,0,0,0,0,0,0,0,0,0,0,0,0,0,0,0,0,0,0,0,0,0,0,3,0,0,5,0,0,0,0,0,0,0,0,0,0,0,0,0,0,0,0,0,0,0,0,0,0,0,0,0,0,0,0,0,0,0,0,0,5,0,0,0,0,0,8,0,0,9,33,9,10,9,3,0,75,27,16,90,207,77,52,48,8,0,524,0,0,0,0,0,0,0,0,0,0,14,13,47,93,42,36,26,3,0,286,0,0,0,0,0,0,0,0,0,0,0,0,0,0,0,0,0,0,0,0,0,0,0,0,0,0,0,0,0,0,0,0,0,0,0,0,0,0,0,4,0,0,0,0,0,0,0,0,0,0
CED697,0,0,0,0,0,0,0,0,0,0,0,0,0,0,0,0,0,0,0,0,0,0,0,0,0,0,0,0,0,0,0,0,0,0,0,0,0,0,0,0,0,0,0,0,0,0,0,0,0,0,0,0,0,0,0,0,0,0,0,0,0,0,0,0,0,0,0,0,0,0,0,0,0,0,0,0,0,0,0,0,0,0,0,0,0,0,0,0,0,0,0,0,0,0,0,0,0,0,0,0,0,0,0,0,0,0,0,0,0,3,0,0,0,4,0,0,0,0,0,4,0,0,3,25,10,8,4,0,0,49,0,0,0,0,0,0,0,0,0,0,0,0,4,5,3,4,3,0,0,16,0,0,0,0,0,0,0,0,0,0,0,0,0,0,0,0,0,0,0,0,0,0,0,0,0,0,0,0,0,0,0,0,0,0,0,0,0,0,0,0,0,0,0,0,0,0,0,0,0,0
CED701,0,0,0,0,3,3,8,0,0,12,3,14,9,45,16,6,3,0,0,84,0,0,4,48,0,0,0,0,0,54,0,12,11,24,5,0,0,0,0,47,0,0,0,7,9,3,0,0,0,18,0,0,0,5,3,0,0,0,0,5,21,49,45,164,69,65,24,7,0,442,0,10,21,69,46,31,8,0,0,182,0,0,0,7,13,6,4,0,0,31,3,24,12,55,37,20,3,0,0,153,7,36,43,289,136,89,76,22,3,709,383,733,842,2641,1339,1045,502,148,25,7656,4533,9132,8632,18856,8518,6293,3087,848,151,60055,0,0,0,3,0,0,0,0,0,4,3864,7345,6369,12690,5554,3920,1692,537,150,42105,0,0,0,8,0,0,0,0,0,9,0,0,0,0,0,0,0,0,0,0,0,0,3,17,10,7,3,0,0,35,0,0,5,31,11,15,10,0,0,66,0,0,0,3,0,3,0,0,0,12
CED702,0,0,0,3,3,3,3,5,0,19,11,24,24,158,51,21,9,10,4,322,5,5,8,122,4,4,0,3,0,158,20,43,47,70,24,9,4,3,0,211,0,0,0,3,3,0,0,0,0,8,0,0,0,9,5,3,0,0,0,24,12,22,25,69,36,18,22,3,0,207,3,15,35,100,43,39,22,3,0,257,0,0,5,28,13,4,9,3,0,63,3,17,21,94,30,12,0,0,0,178,41,166,176,721,339,237,170,99,17,1962,444,620,830,2441,864,681,388,112,34,6417,4513,7416,7710,20963,7669,5775,3190,1046,243,58527,0,0,0,3,0,0,0,0,0,4,3688,5304,4677,10875,4063,2996,1410,465,156,33644,4,12,17,79,7,4,0,0,0,137,0,0,0,6,3,4,0,0,0,16,0,3,5,43,10,7,8,0,0,78,0,3,8,66,11,15,10,3,0,121,0,0,0,6,3,3,3,0,0,15
CED794,0,0,0,0,0,0,0,0,0,0,0,0,0,0,0,0,0,0,0,0,0,0,0,0,0,0,0,0,0,0,0,0,0,0,0,0,0,0,0,0,0,0,0,0,0,0,0,0,0,0,0,0,0,0,0,0,0,0,0,0,0,0,0,0,0,0,0,0,0,3,0,0,0,0,0,0,0,0,0,0,0,0,0,0,0,0,0,0,0,0,0,0,0,0,0,0,0,0,0,0,0,0,3,8,0,4,3,0,0,16,8,10,34,155,90,51,32,9,0,386,45,48,121,438,257,229,174,20,0,1332,0,0,0,0,0,0,0,0,0,0,28,56,33,193,125,132,55,9,0,630,0,0,0,0,0,0,0,0,0,0,0,0,0,0,0,0,0,0,0,0,0,0,0,0,0,0,0,0,0,0,0,0,0,3,0,0,0,0,0,3,0,0,0,0,0,0,0,0,0,0
CED797,0,0,0,0,0,0,0,0,0,0,0,0,0,0,0,0,0,0,0,0,0,0,0,0,0,0,0,0,0,0,0,0,0,0,0,0,0,0,0,0,0,0,0,0,0,0,0,0,0,0,0,0,0,0,0,0,0,0,0,0,0,0,0,0,0,0,0,0,0,0,0,0,0,0,0,0,0,0,0,0,0,0,0,0,0,0,0,0,0,0,0,0,0,0,0,0,0,0,0,0,0,0,0,0,0,0,0,0,0,0,0,0,0,0,0,0,0,0,0,4,0,0,4,44,11,3,0,0,0,61,0,0,0,0,0,0,0,0,0,0,0,3,0,0,0,0,0,0,0,7,0,0,0,0,0,0,0,0,0,0,0,0,0,0,0,0,0,0,0,0,0,0,0,0,0,0,0,0,0,0,0,0,0,0,0,0,0,0,0,0,0,0,0,0,0,0,0,0,0,0
CED801,0,0,0,10,20,27,20,22,0,100,0,37,45,198,105,97,63,25,3,574,3,6,20,44,10,4,3,0,0,98,5,22,42,87,13,15,8,0,0,193,0,0,4,25,15,26,10,0,0,81,0,0,7,33,11,9,6,5,0,64,20,98,97,201,89,97,50,23,3,684,0,13,33,143,101,98,35,16,4,445,0,3,4,30,18,21,26,17,3,129,0,3,26,43,28,13,10,0,0,127,49,207,257,962,467,436,339,206,66,2988,266,413,660,1876,814,702,570,378,190,5868,5917,11683,14127,27365,13058,11318,7893,3675,1384,96420,0,4,8,23,5,8,3,0,0,44,5108,9220,10186,18497,9328,7689,5174,2462,1174,68844,0,7,17,113,36,20,10,0,0,199,0,0,0,20,8,9,10,12,0,62,0,5,7,26,15,8,4,5,0,75,3,28,23,104,69,54,34,8,0,315,0,0,0,33,24,23,29,10,7,125
CED802,0,0,4,10,16,22,5,12,0,69,5,52,80,338,125,101,61,22,3,792,3,0,19,91,11,3,0,0,0,138,10,33,56,114,19,14,3,4,0,252,0,3,5,32,23,26,11,10,0,115,0,3,9,32,8,3,3,3,0,62,33,100,94,207,95,56,52,14,4,657,12,35,91,395,216,190,49,31,4,1023,0,5,5,30,19,26,12,9,0,117,0,9,27,76,32,20,3,0,0,175,52,220,350,1478,518,360,259,171,64,3474,350,460,733,1897,659,454,366,256,113,5294,8030,13065,14151,34091,12062,8712,6146,2825,958,100046,0,4,29,70,33,15,9,3,0,166,6728,10326,9864,20895,7498,5844,4021,1775,750,67705,3,26,39,307,44,34,3,0,0,458,0,0,0,39,33,17,13,8,0,120,0,3,18,70,19,18,14,3,0,150,0,17,30,134,65,34,20,4,0,307,0,10,5,102,56,52,45,13,7,294
CED894,0,0,0,0,0,0,0,0,0,0,0,0,0,0,0,0,0,0,0,0,0,0,0,0,0,0,0,0,0,0,0,0,0,0,0,0,0,0,0,0,0,0,0,0,0,0,0,0,0,0,0,0,0,0,0,0,0,0,0,0,0,0,0,0,0,0,0,0,0,0,0,0,0,0,0,0,0,0,0,0,0,0,0,0,0,0,0,0,0,0,0,0,0,0,0,0,0,0,0,0,0,0,0,4,5,0,0,0,0,9,0,0,5,21,9,8,0,0,0,45,5,10,53,131,43,38,15,5,0,312,0,0,0,0,0,0,0,0,0,0,3,7,37,50,13,18,6,0,3,144,0,0,0,0,0,0,0,0,0,0,0,0,0,0,0,0,0,0,0,0,0,0,0,0,0,0,0,0,0,0,0,0,0,0,0,0,0,0,0,0,0,0,0,0,0,0,0,0,0,0
CED897,0,0,0,0,0,0,0,0,0,0,0,0,0,0,0,0,0,0,0,0,0,0,0,0,0,0,0,0,0,0,0,0,0,0,0,0,0,0,0,0,0,0,0,0,0,0,0,0,0,0,0,0,0,0,0,0,0,0,0,0,0,0,0,0,0,0,0,0,0,0,0,0,0,0,0,0,0,0,0,0,0,0,0,0,0,0,0,0,0,0,0,0,0,0,0,0,0,0,0,0,0,0,0,0,0,0,0,0,0,0,0,0,0,0,0,0,0,0,0,0,0,0,0,0,0,0,0,0,0,0,0,0,0,0,0,0,0,0,0,0,0,0,0,0,0,0,0,0,0,0,0,0,0,0,0,0,0,0,0,0,0,0,0,0,0,0,0,0,0,0,0,0,0,0,0,0,0,0,0,0,0,0,0,0,0,0,0,0,0,0,0,0,0,0,0,0,0,0,0,0
CED994,0,0,0,0,0,0,0,0,0,0,0,0,0,0,0,0,0,0,0,0,0,0,0,0,0,0,0,0,0,0,0,0,0,0,0,0,0,0,0,0,0,0,0,0,0,0,0,0,0,0,0,0,0,0,0,0,0,0,0,0,0,0,0,0,0,0,0,0,0,0,0,0,0,0,0,0,0,0,0,0,0,0,0,0,0,0,0,0,0,0,0,0,0,0,0,0,0,0,0,0,0,0,0,0,0,0,0,0,0,0,0,0,3,0,0,0,0,0,0,3,0,0,7,4,3,3,6,0,0,21,0,0,0,0,0,0,0,0,0,0,0,0,0,0,3,5,3,0,0,15,0,0,0,0,0,0,0,0,0,0,0,0,0,0,0,0,0,0,0,0,0,0,0,0,0,0,0,0,0,0,0,0,0,0,0,0,0,0,0,0,0,0,0,0,0,0,0,0,0,0
CED997,0,0,0,0,0,0,0,0,0,0,0,0,0,0,0,0,0,0,0,0,0,0,0,0,0,0,0,0,0,0,0,0,0,0,0,0,0,0,0,0,0,0,0,0,0,0,0,0,0,0,0,0,0,0,0,0,0,0,0,0,0,0,0,0,0,0,0,0,0,0,0,0,0,0,0,0,0,0,0,0,0,0,0,0,0,0,0,0,0,0,0,0,0,0,0,0,0,0,0,0,0,0,0,0,0,0,0,0,0,0,0,0,0,0,0,0,0,0,0,0,0,0,0,3,0,0,0,0,0,3,0,0,0,0,0,0,0,0,0,0,0,0,0,0,0,0,0,0,0,0,0,0,0,0,0,0,0,0,0,0,0,0,0,0,0,0,0,0,0,0,0,0,0,0,0,0,0,0,0,0,0,0,0,0,0,0,0,0,0,0,0,0,0,0,0,0,0,0,0,0